expiration,Tenor,optionType,strike,Moneyness,Underlying MP,Dividend Yield,r,lastPrice,bid,ask,impliedVolatility,openInterest,volume
2026-06-10,0.0027397260273972603,calls,150.0,0.7372090543033104,203.4701,0.0047999998,0.04,55.25,49.9,57.9,2.2832074169921874,36.0,3.0
2026-06-10,0.0027397260273972603,calls,152.5,0.7494958718750322,203.4701,0.0047999998,0.04,52.76,46.7,55.25,3.9155275549316406,36.0,3.0
2026-06-10,0.0027397260273972603,calls,155.0,0.7617826894467541,203.4701,0.0047999998,0.04,52.17,45.35,52.95,2.2734418164062498,37.0,3.0
2026-06-10,0.0027397260273972603,calls,157.5,0.7740695070184759,203.4701,0.0047999998,0.04,48.83,43.45,49.35,1.970703271484375,36.0,7.0
2026-06-10,0.0027397260273972603,calls,160.0,0.7863563245901978,203.4701,0.0047999998,0.04,45.31,40.75,47.9,2.162113969726563,2.0,23.0
2026-06-10,0.0027397260273972603,calls,162.5,0.7986431421619196,203.4701,0.0047999998,0.04,41.77,37.1,45.1,1.4277372363281249,2.0,187.0
2026-06-10,0.0027397260273972603,calls,165.0,0.8109299597336415,203.4701,0.0047999998,0.04,38.8,36.25,42.35,1.9248050634765625,21.0,280.0
2026-06-10,0.0027397260273972603,calls,167.5,0.8232167773053632,203.4701,0.0047999998,0.04,36.63,34.05,39.25,1.732423212890625,1.0,291.0
2026-06-10,0.0027397260273972603,calls,170.0,0.8355035948770851,203.4701,0.0047999998,0.04,34.0,30.85,36.75,1.3925811621093749,51.0,276.0
2026-06-10,0.0027397260273972603,calls,172.5,0.8477904124488069,203.4701,0.0047999998,0.04,33.87,28.15,34.35,1.2578162109375,20.0,51.0
2026-06-10,0.0027397260273972603,calls,175.0,0.8600772300205288,203.4701,0.0047999998,0.04,31.47,25.75,31.65,1.12109814453125,18.0,37.0
2026-06-10,0.0027397260273972603,calls,177.5,0.8723640475922506,203.4701,0.0047999998,0.04,27.87,23.8,29.05,1.1923868505859376,14.0,6.0
2026-06-10,0.0027397260273972603,calls,180.0,0.8846508651639725,203.4701,0.0047999998,0.04,25.7,22.15,24.9,0.726565234375,58.0,100.0
2026-06-10,0.0027397260273972603,calls,182.5,0.8969376827356943,203.4701,0.0047999998,0.04,23.77,19.6,24.05,1.1728556982421874,3.0,3.0
2026-06-10,0.0027397260273972603,calls,185.0,0.9092245003074162,203.4701,0.0047999998,0.04,21.37,18.65,18.85,0.8017597949218749,70.0,18.0
2026-06-10,0.0027397260273972603,calls,187.5,0.921511317879138,203.4701,0.0047999998,0.04,19.0,15.6,19.35,1.1499065942382813,12.0,9.0
2026-06-10,0.0027397260273972603,calls,190.0,0.9337981354508599,203.4701,0.0047999998,0.04,14.55,13.9,14.1,0.729494892578125,138.0,78.0
2026-06-10,0.0027397260273972603,calls,192.5,0.9460849530225817,203.4701,0.0047999998,0.04,15.51,9.65,12.9,0.5361374511718751,101.0,31.0
2026-06-10,0.0027397260273972603,calls,195.0,0.9583717705943036,203.4701,0.0047999998,0.04,8.85,8.85,8.95,0.5024463818359376,115.0,120.0
2026-06-10,0.0027397260273972603,calls,197.5,0.9706585881660253,203.4701,0.0047999998,0.04,6.65,6.6,6.75,0.4721732470703125,367.0,119.0
2026-06-10,0.0027397260273972603,calls,200.0,0.9829454057377472,203.4701,0.0047999998,0.04,4.66,4.8,4.9,0.47363807617187503,577.0,1862.0
2026-06-10,0.0027397260273972603,calls,202.5,0.995232223309469,203.4701,0.0047999998,0.04,3.05,2.93,2.97,0.40820904296875,772.0,1690.0
2026-06-10,0.0027397260273972603,calls,205.0,1.007519040881191,203.4701,0.0047999998,0.04,1.63,1.61,1.64,0.3845276391601562,1331.0,17849.0
2026-06-10,0.0027397260273972603,calls,207.5,1.0198058584529128,203.4701,0.0047999998,0.04,0.82,0.81,0.82,0.37720349365234374,4382.0,49624.0
2026-06-10,0.0027397260273972603,calls,210.0,1.0320926760246345,203.4701,0.0047999998,0.04,0.39,0.4,0.42,0.39111937011718745,13051.0,82591.0
2026-06-10,0.0027397260273972603,calls,212.5,1.0443794935963564,203.4701,0.0047999998,0.04,0.2,0.18,0.19,0.397466962890625,9696.0,82757.0
2026-06-10,0.0027397260273972603,calls,215.0,1.0566663111680783,203.4701,0.0047999998,0.04,0.09,0.08,0.09,0.41211525390625,13311.0,82031.0
2026-06-10,0.0027397260273972603,calls,217.5,1.0689531287398002,203.4701,0.0047999998,0.04,0.04,0.04,0.05,0.437505625,6233.0,17865.0
2026-06-10,0.0027397260273972603,calls,220.0,1.0812399463115219,203.4701,0.0047999998,0.04,0.02,0.02,0.03,0.46484910156250003,15962.0,21074.0
2026-06-10,0.0027397260273972603,calls,222.5,1.0935267638832438,203.4701,0.0047999998,0.04,0.01,0.01,0.02,0.500005,5773.0,5331.0
2026-06-10,0.0027397260273972603,calls,225.0,1.1058135814549657,203.4701,0.0047999998,0.04,0.01,0.01,0.02,0.5312546875,9857.0,4612.0
2026-06-10,0.0027397260273972603,calls,227.5,1.1181003990266873,203.4701,0.0047999998,0.04,0.01,0.0,0.01,0.5312546875,3051.0,1715.0
2026-06-10,0.0027397260273972603,calls,230.0,1.1303872165984092,203.4701,0.0047999998,0.04,0.01,0.0,0.01,0.5625043750000001,8749.0,696.0
2026-06-10,0.0027397260273972603,calls,232.5,1.1426740341701311,203.4701,0.0047999998,0.04,0.01,0.0,0.01,0.6250037500000001,17063.0,105.0
2026-06-10,0.0027397260273972603,calls,235.0,1.154960851741853,203.4701,0.0047999998,0.04,0.01,0.0,0.01,0.6562534375000001,4332.0,95.0
2026-06-10,0.0027397260273972603,calls,237.5,1.1672476693135747,203.4701,0.0047999998,0.04,0.01,0.0,0.01,0.70312796875,1084.0,15.0
2026-06-10,0.0027397260273972603,calls,240.0,1.1795344868852966,203.4701,0.0047999998,0.04,0.03,0.0,0.01,0.7500025,3271.0,79.0
2026-06-10,0.0027397260273972603,calls,242.5,1.1918213044570185,203.4701,0.0047999998,0.04,0.01,0.0,0.04,0.9062509375,578.0,26.0
2026-06-10,0.0027397260273972603,calls,245.0,1.2041081220287404,203.4701,0.0047999998,0.04,0.01,0.0,0.01,0.8437515624999999,1637.0,1.0
2026-06-10,0.0027397260273972603,calls,247.5,1.216394939600462,203.4701,0.0047999998,0.04,0.01,0.0,0.14,1.1484417578125,503.0,98.0
2026-06-10,0.0027397260273972603,calls,250.0,1.228681757172184,203.4701,0.0047999998,0.04,0.01,0.0,0.01,0.9062509375,2576.0,11.0
2026-06-10,0.0027397260273972603,calls,252.5,1.2409685747439059,203.4701,0.0047999998,0.04,0.01,0.0,0.01,0.937500625,877.0,376.0
2026-06-10,0.0027397260273972603,calls,255.0,1.2532553923156278,203.4701,0.0047999998,0.04,0.01,0.0,0.01,0.98437515625,4284.0,100.0
2026-06-10,0.0027397260273972603,calls,257.5,1.2655422098873494,203.4701,0.0047999998,0.04,0.01,0.0,0.01,1.0312548437500002,338.0,41.0
2026-06-10,0.0027397260273972603,calls,260.0,1.2778290274590713,203.4701,0.0047999998,0.04,0.02,0.0,0.01,1.0625046875000002,580.0,10.0
2026-06-10,0.0027397260273972603,calls,262.5,1.2901158450307932,203.4701,0.0047999998,0.04,0.01,0.0,0.01,1.125004375,599.0,302.0
2026-06-10,0.0027397260273972603,calls,265.0,1.3024026626025151,203.4701,0.0047999998,0.04,0.01,0.0,0.01,1.15625421875,475.0,4.0
2026-06-10,0.0027397260273972603,calls,267.5,1.3146894801742368,203.4701,0.0047999998,0.04,0.01,0.0,0.01,1.1875040625,131.0,6.0
2026-06-10,0.0027397260273972603,calls,270.0,1.3269762977459587,203.4701,0.0047999998,0.04,0.01,0.0,0.01,1.21875390625,140.0,40.0
2026-06-10,0.0027397260273972603,calls,272.5,1.3392631153176806,203.4701,0.0047999998,0.04,0.01,0.0,0.01,1.2500037499999999,94.0,3.0
2026-06-10,0.0027397260273972603,calls,275.0,1.3515499328894025,203.4701,0.0047999998,0.04,0.01,0.0,0.01,1.2812535937499998,57.0,22.0
2026-06-10,0.0027397260273972603,calls,277.5,1.3638367504611242,203.4701,0.0047999998,0.04,0.09,0.0,0.01,1.3125034374999998,5.0,3.0
2026-06-10,0.0027397260273972603,calls,280.0,1.376123568032846,203.4701,0.0047999998,0.04,0.01,0.0,0.01,1.3750031249999999,87.0,48.0
2026-06-10,0.0027397260273972603,calls,282.5,1.388410385604568,203.4701,0.0047999998,0.04,0.02,0.0,0.01,1.3750031249999999,5.0,3.0
2026-06-10,0.0027397260273972603,calls,285.0,1.4006972031762899,203.4701,0.0047999998,0.04,0.02,0.0,0.01,1.4375028125,27.0,25.0
2026-06-10,0.0027397260273972603,calls,287.5,1.4129840207480115,203.4701,0.0047999998,0.04,0.01,0.0,0.01,1.46875265625,20.0,8.0
2026-06-10,0.0027397260273972603,calls,290.0,1.4252708383197334,203.4701,0.0047999998,0.04,0.02,0.0,0.01,1.5000025,93.0,67.0
2026-06-10,0.0027397260273972603,calls,300.0,1.4744181086066208,203.4701,0.0047999998,0.04,0.01,0.0,0.01,1.625001875,10.0,10.0
2026-06-10,0.0027397260273972603,calls,430.0,2.1133326223361566,203.4701,0.0047999998,0.04,0.01,0.0,0.01,2.93750265625,1.0,1.0
2026-06-10,0.0027397260273972603,calls,460.0,2.2607744331968185,203.4701,0.0047999998,0.04,0.01,0.0,0.01,3.1875020312499998,9.0,13.0
2026-06-10,0.0027397260273972603,puts,150.0,0.7372090543033104,203.4701,0.0047999998,0.04,0.01,0.0,0.07,1.609376953125,1494.0,54.0
2026-06-10,0.0027397260273972603,puts,152.5,0.7494958718750322,203.4701,0.0047999998,0.04,0.05,0.0,0.01,1.2500037499999999,2243.0,1102.0
2026-06-10,0.0027397260273972603,puts,155.0,0.7617826894467541,203.4701,0.0047999998,0.04,0.08,0.0,0.01,1.1875040625,173.0,184.0
2026-06-10,0.0027397260273972603,puts,157.5,0.7740695070184759,203.4701,0.0047999998,0.04,0.01,0.0,0.18,1.5468772656249998,192.0,6.0
2026-06-10,0.0027397260273972603,puts,160.0,0.7863563245901978,203.4701,0.0047999998,0.04,0.01,0.0,0.01,1.0625046875000002,4576.0,32.0
2026-06-10,0.0027397260273972603,puts,162.5,0.7986431421619196,203.4701,0.0047999998,0.04,0.01,0.0,0.01,1.000005,63.0,16.0
2026-06-10,0.0027397260273972603,puts,165.0,0.8109299597336415,203.4701,0.0047999998,0.04,0.01,0.0,0.01,0.937500625,563.0,189.0
2026-06-10,0.0027397260273972603,puts,167.5,0.8232167773053632,203.4701,0.0047999998,0.04,0.01,0.0,0.01,0.87500125,253.0,1.0
2026-06-10,0.0027397260273972603,puts,170.0,0.8355035948770851,203.4701,0.0047999998,0.04,0.01,0.0,0.01,0.8125018749999999,10692.0,24.0
2026-06-10,0.0027397260273972603,puts,172.5,0.8477904124488069,203.4701,0.0047999998,0.04,0.01,0.0,0.01,0.7500025,897.0,15.0
2026-06-10,0.0027397260273972603,puts,175.0,0.8600772300205288,203.4701,0.0047999998,0.04,0.01,0.01,0.02,0.7812521875,1936.0,430.0
2026-06-10,0.0027397260273972603,puts,177.5,0.8723640475922506,203.4701,0.0047999998,0.04,0.01,0.01,0.02,0.710940390625,1008.0,1164.0
2026-06-10,0.0027397260273972603,puts,180.0,0.8846508651639725,203.4701,0.0047999998,0.04,0.02,0.02,0.03,0.6875031250000001,1221.0,877.0
2026-06-10,0.0027397260273972603,puts,182.5,0.8969376827356943,203.4701,0.0047999998,0.04,0.02,0.01,0.02,0.57812921875,704.0,409.0
2026-06-10,0.0027397260273972603,puts,185.0,0.9092245003074162,203.4701,0.0047999998,0.04,0.02,0.03,0.04,0.570316796875,1531.0,576.0
2026-06-10,0.0027397260273972603,puts,187.5,0.921511317879138,203.4701,0.0047999998,0.04,0.04,0.05,0.06,0.5351608984375,1083.0,436.0
2026-06-10,0.0027397260273972603,puts,190.0,0.9337981354508599,203.4701,0.0047999998,0.04,0.08,0.07,0.09,0.500005,6857.0,3413.0
2026-06-10,0.0027397260273972603,puts,192.5,0.9460849530225817,203.4701,0.0047999998,0.04,0.17,0.16,0.17,0.47461462890625,1983.0,3308.0
2026-06-10,0.0027397260273972603,puts,195.0,0.9583717705943036,203.4701,0.0047999998,0.04,0.28,0.28,0.29,0.43945873046875,4382.0,21225.0
2026-06-10,0.0027397260273972603,puts,197.5,0.9706585881660253,203.4701,0.0047999998,0.04,0.6,0.58,0.6,0.43066975585937506,2799.0,24590.0
2026-06-10,0.0027397260273972603,puts,200.0,0.9829454057377472,203.4701,0.0047999998,0.04,1.12,1.1,1.12,0.41699801757812494,8193.0,40447.0
2026-06-10,0.0027397260273972603,puts,202.5,0.995232223309469,203.4701,0.0047999998,0.04,1.97,1.96,1.98,0.407232490234375,5977.0,51522.0
2026-06-10,0.0027397260273972603,puts,205.0,1.007519040881191,203.4701,0.0047999998,0.04,3.25,3.2,3.25,0.4008848974609375,5698.0,100741.0
2026-06-10,0.0027397260273972603,puts,207.5,1.0198058584529128,203.4701,0.0047999998,0.04,4.94,4.9,5.0,0.411138701171875,6318.0,52288.0
2026-06-10,0.0027397260273972603,puts,210.0,1.0320926760246345,203.4701,0.0047999998,0.04,6.45,6.65,6.7,0.31055376953124997,4308.0,23812.0
2026-06-10,0.0027397260273972603,puts,212.5,1.0443794935963564,203.4701,0.0047999998,0.04,9.12,8.85,9.0,1.0000000000000003e-05,1652.0,2925.0
2026-06-10,0.0027397260273972603,puts,215.0,1.0566663111680783,203.4701,0.0047999998,0.04,11.55,11.35,11.55,0.35352208984374994,2053.0,893.0
2026-06-10,0.0027397260273972603,puts,217.5,1.0689531287398002,203.4701,0.0047999998,0.04,10.7,13.0,14.35,0.6289099609375001,1443.0,142.0
2026-06-10,0.0027397260273972603,puts,220.0,1.0812399463115219,203.4701,0.0047999998,0.04,15.18,16.05,16.25,1.0000000000000003e-05,603.0,335.0
2026-06-10,0.0027397260273972603,puts,222.5,1.0935267638832438,203.4701,0.0047999998,0.04,16.27,17.95,20.85,0.8115253222656249,389.0,84.0
2026-06-10,0.0027397260273972603,puts,225.0,1.1058135814549657,203.4701,0.0047999998,0.04,18.45,20.45,23.1,0.8173846386718748,373.0,75.0
2026-06-10,0.0027397260273972603,puts,227.5,1.1181003990266873,203.4701,0.0047999998,0.04,21.35,22.7,24.25,0.8710950390625,10.0,31.0
2026-06-10,0.0027397260273972603,puts,230.0,1.1303872165984092,203.4701,0.0047999998,0.04,19.72,25.55,27.4,1.2573279321289061,13.0,13.0
2026-06-10,0.0027397260273972603,puts,232.5,1.1426740341701311,203.4701,0.0047999998,0.04,26.31,28.15,29.9,0.6562534375000001,5.0,10.0
2026-06-10,0.0027397260273972603,puts,235.0,1.154960851741853,203.4701,0.0047999998,0.04,28.66,30.6,32.35,1.394045998535156,0.0,2.0
2026-06-10,0.0027397260273972603,puts,237.5,1.1672476693135747,203.4701,0.0047999998,0.04,32.42,32.2,34.95,1.5102563549804686,3.0,5.0
2026-06-10,0.0027397260273972603,puts,240.0,1.1795344868852966,203.4701,0.0047999998,0.04,34.87,35.0,37.0,1.369143779296875,2.0,5.0
2026-06-10,0.0027397260273972603,puts,242.5,1.1918213044570185,203.4701,0.0047999998,0.04,33.35,37.8,39.9,1.636232287597656,1.0,5.0
2026-06-10,0.0027397260273972603,puts,245.0,1.2041081220287404,203.4701,0.0047999998,0.04,22.1,39.6,42.7,1.8315438110351558,0.0,0.0
2026-06-10,0.0027397260273972603,puts,247.5,1.216394939600462,203.4701,0.0047999998,0.04,21.87,42.95,45.45,1.3203158984374999,0.0,0.0
2026-06-10,0.0027397260273972603,puts,250.0,1.228681757172184,203.4701,0.0047999998,0.04,43.0,45.1,48.2,1.3125034374999998,1.0,2.0
2026-06-10,0.0027397260273972603,puts,262.5,1.2901158450307932,203.4701,0.0047999998,0.04,38.6,56.7,61.0,2.6225620373535157,0.0,0.0
2026-06-10,0.0027397260273972603,puts,265.0,1.3024026626025151,203.4701,0.0047999998,0.04,56.1,59.65,63.3,2.6186557971191404,0.0,1.0
2026-06-10,0.0027397260273972603,puts,267.5,1.3146894801742368,203.4701,0.0047999998,0.04,56.37,61.7,66.05,2.7763702465820312,0.0,1.0
2026-06-12,0.00821917808219178,calls,50.0,0.2457363514344368,203.4701,0.0047999998,0.04,156.42,151.95,156.95,7.322266472167969,37.0,2.0
2026-06-12,0.00821917808219178,calls,55.0,0.27030998657788047,203.4701,0.0047999998,0.04,151.52,147.1,152.1,7.027344965820314,45.0,2.0
2026-06-12,0.00821917808219178,calls,60.0,0.29488362172132415,203.4701,0.0047999998,0.04,146.35,142.95,146.85,6.892579509277344,4.0,2.0
2026-06-12,0.00821917808219178,calls,65.0,0.31945725686476784,203.4701,0.0047999998,0.04,141.45,136.8,141.95,5.9277369653320315,0.0,2.0
2026-06-12,0.00821917808219178,calls,75.0,0.3686045271516552,203.4701,0.0047999998,0.04,130.6,128.0,131.85,5.738284077148437,5.0,5.0
2026-06-12,0.00821917808219178,calls,80.0,0.3931781622950989,203.4701,0.0047999998,0.04,132.48,122.3,126.7,5.044925568847655,6.0,10.0
2026-06-12,0.00821917808219178,calls,85.0,0.41775179743854257,203.4701,0.0047999998,0.04,120.83,117.9,121.6,4.95312880859375,7.0,2.0
2026-06-12,0.00821917808219178,calls,90.0,0.44232543258198626,203.4701,0.0047999998,0.04,115.84,112.3,117.1,4.6240276574707035,1.0,2.0
2026-06-12,0.00821917808219178,calls,95.0,0.46689906772542994,203.4701,0.0047999998,0.04,110.38,108.0,112.1,4.583988645019532,1.0,1.0
2026-06-12,0.00821917808219178,calls,100.0,0.4914727028688736,203.4701,0.0047999998,0.04,109.27,102.45,106.8,4.040044012451171,92.0,2.0
2026-06-12,0.00821917808219178,calls,105.0,0.5160463380123173,203.4701,0.0047999998,0.04,103.04,97.75,101.65,3.8457035107421875,65.0,341.0
2026-06-12,0.00821917808219178,calls,110.0,0.5406199731557609,203.4701,0.0047999998,0.04,96.81,92.45,97.1,3.6552742993164067,15.0,88.0
2026-06-12,0.00821917808219178,calls,115.0,0.5651936082992046,203.4701,0.0047999998,0.04,91.84,87.75,92.15,3.5234386914062497,15.0,88.0
2026-06-12,0.00821917808219178,calls,120.0,0.5897672434426483,203.4701,0.0047999998,0.04,88.51,83.0,87.1,3.3486344409179685,6.0,46.0
2026-06-12,0.00821917808219178,calls,125.0,0.614340878586092,203.4701,0.0047999998,0.04,83.54,77.4,81.7,2.8789090527343753,25.0,46.0
2026-06-12,0.00821917808219178,calls,130.0,0.6389145137295357,203.4701,0.0047999998,0.04,76.0,73.15,77.15,2.9643580578613276,10.0,5.0
2026-06-12,0.00821917808219178,calls,135.0,0.6634881488729794,203.4701,0.0047999998,0.04,71.1,66.95,71.7,2.372074382324218,7.0,6.0
2026-06-12,0.00821917808219178,calls,140.0,0.688061784016423,203.4701,0.0047999998,0.04,70.23,62.35,67.15,2.3984415039062497,114.0,114.0
2026-06-12,0.00821917808219178,calls,145.0,0.7126354191598667,203.4701,0.0047999998,0.04,61.04,57.85,61.85,2.253910615234375,1210.0,11.0
2026-06-12,0.00821917808219178,calls,150.0,0.7372090543033104,203.4701,0.0047999998,0.04,57.94,53.2,56.2,2.014653400878906,123.0,7.0
2026-06-12,0.00821917808219178,calls,155.0,0.7617826894467541,203.4701,0.0047999998,0.04,57.35,48.25,51.4,1.8847662011718749,16.0,8.0
2026-06-12,0.00821917808219178,calls,160.0,0.7863563245901978,203.4701,0.0047999998,0.04,47.0,43.2,46.6,1.7353528857421874,453.0,2.0
2026-06-12,0.00821917808219178,calls,165.0,0.8109299597336415,203.4701,0.0047999998,0.04,41.17,38.35,38.65,0.7421900781249999,40.0,17.0
2026-06-12,0.00821917808219178,calls,170.0,0.8355035948770851,203.4701,0.0047999998,0.04,34.23,32.4,33.95,1.0634812451171878,48.0,4.0
2026-06-12,0.00821917808219178,calls,175.0,0.8600772300205288,203.4701,0.0047999998,0.04,31.17,28.65,28.85,0.8242205078124999,106.0,20.0
2026-06-12,0.00821917808219178,calls,180.0,0.8846508651639725,203.4701,0.0047999998,0.04,25.7,23.7,23.85,0.708010732421875,573.0,133.0
2026-06-12,0.00821917808219178,calls,182.5,0.8969376827356943,203.4701,0.0047999998,0.04,27.36,21.0,22.6,0.8227556787109375,21.0,3.0
2026-06-12,0.00821917808219178,calls,185.0,0.9092245003074162,203.4701,0.0047999998,0.04,21.6,18.6,18.8,0.5429733203125001,472.0,2.0
2026-06-12,0.00821917808219178,calls,187.5,0.921511317879138,203.4701,0.0047999998,0.04,18.08,16.5,16.65,0.6098671826171876,58.0,8.0
2026-06-12,0.00821917808219178,calls,190.0,0.9337981354508599,203.4701,0.0047999998,0.04,15.05,14.15,14.3,0.5722699023437501,1044.0,253.0
2026-06-12,0.00821917808219178,calls,192.5,0.9460849530225817,203.4701,0.0047999998,0.04,11.8,11.85,11.95,0.5302781347656251,92.0,36.0
2026-06-12,0.00821917808219178,calls,195.0,0.9583717705943036,203.4701,0.0047999998,0.04,10.0,9.45,9.55,0.4731497998046875,1139.0,680.0
2026-06-12,0.00821917808219178,calls,197.5,0.9706585881660253,203.4701,0.0047999998,0.04,8.17,7.7,7.85,0.5012256909179689,1206.0,214.0
2026-06-12,0.00821917808219178,calls,200.0,0.9829454057377472,203.4701,0.0047999998,0.04,5.93,5.8,5.9,0.4643608251953125,9840.0,2419.0
2026-06-12,0.00821917808219178,calls,202.5,0.995232223309469,203.4701,0.0047999998,0.04,4.25,4.3,4.4,0.4585015087890626,621.0,498.0
2026-06-12,0.00821917808219178,calls,205.0,1.007519040881191,203.4701,0.0047999998,0.04,3.05,3.0,3.1,0.4466608068847656,3713.0,4754.0
2026-06-12,0.00821917808219178,calls,207.5,1.0198058584529128,203.4701,0.0047999998,0.04,1.98,1.96,1.99,0.4255428540039063,4015.0,6837.0
2026-06-12,0.00821917808219178,calls,210.0,1.0320926760246345,203.4701,0.0047999998,0.04,1.27,1.26,1.27,0.4211483666992188,33646.0,23781.0
2026-06-12,0.00821917808219178,calls,212.5,1.0443794935963564,203.4701,0.0047999998,0.04,0.79,0.77,0.79,0.42139250488281255,33309.0,22337.0
2026-06-12,0.00821917808219178,calls,215.0,1.0566663111680783,203.4701,0.0047999998,0.04,0.48,0.46,0.48,0.4243221630859375,55527.0,21257.0
2026-06-12,0.00821917808219178,calls,217.5,1.0689531287398002,203.4701,0.0047999998,0.04,0.28,0.28,0.29,0.42969320312500003,11145.0,8094.0
2026-06-12,0.00821917808219178,calls,220.0,1.0812399463115219,203.4701,0.0047999998,0.04,0.19,0.18,0.19,0.44434149414062496,52904.0,17069.0
2026-06-12,0.00821917808219178,calls,222.5,1.0935267638832438,203.4701,0.0047999998,0.04,0.12,0.11,0.12,0.45508357421875,46089.0,4534.0
2026-06-12,0.00821917808219178,calls,225.0,1.1058135814549657,203.4701,0.0047999998,0.04,0.08,0.08,0.09,0.47852083984375,45812.0,18758.0
2026-06-12,0.00821917808219178,calls,227.5,1.1181003990266873,203.4701,0.0047999998,0.04,0.06,0.05,0.06,0.49219257812500006,10598.0,1627.0
2026-06-12,0.00821917808219178,calls,230.0,1.1303872165984092,203.4701,0.0047999998,0.04,0.05,0.04,0.05,0.5117236328125,19634.0,5379.0
2026-06-12,0.00821917808219178,calls,232.5,1.1426740341701311,203.4701,0.0047999998,0.04,0.03,0.03,0.04,0.5351608984375,21507.0,13215.0
2026-06-12,0.00821917808219178,calls,235.0,1.154960851741853,203.4701,0.0047999998,0.04,0.02,0.02,0.03,0.5507857421875001,23272.0,1698.0
2026-06-12,0.00821917808219178,calls,237.5,1.1672476693135747,203.4701,0.0047999998,0.04,0.02,0.02,0.03,0.585941640625,3046.0,302.0
2026-06-12,0.00821917808219178,calls,240.0,1.1795344868852966,203.4701,0.0047999998,0.04,0.01,0.01,0.02,0.585941640625,15433.0,1630.0
2026-06-12,0.00821917808219178,calls,242.5,1.1918213044570185,203.4701,0.0047999998,0.04,0.02,0.01,0.02,0.6171913281250001,5467.0,24.0
2026-06-12,0.00821917808219178,calls,245.0,1.2041081220287404,203.4701,0.0047999998,0.04,0.02,0.01,0.02,0.648441015625,17995.0,633.0
2026-06-12,0.00821917808219178,calls,247.5,1.216394939600462,203.4701,0.0047999998,0.04,0.01,0.01,0.02,0.6875031250000001,3189.0,258.0
2026-06-12,0.00821917808219178,calls,250.0,1.228681757172184,203.4701,0.0047999998,0.04,0.01,0.01,0.02,0.7187528125,31201.0,1225.0
2026-06-12,0.00821917808219178,calls,252.5,1.2409685747439059,203.4701,0.0047999998,0.04,0.01,0.0,0.02,0.7187528125,1067.0,114.0
2026-06-12,0.00821917808219178,calls,255.0,1.2532553923156278,203.4701,0.0047999998,0.04,0.01,0.0,0.01,0.70312796875,6177.0,87.0
2026-06-12,0.00821917808219178,calls,257.5,1.2655422098873494,203.4701,0.0047999998,0.04,0.01,0.0,0.01,0.7187528125,1048.0,1.0
2026-06-12,0.00821917808219178,calls,260.0,1.2778290274590713,203.4701,0.0047999998,0.04,0.01,0.0,0.01,0.7500025,8049.0,1.0
2026-06-12,0.00821917808219178,calls,262.5,1.2901158450307932,203.4701,0.0047999998,0.04,0.01,0.0,0.01,0.7812521875,299.0,221.0
2026-06-12,0.00821917808219178,calls,265.0,1.3024026626025151,203.4701,0.0047999998,0.04,0.01,0.0,0.01,0.8125018749999999,8051.0,4.0
2026-06-12,0.00821917808219178,calls,267.5,1.3146894801742368,203.4701,0.0047999998,0.04,0.01,0.0,0.01,0.8437515624999999,1492.0,1.0
2026-06-12,0.00821917808219178,calls,270.0,1.3269762977459587,203.4701,0.0047999998,0.04,0.01,0.0,0.01,0.87500125,4888.0,2.0
2026-06-12,0.00821917808219178,calls,272.5,1.3392631153176806,203.4701,0.0047999998,0.04,0.01,0.0,0.02,0.937500625,2657.0,45.0
2026-06-12,0.00821917808219178,calls,275.0,1.3515499328894025,203.4701,0.0047999998,0.04,0.01,0.0,0.01,0.9062509375,2326.0,17.0
2026-06-12,0.00821917808219178,calls,280.0,1.376123568032846,203.4701,0.0047999998,0.04,0.01,0.0,0.01,0.9687503125,1749.0,3.0
2026-06-12,0.00821917808219178,calls,285.0,1.4006972031762899,203.4701,0.0047999998,0.04,0.01,0.0,0.01,1.000005,712.0,26.0
2026-06-12,0.00821917808219178,calls,290.0,1.4252708383197334,203.4701,0.0047999998,0.04,0.01,0.0,0.01,1.0625046875000002,1984.0,5.0
2026-06-12,0.00821917808219178,calls,295.0,1.449844473463177,203.4701,0.0047999998,0.04,0.01,0.0,0.01,1.09375453125,772.0,1.0
2026-06-12,0.00821917808219178,calls,300.0,1.4744181086066208,203.4701,0.0047999998,0.04,0.01,0.0,0.01,1.15625421875,5360.0,10.0
2026-06-12,0.00821917808219178,calls,305.0,1.4989917437500644,203.4701,0.0047999998,0.04,0.01,0.0,0.01,1.1875040625,773.0,100.0
2026-06-12,0.00821917808219178,calls,310.0,1.5235653788935082,203.4701,0.0047999998,0.04,0.05,0.0,0.01,1.2500037499999999,2989.0,1620.0
2026-06-12,0.00821917808219178,calls,315.0,1.5481390140369518,203.4701,0.0047999998,0.04,0.01,0.0,0.19,1.68359533203125,246.0,1.0
2026-06-12,0.00821917808219178,calls,320.0,1.5727126491803955,203.4701,0.0047999998,0.04,0.01,0.0,0.01,1.3125034374999998,1550.0,4.0
2026-06-12,0.00821917808219178,calls,325.0,1.5972862843238391,203.4701,0.0047999998,0.04,0.01,0.0,0.19,1.78515732421875,793.0,3.0
2026-06-12,0.00821917808219178,calls,330.0,1.621859919467283,203.4701,0.0047999998,0.04,0.01,0.0,0.01,1.40625296875,771.0,5.0
2026-06-12,0.00821917808219178,calls,335.0,1.6464335546107265,203.4701,0.0047999998,0.04,0.01,0.0,0.01,1.4375028125,969.0,867.0
2026-06-12,0.00821917808219178,calls,340.0,1.6710071897541703,203.4701,0.0047999998,0.04,0.01,0.0,0.01,1.5000025,569.0,1.0
2026-06-12,0.00821917808219178,calls,345.0,1.6955808248976139,203.4701,0.0047999998,0.04,0.01,0.0,0.19,1.9804688476562502,1458.0,1663.0
2026-06-12,0.00821917808219178,calls,350.0,1.7201544600410577,203.4701,0.0047999998,0.04,0.01,0.0,0.01,1.5625021874999998,1007.0,1.0
2026-06-12,0.00821917808219178,calls,360.0,1.769301730327945,203.4701,0.0047999998,0.04,0.01,0.0,0.15,2.0625048437499998,788.0,268.0
2026-06-12,0.00821917808219178,calls,370.0,1.8184490006148324,203.4701,0.0047999998,0.04,0.01,0.0,0.18,2.1914107714843745,487.0,1.0
2026-06-12,0.00821917808219178,calls,380.0,1.8675962709017198,203.4701,0.0047999998,0.04,0.01,0.0,0.01,1.75000125,68.0,21.0
2026-06-12,0.00821917808219178,calls,390.0,1.9167435411886071,203.4701,0.0047999998,0.04,0.02,0.0,0.01,1.8125009374999999,84.0,35.0
2026-06-12,0.00821917808219178,calls,400.0,1.9658908114754945,203.4701,0.0047999998,0.04,0.01,0.0,0.01,1.875000625,1020.0,52.0
2026-06-12,0.00821917808219178,calls,410.0,2.015038081762382,203.4701,0.0047999998,0.04,0.01,0.0,0.19,2.5273474316406244,365.0,2.0
2026-06-12,0.00821917808219178,calls,420.0,2.064185352049269,203.4701,0.0047999998,0.04,0.01,0.0,0.19,2.60156599609375,33.0,1.0
2026-06-12,0.00821917808219178,calls,430.0,2.1133326223361566,203.4701,0.0047999998,0.04,0.01,0.0,0.01,2.0625048437499998,124.0,110.0
2026-06-12,0.00821917808219178,calls,440.0,2.1624798926230437,203.4701,0.0047999998,0.04,0.01,0.0,0.01,2.1250046874999997,1543.0,3.0
2026-06-12,0.00821917808219178,calls,450.0,2.2116271629099313,203.4701,0.0047999998,0.04,0.01,0.0,0.01,2.1875045312499997,181.0,10.0
2026-06-12,0.00821917808219178,calls,460.0,2.2607744331968185,203.4701,0.0047999998,0.04,0.01,0.0,0.01,2.2500043749999996,1244.0,8.0
2026-06-12,0.00821917808219178,puts,50.0,0.2457363514344368,203.4701,0.0047999998,0.04,0.01,0.0,0.01,4.000005,7.0,1.0
2026-06-12,0.00821917808219178,puts,55.0,0.27030998657788047,203.4701,0.0047999998,0.04,0.01,0.0,0.01,3.750000625,230.0,150.0
2026-06-12,0.00821917808219178,puts,60.0,0.29488362172132415,203.4701,0.0047999998,0.04,0.01,0.0,0.01,3.50000125,85.0,0.0
2026-06-12,0.00821917808219178,puts,65.0,0.31945725686476784,203.4701,0.0047999998,0.04,0.01,0.0,0.01,3.3125017187499997,440.0,32.0
2026-06-12,0.00821917808219178,puts,70.0,0.3440308920082115,203.4701,0.0047999998,0.04,0.01,0.0,0.01,3.1250021875,1962.0,1506.0
2026-06-12,0.00821917808219178,puts,75.0,0.3686045271516552,203.4701,0.0047999998,0.04,0.01,0.0,0.01,2.8750028125,776.0,750.0
2026-06-12,0.00821917808219178,puts,80.0,0.3931781622950989,203.4701,0.0047999998,0.04,0.06,0.0,0.01,2.750003125,44.0,0.0
2026-06-12,0.00821917808219178,puts,85.0,0.41775179743854257,203.4701,0.0047999998,0.04,0.01,0.0,0.01,2.56250359375,1184.0,20.0
2026-06-12,0.00821917808219178,puts,90.0,0.44232543258198626,203.4701,0.0047999998,0.04,0.03,0.0,0.19,3.14843962890625,184.0,110.0
2026-06-12,0.00821917808219178,puts,95.0,0.46689906772542994,203.4701,0.0047999998,0.04,0.01,0.0,0.19,2.9531276171874996,833.0,411.0
2026-06-12,0.00821917808219178,puts,100.0,0.4914727028688736,203.4701,0.0047999998,0.04,0.01,0.0,0.01,2.1250046874999997,408.0,6.0
2026-06-12,0.00821917808219178,puts,105.0,0.5160463380123173,203.4701,0.0047999998,0.04,0.01,0.0,0.01,1.9375003125,9952.0,7526.0
2026-06-12,0.00821917808219178,puts,110.0,0.5406199731557609,203.4701,0.0047999998,0.04,0.01,0.0,0.01,1.8125009374999999,11137.0,150.0
2026-06-12,0.00821917808219178,puts,115.0,0.5651936082992046,203.4701,0.0047999998,0.04,0.01,0.0,0.01,1.6875015625,7556.0,1.0
2026-06-12,0.00821917808219178,puts,120.0,0.5897672434426483,203.4701,0.0047999998,0.04,0.01,0.0,0.01,1.5625021874999998,29118.0,5.0
2026-06-12,0.00821917808219178,puts,125.0,0.614340878586092,203.4701,0.0047999998,0.04,0.01,0.0,0.01,1.46875265625,4105.0,8.0
2026-06-12,0.00821917808219178,puts,130.0,0.6389145137295357,203.4701,0.0047999998,0.04,0.01,0.0,0.01,1.3750031249999999,2627.0,12.0
2026-06-12,0.00821917808219178,puts,135.0,0.6634881488729794,203.4701,0.0047999998,0.04,0.01,0.0,0.01,1.2500037499999999,3453.0,118.0
2026-06-12,0.00821917808219178,puts,140.0,0.688061784016423,203.4701,0.0047999998,0.04,0.01,0.0,0.01,1.125004375,5455.0,68.0
2026-06-12,0.00821917808219178,puts,145.0,0.7126354191598667,203.4701,0.0047999998,0.04,0.01,0.0,0.14,1.359378203125,1225.0,1.0
2026-06-12,0.00821917808219178,puts,150.0,0.7372090543033104,203.4701,0.0047999998,0.04,0.02,0.01,0.02,1.0468797656250002,8754.0,29.0
2026-06-12,0.00821917808219178,puts,155.0,0.7617826894467541,203.4701,0.0047999998,0.04,0.02,0.01,0.02,0.937500625,7941.0,199.0
2026-06-12,0.00821917808219178,puts,160.0,0.7863563245901978,203.4701,0.0047999998,0.04,0.02,0.02,0.03,0.8828136718749999,12086.0,206.0
2026-06-12,0.00821917808219178,puts,165.0,0.8109299597336415,203.4701,0.0047999998,0.04,0.03,0.03,0.04,0.8125018749999999,14616.0,126.0
2026-06-12,0.00821917808219178,puts,170.0,0.8355035948770851,203.4701,0.0047999998,0.04,0.03,0.04,0.05,0.7304714453125,5086.0,183.0
2026-06-12,0.00821917808219178,puts,175.0,0.8600772300205288,203.4701,0.0047999998,0.04,0.06,0.06,0.07,0.6562534375000001,7969.0,409.0
2026-06-12,0.00821917808219178,puts,180.0,0.8846508651639725,203.4701,0.0047999998,0.04,0.1,0.1,0.11,0.5898478515625001,6148.0,526.0
2026-06-12,0.00821917808219178,puts,182.5,0.8969376827356943,203.4701,0.0047999998,0.04,0.13,0.14,0.15,0.5634809277343751,1605.0,234.0
2026-06-12,0.00821917808219178,puts,185.0,0.9092245003074162,203.4701,0.0047999998,0.04,0.15,0.19,0.2,0.53320779296875,6548.0,1737.0
2026-06-12,0.00821917808219178,puts,187.5,0.921511317879138,203.4701,0.0047999998,0.04,0.28,0.28,0.3,0.5127001855468749,1652.0,325.0
2026-06-12,0.00821917808219178,puts,190.0,0.9337981354508599,203.4701,0.0047999998,0.04,0.39,0.38,0.4,0.48242705078125003,18565.0,2239.0
2026-06-12,0.00821917808219178,puts,192.5,0.9460849530225817,203.4701,0.0047999998,0.04,0.62,0.61,0.63,0.46973186523437505,6708.0,3505.0
2026-06-12,0.00821917808219178,puts,195.0,0.9583717705943036,203.4701,0.0047999998,0.04,0.9,0.89,0.9,0.44360907958984375,13016.0,3281.0
2026-06-12,0.00821917808219178,puts,197.5,0.9706585881660253,203.4701,0.0047999998,0.04,1.5,1.48,1.5,0.4489801196289062,8750.0,3721.0
2026-06-12,0.00821917808219178,puts,200.0,0.9829454057377472,203.4701,0.0047999998,0.04,2.13,2.12,2.13,0.4282283740234375,26429.0,17197.0
2026-06-12,0.00821917808219178,puts,202.5,0.995232223309469,203.4701,0.0047999998,0.04,3.05,3.05,3.1,0.4211483666992188,4847.0,9446.0
2026-06-12,0.00821917808219178,puts,205.0,1.007519040881191,203.4701,0.0047999998,0.04,4.45,4.4,4.45,0.4270076831054688,14634.0,19449.0
2026-06-12,0.00821917808219178,puts,207.5,1.0198058584529128,203.4701,0.0047999998,0.04,5.53,5.5,5.65,0.3794007373046875,4861.0,6853.0
2026-06-12,0.00821917808219178,puts,210.0,1.0320926760246345,203.4701,0.0047999998,0.04,7.54,7.45,7.6,0.3930724755859375,18900.0,5916.0
2026-06-12,0.00821917808219178,puts,212.5,1.0443794935963564,203.4701,0.0047999998,0.04,7.8,9.25,9.45,0.3481510498046875,4556.0,900.0
2026-06-12,0.00821917808219178,puts,215.0,1.0566663111680783,203.4701,0.0047999998,0.04,11.85,11.9,12.05,0.437505625,8922.0,1109.0
2026-06-12,0.00821917808219178,puts,217.5,1.0689531287398002,203.4701,0.0047999998,0.04,12.1,14.3,14.45,0.47461462890625,4177.0,936.0
2026-06-12,0.00821917808219178,puts,220.0,1.0812399463115219,203.4701,0.0047999998,0.04,16.73,16.4,16.6,0.38477177734374995,9184.0,1195.0
2026-06-12,0.00821917808219178,puts,222.5,1.0935267638832438,203.4701,0.0047999998,0.04,16.75,18.95,19.15,0.46484910156250003,3168.0,173.0
2026-06-12,0.00821917808219178,puts,225.0,1.1058135814549657,203.4701,0.0047999998,0.04,21.08,21.05,21.3,1.0000000000000003e-05,3638.0,334.0
2026-06-12,0.00821917808219178,puts,227.5,1.1181003990266873,203.4701,0.0047999998,0.04,22.14,23.4,24.3,0.639652041015625,1053.0,24.0
2026-06-12,0.00821917808219178,puts,230.0,1.1303872165984092,203.4701,0.0047999998,0.04,25.98,26.0,26.15,1.0000000000000003e-05,3174.0,918.0
2026-06-12,0.00821917808219178,puts,232.5,1.1426740341701311,203.4701,0.0047999998,0.04,23.6,27.3,29.9,0.945313046875,440.0,14.0
2026-06-12,0.00821917808219178,puts,235.0,1.154960851741853,203.4701,0.0047999998,0.04,28.29,31.4,31.65,0.500005,160.0,309.0
2026-06-12,0.00821917808219178,puts,237.5,1.1672476693135747,203.4701,0.0047999998,0.04,29.51,32.4,34.95,1.0678757543945316,0.0,1.0
2026-06-12,0.00821917808219178,puts,240.0,1.1795344868852966,203.4701,0.0047999998,0.04,31.57,35.9,36.5,1.0000000000000003e-05,6.0,149.0
2026-06-12,0.00821917808219178,puts,242.5,1.1918213044570185,203.4701,0.0047999998,0.04,34.0,38.25,39.7,1.0913131372070315,0.0,42.0
2026-06-12,0.00821917808219178,puts,245.0,1.2041081220287404,203.4701,0.0047999998,0.04,34.7,40.35,42.1,1.1025435498046878,0.0,2.0
2026-06-12,0.00821917808219178,puts,247.5,1.216394939600462,203.4701,0.0047999998,0.04,31.35,43.25,44.65,1.1679729101562502,0.0,0.0
2026-06-12,0.00821917808219178,puts,250.0,1.228681757172184,203.4701,0.0047999998,0.04,45.1,45.9,47.2,0.7812521875,3.0,831.0
2026-06-12,0.00821917808219178,puts,255.0,1.2532553923156278,203.4701,0.0047999998,0.04,46.18,50.9,52.15,0.7500025,0.0,2.0
2026-06-12,0.00821917808219178,puts,260.0,1.2778290274590713,203.4701,0.0047999998,0.04,54.25,55.85,57.35,1.01172369140625,2.0,2.0
2026-06-12,0.00821917808219178,puts,265.0,1.3024026626025151,203.4701,0.0047999998,0.04,43.7,60.85,62.25,0.9726565234375,0.0,31.0
2026-06-12,0.00821917808219178,puts,270.0,1.3269762977459587,203.4701,0.0047999998,0.04,50.05,65.0,67.25,1.5996113769531248,0.0,98.0
2026-06-12,0.00821917808219178,puts,275.0,1.3515499328894025,203.4701,0.0047999998,0.04,55.0,70.0,72.25,1.6796891015625,0.0,66.0
2026-06-12,0.00821917808219178,puts,280.0,1.376123568032846,203.4701,0.0047999998,0.04,58.7,75.85,77.25,1.1484417578125,0.0,0.0
2026-06-12,0.00821917808219178,puts,285.0,1.4006972031762899,203.4701,0.0047999998,0.04,65.84,81.2,81.6,1.3281283593749997,0.0,1.0
2026-06-12,0.00821917808219178,puts,290.0,1.4252708383197334,203.4701,0.0047999998,0.04,58.7,85.0,87.25,1.9072270263671878,0.0,25.0
2026-06-12,0.00821917808219178,puts,295.0,1.449844473463177,203.4701,0.0047999998,0.04,79.95,90.9,92.5,1.5937520312499998,0.0,1.0
2026-06-12,0.00821917808219178,puts,300.0,1.4744181086066208,203.4701,0.0047999998,0.04,74.3,95.9,97.05,1.9394534277343751,0.0,1.0
2026-06-12,0.00821917808219178,puts,320.0,1.5727126491803955,203.4701,0.0047999998,0.04,104.85,115.9,117.4,1.8085947070312498,0.0,1.0
2026-06-12,0.00821917808219178,puts,325.0,1.5972862843238391,203.4701,0.0047999998,0.04,108.73,115.7,117.0,1.0000000000000003e-05,0.0,0.0
2026-06-12,0.00821917808219178,puts,335.0,1.6464335546107265,203.4701,0.0047999998,0.04,118.79,125.7,127.0,1.0000000000000003e-05,0.0,0.0
2026-06-12,0.00821917808219178,puts,430.0,2.1133326223361566,203.4701,0.0047999998,0.04,214.8,225.0,227.3,3.4824231689453127,0.0,1.0
2026-06-15,0.01643835616438356,calls,155.0,0.7617826894467541,203.4701,0.0047999998,0.04,70.32,48.1,52.2,1.5068384033203124,1.0,0.0
2026-06-15,0.01643835616438356,calls,175.0,0.8600772300205288,203.4701,0.0047999998,0.04,34.3,27.3,32.25,0.8999033447265624,13.0,60.0
2026-06-15,0.01643835616438356,calls,180.0,0.8846508651639725,203.4701,0.0047999998,0.04,29.38,22.05,26.6,0.6850617431640625,24.0,60.0
2026-06-15,0.01643835616438356,calls,182.5,0.8969376827356943,203.4701,0.0047999998,0.04,22.5,20.9,23.65,0.7114286669921875,8.0,2.0
2026-06-15,0.01643835616438356,calls,185.0,0.9092245003074162,203.4701,0.0047999998,0.04,21.73,18.75,19.55,0.5327195166015625,52.0,5.0
2026-06-15,0.01643835616438356,calls,187.5,0.921511317879138,203.4701,0.0047999998,0.04,21.96,16.55,17.6,0.55273884765625,4.0,82.0
2026-06-15,0.01643835616438356,calls,190.0,0.9337981354508599,203.4701,0.0047999998,0.04,16.38,14.1,14.55,0.48633326171875,83.0,31.0
2026-06-15,0.01643835616438356,calls,192.5,0.9460849530225817,203.4701,0.0047999998,0.04,12.15,12.0,12.5,0.4836477416992188,31.0,20.0
2026-06-15,0.01643835616438356,calls,195.0,0.9583717705943036,203.4701,0.0047999998,0.04,12.08,9.9,10.45,0.4660697924804688,41.0,72.0
2026-06-15,0.01643835616438356,calls,197.5,0.9706585881660253,203.4701,0.0047999998,0.04,9.81,7.9,8.4,0.43604079589843747,145.0,871.0
2026-06-15,0.01643835616438356,calls,200.0,0.9829454057377472,203.4701,0.0047999998,0.04,6.65,6.25,6.5,0.40796490478515623,202.0,72.0
2026-06-15,0.01643835616438356,calls,202.5,0.995232223309469,203.4701,0.0047999998,0.04,4.95,4.75,5.05,0.40491317749023437,481.0,76.0
2026-06-15,0.01643835616438356,calls,205.0,1.007519040881191,203.4701,0.0047999998,0.04,3.7,3.55,3.7,0.3913635083007812,708.0,825.0
2026-06-15,0.01643835616438356,calls,207.5,1.0198058584529128,203.4701,0.0047999998,0.04,2.6,2.62,2.73,0.3922179919433594,628.0,1135.0
2026-06-15,0.01643835616438356,calls,210.0,1.0320926760246345,203.4701,0.0047999998,0.04,1.88,1.78,1.84,0.38013315185546875,10342.0,3873.0
2026-06-15,0.01643835616438356,calls,212.5,1.0443794935963564,203.4701,0.0047999998,0.04,1.2,1.23,1.28,0.38233039550781245,807.0,2857.0
2026-06-15,0.01643835616438356,calls,215.0,1.0566663111680783,203.4701,0.0047999998,0.04,0.8,0.79,0.81,0.3754945263671875,2820.0,3672.0
2026-06-15,0.01643835616438356,calls,217.5,1.0689531287398002,203.4701,0.0047999998,0.04,0.52,0.51,0.55,0.3815979809570312,769.0,1011.0
2026-06-15,0.01643835616438356,calls,220.0,1.0812399463115219,203.4701,0.0047999998,0.04,0.35,0.34,0.37,0.387701435546875,2704.0,1922.0
2026-06-15,0.01643835616438356,calls,222.5,1.0935267638832438,203.4701,0.0047999998,0.04,0.3,0.22,0.26,0.398443515625,2197.0,994.0
2026-06-15,0.01643835616438356,calls,225.0,1.1058135814549657,203.4701,0.0047999998,0.04,0.19,0.17,0.18,0.407232490234375,2527.0,7203.0
2026-06-15,0.01643835616438356,calls,227.5,1.1181003990266873,203.4701,0.0047999998,0.04,0.11,0.11,0.13,0.418951123046875,457.0,117.0
2026-06-15,0.01643835616438356,calls,230.0,1.1303872165984092,203.4701,0.0047999998,0.04,0.08,0.08,0.1,0.4335994140625,3537.0,5257.0
2026-06-15,0.01643835616438356,calls,232.5,1.1426740341701311,203.4701,0.0047999998,0.04,0.07,0.06,0.08,0.45117736328125,2034.0,118.0
2026-06-15,0.01643835616438356,calls,235.0,1.154960851741853,203.4701,0.0047999998,0.04,0.06,0.04,0.05,0.45117736328125,1906.0,148.0
2026-06-15,0.01643835616438356,calls,237.5,1.1672476693135747,203.4701,0.0047999998,0.04,0.05,0.03,0.05,0.4804739453125,184.0,145.0
2026-06-15,0.01643835616438356,calls,240.0,1.1795344868852966,203.4701,0.0047999998,0.04,0.04,0.02,0.04,0.49609878906250005,1980.0,147.0
2026-06-15,0.01643835616438356,calls,242.5,1.1918213044570185,203.4701,0.0047999998,0.04,0.05,0.02,0.04,0.5039112109375,153.0,6.0
2026-06-15,0.01643835616438356,calls,245.0,1.2041081220287404,203.4701,0.0047999998,0.04,0.02,0.01,0.03,0.507817421875,873.0,12.0
2026-06-15,0.01643835616438356,calls,247.5,1.216394939600462,203.4701,0.0047999998,0.04,0.04,0.01,0.03,0.5312546875,479.0,1125.0
2026-06-15,0.01643835616438356,calls,250.0,1.228681757172184,203.4701,0.0047999998,0.04,0.03,0.01,0.02,0.5390671093750001,1432.0,202.0
2026-06-15,0.01643835616438356,calls,252.5,1.2409685747439059,203.4701,0.0047999998,0.04,0.01,0.01,0.02,0.5625043750000001,67.0,3.0
2026-06-15,0.01643835616438356,calls,255.0,1.2532553923156278,203.4701,0.0047999998,0.04,0.02,0.0,0.02,0.5625043750000001,259.0,7.0
2026-06-15,0.01643835616438356,calls,257.5,1.2655422098873494,203.4701,0.0047999998,0.04,0.02,0.01,0.02,0.6093789062500001,2.0,50.0
2026-06-15,0.01643835616438356,calls,260.0,1.2778290274590713,203.4701,0.0047999998,0.04,0.02,0.01,0.02,0.632816171875,602.0,10.0
2026-06-15,0.01643835616438356,calls,262.5,1.2901158450307932,203.4701,0.0047999998,0.04,0.01,0.0,0.02,0.6250037500000001,13.0,1.0
2026-06-15,0.01643835616438356,calls,265.0,1.3024026626025151,203.4701,0.0047999998,0.04,0.01,0.0,0.02,0.648441015625,286.0,44.0
2026-06-15,0.01643835616438356,calls,267.5,1.3146894801742368,203.4701,0.0047999998,0.04,0.01,0.0,0.02,0.6718782812500002,31.0,32.0
2026-06-15,0.01643835616438356,calls,270.0,1.3269762977459587,203.4701,0.0047999998,0.04,0.01,0.0,0.01,0.6562534375000001,528.0,2.0
2026-06-15,0.01643835616438356,calls,272.5,1.3392631153176806,203.4701,0.0047999998,0.04,0.06,0.0,0.01,0.6718782812500002,1.0,0.0
2026-06-15,0.01643835616438356,calls,275.0,1.3515499328894025,203.4701,0.0047999998,0.04,0.05,0.0,0.01,0.6875031250000001,65.0,0.0
2026-06-15,0.01643835616438356,calls,277.5,1.3638367504611242,203.4701,0.0047999998,0.04,0.03,0.0,0.02,0.7500025,2.0,1.0
2026-06-15,0.01643835616438356,calls,280.0,1.376123568032846,203.4701,0.0047999998,0.04,0.04,0.0,0.01,0.7187528125,58.0,0.0
2026-06-15,0.01643835616438356,calls,285.0,1.4006972031762899,203.4701,0.0047999998,0.04,0.01,0.0,0.01,0.7656273437500001,231.0,200.0
2026-06-15,0.01643835616438356,calls,290.0,1.4252708383197334,203.4701,0.0047999998,0.04,0.01,0.0,0.01,0.79687703125,98.0,4.0
2026-06-15,0.01643835616438356,calls,300.0,1.4744181086066208,203.4701,0.0047999998,0.04,0.04,0.0,0.01,0.87500125,24.0,0.0
2026-06-15,0.01643835616438356,calls,320.0,1.5727126491803955,203.4701,0.0047999998,0.04,0.02,0.0,0.01,0.98437515625,8.0,6.0
2026-06-15,0.01643835616438356,calls,400.0,1.9658908114754945,203.4701,0.0047999998,0.04,0.01,0.0,0.01,1.4375028125,4.0,4.0
2026-06-15,0.01643835616438356,calls,430.0,2.1133326223361566,203.4701,0.0047999998,0.04,0.02,0.0,0.01,1.5625021874999998,10.0,0.0
2026-06-15,0.01643835616438356,puts,150.0,0.7372090543033104,203.4701,0.0047999998,0.04,0.02,0.02,0.04,0.8476577734374999,373.0,6.0
2026-06-15,0.01643835616438356,puts,155.0,0.7617826894467541,203.4701,0.0047999998,0.04,0.03,0.02,0.04,0.7656273437500001,27.0,7.0
2026-06-15,0.01643835616438356,puts,160.0,0.7863563245901978,203.4701,0.0047999998,0.04,0.04,0.03,0.05,0.7070341796875,59.0,11.0
2026-06-15,0.01643835616438356,puts,165.0,0.8109299597336415,203.4701,0.0047999998,0.04,0.06,0.06,0.08,0.6699251757812501,206.0,121.0
2026-06-15,0.01643835616438356,puts,170.0,0.8355035948770851,203.4701,0.0047999998,0.04,0.09,0.08,0.1,0.6054726953125001,95.0,22.0
2026-06-15,0.01643835616438356,puts,175.0,0.8600772300205288,203.4701,0.0047999998,0.04,0.13,0.12,0.15,0.5546919531250001,97.0,54.0
2026-06-15,0.01643835616438356,puts,180.0,0.8846508651639725,203.4701,0.0047999998,0.04,0.2,0.21,0.23,0.507817421875,194.0,21.0
2026-06-15,0.01643835616438356,puts,182.5,0.8969376827356943,203.4701,0.0047999998,0.04,0.22,0.27,0.29,0.48633326171875,126.0,32.0
2026-06-15,0.01643835616438356,puts,185.0,0.9092245003074162,203.4701,0.0047999998,0.04,0.26,0.33,0.36,0.4580132324218751,319.0,131.0
2026-06-15,0.01643835616438356,puts,187.5,0.921511317879138,203.4701,0.0047999998,0.04,0.31,0.47,0.5,0.4414118359375,133.0,82.0
2026-06-15,0.01643835616438356,puts,190.0,0.9337981354508599,203.4701,0.0047999998,0.04,0.53,0.62,0.67,0.41992767578125,448.0,320.0
2026-06-15,0.01643835616438356,puts,192.5,0.9460849530225817,203.4701,0.0047999998,0.04,0.61,0.96,1.02,0.4162656030273437,244.0,183.0
2026-06-15,0.01643835616438356,puts,195.0,0.9583717705943036,203.4701,0.0047999998,0.04,1.4,1.4,1.44,0.40479110839843746,985.0,376.0
2026-06-15,0.01643835616438356,puts,197.5,0.9706585881660253,203.4701,0.0047999998,0.04,1.64,1.82,1.89,0.3815979809570312,610.0,715.0
2026-06-15,0.01643835616438356,puts,200.0,0.9829454057377472,203.4701,0.0047999998,0.04,2.66,2.64,2.7,0.3781800463867187,1866.0,2464.0
2026-06-15,0.01643835616438356,puts,202.5,0.995232223309469,203.4701,0.0047999998,0.04,3.5,3.65,3.7,0.3723207299804688,461.0,2186.0
2026-06-15,0.01643835616438356,puts,205.0,1.007519040881191,203.4701,0.0047999998,0.04,4.65,4.6,4.8,0.35425450439453116,1652.0,2877.0
2026-06-15,0.01643835616438356,puts,207.5,1.0198058584529128,203.4701,0.0047999998,0.04,6.2,6.05,6.5,0.36914693359375,1143.0,987.0
2026-06-15,0.01643835616438356,puts,210.0,1.0320926760246345,203.4701,0.0047999998,0.04,7.85,7.65,8.0,0.34229173339843744,1218.0,1351.0
2026-06-15,0.01643835616438356,puts,212.5,1.0443794935963564,203.4701,0.0047999998,0.04,9.65,9.55,10.15,0.3645083081054688,440.0,111.0
2026-06-15,0.01643835616438356,puts,215.0,1.0566663111680783,203.4701,0.0047999998,0.04,11.81,11.65,12.0,0.3217841259765625,497.0,304.0
2026-06-15,0.01643835616438356,puts,217.5,1.0689531287398002,203.4701,0.0047999998,0.04,14.54,13.65,14.5,0.36890279541015625,415.0,2829.0
2026-06-15,0.01643835616438356,puts,220.0,1.0812399463115219,203.4701,0.0047999998,0.04,16.24,16.1,16.85,0.3789124609375,416.0,74.0
2026-06-15,0.01643835616438356,puts,222.5,1.0935267638832438,203.4701,0.0047999998,0.04,14.8,18.15,19.1,0.32520206054687495,61.0,13.0
2026-06-15,0.01643835616438356,puts,225.0,1.1058135814549657,203.4701,0.0047999998,0.04,17.15,20.5,22.55,0.6101113208007813,65.0,2.0
2026-06-15,0.01643835616438356,puts,227.5,1.1181003990266873,203.4701,0.0047999998,0.04,19.55,22.1,24.4,0.5141650146484374,18.0,304.0
2026-06-15,0.01643835616438356,puts,230.0,1.1303872165984092,203.4701,0.0047999998,0.04,21.2,24.9,27.8,0.745119736328125,207.0,40.0
2026-06-15,0.01643835616438356,puts,232.5,1.1426740341701311,203.4701,0.0047999998,0.04,23.55,27.5,30.15,0.7631859619140625,60.0,10.0
2026-06-15,0.01643835616438356,puts,235.0,1.154960851741853,203.4701,0.0047999998,0.04,28.82,30.3,31.95,0.6435582519531251,38.0,10.0
2026-06-15,0.01643835616438356,puts,240.0,1.1795344868852966,203.4701,0.0047999998,0.04,31.81,34.95,37.7,0.8994150683593749,0.0,1.0
2026-06-15,0.01643835616438356,puts,242.5,1.1918213044570185,203.4701,0.0047999998,0.04,28.5,37.7,40.15,0.9291999267578125,0.0,0.0
2026-06-15,0.01643835616438356,puts,245.0,1.2041081220287404,203.4701,0.0047999998,0.04,31.21,39.9,42.55,0.9467778759765625,0.0,100.0
2026-06-15,0.01643835616438356,puts,250.0,1.228681757172184,203.4701,0.0047999998,0.04,45.05,44.9,47.75,1.0664109179687502,0.0,1.0
2026-06-15,0.01643835616438356,puts,255.0,1.2532553923156278,203.4701,0.0047999998,0.04,35.22,50.45,52.65,0.64062859375,0.0,0.0
2026-06-17,0.021917808219178082,calls,150.0,0.7372090543033104,203.4701,0.0047999998,0.04,75.34,52.0,57.15,1.3095737646484373,1.0,0.0
2026-06-17,0.021917808219178082,calls,170.0,0.8355035948770851,203.4701,0.0047999998,0.04,39.39,33.45,37.05,0.989257919921875,13.0,176.0
2026-06-17,0.021917808219178082,calls,175.0,0.8600772300205288,203.4701,0.0047999998,0.04,34.48,27.45,29.7,0.7800314965820312,32.0,176.0
2026-06-17,0.021917808219178082,calls,177.5,0.8723640475922506,203.4701,0.0047999998,0.04,31.04,26.05,29.3,0.8020039331054687,10.0,160.0
2026-06-17,0.021917808219178082,calls,180.0,0.8846508651639725,203.4701,0.0047999998,0.04,29.0,23.85,26.25,0.7253445434570311,27.0,189.0
2026-06-17,0.021917808219178082,calls,182.5,0.8969376827356943,203.4701,0.0047999998,0.04,26.1,21.05,22.3,0.524418818359375,9.0,24.0
2026-06-17,0.021917808219178082,calls,185.0,0.9092245003074162,203.4701,0.0047999998,0.04,24.05,18.55,19.95,0.5964395825195312,9.0,154.0
2026-06-17,0.021917808219178082,calls,187.5,0.921511317879138,203.4701,0.0047999998,0.04,22.3,17.3,18.05,0.567387138671875,20.0,41.0
2026-06-17,0.021917808219178082,calls,190.0,0.9337981354508599,203.4701,0.0047999998,0.04,21.36,14.65,15.2,0.5102588037109376,19.0,2.0
2026-06-17,0.021917808219178082,calls,192.5,0.9460849530225817,203.4701,0.0047999998,0.04,19.02,12.65,13.1,0.49170430175781255,18.0,2.0
2026-06-17,0.021917808219178082,calls,195.0,0.9583717705943036,203.4701,0.0047999998,0.04,12.45,10.7,11.1,0.47400428344726564,68.0,75.0
2026-06-17,0.021917808219178082,calls,197.5,0.9706585881660253,203.4701,0.0047999998,0.04,11.77,8.65,9.2,0.4552056433105469,85.0,60.0
2026-06-17,0.021917808219178082,calls,200.0,0.9829454057377472,203.4701,0.0047999998,0.04,8.75,7.2,7.45,0.4379939013671875,270.0,270.0
2026-06-17,0.021917808219178082,calls,202.5,0.995232223309469,203.4701,0.0047999998,0.04,7.3,5.75,6.05,0.43604079589843747,97.0,52.0
2026-06-17,0.021917808219178082,calls,205.0,1.007519040881191,203.4701,0.0047999998,0.04,4.6,4.45,4.5,0.40820904296875,381.0,278.0
2026-06-17,0.021917808219178082,calls,207.5,1.0198058584529128,203.4701,0.0047999998,0.04,3.51,3.3,3.45,0.4050352465820312,413.0,328.0
2026-06-17,0.021917808219178082,calls,210.0,1.0320926760246345,203.4701,0.0047999998,0.04,2.66,2.59,2.66,0.40869731933593745,730.0,1964.0
2026-06-17,0.021917808219178082,calls,212.5,1.0443794935963564,203.4701,0.0047999998,0.04,1.97,1.82,1.9,0.40027455200195317,443.0,434.0
2026-06-17,0.021917808219178082,calls,215.0,1.0566663111680783,203.4701,0.0047999998,0.04,1.37,1.32,1.39,0.401373173828125,992.0,2306.0
2026-06-17,0.021917808219178082,calls,217.5,1.0689531287398002,203.4701,0.0047999998,0.04,1.0,0.94,1.01,0.40405869384765625,845.0,303.0
2026-06-17,0.021917808219178082,calls,220.0,1.0812399463115219,203.4701,0.0047999998,0.04,0.71,0.68,0.73,0.40772076660156253,1501.0,928.0
2026-06-17,0.021917808219178082,calls,222.5,1.0935267638832438,203.4701,0.0047999998,0.04,0.56,0.47,0.51,0.40869731933593745,496.0,371.0
2026-06-17,0.021917808219178082,calls,225.0,1.1058135814549657,203.4701,0.0047999998,0.04,0.39,0.35,0.39,0.4194393994140625,1999.0,555.0
2026-06-17,0.021917808219178082,calls,227.5,1.1181003990266873,203.4701,0.0047999998,0.04,0.3,0.27,0.3,0.43066975585937506,149.0,298.0
2026-06-17,0.021917808219178082,calls,230.0,1.1303872165984092,203.4701,0.0047999998,0.04,0.2,0.2,0.23,0.44043528320312497,1966.0,946.0
2026-06-17,0.021917808219178082,calls,232.5,1.1426740341701311,203.4701,0.0047999998,0.04,0.19,0.16,0.18,0.45215391601562505,654.0,29.0
2026-06-17,0.021917808219178082,calls,235.0,1.154960851741853,203.4701,0.0047999998,0.04,0.14,0.12,0.14,0.46191944335937507,2140.0,1237.0
2026-06-17,0.021917808219178082,calls,237.5,1.1672476693135747,203.4701,0.0047999998,0.04,0.11,0.1,0.12,0.47852083984375,141.0,17.0
2026-06-17,0.021917808219178082,calls,240.0,1.1795344868852966,203.4701,0.0047999998,0.04,0.11,0.09,0.11,0.499028447265625,525.0,87.0
2026-06-17,0.021917808219178082,calls,242.5,1.1918213044570185,203.4701,0.0047999998,0.04,0.1,0.06,0.09,0.5097705273437501,41.0,1.0
2026-06-17,0.021917808219178082,calls,245.0,1.2041081220287404,203.4701,0.0047999998,0.04,0.07,0.06,0.07,0.5136767382812499,190.0,20.0
2026-06-17,0.021917808219178082,calls,247.5,1.216394939600462,203.4701,0.0047999998,0.04,0.06,0.04,0.07,0.52539537109375,51.0,20.0
2026-06-17,0.021917808219178082,calls,250.0,1.228681757172184,203.4701,0.0047999998,0.04,0.04,0.04,0.06,0.5429733203125001,1560.0,122.0
2026-06-17,0.021917808219178082,calls,252.5,1.2409685747439059,203.4701,0.0047999998,0.04,0.04,0.03,0.05,0.5507857421875001,9.0,1.0
2026-06-17,0.021917808219178082,calls,255.0,1.2532553923156278,203.4701,0.0047999998,0.04,0.05,0.02,0.05,0.5644574804687501,109.0,10.0
2026-06-17,0.021917808219178082,calls,257.5,1.2655422098873494,203.4701,0.0047999998,0.04,0.05,0.02,0.04,0.5742230078125,8.0,2.0
2026-06-17,0.021917808219178082,calls,260.0,1.2778290274590713,203.4701,0.0047999998,0.04,0.02,0.01,0.04,0.585941640625,72.0,1.0
2026-06-17,0.021917808219178082,calls,262.5,1.2901158450307932,203.4701,0.0047999998,0.04,0.01,0.01,0.04,0.6054726953125001,133.0,1.0
2026-06-17,0.021917808219178082,calls,265.0,1.3024026626025151,203.4701,0.0047999998,0.04,0.03,0.01,0.03,0.6093789062500001,39.0,1.0
2026-06-17,0.021917808219178082,calls,267.5,1.3146894801742368,203.4701,0.0047999998,0.04,0.08,0.0,0.03,0.6171913281250001,1.0,2.0
2026-06-17,0.021917808219178082,calls,270.0,1.3269762977459587,203.4701,0.0047999998,0.04,0.01,0.01,0.03,0.648441015625,108.0,2.0
2026-06-17,0.021917808219178082,calls,272.5,1.3392631153176806,203.4701,0.0047999998,0.04,0.07,0.01,0.03,0.6679720703125002,1.0,1.0
2026-06-17,0.021917808219178082,calls,275.0,1.3515499328894025,203.4701,0.0047999998,0.04,0.02,0.01,0.03,0.6875031250000001,2.0,2.0
2026-06-17,0.021917808219178082,calls,277.5,1.3638367504611242,203.4701,0.0047999998,0.04,0.01,0.0,0.02,0.6562534375000001,1.0,1.0
2026-06-17,0.021917808219178082,calls,280.0,1.376123568032846,203.4701,0.0047999998,0.04,0.02,0.0,0.02,0.6796907031250001,123.0,10.0
2026-06-17,0.021917808219178082,calls,285.0,1.4006972031762899,203.4701,0.0047999998,0.04,0.03,0.0,0.18,0.8906260937499999,62.0,1.0
2026-06-17,0.021917808219178082,calls,290.0,1.4252708383197334,203.4701,0.0047999998,0.04,0.03,0.0,0.02,0.7500025,49.0,5.0
2026-06-17,0.021917808219178082,calls,295.0,1.449844473463177,203.4701,0.0047999998,0.04,0.07,0.0,0.02,0.7812521875,14.0,0.0
2026-06-17,0.021917808219178082,calls,300.0,1.4744181086066208,203.4701,0.0047999998,0.04,0.03,0.0,0.02,0.8125018749999999,40.0,5.0
2026-06-17,0.021917808219178082,calls,310.0,1.5235653788935082,203.4701,0.0047999998,0.04,0.06,0.0,0.22,1.1054732226562503,1.0,0.0
2026-06-17,0.021917808219178082,calls,340.0,1.6710071897541703,203.4701,0.0047999998,0.04,0.02,0.0,0.01,0.98437515625,3.0,3.0
2026-06-17,0.021917808219178082,calls,370.0,1.8184490006148324,203.4701,0.0047999998,0.04,0.01,0.0,0.01,1.125004375,10.0,10.0
2026-06-17,0.021917808219178082,calls,430.0,2.1133326223361566,203.4701,0.0047999998,0.04,0.01,0.0,0.01,1.3750031249999999,11.0,1.0
2026-06-17,0.021917808219178082,puts,150.0,0.7372090543033104,203.4701,0.0047999998,0.04,0.05,0.04,0.05,0.7812521875,43.0,28.0
2026-06-17,0.021917808219178082,puts,155.0,0.7617826894467541,203.4701,0.0047999998,0.04,0.04,0.06,0.08,0.74414318359375,6.0,1.0
2026-06-17,0.021917808219178082,puts,160.0,0.7863563245901978,203.4701,0.0047999998,0.04,0.1,0.1,0.13,0.7128934960937501,839.0,3.0
2026-06-17,0.021917808219178082,puts,165.0,0.8109299597336415,203.4701,0.0047999998,0.04,0.11,0.13,0.16,0.6562534375000001,91.0,6.0
2026-06-17,0.021917808219178082,puts,170.0,0.8355035948770851,203.4701,0.0047999998,0.04,0.17,0.19,0.22,0.6084023535156251,74.0,11.0
2026-06-17,0.021917808219178082,puts,175.0,0.8600772300205288,203.4701,0.0047999998,0.04,0.25,0.26,0.29,0.5537154003906251,18.0,6.0
2026-06-17,0.021917808219178082,puts,177.5,0.8723640475922506,203.4701,0.0047999998,0.04,0.29,0.32,0.35,0.5307664111328125,5.0,7.0
2026-06-17,0.021917808219178082,puts,180.0,0.8846508651639725,203.4701,0.0047999998,0.04,0.31,0.4,0.43,0.5092822509765625,164.0,36.0
2026-06-17,0.021917808219178082,puts,182.5,0.8969376827356943,203.4701,0.0047999998,0.04,0.43,0.48,0.52,0.4887746435546876,1.0,229.0
2026-06-17,0.021917808219178082,puts,185.0,0.9092245003074162,203.4701,0.0047999998,0.04,0.62,0.64,0.69,0.47461462890625,120.0,162.0
2026-06-17,0.021917808219178082,puts,187.5,0.921511317879138,203.4701,0.0047999998,0.04,0.86,0.82,0.87,0.454107021484375,110.0,100.0
2026-06-17,0.021917808219178082,puts,190.0,0.9337981354508599,203.4701,0.0047999998,0.04,1.14,1.12,1.19,0.44556218505859374,2695.0,281.0
2026-06-17,0.021917808219178082,puts,192.5,0.9460849530225817,203.4701,0.0047999998,0.04,1.48,1.42,1.49,0.42383388671875,176.0,234.0
2026-06-17,0.021917808219178082,puts,195.0,0.9583717705943036,203.4701,0.0047999998,0.04,1.42,1.86,1.93,0.40759869750976563,272.0,156.0
2026-06-17,0.021917808219178082,puts,197.5,0.9706585881660253,203.4701,0.0047999998,0.04,2.3,2.48,2.56,0.3975890319824219,200.0,192.0
2026-06-17,0.021917808219178082,puts,200.0,0.9829454057377472,203.4701,0.0047999998,0.04,3.35,3.4,3.5,0.39990834472656256,668.0,559.0
2026-06-17,0.021917808219178082,puts,202.5,0.995232223309469,203.4701,0.0047999998,0.04,4.55,4.5,4.7,0.407232490234375,414.0,130.0
2026-06-17,0.021917808219178082,puts,205.0,1.007519040881191,203.4701,0.0047999998,0.04,5.64,5.4,5.75,0.3874572973632812,557.0,284.0
2026-06-17,0.021917808219178082,puts,207.5,1.0198058584529128,203.4701,0.0047999998,0.04,6.75,6.75,7.25,0.3874572973632812,490.0,123.0
2026-06-17,0.021917808219178082,puts,210.0,1.0320926760246345,203.4701,0.0047999998,0.04,7.76,8.25,9.05,0.39771110107421875,433.0,131.0
2026-06-17,0.021917808219178082,puts,212.5,1.0443794935963564,203.4701,0.0047999998,0.04,9.29,10.1,10.9,0.39893179199218753,305.0,15.0
2026-06-17,0.021917808219178082,puts,215.0,1.0566663111680783,203.4701,0.0047999998,0.04,9.75,12.1,13.0,0.41199318481445313,256.0,16.0
2026-06-17,0.021917808219178082,puts,217.5,1.0689531287398002,203.4701,0.0047999998,0.04,12.8,13.8,15.1,0.4138242211914062,72.0,104.0
2026-06-17,0.021917808219178082,puts,220.0,1.0812399463115219,203.4701,0.0047999998,0.04,13.36,16.3,17.4,0.43115803222656257,165.0,40.0
2026-06-17,0.021917808219178082,puts,222.5,1.0935267638832438,203.4701,0.0047999998,0.04,16.83,18.65,20.1,0.5031787963867188,128.0,121.0
2026-06-17,0.021917808219178082,puts,225.0,1.1058135814549657,203.4701,0.0047999998,0.04,17.01,20.5,21.4,1.0000000000000003e-05,63.0,4.0
2026-06-17,0.021917808219178082,puts,227.5,1.1181003990266873,203.4701,0.0047999998,0.04,17.63,23.95,24.55,0.48828636718750007,25.0,1.0
2026-06-17,0.021917808219178082,puts,230.0,1.1303872165984092,203.4701,0.0047999998,0.04,23.9,25.7,27.75,0.6496617065429688,14.0,2.0
2026-06-17,0.021917808219178082,puts,232.5,1.1426740341701311,203.4701,0.0047999998,0.04,26.0,27.75,29.9,0.6303747900390625,24.0,2.0
2026-06-17,0.021917808219178082,puts,235.0,1.154960851741853,203.4701,0.0047999998,0.04,28.05,30.35,32.15,0.6159706372070313,82.0,9.0
2026-06-17,0.021917808219178082,puts,240.0,1.1795344868852966,203.4701,0.0047999998,0.04,13.01,35.15,37.75,0.8017597949218749,4.0,0.0
2026-06-17,0.021917808219178082,puts,247.5,1.216394939600462,203.4701,0.0047999998,0.04,37.6,42.65,45.15,0.8881847119140623,0.0,1.0
2026-06-17,0.021917808219178082,puts,285.0,1.4006972031762899,203.4701,0.0047999998,0.04,76.13,80.05,82.55,1.3066440917968747,1.0,1.0
2026-06-18,0.024657534246575342,calls,0.5,0.002457363514344368,203.4701,0.0047999998,0.04,212.49,201.15,205.3,22.250003046875,13.0,10.0
2026-06-18,0.024657534246575342,calls,1.0,0.004914727028688736,203.4701,0.0047999998,0.04,214.55,200.8,205.0,20.1250037109375,0.0,130.0
2026-06-18,0.024657534246575342,calls,1.5,0.007372090543033104,203.4701,0.0047999998,0.04,214.1,200.15,204.15,14.281251074218751,0.0,5.0
2026-06-18,0.024657534246575342,calls,2.0,0.009829454057377472,203.4701,0.0047999998,0.04,213.55,199.3,203.7,9.75000390625,0.0,50.0
2026-06-18,0.024657534246575342,calls,2.5,0.01228681757172184,203.4701,0.0047999998,0.04,213.1,199.15,203.3,13.078126826171875,0.0,110.0
2026-06-18,0.024657534246575342,calls,3.0,0.014744181086066208,203.4701,0.0047999998,0.04,205.82,198.15,202.65,23.48437766113281,130.0,1.0
2026-06-18,0.024657534246575342,calls,3.5,0.017201544600410575,203.4701,0.0047999998,0.04,212.05,198.15,202.8,13.406251621093748,0.0,20.0
2026-06-18,0.024657534246575342,calls,4.0,0.019658908114754944,203.4701,0.0047999998,0.04,211.55,197.7,202.0,12.109377431640628,0.0,25.0
2026-06-18,0.024657534246575342,calls,4.5,0.02211627162909931,203.4701,0.0047999998,0.04,211.05,197.1,201.05,9.46875408203125,0.0,10.0
2026-06-18,0.024657534246575342,calls,5.0,0.02457363514344368,203.4701,0.0047999998,0.04,203.7,196.8,200.9,11.226565483398437,13.0,13.0
2026-06-18,0.024657534246575342,calls,6.0,0.029488362172132417,203.4701,0.0047999998,0.04,209.55,195.3,199.7,7.125001093750001,0.0,10.0
2026-06-18,0.024657534246575342,calls,7.0,0.03440308920082115,203.4701,0.0047999998,0.04,208.55,194.75,199.05,10.203128623046876,10.0,25.0
2026-06-18,0.024657534246575342,calls,8.0,0.03931781622950989,203.4701,0.0047999998,0.04,208.45,193.75,198.05,9.71875392578125,0.0,20.0
2026-06-18,0.024657534246575342,calls,9.0,0.04423254325819862,203.4701,0.0047999998,0.04,207.5,192.4,196.9,8.125004921875,0.0,10.0
2026-06-18,0.024657534246575342,calls,10.0,0.04914727028688736,203.4701,0.0047999998,0.04,199.1,191.65,195.7,7.9609375488281255,30.0,8.0
2026-06-18,0.024657534246575342,calls,11.0,0.054061997315576094,203.4701,0.0047999998,0.04,205.45,190.6,195.0,8.257817338867186,0.0,60.0
2026-06-18,0.024657534246575342,calls,12.0,0.05897672434426483,203.4701,0.0047999998,0.04,204.45,189.75,194.05,8.328129794921875,0.0,80.0
2026-06-18,0.024657534246575342,calls,13.0,0.06389145137295357,203.4701,0.0047999998,0.04,203.45,188.85,193.1,8.281254824218749,0.0,30.0
2026-06-18,0.024657534246575342,calls,14.0,0.0688061784016423,203.4701,0.0047999998,0.04,166.63,0.0,0.0,1.0000000000000003e-05,0.0,2.0
2026-06-18,0.024657534246575342,calls,15.0,0.07372090543033104,203.4701,0.0047999998,0.04,194.15,186.75,190.9,7.37500078125,23.0,9.0
2026-06-18,0.024657534246575342,calls,16.0,0.07863563245901978,203.4701,0.0047999998,0.04,200.4,185.5,189.7,6.2187522265625,0.0,20.0
2026-06-18,0.024657534246575342,calls,17.0,0.08355035948770852,203.4701,0.0047999998,0.04,199.4,184.7,188.9,6.9140638574218745,0.0,20.0
2026-06-18,0.024657534246575342,calls,18.0,0.08846508651639724,203.4701,0.0047999998,0.04,198.4,183.75,187.8,6.6640641699218754,0.0,50.0
2026-06-18,0.024657534246575342,calls,19.0,0.09337981354508598,203.4701,0.0047999998,0.04,196.8,182.7,186.8,6.4257832177734375,0.0,350.0
2026-06-18,0.024657534246575342,calls,20.0,0.09829454057377472,203.4701,0.0047999998,0.04,187.75,181.95,185.95,6.820313974609375,9.0,8.0
2026-06-18,0.024657534246575342,calls,21.0,0.10320926760246346,203.4701,0.0047999998,0.04,195.4,180.8,184.95,6.492189384765625,0.0,20.0
2026-06-18,0.024657534246575342,calls,22.0,0.10812399463115219,203.4701,0.0047999998,0.04,193.85,179.85,184.05,6.523439345703126,8.0,100.0
2026-06-18,0.024657534246575342,calls,23.0,0.11303872165984093,203.4701,0.0047999998,0.04,188.88,178.8,183.1,6.386720766601563,0.0,1.0
2026-06-18,0.024657534246575342,calls,24.0,0.11795344868852967,203.4701,0.0047999998,0.04,194.95,177.4,181.75,5.046878691406249,10.0,7.0
2026-06-18,0.024657534246575342,calls,25.0,0.1228681757172184,203.4701,0.0047999998,0.04,190.79,177.0,180.5,5.648440439453125,2.0,2.0
2026-06-18,0.024657534246575342,calls,26.0,0.12778290274590715,203.4701,0.0047999998,0.04,150.84,0.0,0.0,1.0000000000000003e-05,0.0,20.0
2026-06-18,0.024657534246575342,calls,27.0,0.13269762977459587,203.4701,0.0047999998,0.04,199.68,174.7,181.4,7.332032084960938,10.0,70.0
2026-06-18,0.024657534246575342,calls,28.0,0.1376123568032846,203.4701,0.0047999998,0.04,188.19,173.65,178.35,5.882815146484376,0.0,10.0
2026-06-18,0.024657534246575342,calls,29.0,0.14252708383197335,203.4701,0.0047999998,0.04,180.93,172.8,177.1,5.687502890625,50.0,2.0
2026-06-18,0.024657534246575342,calls,30.0,0.14744181086066208,203.4701,0.0047999998,0.04,176.44,172.0,176.0,5.673831032714843,19.0,1.0
2026-06-18,0.024657534246575342,calls,31.0,0.15235653788935083,203.4701,0.0047999998,0.04,198.64,170.85,175.05,5.488284389648436,0.0,4.0
2026-06-18,0.024657534246575342,calls,32.0,0.15727126491803955,203.4701,0.0047999998,0.04,150.55,165.7,172.95,6.599611125488281,461.0,1.0
2026-06-18,0.024657534246575342,calls,33.0,0.16218599194672828,203.4701,0.0047999998,0.04,150.36,164.6,171.95,6.486330017089844,35.0,1.0
2026-06-18,0.024657534246575342,calls,34.0,0.16710071897541703,203.4701,0.0047999998,0.04,173.96,172.75,176.5,8.686528008422851,0.0,10.0
2026-06-18,0.024657534246575342,calls,35.0,0.17201544600410576,203.4701,0.0047999998,0.04,192.64,166.9,171.0,5.128909838867187,10.0,1.0
2026-06-18,0.024657534246575342,calls,36.0,0.17693017303279449,203.4701,0.0047999998,0.04,152.47,145.45,148.55,1.0000000000000003e-05,198.0,2.0
2026-06-18,0.024657534246575342,calls,37.0,0.18184490006148324,203.4701,0.0047999998,0.04,181.0,169.75,173.8,8.323246985473633,0.0,16.0
2026-06-18,0.024657534246575342,calls,38.0,0.18675962709017196,203.4701,0.0047999998,0.04,178.94,163.8,168.1,4.8906288867187495,0.0,2.0
2026-06-18,0.024657534246575342,calls,39.0,0.19167435411886072,203.4701,0.0047999998,0.04,182.7,162.6,169.05,5.7812527734375,0.0,1.0
2026-06-18,0.024657534246575342,calls,40.0,0.19658908114754944,203.4701,0.0047999998,0.04,163.5,162.55,166.25,5.300784624023436,3462.0,20.0
2026-06-18,0.024657534246575342,calls,41.0,0.20150380817623817,203.4701,0.0047999998,0.04,167.8,165.75,169.45,7.726562841796875,0.0,10.0
2026-06-18,0.024657534246575342,calls,42.0,0.20641853520492692,203.4701,0.0047999998,0.04,174.85,160.45,164.0,4.957035053710937,1.0,5.0
2026-06-18,0.024657534246575342,calls,43.0,0.21133326223361565,203.4701,0.0047999998,0.04,184.74,159.85,163.1,5.14062857421875,2.0,50.0
2026-06-18,0.024657534246575342,calls,44.0,0.21624798926230437,203.4701,0.0047999998,0.04,191.32,159.05,162.05,5.132816083984375,0.0,1.0
2026-06-18,0.024657534246575342,calls,45.0,0.22116271629099313,203.4701,0.0047999998,0.04,161.14,157.9,160.8,4.873050783691405,201.0,191.0
2026-06-18,0.024657534246575342,calls,46.0,0.22607744331968185,203.4701,0.0047999998,0.04,168.3,156.85,159.75,4.753910307617186,44.0,6.0
2026-06-18,0.024657534246575342,calls,47.0,0.2309921703483706,203.4701,0.0047999998,0.04,168.78,155.5,159.15,4.712894733886718,5.0,18.0
2026-06-18,0.024657534246575342,calls,48.0,0.23590689737705933,203.4701,0.0047999998,0.04,157.82,154.45,158.1,4.597660502929687,11.0,3.0
2026-06-18,0.024657534246575342,calls,49.0,0.24082162440574806,203.4701,0.0047999998,0.04,161.0,153.05,157.0,4.257817177734374,210.0,9.0
2026-06-18,0.024657534246575342,calls,50.0,0.2457363514344368,203.4701,0.0047999998,0.04,156.55,152.9,155.85,4.564457419433594,319.0,2.0
2026-06-18,0.024657534246575342,calls,51.0,0.25065107846312557,203.4701,0.0047999998,0.04,164.06,151.7,155.1,4.525394968261719,0.0,5.0
2026-06-18,0.024657534246575342,calls,52.0,0.2555658054918143,203.4701,0.0047999998,0.04,164.8,150.75,154.1,4.485355955810546,10.0,8.0
2026-06-18,0.024657534246575342,calls,53.0,0.260480532520503,203.4701,0.0047999998,0.04,168.96,150.0,153.1,4.527348090820313,2.0,3.0
2026-06-18,0.024657534246575342,calls,54.0,0.26539525954919174,203.4701,0.0047999998,0.04,163.25,148.5,151.85,4.138676701660157,0.0,8.0
2026-06-18,0.024657534246575342,calls,55.0,0.27030998657788047,203.4701,0.0047999998,0.04,156.55,147.5,150.75,4.033208083496094,51.0,2.0
2026-06-18,0.024657534246575342,calls,56.0,0.2752247136065692,203.4701,0.0047999998,0.04,166.5,146.8,149.65,4.0781299023437505,40.0,1.0
2026-06-18,0.024657534246575342,calls,57.0,0.280139440635258,203.4701,0.0047999998,0.04,151.15,145.55,148.55,3.8496097509765628,1.0,1.0
2026-06-18,0.024657534246575342,calls,58.0,0.2850541676639467,203.4701,0.0047999998,0.04,155.6,144.7,147.7,3.949218876953125,68.0,1.0
2026-06-18,0.024657534246575342,calls,59.0,0.2899688946926354,203.4701,0.0047999998,0.04,162.55,143.2,147.15,3.8750003125,11.0,20.0
2026-06-18,0.024657534246575342,calls,60.0,0.29488362172132415,203.4701,0.0047999998,0.04,154.0,142.95,146.05,4.091801760253906,162.0,4.0
2026-06-18,0.024657534246575342,calls,61.0,0.2997983487500129,203.4701,0.0047999998,0.04,152.55,141.5,144.8,3.7539068652343754,0.0,38.0
2026-06-18,0.024657534246575342,calls,62.0,0.30471307577870166,203.4701,0.0047999998,0.04,147.71,144.85,148.2,5.75635046081543,0.0,5.0
2026-06-18,0.024657534246575342,calls,63.0,0.3096278028073904,203.4701,0.0047999998,0.04,137.5,158.65,166.95,10.120609143371583,219.0,50.0
2026-06-18,0.024657534246575342,calls,64.0,0.3145425298360791,203.4701,0.0047999998,0.04,104.81,0.0,0.0,1.0000000000000003e-05,0.0,1.0
2026-06-18,0.024657534246575342,calls,65.0,0.31945725686476784,203.4701,0.0047999998,0.04,151.85,137.5,140.8,3.566407333984375,33.0,16.0
2026-06-18,0.024657534246575342,calls,66.0,0.32437198389345656,203.4701,0.0047999998,0.04,149.6,136.3,139.8,3.42968892578125,3.0,9.0
2026-06-18,0.024657534246575342,calls,67.0,0.3292867109221453,203.4701,0.0047999998,0.04,159.68,135.75,139.15,3.7099616625976566,50.0,4.0
2026-06-18,0.024657534246575342,calls,68.0,0.33420143795083407,203.4701,0.0047999998,0.04,131.38,138.85,142.0,5.313968201293944,10.0,30.0
2026-06-18,0.024657534246575342,calls,69.0,0.3391161649795228,203.4701,0.0047999998,0.04,140.45,134.05,136.75,3.583985415039063,43.0,6.0
2026-06-18,0.024657534246575342,calls,70.0,0.3440308920082115,203.4701,0.0047999998,0.04,137.5,132.05,135.65,3.048830502929688,240.0,10.0
2026-06-18,0.024657534246575342,calls,71.0,0.34894561903690025,203.4701,0.0047999998,0.04,127.83,135.85,139.25,5.161136361083983,16.0,5.0
2026-06-18,0.024657534246575342,calls,72.0,0.35386034606558897,203.4701,0.0047999998,0.04,144.9,130.7,134.0,3.4179702050781247,0.0,1.0
2026-06-18,0.024657534246575342,calls,73.0,0.35877507309427775,203.4701,0.0047999998,0.04,143.0,129.5,132.75,3.205080112304687,0.0,2.0
2026-06-18,0.024657534246575342,calls,74.0,0.3636898001229665,203.4701,0.0047999998,0.04,140.6,128.25,132.3,3.281251796875,50.0,10.0
2026-06-18,0.024657534246575342,calls,75.0,0.3686045271516552,203.4701,0.0047999998,0.04,133.83,128.05,131.05,3.4218764453125,328.0,40.0
2026-06-18,0.024657534246575342,calls,76.0,0.37351925418034393,203.4701,0.0047999998,0.04,139.65,126.7,130.05,3.270509636230469,14.0,2.0
2026-06-18,0.024657534246575342,calls,77.0,0.37843398120903265,203.4701,0.0047999998,0.04,139.74,125.7,129.15,3.2626971557617184,0.0,26.0
2026-06-18,0.024657534246575342,calls,78.0,0.38334870823772144,203.4701,0.0047999998,0.04,137.85,124.65,128.3,3.253908115234375,12.0,21.0
2026-06-18,0.024657534246575342,calls,79.0,0.38826343526641016,203.4701,0.0047999998,0.04,148.09,123.5,127.0,3.0683617041015623,11.0,18.0
2026-06-18,0.024657534246575342,calls,80.0,0.3931781622950989,203.4701,0.0047999998,0.04,124.08,123.05,125.15,2.9209011352539065,1570.0,44.0
2026-06-18,0.024657534246575342,calls,81.0,0.3980928893237876,203.4701,0.0047999998,0.04,134.58,122.05,124.65,3.0605492236328127,0.0,5.0
2026-06-18,0.024657534246575342,calls,82.0,0.40300761635247634,203.4701,0.0047999998,0.04,136.36,120.5,123.65,2.8300810498046873,1.0,1.0
2026-06-18,0.024657534246575342,calls,83.0,0.40792234338116506,203.4701,0.0047999998,0.04,132.45,119.7,122.9,2.9550807373046872,31.0,30.0
2026-06-18,0.024657534246575342,calls,84.0,0.41283707040985385,203.4701,0.0047999998,0.04,140.45,118.45,122.2,2.934572976074219,12.0,1.0
2026-06-18,0.024657534246575342,calls,85.0,0.41775179743854257,203.4701,0.0047999998,0.04,123.32,117.5,121.0,2.85156537109375,1394.0,75.0
2026-06-18,0.024657534246575342,calls,86.0,0.4226665244672313,203.4701,0.0047999998,0.04,137.25,116.85,120.2,2.9794947387695307,26.0,6.0
2026-06-18,0.024657534246575342,calls,87.0,0.42758125149592,203.4701,0.0047999998,0.04,118.85,115.45,119.1,2.798831127929688,39.0,3.0
2026-06-18,0.024657534246575342,calls,88.0,0.43249597852460875,203.4701,0.0047999998,0.04,125.49,114.65,117.85,2.7480500048828125,279.0,1.0
2026-06-18,0.024657534246575342,calls,89.0,0.43741070555329753,203.4701,0.0047999998,0.04,117.05,113.7,117.0,2.7753936865234374,15.0,1.0
2026-06-18,0.024657534246575342,calls,90.0,0.44232543258198626,203.4701,0.0047999998,0.04,115.0,112.3,115.7,2.50781623046875,1253.0,28.0
2026-06-18,0.024657534246575342,calls,91.0,0.447240159610675,203.4701,0.0047999998,0.04,125.15,112.05,115.15,2.8408232104492184,9.0,10.0
2026-06-18,0.024657534246575342,calls,92.0,0.4521548866393637,203.4701,0.0047999998,0.04,116.65,110.5,114.0,2.61719095703125,19.0,5.0
2026-06-18,0.024657534246575342,calls,93.0,0.45706961366805243,203.4701,0.0047999998,0.04,109.65,113.9,117.05,3.973144598388672,6.0,1.0
2026-06-18,0.024657534246575342,calls,94.0,0.4619843406967412,203.4701,0.0047999998,0.04,116.8,108.95,111.95,2.6640658398437504,24.0,1.0
2026-06-18,0.024657534246575342,calls,95.0,0.46689906772542994,203.4701,0.0047999998,0.04,119.85,107.95,111.0,2.6445346386718755,1117.0,11.0
2026-06-18,0.024657534246575342,calls,96.0,0.47181379475411866,203.4701,0.0047999998,0.04,113.19,106.35,109.95,2.42969142578125,18.0,4.0
2026-06-18,0.024657534246575342,calls,97.0,0.4767285217828074,203.4701,0.0047999998,0.04,123.3,106.05,108.75,2.5419958325195307,244.0,3.0
2026-06-18,0.024657534246575342,calls,98.0,0.4816432488114961,203.4701,0.0047999998,0.04,128.93,104.9,108.2,2.5839879150390628,51.0,1.0
2026-06-18,0.024657534246575342,calls,99.0,0.48655797584018484,203.4701,0.0047999998,0.04,121.3,103.8,106.95,2.4668007080078125,17.0,2.0
2026-06-18,0.024657534246575342,calls,100.0,0.4914727028688736,203.4701,0.0047999998,0.04,106.73,102.85,104.35,1.7890635546875,2778.0,2.0
2026-06-18,0.024657534246575342,calls,101.0,0.49638742989756235,203.4701,0.0047999998,0.04,111.02,102.05,104.75,2.4189492651367184,203.0,2.0
2026-06-18,0.024657534246575342,calls,102.0,0.5013021569262511,203.4701,0.0047999998,0.04,109.0,100.4,103.75,2.2080122924804684,828.0,1.0
2026-06-18,0.024657534246575342,calls,103.0,0.5062168839549398,203.4701,0.0047999998,0.04,105.05,99.85,103.2,2.4174844250488277,405.0,2.0
2026-06-18,0.024657534246575342,calls,104.0,0.5111316109836286,203.4701,0.0047999998,0.04,104.0,98.85,101.95,2.329105739746093,207.0,10.0
2026-06-18,0.024657534246575342,calls,105.0,0.5160463380123173,203.4701,0.0047999998,0.04,102.12,97.8,101.05,2.311527658691406,1463.0,3.0
2026-06-18,0.024657534246575342,calls,106.0,0.520961065041006,203.4701,0.0047999998,0.04,109.69,96.7,100.2,2.2939495776367185,716.0,3.0
2026-06-18,0.024657534246575342,calls,107.0,0.5258757920696947,203.4701,0.0047999998,0.04,109.85,95.25,99.2,2.155278049316406,2033.0,25.0
2026-06-18,0.024657534246575342,calls,108.0,0.5307905190983835,203.4701,0.0047999998,0.04,98.35,94.0,97.65,1.8691412792968751,983.0,4.0
2026-06-18,0.024657534246575342,calls,109.0,0.5357052461270723,203.4701,0.0047999998,0.04,99.73,93.85,97.4,2.2822308569335936,3174.0,9.0
2026-06-18,0.024657534246575342,calls,110.0,0.5406199731557609,203.4701,0.0047999998,0.04,100.0,93.1,95.8,2.1801803308105465,13573.0,1.0
2026-06-18,0.024657534246575342,calls,111.0,0.5455347001844497,203.4701,0.0047999998,0.04,111.15,92.1,94.9,2.1738326904296876,500.0,113.0
2026-06-18,0.024657534246575342,calls,112.0,0.5504494272131384,203.4701,0.0047999998,0.04,94.0,90.85,93.7,2.0449267626953125,725.0,1.0
2026-06-18,0.024657534246575342,calls,113.0,0.5553641542418272,203.4701,0.0047999998,0.04,107.4,90.0,92.75,2.064457963867187,617.0,7.0
2026-06-18,0.024657534246575342,calls,114.0,0.560278881270516,203.4701,0.0047999998,0.04,102.95,88.85,92.25,2.1113328466796872,834.0,135.0
2026-06-18,0.024657534246575342,calls,115.0,0.5651936082992046,203.4701,0.0047999998,0.04,92.64,88.25,91.1,2.1313523278808595,9299.0,4.0
2026-06-18,0.024657534246575342,calls,116.0,0.5701083353278934,203.4701,0.0047999998,0.04,99.15,87.1,89.6,1.9736329443359377,270.0,2.0
2026-06-18,0.024657534246575342,calls,117.0,0.5750230623565821,203.4701,0.0047999998,0.04,100.3,85.0,89.0,1.7724620751953122,497.0,11.0
2026-06-18,0.024657534246575342,calls,118.0,0.5799377893852709,203.4701,0.0047999998,0.04,90.0,84.25,87.95,1.8037119189453121,477.0,1.0
2026-06-18,0.024657534246575342,calls,119.0,0.5848525164139596,203.4701,0.0047999998,0.04,90.9,84.15,86.95,1.9760743383789063,389.0,1.0
2026-06-18,0.024657534246575342,calls,120.0,0.5897672434426483,203.4701,0.0047999998,0.04,86.42,83.2,85.85,1.9404299853515625,22609.0,3.0
2026-06-18,0.024657534246575342,calls,121.0,0.5946819704713371,203.4701,0.0047999998,0.04,88.0,81.2,85.1,1.755860595703125,950.0,1.0
2026-06-18,0.024657534246575342,calls,122.0,0.5995966975000258,203.4701,0.0047999998,0.04,86.0,80.8,83.95,1.8300789746093749,1071.0,1.0
2026-06-18,0.024657534246575342,calls,123.0,0.6045114245287145,203.4701,0.0047999998,0.04,82.72,79.4,82.95,1.7197279638671876,907.0,12.0
2026-06-18,0.024657534246575342,calls,124.0,0.6094261515574033,203.4701,0.0047999998,0.04,84.3,79.1,82.1,1.8642584912109377,803.0,1.0
2026-06-18,0.024657534246575342,calls,125.0,0.614340878586092,203.4701,0.0047999998,0.04,81.81,77.75,79.9,1.48047134765625,8165.0,6.0
2026-06-18,0.024657534246575342,calls,126.0,0.6192556056147808,203.4701,0.0047999998,0.04,79.5,76.4,80.05,1.669923525390625,778.0,10.0
2026-06-18,0.024657534246575342,calls,127.0,0.6241703326434694,203.4701,0.0047999998,0.04,93.5,75.9,79.1,1.7529309228515624,538.0,3.0
2026-06-18,0.024657534246575342,calls,128.0,0.6290850596721582,203.4701,0.0047999998,0.04,80.85,74.8,77.85,1.6630876220703126,1027.0,16.0
2026-06-18,0.024657534246575342,calls,129.0,0.633999786700847,203.4701,0.0047999998,0.04,78.0,73.25,76.7,1.4834010205078125,1551.0,3.0
2026-06-18,0.024657534246575342,calls,130.0,0.6389145137295357,203.4701,0.0047999998,0.04,81.37,73.7,75.95,1.783204208984375,17717.0,2.0
2026-06-18,0.024657534246575342,calls,132.0,0.6487439677869131,203.4701,0.0047999998,0.04,75.6,70.85,74.05,1.6142597412109376,13215.0,5.0
2026-06-18,0.024657534246575342,calls,134.0,0.6585734218442906,203.4701,0.0047999998,0.04,74.04,68.5,72.05,1.5048852880859376,4173.0,1.0
2026-06-18,0.024657534246575342,calls,135.0,0.6634881488729794,203.4701,0.0047999998,0.04,72.5,68.4,70.75,1.5839864550781246,4394.0,1.0
2026-06-18,0.024657534246575342,calls,136.0,0.6684028759016681,203.4701,0.0047999998,0.04,72.5,67.2,69.45,1.4775416748046877,3382.0,12.0
2026-06-18,0.024657534246575342,calls,138.0,0.6782323299590456,203.4701,0.0047999998,0.04,71.2,65.4,67.75,1.5136743066406249,4094.0,2.0
2026-06-18,0.024657534246575342,calls,140.0,0.688061784016423,203.4701,0.0047999998,0.04,66.0,63.4,64.3,1.1884806201171876,15994.0,11.0
2026-06-18,0.024657534246575342,calls,142.0,0.6978912380738005,203.4701,0.0047999998,0.04,67.22,61.4,63.75,1.4209013330078126,6848.0,2.0
2026-06-18,0.024657534246575342,calls,144.0,0.7077206921311779,203.4701,0.0047999998,0.04,67.2,58.7,60.3,0.7421900781249999,1536.0,16.0
2026-06-18,0.024657534246575342,calls,145.0,0.7126354191598667,203.4701,0.0047999998,0.04,63.81,58.6,61.15,1.431643466796875,5984.0,9.0
2026-06-18,0.024657534246575342,calls,146.0,0.7175501461885555,203.4701,0.0047999998,0.04,63.0,57.05,59.9,1.3027378613281246,1186.0,22.0
2026-06-18,0.024657534246575342,calls,148.0,0.727379600245933,203.4701,0.0047999998,0.04,60.5,54.7,57.85,1.19922275390625,1847.0,1.0
2026-06-18,0.024657534246575342,calls,150.0,0.7372090543033104,203.4701,0.0047999998,0.04,56.52,53.5,54.3,1.0205127099609377,58725.0,15.0
2026-06-18,0.024657534246575342,calls,152.0,0.7470385083606879,203.4701,0.0047999998,0.04,52.25,51.75,53.45,1.205082099609375,3029.0,5.0
2026-06-18,0.024657534246575342,calls,154.0,0.7568679624180653,203.4701,0.0047999998,0.04,53.0,48.75,51.95,1.0961959252929687,1860.0,1.0
2026-06-18,0.024657534246575342,calls,155.0,0.7617826894467541,203.4701,0.0047999998,0.04,49.85,48.5,50.7,1.1401410180664064,5794.0,3.0
2026-06-18,0.024657534246575342,calls,156.0,0.7666974164754429,203.4701,0.0047999998,0.04,52.11,47.05,49.75,1.0683640332031252,1180.0,3.0
2026-06-18,0.024657534246575342,calls,158.0,0.7765268705328203,203.4701,0.0047999998,0.04,50.28,45.2,47.9,1.0639695239257816,1588.0,2.0
2026-06-18,0.024657534246575342,calls,160.0,0.7863563245901978,203.4701,0.0047999998,0.04,46.05,43.65,44.9,0.9536137451171874,9248.0,4.0
2026-06-18,0.024657534246575342,calls,162.0,0.7961857786475752,203.4701,0.0047999998,0.04,44.17,40.6,44.0,0.9204109521484375,1091.0,1.0
2026-06-18,0.024657534246575342,calls,164.0,0.8060152327049527,203.4701,0.0047999998,0.04,45.52,39.15,41.35,0.8676771044921875,1607.0,2.0
2026-06-18,0.024657534246575342,calls,165.0,0.8109299597336415,203.4701,0.0047999998,0.04,40.73,38.65,39.9,0.8544936425781251,10401.0,182.0
2026-06-18,0.024657534246575342,calls,166.0,0.8158446867623301,203.4701,0.0047999998,0.04,46.11,37.7,40.4,0.9936524072265626,1972.0,1.0
2026-06-18,0.024657534246575342,calls,167.0,0.8207594137910189,203.4701,0.0047999998,0.04,58.44,36.6,39.0,0.9262702685546875,1192.0,3.0
2026-06-18,0.024657534246575342,calls,168.0,0.8256741408197077,203.4701,0.0047999998,0.04,43.12,35.6,36.65,0.7583031982421876,1196.0,1.0
2026-06-18,0.024657534246575342,calls,169.0,0.8305888678483964,203.4701,0.0047999998,0.04,39.77,33.7,36.95,0.7875997802734375,695.0,1.0
2026-06-18,0.024657534246575342,calls,170.0,0.8355035948770851,203.4701,0.0047999998,0.04,34.05,32.85,34.25,0.7509790527343749,15001.0,51.0
2026-06-18,0.024657534246575342,calls,171.0,0.8404183219057738,203.4701,0.0047999998,0.04,36.03,33.0,35.2,0.8920909228515624,4812.0,1.0
2026-06-18,0.024657534246575342,calls,172.0,0.8453330489344626,203.4701,0.0047999998,0.04,37.12,32.1,34.0,0.8623060644531251,1822.0,1.0
2026-06-18,0.024657534246575342,calls,173.0,0.8502477759631514,203.4701,0.0047999998,0.04,33.51,30.7,32.95,0.8032246240234374,1829.0,2.0
2026-06-18,0.024657534246575342,calls,174.0,0.85516250299184,203.4701,0.0047999998,0.04,32.1,29.65,31.75,0.7607445800781252,2249.0,10.0
2026-06-18,0.024657534246575342,calls,175.0,0.8600772300205288,203.4701,0.0047999998,0.04,31.42,28.35,29.55,0.5839885351562499,8539.0,16.0
2026-06-18,0.024657534246575342,calls,176.0,0.8649919570492175,203.4701,0.0047999998,0.04,30.0,27.7,29.65,0.7150907397460937,1904.0,3.0
2026-06-18,0.024657534246575342,calls,177.0,0.8699066840779063,203.4701,0.0047999998,0.04,28.25,27.05,28.1,0.6772493212890626,5100.0,9.0
2026-06-18,0.024657534246575342,calls,178.0,0.8748214111065951,203.4701,0.0047999998,0.04,26.1,25.8,27.5,0.6694368994140626,2390.0,5.0
2026-06-18,0.024657534246575342,calls,179.0,0.8797361381352837,203.4701,0.0047999998,0.04,28.05,24.1,25.65,0.6489292919921875,3619.0,8.0
2026-06-18,0.024657534246575342,calls,180.0,0.8846508651639725,203.4701,0.0047999998,0.04,24.5,24.25,24.8,0.6081582153320313,49441.0,85.0
2026-06-18,0.024657534246575342,calls,181.0,0.8895655921926612,203.4701,0.0047999998,0.04,27.93,23.25,23.9,0.5959513061523438,1904.0,157.0
2026-06-18,0.024657534246575342,calls,182.0,0.89448031922135,203.4701,0.0047999998,0.04,28.84,21.7,22.85,0.52539537109375,4303.0,2.0
2026-06-18,0.024657534246575342,calls,183.0,0.8993950462500387,203.4701,0.0047999998,0.04,22.8,21.05,21.7,0.5231981274414061,4227.0,4.0
2026-06-18,0.024657534246575342,calls,184.0,0.9043097732787274,203.4701,0.0047999998,0.04,25.95,20.2,20.8,0.5231981274414061,3751.0,226.0
2026-06-18,0.024657534246575342,calls,185.0,0.9092245003074162,203.4701,0.0047999998,0.04,22.0,19.3,19.85,0.5141650146484374,18300.0,243.0
2026-06-18,0.024657534246575342,calls,186.0,0.9141392273361049,203.4701,0.0047999998,0.04,22.9,18.45,19.1,0.5210008837890624,4917.0,28.0
2026-06-18,0.024657534246575342,calls,187.0,0.9190539543647936,203.4701,0.0047999998,0.04,18.75,17.5,17.85,0.5095263891601562,2336.0,6.0
2026-06-18,0.024657534246575342,calls,187.5,0.921511317879138,203.4701,0.0047999998,0.04,22.15,16.85,17.95,0.5048877636718749,65.0,66.0
2026-06-18,0.024657534246575342,calls,188.0,0.9239686813934824,203.4701,0.0047999998,0.04,18.55,16.8,17.15,0.5031787963867188,7749.0,12.0
2026-06-18,0.024657534246575342,calls,189.0,0.9288834084221711,203.4701,0.0047999998,0.04,17.95,15.95,16.3,0.5183153637695312,5266.0,6.0
2026-06-18,0.024657534246575342,calls,190.0,0.9337981354508599,203.4701,0.0047999998,0.04,15.56,15.05,15.35,0.5007374145507812,41073.0,205.0
2026-06-18,0.024657534246575342,calls,191.0,0.9387128624795485,203.4701,0.0047999998,0.04,16.47,14.2,14.55,0.49805189453125004,2127.0,17.0
2026-06-18,0.024657534246575342,calls,192.0,0.9436275895082373,203.4701,0.0047999998,0.04,15.05,13.2,13.55,0.47376014526367194,4223.0,39.0
2026-06-18,0.024657534246575342,calls,192.5,0.9460849530225817,203.4701,0.0047999998,0.04,13.47,12.85,13.45,0.5006153454589843,1.0,1.0
2026-06-18,0.024657534246575342,calls,193.0,0.948542316536926,203.4701,0.0047999998,0.04,17.91,12.45,12.75,0.4687553125,5852.0,134.0
2026-06-18,0.024657534246575342,calls,194.0,0.9534570435656148,203.4701,0.0047999998,0.04,12.66,12.0,12.25,0.4897511962890626,4595.0,36.0
2026-06-18,0.024657534246575342,calls,195.0,0.9583717705943036,203.4701,0.0047999998,0.04,11.05,11.1,11.3,0.46753462158203124,18969.0,410.0
2026-06-18,0.024657534246575342,calls,197.5,0.9706585881660253,203.4701,0.0047999998,0.04,9.5,9.35,9.65,0.4687553125,226.0,592.0
2026-06-18,0.024657534246575342,calls,200.0,0.9829454057377472,203.4701,0.0047999998,0.04,7.85,7.65,7.75,0.4387263159179688,102126.0,1212.0
2026-06-18,0.024657534246575342,calls,202.5,0.995232223309469,203.4701,0.0047999998,0.04,6.2,6.3,6.4,0.4398249377441406,525.0,273.0
2026-06-18,0.024657534246575342,calls,205.0,1.007519040881191,203.4701,0.0047999998,0.04,4.85,4.8,4.9,0.41712008666992184,20514.0,1853.0
2026-06-18,0.024657534246575342,calls,207.5,1.0198058584529128,203.4701,0.0047999998,0.04,3.95,3.85,3.95,0.42273526489257807,2187.0,2396.0
2026-06-18,0.024657534246575342,calls,210.0,1.0320926760246345,203.4701,0.0047999998,0.04,2.95,2.95,2.95,0.4115049084472656,73743.0,8886.0
2026-06-18,0.024657534246575342,calls,212.0,1.041922130082012,203.4701,0.0047999998,0.04,2.42,2.38,2.43,0.41602146484374997,3956.0,1352.0
2026-06-18,0.024657534246575342,calls,212.5,1.0443794935963564,203.4701,0.0047999998,0.04,2.28,2.28,2.32,0.4177304321289062,1628.0,1019.0
2026-06-18,0.024657534246575342,calls,213.0,1.0468368571107007,203.4701,0.0047999998,0.04,2.15,2.1,2.13,0.41174904663085937,5883.0,558.0
2026-06-18,0.024657534246575342,calls,214.0,1.0517515841393894,203.4701,0.0047999998,0.04,1.91,1.89,1.94,0.4155331884765625,3701.0,291.0
2026-06-18,0.024657534246575342,calls,215.0,1.0566663111680783,203.4701,0.0047999998,0.04,1.7,1.69,1.7,0.4128476684570312,39245.0,5171.0
2026-06-18,0.024657534246575342,calls,216.0,1.061581038196767,203.4701,0.0047999998,0.04,1.42,1.5,1.53,0.415044912109375,5285.0,554.0
2026-06-18,0.024657534246575342,calls,217.0,1.0664957652254556,203.4701,0.0047999998,0.04,1.26,1.28,1.32,0.41089456298828125,5418.0,544.0
2026-06-18,0.024657534246575342,calls,217.5,1.0689531287398002,203.4701,0.0047999998,0.04,1.24,1.21,1.25,0.41211525390625,3603.0,405.0
2026-06-18,0.024657534246575342,calls,218.0,1.0714104922541445,203.4701,0.0047999998,0.04,1.18,1.17,1.19,0.414068359375,6056.0,706.0
2026-06-18,0.024657534246575342,calls,219.0,1.0763252192828332,203.4701,0.0047999998,0.04,0.99,1.03,1.06,0.4155331884765625,4600.0,362.0
2026-06-18,0.024657534246575342,calls,220.0,1.0812399463115219,203.4701,0.0047999998,0.04,0.91,0.9,0.94,0.4165097412109374,82472.0,7628.0
2026-06-18,0.024657534246575342,calls,221.0,1.0861546733402108,203.4701,0.0047999998,0.04,0.9,0.8,0.83,0.41748629394531245,8767.0,174.0
2026-06-18,0.024657534246575342,calls,222.0,1.0910694003688994,203.4701,0.0047999998,0.04,0.7,0.7,0.73,0.41797457031249996,7068.0,760.0
2026-06-18,0.024657534246575342,calls,222.5,1.0935267638832438,203.4701,0.0047999998,0.04,0.7,0.65,0.66,0.41431249755859373,2513.0,104.0
2026-06-18,0.024657534246575342,calls,223.0,1.095984127397588,203.4701,0.0047999998,0.04,0.83,0.6,0.63,0.4165097412109374,9115.0,128.0
2026-06-18,0.024657534246575342,calls,224.0,1.1008988544262768,203.4701,0.0047999998,0.04,0.71,0.54,0.56,0.418951123046875,3844.0,652.0
2026-06-18,0.024657534246575342,calls,225.0,1.1058135814549657,203.4701,0.0047999998,0.04,0.52,0.5,0.52,0.42529871582031253,40439.0,5380.0
2026-06-18,0.024657534246575342,calls,226.0,1.1107283084836543,203.4701,0.0047999998,0.04,0.45,0.43,0.45,0.424810439453125,5779.0,3363.0
2026-06-18,0.024657534246575342,calls,227.0,1.115643035512343,203.4701,0.0047999998,0.04,0.41,0.38,0.4,0.4272518212890626,4586.0,556.0
2026-06-18,0.024657534246575342,calls,227.5,1.1181003990266873,203.4701,0.0047999998,0.04,0.38,0.36,0.38,0.4292049267578125,3548.0,253.0
2026-06-18,0.024657534246575342,calls,228.0,1.120557762541032,203.4701,0.0047999998,0.04,0.4,0.35,0.37,0.4331111376953125,10130.0,597.0
2026-06-18,0.024657534246575342,calls,230.0,1.1303872165984092,203.4701,0.0047999998,0.04,0.28,0.28,0.29,0.436529072265625,78508.0,4716.0
2026-06-18,0.024657534246575342,calls,232.5,1.1426740341701311,203.4701,0.0047999998,0.04,0.24,0.22,0.23,0.44727115234375,4206.0,1815.0
2026-06-18,0.024657534246575342,calls,235.0,1.154960851741853,203.4701,0.0047999998,0.04,0.2,0.18,0.2,0.46484910156250003,34755.0,1326.0
2026-06-18,0.024657534246575342,calls,237.5,1.1672476693135747,203.4701,0.0047999998,0.04,0.17,0.15,0.16,0.47461462890625,4699.0,364.0
2026-06-18,0.024657534246575342,calls,240.0,1.1795344868852966,203.4701,0.0047999998,0.04,0.13,0.12,0.13,0.485356708984375,69964.0,2313.0
2026-06-18,0.024657534246575342,calls,242.5,1.1918213044570185,203.4701,0.0047999998,0.04,0.11,0.1,0.11,0.49805189453125004,9850.0,356.0
2026-06-18,0.024657534246575342,calls,245.0,1.2041081220287404,203.4701,0.0047999998,0.04,0.08,0.08,0.1,0.507817421875,31445.0,1263.0
2026-06-18,0.024657534246575342,calls,247.5,1.216394939600462,203.4701,0.0047999998,0.04,0.13,0.07,0.08,0.5195360546875,1593.0,3.0
2026-06-18,0.024657534246575342,calls,250.0,1.228681757172184,203.4701,0.0047999998,0.04,0.06,0.06,0.07,0.5312546875,73163.0,3823.0
2026-06-18,0.024657534246575342,calls,252.5,1.2409685747439059,203.4701,0.0047999998,0.04,0.07,0.05,0.06,0.5429733203125001,1085.0,117.0
2026-06-18,0.024657534246575342,calls,255.0,1.2532553923156278,203.4701,0.0047999998,0.04,0.05,0.05,0.06,0.5644574804687501,13951.0,111.0
2026-06-18,0.024657534246575342,calls,257.5,1.2655422098873494,203.4701,0.0047999998,0.04,0.05,0.04,0.05,0.570316796875,669.0,23.0
2026-06-18,0.024657534246575342,calls,260.0,1.2778290274590713,203.4701,0.0047999998,0.04,0.04,0.04,0.05,0.5918009570312501,54487.0,201.0
2026-06-18,0.024657534246575342,calls,262.5,1.2901158450307932,203.4701,0.0047999998,0.04,0.04,0.03,0.04,0.5937540625000001,489.0,41.0
2026-06-18,0.024657534246575342,calls,265.0,1.3024026626025151,203.4701,0.0047999998,0.04,0.03,0.02,0.03,0.5937540625000001,14231.0,53.0
2026-06-18,0.024657534246575342,calls,267.5,1.3146894801742368,203.4701,0.0047999998,0.04,0.05,0.02,0.03,0.6132851171875001,394.0,7.0
2026-06-18,0.024657534246575342,calls,270.0,1.3269762977459587,203.4701,0.0047999998,0.04,0.03,0.02,0.03,0.632816171875,32359.0,139.0
2026-06-18,0.024657534246575342,calls,272.5,1.3392631153176806,203.4701,0.0047999998,0.04,0.03,0.02,0.03,0.648441015625,231.0,8.0
2026-06-18,0.024657534246575342,calls,275.0,1.3515499328894025,203.4701,0.0047999998,0.04,0.02,0.02,0.03,0.6640658593750002,32038.0,28.0
2026-06-18,0.024657534246575342,calls,277.5,1.3638367504611242,203.4701,0.0047999998,0.04,0.02,0.01,0.02,0.648441015625,459.0,35.0
2026-06-18,0.024657534246575342,calls,280.0,1.376123568032846,203.4701,0.0047999998,0.04,0.01,0.01,0.02,0.6718782812500002,27194.0,64.0
2026-06-18,0.024657534246575342,calls,282.5,1.388410385604568,203.4701,0.0047999998,0.04,0.02,0.01,0.02,0.6875031250000001,595.0,53.0
2026-06-18,0.024657534246575342,calls,285.0,1.4006972031762899,203.4701,0.0047999998,0.04,0.03,0.01,0.02,0.70312796875,3609.0,67.0
2026-06-18,0.024657534246575342,calls,287.5,1.4129840207480115,203.4701,0.0047999998,0.04,0.01,0.0,0.02,0.6875031250000001,750.0,61.0
2026-06-18,0.024657534246575342,calls,290.0,1.4252708383197334,203.4701,0.0047999998,0.04,0.01,0.0,0.01,0.6718782812500002,8032.0,829.0
2026-06-18,0.024657534246575342,calls,292.5,1.4375576558914553,203.4701,0.0047999998,0.04,0.01,0.0,0.01,0.6875031250000001,1568.0,5.0
2026-06-18,0.024657534246575342,calls,295.0,1.449844473463177,203.4701,0.0047999998,0.04,0.01,0.0,0.01,0.6875031250000001,4082.0,615.0
2026-06-18,0.024657534246575342,calls,300.0,1.4744181086066208,203.4701,0.0047999998,0.04,0.01,0.0,0.01,0.7187528125,72235.0,188.0
2026-06-18,0.024657534246575342,calls,310.0,1.5235653788935082,203.4701,0.0047999998,0.04,0.01,0.0,0.1,0.9609378906249999,15938.0,12.0
2026-06-18,0.024657534246575342,calls,320.0,1.5727126491803955,203.4701,0.0047999998,0.04,0.01,0.0,0.01,0.8437515624999999,9421.0,3.0
2026-06-18,0.024657534246575342,calls,330.0,1.621859919467283,203.4701,0.0047999998,0.04,0.01,0.0,0.01,0.87500125,14120.0,4407.0
2026-06-18,0.024657534246575342,calls,340.0,1.6710071897541703,203.4701,0.0047999998,0.04,0.01,0.0,0.01,0.937500625,4841.0,504.0
2026-06-18,0.024657534246575342,calls,350.0,1.7201544600410577,203.4701,0.0047999998,0.04,0.01,0.0,0.01,0.98437515625,8461.0,5.0
2026-06-18,0.024657534246575342,calls,360.0,1.769301730327945,203.4701,0.0047999998,0.04,0.01,0.0,0.01,1.0312548437500002,12176.0,108.0
2026-06-18,0.024657534246575342,calls,370.0,1.8184490006148324,203.4701,0.0047999998,0.04,0.01,0.0,0.01,1.0625046875000002,2967.0,205.0
2026-06-18,0.024657534246575342,calls,380.0,1.8675962709017198,203.4701,0.0047999998,0.04,0.01,0.0,0.01,1.125004375,9016.0,207.0
2026-06-18,0.024657534246575342,calls,390.0,1.9167435411886071,203.4701,0.0047999998,0.04,0.01,0.0,0.01,1.15625421875,6775.0,143.0
2026-06-18,0.024657534246575342,calls,400.0,1.9658908114754945,203.4701,0.0047999998,0.04,0.01,0.0,0.01,1.1875040625,6844.0,10.0
2026-06-18,0.024657534246575342,calls,410.0,2.015038081762382,203.4701,0.0047999998,0.04,0.01,0.0,0.01,1.2500037499999999,5297.0,1.0
2026-06-18,0.024657534246575342,calls,420.0,2.064185352049269,203.4701,0.0047999998,0.04,0.01,0.0,0.01,1.2812535937499998,56566.0,8.0
2026-06-18,0.024657534246575342,calls,430.0,2.1133326223361566,203.4701,0.0047999998,0.04,0.01,0.0,0.01,1.3125034374999998,19833.0,40.0
2026-06-18,0.024657534246575342,calls,440.0,2.1624798926230437,203.4701,0.0047999998,0.04,0.01,0.0,0.01,1.3437532812499997,2779.0,677.0
2026-06-18,0.024657534246575342,calls,450.0,2.2116271629099313,203.4701,0.0047999998,0.04,0.01,0.0,0.01,1.3750031249999999,22177.0,4.0
2026-06-18,0.024657534246575342,calls,460.0,2.2607744331968185,203.4701,0.0047999998,0.04,0.01,0.0,0.01,1.4375028125,1449.0,1.0
2026-06-18,0.024657534246575342,calls,470.0,2.309921703483706,203.4701,0.0047999998,0.04,718.65,797.9,813.2,0.0,93.0,1.0
2026-06-18,0.024657534246575342,calls,480.0,2.359068973770593,203.4701,0.0047999998,0.04,799.1,790.0,805.7,0.0,101.0,1.0
2026-06-18,0.024657534246575342,calls,490.0,2.408216244057481,203.4701,0.0047999998,0.04,775.51,782.15,797.45,0.0,69.0,1.0
2026-06-18,0.024657534246575342,calls,500.0,2.457363514344368,203.4701,0.0047999998,0.04,777.5,774.35,789.55,0.0,135.0,2.0
2026-06-18,0.024657534246575342,calls,510.0,2.5065107846312555,203.4701,0.0047999998,0.04,699.35,766.6,782.35,0.0,74.0,1.0
2026-06-18,0.024657534246575342,calls,520.0,2.5556580549181427,203.4701,0.0047999998,0.04,711.59,758.9,774.65,0.0,51.0,1.0
2026-06-18,0.024657534246575342,calls,530.0,2.6048053252050303,203.4701,0.0047999998,0.04,674.21,751.3,766.55,0.0,141.0,1.0
2026-06-18,0.024657534246575342,calls,540.0,2.6539525954919174,203.4701,0.0047999998,0.04,658.89,743.7,758.75,0.0,24.0,1.0
2026-06-18,0.024657534246575342,calls,550.0,2.703099865778805,203.4701,0.0047999998,0.04,748.88,736.85,751.35,0.0,48.0,5.0
2026-06-18,0.024657534246575342,calls,560.0,2.752247136065692,203.4701,0.0047999998,0.04,718.28,728.65,743.9,0.0,46.0,2.0
2026-06-18,0.024657534246575342,calls,570.0,2.8013944063525797,203.4701,0.0047999998,0.04,736.39,721.25,735.95,0.0,39.0,1.0
2026-06-18,0.024657534246575342,calls,580.0,2.850541676639467,203.4701,0.0047999998,0.04,359.58,459.25,462.15,0.0,63.0,4.0
2026-06-18,0.024657534246575342,calls,590.0,2.899688946926354,203.4701,0.0047999998,0.04,601.5,706.55,722.2,0.0,24.0,1.0
2026-06-18,0.024657534246575342,calls,600.0,2.9488362172132416,203.4701,0.0047999998,0.04,697.5,699.3,714.5,0.0,160.0,5.0
2026-06-18,0.024657534246575342,calls,610.0,2.9979834875001288,203.4701,0.0047999998,0.04,630.48,692.05,707.25,0.0,28.0,1.0
2026-06-18,0.024657534246575342,calls,620.0,3.0471307577870164,203.4701,0.0047999998,0.04,693.15,684.9,700.15,0.0,62.0,6.0
2026-06-18,0.024657534246575342,calls,630.0,3.0962780280739035,203.4701,0.0047999998,0.04,721.2,677.8,692.85,0.0,34.0,2.0
2026-06-18,0.024657534246575342,calls,640.0,3.145425298360791,203.4701,0.0047999998,0.04,574.0,670.8,685.8,0.0,30.0,1.0
2026-06-18,0.024657534246575342,calls,650.0,3.1945725686476782,203.4701,0.0047999998,0.04,652.95,663.8,678.85,0.0,83.0,6.0
2026-06-18,0.024657534246575342,calls,660.0,3.243719838934566,203.4701,0.0047999998,0.04,688.12,656.9,671.95,0.0,226.0,2.0
2026-06-18,0.024657534246575342,calls,670.0,3.292867109221453,203.4701,0.0047999998,0.04,590.57,650.0,664.9,0.0,93.0,4.0
2026-06-18,0.024657534246575342,calls,680.0,3.3420143795083406,203.4701,0.0047999998,0.04,540.76,643.2,658.4,0.0,196.0,2.0
2026-06-18,0.024657534246575342,calls,690.0,3.3911616497952277,203.4701,0.0047999998,0.04,554.68,636.45,651.7,0.0,231.0,1.0
2026-06-18,0.024657534246575342,calls,700.0,3.4403089200821153,203.4701,0.0047999998,0.04,674.35,629.75,645.0,0.0,421.0,1.0
2026-06-18,0.024657534246575342,calls,710.0,3.4894561903690025,203.4701,0.0047999998,0.04,574.25,624.45,637.5,0.0,55.0,1.0
2026-06-18,0.024657534246575342,calls,720.0,3.53860346065589,203.4701,0.0047999998,0.04,477.27,618.1,630.75,0.0,136.0,1.0
2026-06-18,0.024657534246575342,calls,730.0,3.587750730942777,203.4701,0.0047999998,0.04,565.25,611.45,624.5,0.0,272.0,2.0
2026-06-18,0.024657534246575342,calls,740.0,3.636898001229665,203.4701,0.0047999998,0.04,504.52,605.3,618.05,0.0,58.0,2.0
2026-06-18,0.024657534246575342,calls,750.0,3.686045271516552,203.4701,0.0047999998,0.04,611.9,598.5,611.35,0.0,517.0,10.0
2026-06-18,0.024657534246575342,calls,760.0,3.7351925418034395,203.4701,0.0047999998,0.04,497.13,592.5,605.2,0.0,39.0,2.0
2026-06-18,0.024657534246575342,calls,770.0,3.7843398120903267,203.4701,0.0047999998,0.04,487.0,586.3,598.85,0.0,119.0,2.0
2026-06-18,0.024657534246575342,calls,780.0,3.8334870823772143,203.4701,0.0047999998,0.04,525.9,579.6,592.3,0.0,60.0,11.0
2026-06-18,0.024657534246575342,calls,790.0,3.8826343526641014,203.4701,0.0047999998,0.04,583.6,573.8,586.25,0.0,172.0,137.0
2026-06-18,0.024657534246575342,calls,800.0,3.931781622950989,203.4701,0.0047999998,0.04,571.03,567.3,580.05,0.0,774.0,4.0
2026-06-18,0.024657534246575342,calls,810.0,3.980928893237876,203.4701,0.0047999998,0.04,465.0,561.45,574.4,0.0,100.0,1.0
2026-06-18,0.024657534246575342,calls,820.0,4.030076163524764,203.4701,0.0047999998,0.04,495.28,555.7,568.1,0.0,42.0,2.0
2026-06-18,0.024657534246575342,calls,830.0,4.079223433811651,203.4701,0.0047999998,0.04,514.77,549.25,561.9,0.0,145.0,1.0
2026-06-18,0.024657534246575342,calls,840.0,4.128370704098538,203.4701,0.0047999998,0.04,493.38,543.7,556.15,0.0,34.0,6.0
2026-06-18,0.024657534246575342,calls,850.0,4.177517974385426,203.4701,0.0047999998,0.04,527.95,537.45,551.0,0.0,235.0,1.0
2026-06-18,0.024657534246575342,calls,860.0,4.226665244672313,203.4701,0.0047999998,0.04,533.13,532.1,544.6,0.0,97.0,1.0
2026-06-18,0.024657534246575342,calls,870.0,4.275812514959201,203.4701,0.0047999998,0.04,541.55,524.75,538.75,0.0,196.0,2.0
2026-06-18,0.024657534246575342,calls,880.0,4.3249597852460875,203.4701,0.0047999998,0.04,522.65,520.6,533.15,0.0,86.0,4.0
2026-06-18,0.024657534246575342,calls,890.0,4.374107055532975,203.4701,0.0047999998,0.04,456.9,513.5,527.8,0.0,109.0,1.0
2026-06-18,0.024657534246575342,calls,900.0,4.423254325819863,203.4701,0.0047999998,0.04,508.44,509.1,521.85,0.0,1110.0,1.0
2026-06-18,0.024657534246575342,calls,910.0,4.472401596106749,203.4701,0.0047999998,0.04,500.51,504.0,515.75,0.0,445.0,1.0
2026-06-18,0.024657534246575342,calls,920.0,4.521548866393637,203.4701,0.0047999998,0.04,493.61,496.7,510.7,0.0,157.0,1.0
2026-06-18,0.024657534246575342,calls,930.0,4.5706961366805245,203.4701,0.0047999998,0.04,451.05,492.75,504.85,0.0,235.0,4.0
2026-06-18,0.024657534246575342,calls,940.0,4.619843406967412,203.4701,0.0047999998,0.04,481.52,485.8,499.9,0.0,83.0,3.0
2026-06-18,0.024657534246575342,calls,950.0,4.668990677254299,203.4701,0.0047999998,0.04,490.7,482.6,494.1,0.0,288.0,15.0
2026-06-18,0.024657534246575342,calls,960.0,4.718137947541186,203.4701,0.0047999998,0.04,470.55,477.0,489.85,0.0,1100.0,1.0
2026-06-18,0.024657534246575342,calls,970.0,4.767285217828074,203.4701,0.0047999998,0.04,480.88,472.45,484.35,0.0,139.0,2.0
2026-06-18,0.024657534246575342,calls,980.0,4.816432488114962,203.4701,0.0047999998,0.04,481.27,467.0,478.6,0.0,44.0,1.0
2026-06-18,0.024657534246575342,calls,990.0,4.865579758401848,203.4701,0.0047999998,0.04,405.0,461.9,474.1,0.0,18.0,3.0
2026-06-18,0.024657534246575342,calls,1000.0,4.914727028688736,203.4701,0.0047999998,0.04,462.38,455.1,469.25,0.0,880.0,6.0
2026-06-18,0.024657534246575342,calls,1010.0,4.9638742989756235,203.4701,0.0047999998,0.04,462.35,451.75,463.8,0.0,39.0,1.0
2026-06-18,0.024657534246575342,calls,1020.0,5.013021569262511,203.4701,0.0047999998,0.04,430.33,447.1,458.6,0.0,75.0,2.0
2026-06-18,0.024657534246575342,calls,1030.0,5.062168839549398,203.4701,0.0047999998,0.04,350.57,446.25,450.55,0.0,45.0,1.0
2026-06-18,0.024657534246575342,calls,1040.0,5.111316109836285,203.4701,0.0047999998,0.04,478.45,441.55,445.75,0.0,25.0,1.0
2026-06-18,0.024657534246575342,calls,1050.0,5.160463380123173,203.4701,0.0047999998,0.04,438.98,436.95,441.35,0.0,155.0,2.0
2026-06-18,0.024657534246575342,calls,1060.0,5.2096106504100606,203.4701,0.0047999998,0.04,430.13,431.95,436.3,0.0,44.0,1.0
2026-06-18,0.024657534246575342,calls,1070.0,5.258757920696947,203.4701,0.0047999998,0.04,380.19,427.3,431.6,0.0,30.0,1.0
2026-06-18,0.024657534246575342,calls,1080.0,5.307905190983835,203.4701,0.0047999998,0.04,330.0,422.7,426.95,0.0,28.0,2.0
2026-06-18,0.024657534246575342,calls,1090.0,5.357052461270722,203.4701,0.0047999998,0.04,418.0,418.35,422.45,0.0,114.0,4.0
2026-06-18,0.024657534246575342,calls,1100.0,5.40619973155761,203.4701,0.0047999998,0.04,414.75,413.95,418.3,0.0,225.0,2.0
2026-06-18,0.024657534246575342,calls,1110.0,5.455347001844497,203.4701,0.0047999998,0.04,419.91,409.35,414.05,0.0,55.0,16.0
2026-06-18,0.024657534246575342,calls,1120.0,5.504494272131384,203.4701,0.0047999998,0.04,316.94,404.8,409.1,0.0,44.0,2.0
2026-06-18,0.024657534246575342,calls,1130.0,5.553641542418272,203.4701,0.0047999998,0.04,406.59,400.4,404.75,0.0,55.0,27.0
2026-06-18,0.024657534246575342,calls,1140.0,5.6027888127051595,203.4701,0.0047999998,0.04,388.07,396.1,401.0,0.0,159.0,1.0
2026-06-18,0.024657534246575342,calls,1150.0,5.651936082992046,203.4701,0.0047999998,0.04,394.13,392.1,396.15,0.0,47.0,1.0
2026-06-18,0.024657534246575342,calls,1160.0,5.701083353278934,203.4701,0.0047999998,0.04,385.89,387.75,391.95,0.0,15.0,1.0
2026-06-18,0.024657534246575342,calls,1170.0,5.750230623565821,203.4701,0.0047999998,0.04,377.55,383.55,387.75,0.0,26.0,1.0
2026-06-18,0.024657534246575342,calls,1180.0,5.799377893852708,203.4701,0.0047999998,0.04,364.6,379.3,383.65,0.0,22.0,1.0
2026-06-18,0.024657534246575342,calls,1190.0,5.848525164139596,203.4701,0.0047999998,0.04,383.85,375.4,380.0,0.0,11.0,2.0
2026-06-18,0.024657534246575342,calls,1200.0,5.897672434426483,203.4701,0.0047999998,0.04,371.5,371.65,375.4,0.0,517.0,7.0
2026-06-18,0.024657534246575342,calls,1210.0,5.946819704713371,203.4701,0.0047999998,0.04,371.0,367.1,371.55,0.0,50.0,3.0
2026-06-18,0.024657534246575342,calls,1220.0,5.9959669750002575,203.4701,0.0047999998,0.04,371.4,363.35,367.6,0.0,49.0,2.0
2026-06-18,0.024657534246575342,calls,1230.0,6.045114245287145,203.4701,0.0047999998,0.04,352.88,359.35,363.7,0.0,61.0,1.0
2026-06-18,0.024657534246575342,calls,1240.0,6.094261515574033,203.4701,0.0047999998,0.04,362.35,355.45,359.85,0.0,34.0,2.0
2026-06-18,0.024657534246575342,calls,1250.0,6.14340878586092,203.4701,0.0047999998,0.04,352.76,351.95,356.0,0.0,195.0,3.0
2026-06-18,0.024657534246575342,calls,1260.0,6.192556056147807,203.4701,0.0047999998,0.04,342.57,347.85,352.8,0.0,42.0,1.0
2026-06-18,0.024657534246575342,calls,1270.0,6.241703326434695,203.4701,0.0047999998,0.04,302.77,344.0,348.65,0.0,23.0,1.0
2026-06-18,0.024657534246575342,calls,1280.0,6.290850596721582,203.4701,0.0047999998,0.04,335.29,340.4,344.8,0.0,39.0,3.0
2026-06-18,0.024657534246575342,calls,1290.0,6.33999786700847,203.4701,0.0047999998,0.04,335.0,336.75,341.3,0.0,22.0,2.0
2026-06-18,0.024657534246575342,calls,1300.0,6.3891451372953565,203.4701,0.0047999998,0.04,333.79,333.6,337.85,0.0,166.0,5.0
2026-06-18,0.024657534246575342,calls,1320.0,6.487439677869132,203.4701,0.0047999998,0.04,330.0,326.2,330.85,0.0,25.0,1.0
2026-06-18,0.024657534246575342,calls,1340.0,6.585734218442906,203.4701,0.0047999998,0.04,284.27,319.25,323.5,0.0,26.0,1.0
2026-06-18,0.024657534246575342,calls,1360.0,6.684028759016681,203.4701,0.0047999998,0.04,309.2,312.5,316.9,0.0,18.0,1.0
2026-06-18,0.024657534246575342,calls,1380.0,6.782323299590455,203.4701,0.0047999998,0.04,311.78,305.85,310.5,0.0,59.0,2.0
2026-06-18,0.024657534246575342,calls,1400.0,6.880617840164231,203.4701,0.0047999998,0.04,300.13,299.7,304.05,0.0,140.0,1.0
2026-06-18,0.024657534246575342,calls,1420.0,6.978912380738005,203.4701,0.0047999998,0.04,289.84,293.0,297.35,0.0,230.0,1.0
2026-06-18,0.024657534246575342,calls,1440.0,7.07720692131178,203.4701,0.0047999998,0.04,296.05,286.9,291.6,0.0,29.0,1.0
2026-06-18,0.024657534246575342,calls,1460.0,7.175501461885554,203.4701,0.0047999998,0.04,276.41,280.9,285.05,0.0,13.0,6.0
2026-06-18,0.024657534246575342,calls,1480.0,7.27379600245933,203.4701,0.0047999998,0.04,277.32,275.0,279.55,0.0,67.0,1.0
2026-06-18,0.024657534246575342,calls,1500.0,7.372090543033104,203.4701,0.0047999998,0.04,271.05,269.55,273.85,0.0,326.0,6.0
2026-06-18,0.024657534246575342,calls,1520.0,7.470385083606879,203.4701,0.0047999998,0.04,259.31,263.65,268.2,0.0,145.0,2.0
2026-06-18,0.024657534246575342,calls,1540.0,7.568679624180653,203.4701,0.0047999998,0.04,259.31,258.15,262.45,0.0,47.0,1.0
2026-06-18,0.024657534246575342,calls,1560.0,7.6669741647544285,203.4701,0.0047999998,0.04,250.6,252.8,256.65,0.0,57.0,1.0
2026-06-18,0.024657534246575342,calls,1580.0,7.765268705328203,203.4701,0.0047999998,0.04,241.05,247.6,252.15,0.0,18.0,1.0
2026-06-18,0.024657534246575342,calls,1600.0,7.863563245901978,203.4701,0.0047999998,0.04,236.45,242.8,246.75,0.0,157.0,2.0
2026-06-18,0.024657534246575342,calls,1620.0,7.961857786475752,203.4701,0.0047999998,0.04,237.0,237.5,241.35,0.0,15.0,3.0
2026-06-18,0.024657534246575342,calls,1640.0,8.060152327049527,203.4701,0.0047999998,0.04,228.1,233.45,236.1,0.0,37.0,1.0
2026-06-18,0.024657534246575342,calls,1650.0,8.109299597336415,203.4701,0.0047999998,0.04,230.5,231.1,234.2,0.0,14.0,100.0
2026-06-18,0.024657534246575342,calls,1660.0,8.158446867623303,203.4701,0.0047999998,0.04,234.22,228.6,231.95,0.0,26.0,2.0
2026-06-18,0.024657534246575342,calls,1670.0,8.207594137910188,203.4701,0.0047999998,0.04,114.8,226.2,229.25,0.0,7.0,2.0
2026-06-18,0.024657534246575342,calls,1680.0,8.256741408197076,203.4701,0.0047999998,0.04,224.02,224.05,227.3,0.0,24.0,1.0
2026-06-18,0.024657534246575342,calls,1690.0,8.305888678483964,203.4701,0.0047999998,0.04,222.45,221.6,225.05,0.0,13.0,2.0
2026-06-18,0.024657534246575342,calls,1700.0,8.355035948770851,203.4701,0.0047999998,0.04,235.0,219.7,222.25,0.0,102.0,4.0
2026-06-18,0.024657534246575342,calls,1710.0,8.404183219057739,203.4701,0.0047999998,0.04,142.46,217.2,220.55,0.0,42.0,4.0
2026-06-18,0.024657534246575342,calls,1720.0,8.453330489344626,203.4701,0.0047999998,0.04,166.02,215.0,218.35,0.0,33.0,1.0
2026-06-18,0.024657534246575342,calls,1730.0,8.502477759631514,203.4701,0.0047999998,0.04,139.07,212.75,216.25,0.0,16.0,3.0
2026-06-18,0.024657534246575342,calls,1740.0,8.551625029918402,203.4701,0.0047999998,0.04,140.36,210.6,214.05,0.0,98.0,49.0
2026-06-18,0.024657534246575342,calls,1750.0,8.600772300205287,203.4701,0.0047999998,0.04,210.38,208.75,211.7,0.0,69.0,2.0
2026-06-18,0.024657534246575342,calls,1760.0,8.649919570492175,203.4701,0.0047999998,0.04,198.0,206.45,209.8,0.0,7.0,1.0
2026-06-18,0.024657534246575342,calls,1770.0,8.699066840779063,203.4701,0.0047999998,0.04,204.7,204.3,207.75,0.0,14.0,3.0
2026-06-18,0.024657534246575342,calls,1780.0,8.74821411106595,203.4701,0.0047999998,0.04,202.95,202.4,205.65,0.0,33.0,4.0
2026-06-18,0.024657534246575342,calls,1790.0,8.797361381352838,203.4701,0.0047999998,0.04,186.35,200.35,203.65,36.3867230645752,196.0,1.0
2026-06-18,0.024657534246575342,calls,1800.0,8.846508651639725,203.4701,0.0047999998,0.04,198.0,198.5,201.45,33.076176706848145,230.0,2.0
2026-06-18,0.024657534246575342,calls,1810.0,8.895655921926613,203.4701,0.0047999998,0.04,126.78,196.3,199.65,31.222656492919924,5.0,4.0
2026-06-18,0.024657534246575342,calls,1820.0,8.944803192213499,203.4701,0.0047999998,0.04,126.06,194.25,197.7,29.89648503234863,15.0,2.0
2026-06-18,0.024657534246575342,calls,1830.0,8.993950462500386,203.4701,0.0047999998,0.04,70.89,89.05,90.4,14.242066528396606,14.0,7.0
2026-06-18,0.024657534246575342,calls,1840.0,9.043097732787274,203.4701,0.0047999998,0.04,193.85,190.55,193.8,28.066407479248042,69.0,1.0
2026-06-18,0.024657534246575342,calls,1850.0,9.092245003074162,203.4701,0.0047999998,0.04,186.5,188.8,191.4,27.28418116119385,21.0,1.0
2026-06-18,0.024657534246575342,calls,1860.0,9.141392273361049,203.4701,0.0047999998,0.04,150.5,186.75,190.05,26.71972821258545,88.0,3.0
2026-06-18,0.024657534246575342,calls,1870.0,9.190539543647937,203.4701,0.0047999998,0.04,187.5,184.95,188.25,26.178712756652835,54.0,1.0
2026-06-18,0.024657534246575342,calls,1880.0,9.239686813934824,203.4701,0.0047999998,0.04,183.81,183.1,186.2,25.645021517181398,47.0,4.0
2026-06-18,0.024657534246575342,calls,1890.0,9.288834084221712,203.4701,0.0047999998,0.04,153.0,181.35,184.35,25.192873220977788,60.0,1.0
2026-06-18,0.024657534246575342,calls,1900.0,9.337981354508598,203.4701,0.0047999998,0.04,175.08,179.75,182.65,24.808107716217044,133.0,9.0
2026-06-18,0.024657534246575342,calls,1910.0,9.387128624795485,203.4701,0.0047999998,0.04,153.74,177.7,181.0,24.403322686462406,10.0,1.0
2026-06-18,0.024657534246575342,calls,1920.0,9.436275895082373,203.4701,0.0047999998,0.04,143.45,176.05,179.3,24.059328653335573,89.0,37.0
2026-06-18,0.024657534246575342,calls,1930.0,9.48542316536926,203.4701,0.0047999998,0.04,171.52,174.25,177.35,23.69458267356872,40.0,1.0
2026-06-18,0.024657534246575342,calls,1940.0,9.534570435656148,203.4701,0.0047999998,0.04,169.82,172.55,175.9,23.40552026390076,562.0,1.0
2026-06-18,0.024657534246575342,calls,1950.0,9.583717705943036,203.4701,0.0047999998,0.04,172.23,171.05,173.65,23.075686382598875,3.0,1.0
2026-06-18,0.024657534246575342,calls,2000.0,9.829454057377472,203.4701,0.0047999998,0.04,163.0,162.9,165.5,21.81347974578857,50.0,1.0
2026-06-18,0.024657534246575342,calls,2050.0,10.07519040881191,203.4701,0.0047999998,0.04,159.43,155.25,158.1,20.82715192901611,3.0,3.0
2026-06-18,0.024657534246575342,calls,2100.0,10.320926760246346,203.4701,0.0047999998,0.04,147.6,148.0,150.85,19.989993987503052,15.0,1.0
2026-06-18,0.024657534246575342,calls,2120.0,10.419221300820121,203.4701,0.0047999998,0.04,150.0,145.0,148.1,19.681644474487307,23.0,3.0
2026-06-18,0.024657534246575342,calls,2130.0,10.468368571107007,203.4701,0.0047999998,0.04,123.0,143.6,146.6,19.530521474838256,1.0,1.0
2026-06-18,0.024657534246575342,calls,2140.0,10.517515841393895,203.4701,0.0047999998,0.04,118.08,142.3,144.85,19.374027383117678,0.0,0.0
2026-06-18,0.024657534246575342,calls,2150.0,10.566663111680782,203.4701,0.0047999998,0.04,143.78,141.15,143.65,19.257816481933595,1.0,0.0
2026-06-18,0.024657534246575342,calls,2180.0,10.714104922541445,203.4701,0.0047999998,0.04,113.28,137.05,140.0,18.88257245857239,2.0,1.0
2026-06-18,0.024657534246575342,calls,2190.0,10.763252192828332,203.4701,0.0047999998,0.04,135.0,135.75,138.45,18.74744066486359,0.0,1.0
2026-06-18,0.024657534246575342,calls,2200.0,10.81239946311522,203.4701,0.0047999998,0.04,136.1,134.65,137.45,18.651859640045167,108.0,95.0
2026-06-18,0.024657534246575342,calls,2210.0,10.861546733402106,203.4701,0.0047999998,0.04,113.88,133.25,136.2,18.530277646789557,1.0,1.0
2026-06-18,0.024657534246575342,calls,2220.0,10.910694003688993,203.4701,0.0047999998,0.04,134.71,132.0,134.95,18.417484713287358,4.0,2.0
2026-06-18,0.024657534246575342,calls,2230.0,10.959841273975881,203.4701,0.0047999998,0.04,108.25,130.75,133.3,18.28662537918091,2.0,1.0
2026-06-18,0.024657534246575342,calls,2250.0,11.058135814549656,203.4701,0.0047999998,0.04,125.0,128.55,131.2,18.101322702713016,2.0,1.0
2026-06-18,0.024657534246575342,calls,2260.0,11.107283084836544,203.4701,0.0047999998,0.04,131.22,127.15,129.7,17.97485789848328,14.0,12.0
2026-06-18,0.024657534246575342,calls,2280.0,11.205577625410319,203.4701,0.0047999998,0.04,125.5,125.2,127.5,17.8022505305481,22.0,11.0
2026-06-18,0.024657534246575342,calls,2350.0,11.54960851741853,203.4701,0.0047999998,0.04,117.65,117.55,119.6,17.175785882568363,0.0,1.0
2026-06-18,0.024657534246575342,calls,2400.0,11.795344868852967,203.4701,0.0047999998,0.04,111.0,112.35,114.4,16.778691280097963,13.0,20.0
2026-06-18,0.024657534246575342,calls,2450.0,12.041081220287403,203.4701,0.0047999998,0.04,108.65,107.45,109.5,16.418583970756536,0.0,2.0
2026-06-18,0.024657534246575342,calls,2500.0,12.28681757172184,203.4701,0.0047999998,0.04,104.05,102.85,104.95,16.093754970703127,0.0,6.0
2026-06-18,0.024657534246575342,puts,0.5,0.002457363514344368,203.4701,0.0047999998,0.04,0.01,0.0,0.01,12.0000025,20796.0,2.0
2026-06-18,0.024657534246575342,puts,1.0,0.004914727028688736,203.4701,0.0047999998,0.04,0.01,0.0,0.01,10.500003437500002,816.0,4.0
2026-06-18,0.024657534246575342,puts,1.5,0.007372090543033104,203.4701,0.0047999998,0.04,0.02,0.0,0.02,10.000003750000001,5052.0,4017.0
2026-06-18,0.024657534246575342,puts,2.0,0.009829454057377472,203.4701,0.0047999998,0.04,0.01,0.0,0.0,0.500005,0.0,3.0
2026-06-18,0.024657534246575342,puts,2.5,0.01228681757172184,203.4701,0.0047999998,0.04,0.01,0.0,0.01,8.250004843749998,848.0,4.0
2026-06-18,0.024657534246575342,puts,3.0,0.014744181086066208,203.4701,0.0047999998,0.04,0.01,0.0,0.01,7.87500015625,1743.0,3.0
2026-06-18,0.024657534246575342,puts,3.5,0.017201544600410575,203.4701,0.0047999998,0.04,0.01,0.0,0.01,7.7500003125,888.0,25.0
2026-06-18,0.024657534246575342,puts,4.0,0.019658908114754944,203.4701,0.0047999998,0.04,0.01,0.0,0.01,7.2500009375,0.0,48.0
2026-06-18,0.024657534246575342,puts,4.5,0.02211627162909931,203.4701,0.0047999998,0.04,0.02,0.02,0.15,9.390629130859374,1058.0,26.0
2026-06-18,0.024657534246575342,puts,5.0,0.02457363514344368,203.4701,0.0047999998,0.04,0.01,0.0,0.01,7.00000125,3565.0,119.0
2026-06-18,0.024657534246575342,puts,6.0,0.029488362172132417,203.4701,0.0047999998,0.04,0.01,0.0,0.0,0.500005,0.0,10.0
2026-06-18,0.024657534246575342,puts,7.0,0.03440308920082115,203.4701,0.0047999998,0.04,0.02,0.0,0.02,6.625001718750001,665.0,1.0
2026-06-18,0.024657534246575342,puts,8.0,0.03931781622950989,203.4701,0.0047999998,0.04,0.01,0.0,0.02,6.312502109375,463.0,10.0
2026-06-18,0.024657534246575342,puts,9.0,0.04423254325819862,203.4701,0.0047999998,0.04,0.02,0.0,0.01,5.7500028125,1457.0,1.0
2026-06-18,0.024657534246575342,puts,10.0,0.04914727028688736,203.4701,0.0047999998,0.04,0.05,0.0,0.01,5.500003124999999,3820.0,1.0
2026-06-18,0.024657534246575342,puts,11.0,0.054061997315576094,203.4701,0.0047999998,0.04,0.02,0.0,0.01,5.375003281249999,629.0,4.0
2026-06-18,0.024657534246575342,puts,12.0,0.05897672434426483,203.4701,0.0047999998,0.04,0.01,0.0,0.0,0.500005,0.0,1.0
2026-06-18,0.024657534246575342,puts,13.0,0.06389145137295357,203.4701,0.0047999998,0.04,0.01,0.0,0.02,5.312503359374999,2892.0,1.0
2026-06-18,0.024657534246575342,puts,14.0,0.0688061784016423,203.4701,0.0047999998,0.04,0.02,0.0,0.02,5.12500359375,1576.0,10.0
2026-06-18,0.024657534246575342,puts,15.0,0.07372090543033104,203.4701,0.0047999998,0.04,0.01,0.0,0.0,0.500005,0.0,5.0
2026-06-18,0.024657534246575342,puts,16.0,0.07863563245901978,203.4701,0.0047999998,0.04,0.02,0.0,0.02,4.875003906249999,319.0,2.0
2026-06-18,0.024657534246575342,puts,17.0,0.08355035948770852,203.4701,0.0047999998,0.04,0.02,0.0,0.02,4.7500040624999995,993.0,1.0
2026-06-18,0.024657534246575342,puts,18.0,0.08846508651639724,203.4701,0.0047999998,0.04,0.02,0.0,0.02,4.62500421875,847.0,5.0
2026-06-18,0.024657534246575342,puts,19.0,0.09337981354508598,203.4701,0.0047999998,0.04,0.01,0.0,0.02,4.562504296875,469.0,2.0
2026-06-18,0.024657534246575342,puts,20.0,0.09829454057377472,203.4701,0.0047999998,0.04,0.01,0.0,0.01,4.2500046875,4653.0,1.0
2026-06-18,0.024657534246575342,puts,21.0,0.10320926760246346,203.4701,0.0047999998,0.04,0.02,0.0,0.0,0.500005,0.0,7.0
2026-06-18,0.024657534246575342,puts,22.0,0.10812399463115219,203.4701,0.0047999998,0.04,0.01,0.0,0.01,4.000005,414.0,1.0
2026-06-18,0.024657534246575342,puts,23.0,0.11303872165984093,203.4701,0.0047999998,0.04,0.01,0.0,0.01,3.93750015625,2707.0,1.0
2026-06-18,0.024657534246575342,puts,24.0,0.11795344868852967,203.4701,0.0047999998,0.04,0.01,0.0,0.01,3.8750003125,1151.0,1.0
2026-06-18,0.024657534246575342,puts,25.0,0.1228681757172184,203.4701,0.0047999998,0.04,0.03,0.0,0.01,3.81250046875,20905.0,1.0
2026-06-18,0.024657534246575342,puts,26.0,0.12778290274590715,203.4701,0.0047999998,0.04,0.01,0.0,0.01,3.750000625,3122.0,15.0
2026-06-18,0.024657534246575342,puts,27.0,0.13269762977459587,203.4701,0.0047999998,0.04,0.01,0.0,0.01,3.6250009375000003,267.0,62.0
2026-06-18,0.024657534246575342,puts,28.0,0.1376123568032846,203.4701,0.0047999998,0.04,0.01,0.0,0.01,3.6250009375000003,1518.0,10.0
2026-06-18,0.024657534246575342,puts,29.0,0.14252708383197335,203.4701,0.0047999998,0.04,0.02,0.0,0.02,3.750000625,564.0,5.0
2026-06-18,0.024657534246575342,puts,30.0,0.14744181086066208,203.4701,0.0047999998,0.04,0.01,0.0,0.01,3.50000125,11103.0,10.0
2026-06-18,0.024657534246575342,puts,31.0,0.15235653788935083,203.4701,0.0047999998,0.04,0.01,0.0,0.01,3.3750015624999996,905.0,3.0
2026-06-18,0.024657534246575342,puts,32.0,0.15727126491803955,203.4701,0.0047999998,0.04,0.01,0.0,0.01,3.3750015624999996,831.0,9.0
2026-06-18,0.024657534246575342,puts,33.0,0.16218599194672828,203.4701,0.0047999998,0.04,0.01,0.0,0.02,3.50000125,1938.0,2.0
2026-06-18,0.024657534246575342,puts,34.0,0.16710071897541703,203.4701,0.0047999998,0.04,0.02,0.0,0.02,3.43750140625,1890.0,1.0
2026-06-18,0.024657534246575342,puts,35.0,0.17201544600410576,203.4701,0.0047999998,0.04,0.01,0.0,0.01,3.1875020312499998,5935.0,469.0
2026-06-18,0.024657534246575342,puts,36.0,0.17693017303279449,203.4701,0.0047999998,0.04,0.01,0.0,0.02,3.3125017187499997,1290.0,5.0
2026-06-18,0.024657534246575342,puts,37.0,0.18184490006148324,203.4701,0.0047999998,0.04,0.01,0.0,0.02,3.2500018749999997,898.0,48.0
2026-06-18,0.024657534246575342,puts,38.0,0.18675962709017196,203.4701,0.0047999998,0.04,0.02,0.0,0.01,3.06250234375,2338.0,3.0
2026-06-18,0.024657534246575342,puts,39.0,0.19167435411886072,203.4701,0.0047999998,0.04,0.02,0.0,0.01,3.0000025,1190.0,41.0
2026-06-18,0.024657534246575342,puts,40.0,0.19658908114754944,203.4701,0.0047999998,0.04,0.01,0.0,0.01,2.93750265625,3723.0,6.0
2026-06-18,0.024657534246575342,puts,41.0,0.20150380817623817,203.4701,0.0047999998,0.04,0.01,0.0,0.01,2.8750028125,547.0,4.0
2026-06-18,0.024657534246575342,puts,42.0,0.20641853520492692,203.4701,0.0047999998,0.04,0.01,0.0,0.01,2.8750028125,953.0,131.0
2026-06-18,0.024657534246575342,puts,43.0,0.21133326223361565,203.4701,0.0047999998,0.04,0.01,0.0,0.01,2.81250296875,2028.0,7.0
2026-06-18,0.024657534246575342,puts,44.0,0.21624798926230437,203.4701,0.0047999998,0.04,0.01,0.0,0.03,3.031252421875,2006.0,1.0
2026-06-18,0.024657534246575342,puts,45.0,0.22116271629099313,203.4701,0.0047999998,0.04,0.01,0.0,0.01,2.750003125,6506.0,10.0
2026-06-18,0.024657534246575342,puts,46.0,0.22607744331968185,203.4701,0.0047999998,0.04,0.01,0.0,0.01,2.68750328125,11756.0,12.0
2026-06-18,0.024657534246575342,puts,47.0,0.2309921703483706,203.4701,0.0047999998,0.04,0.01,0.0,0.01,2.6250034375,11724.0,4.0
2026-06-18,0.024657534246575342,puts,48.0,0.23590689737705933,203.4701,0.0047999998,0.04,0.01,0.0,0.01,2.6250034375,5994.0,5000.0
2026-06-18,0.024657534246575342,puts,49.0,0.24082162440574806,203.4701,0.0047999998,0.04,0.02,0.0,0.01,2.6250034375,3755.0,684.0
2026-06-18,0.024657534246575342,puts,50.0,0.2457363514344368,203.4701,0.0047999998,0.04,0.03,0.0,0.01,2.56250359375,15138.0,10.0
2026-06-18,0.024657534246575342,puts,51.0,0.25065107846312557,203.4701,0.0047999998,0.04,0.01,0.0,0.01,2.50000375,1150.0,127.0
2026-06-18,0.024657534246575342,puts,52.0,0.2555658054918143,203.4701,0.0047999998,0.04,0.02,0.0,0.04,2.7812530468750003,6302.0,260.0
2026-06-18,0.024657534246575342,puts,53.0,0.260480532520503,203.4701,0.0047999998,0.04,0.01,0.0,0.04,2.750003125,939.0,10.0
2026-06-18,0.024657534246575342,puts,54.0,0.26539525954919174,203.4701,0.0047999998,0.04,0.01,0.0,0.04,2.7031282421875,759.0,10.0
2026-06-18,0.024657534246575342,puts,55.0,0.27030998657788047,203.4701,0.0047999998,0.04,0.01,0.0,0.01,2.3750040624999995,7065.0,1.0
2026-06-18,0.024657534246575342,puts,56.0,0.2752247136065692,203.4701,0.0047999998,0.04,0.03,0.0,0.01,2.3750040624999995,1634.0,5.0
2026-06-18,0.024657534246575342,puts,57.0,0.280139440635258,203.4701,0.0047999998,0.04,0.01,0.0,0.21,3.07031482421875,3046.0,1.0
2026-06-18,0.024657534246575342,puts,58.0,0.2850541676639467,203.4701,0.0047999998,0.04,0.02,0.0,0.2,3.0117212207031248,4111.0,20.0
2026-06-18,0.024657534246575342,puts,59.0,0.2899688946926354,203.4701,0.0047999998,0.04,0.06,0.0,0.01,2.2500043749999996,973.0,1.0
2026-06-18,0.024657534246575342,puts,60.0,0.29488362172132415,203.4701,0.0047999998,0.04,0.32,0.0,0.01,2.2500043749999996,9277.0,10.0
2026-06-18,0.024657534246575342,puts,61.0,0.2997983487500129,203.4701,0.0047999998,0.04,0.01,0.0,0.2,2.8945340136718753,2595.0,1754.0
2026-06-18,0.024657534246575342,puts,62.0,0.30471307577870166,203.4701,0.0047999998,0.04,0.01,0.0,0.21,2.8750028125,1591.0,1145.0
2026-06-18,0.024657534246575342,puts,63.0,0.3096278028073904,203.4701,0.0047999998,0.04,0.02,0.0,0.01,2.1250046874999997,1767.0,450.0
2026-06-18,0.024657534246575342,puts,64.0,0.3145425298360791,203.4701,0.0047999998,0.04,0.01,0.0,0.18,2.750003125,2437.0,13.0
2026-06-18,0.024657534246575342,puts,65.0,0.31945725686476784,203.4701,0.0047999998,0.04,0.01,0.0,0.23,2.792971767578125,4314.0,10.0
2026-06-18,0.024657534246575342,puts,66.0,0.32437198389345656,203.4701,0.0047999998,0.04,0.01,0.0,0.21,2.72656568359375,1618.0,344.0
2026-06-18,0.024657534246575342,puts,67.0,0.3292867109221453,203.4701,0.0047999998,0.04,0.01,0.0,0.01,2.0625048437499998,2089.0,92.0
2026-06-18,0.024657534246575342,puts,68.0,0.33420143795083407,203.4701,0.0047999998,0.04,0.01,0.0,0.21,2.6601595996093756,2296.0,10.0
2026-06-18,0.024657534246575342,puts,69.0,0.3391161649795228,203.4701,0.0047999998,0.04,0.01,0.0,0.07,2.3437541406249993,4021.0,12.0
2026-06-18,0.024657534246575342,puts,70.0,0.3440308920082115,203.4701,0.0047999998,0.04,0.01,0.0,0.02,2.0625048437499998,70448.0,17.0
2026-06-18,0.024657534246575342,puts,71.0,0.34894561903690025,203.4701,0.0047999998,0.04,0.01,0.0,0.21,2.56250359375,1033.0,23.0
2026-06-18,0.024657534246575342,puts,72.0,0.35386034606558897,203.4701,0.0047999998,0.04,0.01,0.0,0.19,2.50000375,3892.0,94.0
2026-06-18,0.024657534246575342,puts,73.0,0.35877507309427775,203.4701,0.0047999998,0.04,0.01,0.0,0.01,1.875000625,16455.0,269.0
2026-06-18,0.024657534246575342,puts,74.0,0.3636898001229665,203.4701,0.0047999998,0.04,0.01,0.0,0.21,2.464847587890625,3156.0,33.0
2026-06-18,0.024657534246575342,puts,75.0,0.3686045271516552,203.4701,0.0047999998,0.04,0.01,0.0,0.01,1.8125009374999999,76245.0,6.0
2026-06-18,0.024657534246575342,puts,76.0,0.37351925418034393,203.4701,0.0047999998,0.04,0.01,0.0,0.21,2.4023477441406245,15075.0,20.0
2026-06-18,0.024657534246575342,puts,77.0,0.37843398120903265,203.4701,0.0047999998,0.04,0.01,0.0,0.01,1.8125009374999999,1846.0,8.0
2026-06-18,0.024657534246575342,puts,78.0,0.38334870823772144,203.4701,0.0047999998,0.04,0.01,0.0,0.01,1.75000125,1964.0,8.0
2026-06-18,0.024657534246575342,puts,79.0,0.38826343526641016,203.4701,0.0047999998,0.04,0.01,0.0,0.01,1.75000125,1131.0,11.0
2026-06-18,0.024657534246575342,puts,80.0,0.3931781622950989,203.4701,0.0047999998,0.04,0.01,0.0,0.01,1.71875140625,23492.0,78.0
2026-06-18,0.024657534246575342,puts,81.0,0.3980928893237876,203.4701,0.0047999998,0.04,0.01,0.0,0.01,1.6875015625,5333.0,30.0
2026-06-18,0.024657534246575342,puts,82.0,0.40300761635247634,203.4701,0.0047999998,0.04,0.01,0.0,0.01,1.6875015625,2586.0,322.0
2026-06-18,0.024657534246575342,puts,83.0,0.40792234338116506,203.4701,0.0047999998,0.04,0.02,0.0,0.01,1.65625171875,1424.0,10.0
2026-06-18,0.024657534246575342,puts,84.0,0.41283707040985385,203.4701,0.0047999998,0.04,0.01,0.0,0.01,1.625001875,2234.0,6.0
2026-06-18,0.024657534246575342,puts,85.0,0.41775179743854257,203.4701,0.0047999998,0.04,0.01,0.0,0.02,1.703126484375,19494.0,17.0
2026-06-18,0.024657534246575342,puts,86.0,0.4226665244672313,203.4701,0.0047999998,0.04,0.01,0.0,0.02,1.6875015625,1720.0,55.0
2026-06-18,0.024657534246575342,puts,87.0,0.42758125149592,203.4701,0.0047999998,0.04,0.01,0.0,0.01,1.5625021874999998,2148.0,9.0
2026-06-18,0.024657534246575342,puts,88.0,0.43249597852460875,203.4701,0.0047999998,0.04,0.01,0.0,0.01,1.5625021874999998,1100.0,16.0
2026-06-18,0.024657534246575342,puts,89.0,0.43741070555329753,203.4701,0.0047999998,0.04,0.01,0.0,0.02,1.625001875,1249.0,16.0
2026-06-18,0.024657534246575342,puts,90.0,0.44232543258198626,203.4701,0.0047999998,0.04,0.01,0.0,0.01,1.5000025,29744.0,112.0
2026-06-18,0.024657534246575342,puts,91.0,0.447240159610675,203.4701,0.0047999998,0.04,0.01,0.0,0.22,1.998046884765625,1391.0,550.0
2026-06-18,0.024657534246575342,puts,92.0,0.4521548866393637,203.4701,0.0047999998,0.04,0.01,0.0,0.22,1.97265638671875,1266.0,113.0
2026-06-18,0.024657534246575342,puts,93.0,0.45706961366805243,203.4701,0.0047999998,0.04,0.01,0.0,0.22,1.9492190039062502,2479.0,389.0
2026-06-18,0.024657534246575342,puts,94.0,0.4619843406967412,203.4701,0.0047999998,0.04,0.01,0.0,0.22,1.92578162109375,2229.0,459.0
2026-06-18,0.024657534246575342,puts,95.0,0.46689906772542994,203.4701,0.0047999998,0.04,0.01,0.0,0.2,1.8789068554687498,5326.0,32.0
2026-06-18,0.024657534246575342,puts,96.0,0.47181379475411866,203.4701,0.0047999998,0.04,0.01,0.0,0.21,1.86328193359375,3642.0,5.0
2026-06-18,0.024657534246575342,puts,97.0,0.4767285217828074,203.4701,0.0047999998,0.04,0.02,0.0,0.02,1.46875265625,6072.0,1.0
2026-06-18,0.024657534246575342,puts,98.0,0.4816432488114961,203.4701,0.0047999998,0.04,0.01,0.0,0.22,1.8281258593749998,2414.0,20.0
2026-06-18,0.024657534246575342,puts,99.0,0.48655797584018484,203.4701,0.0047999998,0.04,0.02,0.01,0.02,1.46875265625,2977.0,100.0
2026-06-18,0.024657534246575342,puts,100.0,0.4914727028688736,203.4701,0.0047999998,0.04,0.02,0.01,0.04,1.5156274218749999,43878.0,14.0
2026-06-18,0.024657534246575342,puts,101.0,0.49638742989756235,203.4701,0.0047999998,0.04,0.04,0.01,0.07,1.5703146484375,1602.0,420.0
2026-06-18,0.024657534246575342,puts,102.0,0.5013021569262511,203.4701,0.0047999998,0.04,0.03,0.01,0.02,1.40625296875,2353.0,200.0
2026-06-18,0.024657534246575342,puts,103.0,0.5062168839549398,203.4701,0.0047999998,0.04,0.03,0.0,0.19,1.68359533203125,1846.0,500.0
2026-06-18,0.024657534246575342,puts,104.0,0.5111316109836286,203.4701,0.0047999998,0.04,0.02,0.0,0.22,1.69140779296875,1673.0,1.0
2026-06-18,0.024657534246575342,puts,105.0,0.5160463380123173,203.4701,0.0047999998,0.04,0.01,0.01,0.02,1.359378203125,12045.0,5.0
2026-06-18,0.024657534246575342,puts,106.0,0.520961065041006,203.4701,0.0047999998,0.04,0.03,0.01,0.02,1.3437532812499997,860.0,22.0
2026-06-18,0.024657534246575342,puts,107.0,0.5258757920696947,203.4701,0.0047999998,0.04,0.03,0.01,0.02,1.3125034374999998,1508.0,3.0
2026-06-18,0.024657534246575342,puts,108.0,0.5307905190983835,203.4701,0.0047999998,0.04,0.03,0.01,0.02,1.2968785156249998,2842.0,32.0
2026-06-18,0.024657534246575342,puts,109.0,0.5357052461270723,203.4701,0.0047999998,0.04,0.02,0.01,0.03,1.3125034374999998,2070.0,60.0
2026-06-18,0.024657534246575342,puts,110.0,0.5406199731557609,203.4701,0.0047999998,0.04,0.02,0.01,0.03,1.2968785156249998,22528.0,3.0
2026-06-18,0.024657534246575342,puts,111.0,0.5455347001844497,203.4701,0.0047999998,0.04,0.01,0.0,0.19,1.51172119140625,2042.0,5.0
2026-06-18,0.024657534246575342,puts,112.0,0.5504494272131384,203.4701,0.0047999998,0.04,0.02,0.0,0.07,1.3359408203124996,6048.0,320.0
2026-06-18,0.024657534246575342,puts,113.0,0.5553641542418272,203.4701,0.0047999998,0.04,0.02,0.01,0.03,1.2500037499999999,3286.0,184.0
2026-06-18,0.024657534246575342,puts,114.0,0.560278881270516,203.4701,0.0047999998,0.04,0.03,0.01,0.03,1.2343788281249999,7639.0,18.0
2026-06-18,0.024657534246575342,puts,115.0,0.5651936082992046,203.4701,0.0047999998,0.04,0.03,0.01,0.03,1.2109414453124998,14592.0,16.0
2026-06-18,0.024657534246575342,puts,116.0,0.5701083353278934,203.4701,0.0047999998,0.04,0.02,0.0,0.07,1.2656286718749998,2970.0,1.0
2026-06-18,0.024657534246575342,puts,117.0,0.5750230623565821,203.4701,0.0047999998,0.04,0.02,0.02,0.03,1.203128984375,2324.0,2.0
2026-06-18,0.024657534246575342,puts,118.0,0.5799377893852709,203.4701,0.0047999998,0.04,0.02,0.02,0.03,1.1875040625,6023.0,11.0
2026-06-18,0.024657534246575342,puts,119.0,0.5848525164139596,203.4701,0.0047999998,0.04,0.02,0.02,0.03,1.171879140625,4221.0,5.0
2026-06-18,0.024657534246575342,puts,120.0,0.5897672434426483,203.4701,0.0047999998,0.04,0.02,0.02,0.03,1.15625421875,27353.0,19.0
2026-06-18,0.024657534246575342,puts,121.0,0.5946819704713371,203.4701,0.0047999998,0.04,0.03,0.02,0.03,1.1328168359375002,5072.0,183.0
2026-06-18,0.024657534246575342,puts,122.0,0.5995966975000258,203.4701,0.0047999998,0.04,0.04,0.02,0.03,1.1171919140625,3050.0,1.0
2026-06-18,0.024657534246575342,puts,123.0,0.6045114245287145,203.4701,0.0047999998,0.04,0.03,0.02,0.03,1.1015669921875002,2905.0,5.0
2026-06-18,0.024657534246575342,puts,124.0,0.6094261515574033,203.4701,0.0047999998,0.04,0.03,0.02,0.04,1.1054732226562503,7902.0,510.0
2026-06-18,0.024657534246575342,puts,125.0,0.614340878586092,203.4701,0.0047999998,0.04,0.03,0.02,0.04,1.0859420703125,12555.0,999.0
2026-06-18,0.024657534246575342,puts,126.0,0.6192556056147808,203.4701,0.0047999998,0.04,0.03,0.02,0.04,1.0703171484375003,3196.0,10.0
2026-06-18,0.024657534246575342,puts,127.0,0.6241703326434694,203.4701,0.0047999998,0.04,0.03,0.02,0.04,1.0546922265625,3890.0,30.0
2026-06-18,0.024657534246575342,puts,128.0,0.6290850596721582,203.4701,0.0047999998,0.04,0.06,0.03,0.04,1.0546922265625,9087.0,10.0
2026-06-18,0.024657534246575342,puts,129.0,0.633999786700847,203.4701,0.0047999998,0.04,0.02,0.02,0.04,1.0234423828125,3345.0,831.0
2026-06-18,0.024657534246575342,puts,130.0,0.6389145137295357,203.4701,0.0047999998,0.04,0.03,0.03,0.04,1.0234423828125,32168.0,1004.0
2026-06-18,0.024657534246575342,puts,132.0,0.6487439677869131,203.4701,0.0047999998,0.04,0.03,0.03,0.04,0.992187578125,24728.0,8.0
2026-06-18,0.024657534246575342,puts,134.0,0.6585734218442906,203.4701,0.0047999998,0.04,0.04,0.03,0.05,0.9765627343750001,5713.0,265.0
2026-06-18,0.024657534246575342,puts,135.0,0.6634881488729794,203.4701,0.0047999998,0.04,0.03,0.03,0.05,0.9570316796874999,16891.0,4.0
2026-06-18,0.024657534246575342,puts,136.0,0.6684028759016681,203.4701,0.0047999998,0.04,0.04,0.04,0.05,0.9531254687499999,4959.0,10.0
2026-06-18,0.024657534246575342,puts,138.0,0.6782323299590456,203.4701,0.0047999998,0.04,0.04,0.04,0.05,0.92187578125,13077.0,14.0
2026-06-18,0.024657534246575342,puts,140.0,0.688061784016423,203.4701,0.0047999998,0.04,0.05,0.04,0.06,0.9023447265625,88386.0,7.0
2026-06-18,0.024657534246575342,puts,142.0,0.6978912380738005,203.4701,0.0047999998,0.04,0.05,0.05,0.06,0.8828136718749999,8723.0,2.0
2026-06-18,0.024657534246575342,puts,144.0,0.7077206921311779,203.4701,0.0047999998,0.04,0.06,0.05,0.07,0.85937640625,4385.0,1052.0
2026-06-18,0.024657534246575342,puts,145.0,0.7126354191598667,203.4701,0.0047999998,0.04,0.06,0.06,0.07,0.851563984375,26279.0,1.0
2026-06-18,0.024657534246575342,puts,146.0,0.7175501461885555,203.4701,0.0047999998,0.04,0.05,0.06,0.07,0.8359391406249999,8147.0,100.0
2026-06-18,0.024657534246575342,puts,148.0,0.727379600245933,203.4701,0.0047999998,0.04,0.06,0.07,0.08,0.8203142968749999,9054.0,150.0
2026-06-18,0.024657534246575342,puts,150.0,0.7372090543033104,203.4701,0.0047999998,0.04,0.07,0.08,0.09,0.8007832421875,52306.0,1930.0
2026-06-18,0.024657534246575342,puts,152.0,0.7470385083606879,203.4701,0.0047999998,0.04,0.09,0.09,0.1,0.7812521875,9957.0,44.0
2026-06-18,0.024657534246575342,puts,154.0,0.7568679624180653,203.4701,0.0047999998,0.04,0.08,0.1,0.11,0.7617211328125001,11187.0,76.0
2026-06-18,0.024657534246575342,puts,155.0,0.7617826894467541,203.4701,0.0047999998,0.04,0.11,0.1,0.11,0.7460962890625,17857.0,31.0
2026-06-18,0.024657534246575342,puts,156.0,0.7666974164754429,203.4701,0.0047999998,0.04,0.09,0.11,0.13,0.74414318359375,3948.0,4.0
2026-06-18,0.024657534246575342,puts,158.0,0.7765268705328203,203.4701,0.0047999998,0.04,0.1,0.12,0.14,0.72070591796875,7105.0,4.0
2026-06-18,0.024657534246575342,puts,160.0,0.7863563245901978,203.4701,0.0047999998,0.04,0.12,0.14,0.15,0.700198310546875,41019.0,114.0
2026-06-18,0.024657534246575342,puts,162.0,0.7961857786475752,203.4701,0.0047999998,0.04,0.14,0.15,0.17,0.6787141503906251,8328.0,76.0
2026-06-18,0.024657534246575342,puts,164.0,0.8060152327049527,203.4701,0.0047999998,0.04,0.12,0.17,0.19,0.659183095703125,6206.0,198.0
2026-06-18,0.024657534246575342,puts,165.0,0.8109299597336415,203.4701,0.0047999998,0.04,0.17,0.18,0.2,0.649417568359375,23195.0,49.0
2026-06-18,0.024657534246575342,puts,166.0,0.8158446867623301,203.4701,0.0047999998,0.04,0.14,0.19,0.2,0.6357458300781251,6490.0,11.0
2026-06-18,0.024657534246575342,puts,167.0,0.8207594137910189,203.4701,0.0047999998,0.04,0.2,0.2,0.22,0.6279334082031252,4489.0,87.0
2026-06-18,0.024657534246575342,puts,168.0,0.8256741408197077,203.4701,0.0047999998,0.04,0.19,0.21,0.23,0.6162147753906251,4259.0,2.0
2026-06-18,0.024657534246575342,puts,169.0,0.8305888678483964,203.4701,0.0047999998,0.04,0.16,0.22,0.24,0.6044961425781252,5697.0,2.0
2026-06-18,0.024657534246575342,puts,170.0,0.8355035948770851,203.4701,0.0047999998,0.04,0.22,0.25,0.26,0.5996133789062501,44235.0,5158.0
2026-06-18,0.024657534246575342,puts,171.0,0.8404183219057738,203.4701,0.0047999998,0.04,0.19,0.25,0.26,0.5830119824218749,5837.0,3.0
2026-06-18,0.024657534246575342,puts,172.0,0.8453330489344626,203.4701,0.0047999998,0.04,0.26,0.27,0.28,0.5742230078125,7125.0,89.0
2026-06-18,0.024657534246575342,puts,173.0,0.8502477759631514,203.4701,0.0047999998,0.04,0.3,0.28,0.3,0.5634809277343751,3011.0,1.0
2026-06-18,0.024657534246575342,puts,174.0,0.85516250299184,203.4701,0.0047999998,0.04,0.27,0.3,0.32,0.5537154003906251,4385.0,2.0
2026-06-18,0.024657534246575342,puts,175.0,0.8600772300205288,203.4701,0.0047999998,0.04,0.31,0.33,0.34,0.5459029785156251,22408.0,278.0
2026-06-18,0.024657534246575342,puts,176.0,0.8649919570492175,203.4701,0.0047999998,0.04,0.32,0.35,0.37,0.5366257275390626,6096.0,10.0
2026-06-18,0.024657534246575342,puts,177.0,0.8699066840779063,203.4701,0.0047999998,0.04,0.28,0.37,0.39,0.52539537109375,3830.0,24.0
2026-06-18,0.024657534246575342,puts,178.0,0.8748214111065951,203.4701,0.0047999998,0.04,0.32,0.41,0.43,0.5190477783203125,4729.0,19.0
2026-06-18,0.024657534246575342,puts,179.0,0.8797361381352837,203.4701,0.0047999998,0.04,0.34,0.44,0.46,0.5092822509765625,4058.0,46.0
2026-06-18,0.024657534246575342,puts,180.0,0.8846508651639725,203.4701,0.0047999998,0.04,0.46,0.46,0.49,0.5014698291015626,34596.0,944.0
2026-06-18,0.024657534246575342,puts,181.0,0.8895655921926612,203.4701,0.0047999998,0.04,0.44,0.52,0.54,0.495122236328125,6780.0,146.0
2026-06-18,0.024657534246575342,puts,182.0,0.89448031922135,203.4701,0.0047999998,0.04,0.52,0.55,0.58,0.485356708984375,5633.0,162.0
2026-06-18,0.024657534246575342,puts,183.0,0.8993950462500387,203.4701,0.0047999998,0.04,0.65,0.63,0.64,0.47876497802734375,4544.0,161.0
2026-06-18,0.024657534246575342,puts,184.0,0.9043097732787274,203.4701,0.0047999998,0.04,0.6,0.66,0.69,0.46924358886718753,4344.0,140.0
2026-06-18,0.024657534246575342,puts,185.0,0.9092245003074162,203.4701,0.0047999998,0.04,0.77,0.76,0.78,0.46582565429687506,12552.0,436.0
2026-06-18,0.024657534246575342,puts,186.0,0.9141392273361049,203.4701,0.0047999998,0.04,0.62,0.83,0.85,0.45752495605468757,4239.0,132.0
2026-06-18,0.024657534246575342,puts,187.0,0.9190539543647936,203.4701,0.0047999998,0.04,0.7,0.94,0.97,0.4558159887695313,4383.0,54.0
2026-06-18,0.024657534246575342,puts,187.5,0.921511317879138,203.4701,0.0047999998,0.04,0.74,1.0,1.04,0.4555718505859375,433.0,72.0
2026-06-18,0.024657534246575342,puts,188.0,0.9239686813934824,203.4701,0.0047999998,0.04,1.03,1.0,1.03,0.44385321777343745,14005.0,59.0
2026-06-18,0.024657534246575342,puts,189.0,0.9288834084221711,203.4701,0.0047999998,0.04,1.02,1.11,1.14,0.43774976318359377,3331.0,135.0
2026-06-18,0.024657534246575342,puts,190.0,0.9337981354508599,203.4701,0.0047999998,0.04,1.3,1.3,1.32,0.4387263159179688,33501.0,7037.0
2026-06-18,0.024657534246575342,puts,191.0,0.9387128624795485,203.4701,0.0047999998,0.04,1.33,1.38,1.41,0.4270076831054688,5284.0,787.0
2026-06-18,0.024657534246575342,puts,192.0,0.9436275895082373,203.4701,0.0047999998,0.04,1.49,1.61,1.64,0.42969320312500003,5723.0,1556.0
2026-06-18,0.024657534246575342,puts,192.5,0.9460849530225817,203.4701,0.0047999998,0.04,1.7,1.75,1.77,0.43164630859375,371.0,416.0
2026-06-18,0.024657534246575342,puts,193.0,0.948542316536926,203.4701,0.0047999998,0.04,1.72,1.73,1.77,0.41968353759765625,6092.0,874.0
2026-06-18,0.024657534246575342,puts,194.0,0.9534570435656148,203.4701,0.0047999998,0.04,2.0,1.93,1.97,0.41528905029296875,4171.0,450.0
2026-06-18,0.024657534246575342,puts,195.0,0.9583717705943036,203.4701,0.0047999998,0.04,2.25,2.18,2.23,0.41480077392578124,23097.0,3103.0
2026-06-18,0.024657534246575342,puts,197.5,0.9706585881660253,203.4701,0.0047999998,0.04,2.78,2.77,2.86,0.4023497265625,2072.0,1240.0
2026-06-18,0.024657534246575342,puts,200.0,0.9829454057377472,203.4701,0.0047999998,0.04,3.65,3.6,3.7,0.39490351196289064,65727.0,11317.0
2026-06-18,0.024657534246575342,puts,202.5,0.995232223309469,203.4701,0.0047999998,0.04,4.7,4.9,5.0,0.40881938842773435,5327.0,922.0
2026-06-18,0.024657534246575342,puts,205.0,1.007519040881191,203.4701,0.0047999998,0.04,5.9,5.85,5.9,0.3786683227539062,15259.0,3132.0
2026-06-18,0.024657534246575342,puts,207.5,1.0198058584529128,203.4701,0.0047999998,0.04,7.5,7.3,7.6,0.3947814428710938,6552.0,1837.0
2026-06-18,0.024657534246575342,puts,210.0,1.0320926760246345,203.4701,0.0047999998,0.04,8.85,8.95,9.2,0.38977661010742193,24696.0,5460.0
2026-06-18,0.024657534246575342,puts,212.0,1.041922130082012,203.4701,0.0047999998,0.04,9.75,10.1,10.7,0.39453730468750003,5853.0,251.0
2026-06-18,0.024657534246575342,puts,212.5,1.0443794935963564,203.4701,0.0047999998,0.04,8.91,10.3,11.15,0.4012511047363281,3866.0,152.0
2026-06-18,0.024657534246575342,puts,213.0,1.0468368571107007,203.4701,0.0047999998,0.04,9.14,10.85,11.5,0.398443515625,4149.0,94.0
2026-06-18,0.024657534246575342,puts,214.0,1.0517515841393894,203.4701,0.0047999998,0.04,10.63,11.6,12.25,0.39600213378906257,2980.0,7.0
2026-06-18,0.024657534246575342,puts,215.0,1.0566663111680783,203.4701,0.0047999998,0.04,12.62,12.5,12.95,0.385626260986328,13127.0,352.0
2026-06-18,0.024657534246575342,puts,216.0,1.061581038196767,203.4701,0.0047999998,0.04,11.7,13.15,13.9,0.39954213745117195,5686.0,528.0
2026-06-18,0.024657534246575342,puts,217.0,1.0664957652254556,203.4701,0.0047999998,0.04,12.0,13.55,14.25,0.3386296606445312,1612.0,11.0
2026-06-18,0.024657534246575342,puts,217.5,1.0689531287398002,203.4701,0.0047999998,0.04,13.8,13.8,14.75,0.3469303588867187,2183.0,147.0
2026-06-18,0.024657534246575342,puts,218.0,1.0714104922541445,203.4701,0.0047999998,0.04,13.2,14.55,15.4,0.375982802734375,2405.0,1.0
2026-06-18,0.024657534246575342,puts,219.0,1.0763252192828332,203.4701,0.0047999998,0.04,14.59,15.55,16.55,0.41235939208984373,1623.0,9.0
2026-06-18,0.024657534246575342,puts,220.0,1.0812399463115219,203.4701,0.0047999998,0.04,16.99,16.85,17.4,0.40918559570312496,18131.0,1006.0
2026-06-18,0.024657534246575342,puts,221.0,1.0861546733402108,203.4701,0.0047999998,0.04,14.8,17.65,18.55,0.44605046142578125,3100.0,8.0
2026-06-18,0.024657534246575342,puts,222.0,1.0910694003688994,203.4701,0.0047999998,0.04,14.23,18.6,19.4,0.4414118359375,1640.0,3.0
2026-06-18,0.024657534246575342,puts,222.5,1.0935267638832438,203.4701,0.0047999998,0.04,13.36,18.65,19.7,0.4184628466796875,943.0,1.0
2026-06-18,0.024657534246575342,puts,223.0,1.095984127397588,203.4701,0.0047999998,0.04,16.6,19.05,20.2,0.4260311303710938,3753.0,1.0
2026-06-18,0.024657534246575342,puts,224.0,1.1008988544262768,203.4701,0.0047999998,0.04,19.12,20.25,21.2,0.4409235595703125,1274.0,12.0
2026-06-18,0.024657534246575342,puts,225.0,1.1058135814549657,203.4701,0.0047999998,0.04,20.83,20.75,21.5,1.0000000000000003e-05,18466.0,7428.0
2026-06-18,0.024657534246575342,puts,226.0,1.1107283084836543,203.4701,0.0047999998,0.04,19.05,22.15,23.25,0.47900911621093745,2778.0,2.0
2026-06-18,0.024657534246575342,puts,227.0,1.115643035512343,203.4701,0.0047999998,0.04,20.25,23.15,24.0,0.446294599609375,1091.0,17.0
2026-06-18,0.024657534246575342,puts,227.5,1.1181003990266873,203.4701,0.0047999998,0.04,20.8,23.2,24.4,0.43018147949218755,1498.0,1.0
2026-06-18,0.024657534246575342,puts,228.0,1.120557762541032,203.4701,0.0047999998,0.04,22.95,24.1,24.95,0.44873598144531246,1184.0,1.0
2026-06-18,0.024657534246575342,puts,230.0,1.1303872165984092,203.4701,0.0047999998,0.04,23.98,26.0,26.85,0.4497125341796875,7746.0,25.0
2026-06-18,0.024657534246575342,puts,232.5,1.1426740341701311,203.4701,0.0047999998,0.04,24.15,28.2,29.5,0.5190477783203125,529.0,30.0
2026-06-18,0.024657534246575342,puts,235.0,1.154960851741853,203.4701,0.0047999998,0.04,30.0,30.8,32.0,0.5507857421875001,6515.0,39.0
2026-06-18,0.024657534246575342,puts,237.5,1.1672476693135747,203.4701,0.0047999998,0.04,29.58,33.15,34.9,0.6665072412109377,534.0,5.0
2026-06-18,0.024657534246575342,puts,240.0,1.1795344868852966,203.4701,0.0047999998,0.04,33.71,34.9,36.9,0.584965087890625,2945.0,13.0
2026-06-18,0.024657534246575342,puts,242.5,1.1918213044570185,203.4701,0.0047999998,0.04,24.22,38.15,39.75,0.70117486328125,17.0,10.0
2026-06-18,0.024657534246575342,puts,245.0,1.2041081220287404,203.4701,0.0047999998,0.04,36.0,40.75,42.15,0.7094755615234375,612.0,2.0
2026-06-18,0.024657534246575342,puts,247.5,1.216394939600462,203.4701,0.0047999998,0.04,28.75,43.15,44.6,0.726565234375,20.0,15.0
2026-06-18,0.024657534246575342,puts,250.0,1.228681757172184,203.4701,0.0047999998,0.04,42.28,44.7,46.55,0.49609878906250005,2733.0,143.0
2026-06-18,0.024657534246575342,puts,255.0,1.2532553923156278,203.4701,0.0047999998,0.04,43.87,50.55,51.95,0.7666038964843751,0.0,8.0
2026-06-18,0.024657534246575342,puts,257.5,1.2655422098873494,203.4701,0.0047999998,0.04,51.68,52.75,54.15,0.65820654296875,0.0,2.0
2026-06-18,0.024657534246575342,puts,260.0,1.2778290274590713,203.4701,0.0047999998,0.04,50.99,55.4,56.95,0.8193377441406249,3.0,7.0
2026-06-18,0.024657534246575342,puts,265.0,1.3024026626025151,203.4701,0.0047999998,0.04,39.04,60.55,61.8,0.8095722167968749,0.0,23.0
2026-06-18,0.024657534246575342,puts,267.5,1.3146894801742368,203.4701,0.0047999998,0.04,52.5,62.95,64.25,0.8085956640624999,0.0,1.0
2026-06-18,0.024657534246575342,puts,270.0,1.3269762977459587,203.4701,0.0047999998,0.04,48.9,65.7,66.95,0.918946123046875,0.0,647.0
2026-06-18,0.024657534246575342,puts,275.0,1.3515499328894025,203.4701,0.0047999998,0.04,53.95,70.3,71.6,0.76367423828125,0.0,5400.0
2026-06-18,0.024657534246575342,puts,280.0,1.376123568032846,203.4701,0.0047999998,0.04,59.0,75.7,77.15,1.08203583984375,0.0,2399.0
2026-06-18,0.024657534246575342,puts,285.0,1.4006972031762899,203.4701,0.0047999998,0.04,63.65,80.35,81.95,1.0576218994140625,0.0,8.0
2026-06-18,0.024657534246575342,puts,290.0,1.4252708383197334,203.4701,0.0047999998,0.04,70.26,85.7,87.15,1.1748088134765624,1.0,178.0
2026-06-18,0.024657534246575342,puts,295.0,1.449844473463177,203.4701,0.0047999998,0.04,63.75,90.7,92.1,1.2021524267578125,0.0,20.0
2026-06-18,0.024657534246575342,puts,300.0,1.4744181086066208,203.4701,0.0047999998,0.04,91.44,95.55,96.7,1.0468797656250002,0.0,21.0
2026-06-18,0.024657534246575342,puts,310.0,1.5235653788935082,203.4701,0.0047999998,0.04,103.75,105.7,107.5,1.01953615234375,0.0,1.0
2026-06-18,0.024657534246575342,puts,320.0,1.5727126491803955,203.4701,0.0047999998,0.04,111.57,115.7,117.1,1.408206083984375,0.0,21.0
2026-06-18,0.024657534246575342,puts,330.0,1.621859919467283,203.4701,0.0047999998,0.04,104.98,125.7,127.3,1.5585959570312498,0.0,1.0
2026-06-18,0.024657534246575342,puts,340.0,1.6710071897541703,203.4701,0.0047999998,0.04,152.17,156.55,158.45,3.9847412490844727,0.0,110.0
2026-06-18,0.024657534246575342,puts,350.0,1.7201544600410577,203.4701,0.0047999998,0.04,138.7,167.1,170.1,4.1831102398681645,0.0,150.0
2026-06-18,0.024657534246575342,puts,360.0,1.769301730327945,203.4701,0.0047999998,0.04,135.59,155.55,156.7,1.4472683886718751,0.0,75.0
2026-06-18,0.024657534246575342,puts,370.0,1.8184490006148324,203.4701,0.0047999998,0.04,10.16,8.75,10.0,1.0000000000000003e-05,25.0,1.0
2026-06-18,0.024657534246575342,puts,380.0,1.8675962709017198,203.4701,0.0047999998,0.04,12.0,9.45,10.7,1.0000000000000003e-05,76.0,20.0
2026-06-18,0.024657534246575342,puts,390.0,1.9167435411886071,203.4701,0.0047999998,0.04,11.09,10.2,11.45,1.0000000000000003e-05,83.0,5.0
2026-06-18,0.024657534246575342,puts,400.0,1.9658908114754945,203.4701,0.0047999998,0.04,12.3,11.3,12.0,1.0000000000000003e-05,172.0,1.0
2026-06-18,0.024657534246575342,puts,410.0,2.015038081762382,203.4701,0.0047999998,0.04,13.12,11.8,13.05,1.0000000000000003e-05,39.0,4.0
2026-06-18,0.024657534246575342,puts,420.0,2.064185352049269,203.4701,0.0047999998,0.04,212.0,210.6,212.15,1.0000000000000003e-05,0.0,3.0
2026-06-18,0.024657534246575342,puts,430.0,2.1133326223361566,203.4701,0.0047999998,0.04,17.8,13.55,14.85,1.0000000000000003e-05,54.0,2.0
2026-06-18,0.024657534246575342,puts,440.0,2.1624798926230437,203.4701,0.0047999998,0.04,15.5,14.5,15.8,1.0000000000000003e-05,146.0,10.0
2026-06-18,0.024657534246575342,puts,450.0,2.2116271629099313,203.4701,0.0047999998,0.04,16.7,15.85,16.7,1.0000000000000003e-05,383.0,1.0
2026-06-18,0.024657534246575342,puts,460.0,2.2607744331968185,203.4701,0.0047999998,0.04,19.9,16.55,17.9,1.0000000000000003e-05,34.0,5.0
2026-06-18,0.024657534246575342,puts,470.0,2.309921703483706,203.4701,0.0047999998,0.04,19.65,17.6,19.0,1.0000000000000003e-05,124.0,3.0
2026-06-18,0.024657534246575342,puts,480.0,2.359068973770593,203.4701,0.0047999998,0.04,20.5,18.75,20.15,1.0000000000000003e-05,82.0,2.0
2026-06-18,0.024657534246575342,puts,490.0,2.408216244057481,203.4701,0.0047999998,0.04,21.17,19.95,21.35,1.0000000000000003e-05,81.0,1.0
2026-06-18,0.024657534246575342,puts,500.0,2.457363514344368,203.4701,0.0047999998,0.04,22.35,21.55,22.5,1.0000000000000003e-05,323.0,5.0
2026-06-18,0.024657534246575342,puts,510.0,2.5065107846312555,203.4701,0.0047999998,0.04,28.35,22.45,23.95,1.0000000000000003e-05,36.0,1.0
2026-06-18,0.024657534246575342,puts,520.0,2.5556580549181427,203.4701,0.0047999998,0.04,24.7,24.15,25.25,1.0000000000000003e-05,632.0,6.0
2026-06-18,0.024657534246575342,puts,530.0,2.6048053252050303,203.4701,0.0047999998,0.04,26.68,25.25,26.7,1.0000000000000003e-05,118.0,3.0
2026-06-18,0.024657534246575342,puts,540.0,2.6539525954919174,203.4701,0.0047999998,0.04,27.52,26.7,28.15,1.0000000000000003e-05,42.0,1.0
2026-06-18,0.024657534246575342,puts,550.0,2.703099865778805,203.4701,0.0047999998,0.04,30.15,28.7,29.65,1.0000000000000003e-05,168.0,25.0
2026-06-18,0.024657534246575342,puts,560.0,2.752247136065692,203.4701,0.0047999998,0.04,32.75,30.0,31.2,1.0000000000000003e-05,19.0,1.0
2026-06-18,0.024657534246575342,puts,570.0,2.8013944063525797,203.4701,0.0047999998,0.04,39.7,31.7,32.9,1.0000000000000003e-05,76.0,14.0
2026-06-18,0.024657534246575342,puts,580.0,2.850541676639467,203.4701,0.0047999998,0.04,41.62,33.25,34.6,1.0000000000000003e-05,79.0,3.0
2026-06-18,0.024657534246575342,puts,590.0,2.899688946926354,203.4701,0.0047999998,0.04,36.61,35.0,36.45,1.0000000000000003e-05,54.0,2.0
2026-06-18,0.024657534246575342,puts,600.0,2.9488362172132416,203.4701,0.0047999998,0.04,40.1,37.05,38.15,1.0000000000000003e-05,635.0,1.0
2026-06-18,0.024657534246575342,puts,610.0,2.9979834875001288,203.4701,0.0047999998,0.04,40.0,38.9,40.1,1.0000000000000003e-05,71.0,3.0
2026-06-18,0.024657534246575342,puts,620.0,3.0471307577870164,203.4701,0.0047999998,0.04,74.68,40.5,42.15,1.0000000000000003e-05,53.0,1.0
2026-06-18,0.024657534246575342,puts,630.0,3.0962780280739035,203.4701,0.0047999998,0.04,44.25,42.5,44.6,1.0000000000000003e-05,62.0,11.0
2026-06-18,0.024657534246575342,puts,640.0,3.145425298360791,203.4701,0.0047999998,0.04,47.21,44.5,46.1,1.0000000000000003e-05,64.0,1.0
2026-06-18,0.024657534246575342,puts,650.0,3.1945725686476782,203.4701,0.0047999998,0.04,50.14,46.95,48.35,1.0000000000000003e-05,145.0,5.0
2026-06-18,0.024657534246575342,puts,660.0,3.243719838934566,203.4701,0.0047999998,0.04,53.68,48.75,50.45,1.0000000000000003e-05,124.0,2.0
2026-06-18,0.024657534246575342,puts,670.0,3.292867109221453,203.4701,0.0047999998,0.04,57.3,51.05,52.75,1.0000000000000003e-05,40.0,17.0
2026-06-18,0.024657534246575342,puts,680.0,3.3420143795083406,203.4701,0.0047999998,0.04,60.05,53.25,55.05,1.0000000000000003e-05,42.0,3.0
2026-06-18,0.024657534246575342,puts,690.0,3.3911616497952277,203.4701,0.0047999998,0.04,57.05,55.6,57.35,1.0000000000000003e-05,55.0,1.0
2026-06-18,0.024657534246575342,puts,700.0,3.4403089200821153,203.4701,0.0047999998,0.04,58.93,58.4,59.9,1.0000000000000003e-05,6837.0,4.0
2026-06-18,0.024657534246575342,puts,710.0,3.4894561903690025,203.4701,0.0047999998,0.04,64.86,60.7,62.7,1.0000000000000003e-05,18.0,1.0
2026-06-18,0.024657534246575342,puts,720.0,3.53860346065589,203.4701,0.0047999998,0.04,67.23,63.15,65.1,1.0000000000000003e-05,59.0,3.0
2026-06-18,0.024657534246575342,puts,730.0,3.587750730942777,203.4701,0.0047999998,0.04,73.47,65.05,68.05,1.0000000000000003e-05,1382.0,10.0
2026-06-18,0.024657534246575342,puts,740.0,3.636898001229665,203.4701,0.0047999998,0.04,68.87,68.55,70.25,1.0000000000000003e-05,31.0,1.0
2026-06-18,0.024657534246575342,puts,750.0,3.686045271516552,203.4701,0.0047999998,0.04,73.25,71.35,73.05,1.0000000000000003e-05,7717.0,7.0
2026-06-18,0.024657534246575342,puts,760.0,3.7351925418034395,203.4701,0.0047999998,0.04,74.8,73.3,76.0,1.0000000000000003e-05,1454.0,2.0
2026-06-18,0.024657534246575342,puts,770.0,3.7843398120903267,203.4701,0.0047999998,0.04,77.13,76.95,78.85,1.0000000000000003e-05,116.0,2.0
2026-06-18,0.024657534246575342,puts,780.0,3.8334870823772143,203.4701,0.0047999998,0.04,82.18,79.85,81.8,1.0000000000000003e-05,39.0,10.0
2026-06-18,0.024657534246575342,puts,790.0,3.8826343526641014,203.4701,0.0047999998,0.04,88.23,82.8,84.8,1.0000000000000003e-05,26.0,1.0
2026-06-18,0.024657534246575342,puts,800.0,3.931781622950989,203.4701,0.0047999998,0.04,91.0,85.95,87.75,1.0000000000000003e-05,260.0,2.0
2026-06-18,0.024657534246575342,puts,810.0,3.980928893237876,203.4701,0.0047999998,0.04,98.25,88.95,90.9,1.0000000000000003e-05,23.0,2.0
2026-06-18,0.024657534246575342,puts,820.0,4.030076163524764,203.4701,0.0047999998,0.04,92.06,92.1,94.1,1.0000000000000003e-05,82.0,2.0
2026-06-18,0.024657534246575342,puts,830.0,4.079223433811651,203.4701,0.0047999998,0.04,154.65,95.3,97.35,1.0000000000000003e-05,6.0,6.0
2026-06-18,0.024657534246575342,puts,840.0,4.128370704098538,203.4701,0.0047999998,0.04,101.52,98.6,100.75,1.0000000000000003e-05,39.0,12.0
2026-06-18,0.024657534246575342,puts,850.0,4.177517974385426,203.4701,0.0047999998,0.04,114.55,102.05,104.0,1.0000000000000003e-05,35.0,2.0
2026-06-18,0.024657534246575342,puts,860.0,4.226665244672313,203.4701,0.0047999998,0.04,108.32,105.3,107.45,1.0000000000000003e-05,45.0,3.0
2026-06-18,0.024657534246575342,puts,870.0,4.275812514959201,203.4701,0.0047999998,0.04,131.8,108.8,110.95,1.0000000000000003e-05,61.0,4.0
2026-06-18,0.024657534246575342,puts,880.0,4.3249597852460875,203.4701,0.0047999998,0.04,121.0,112.3,114.5,1.0000000000000003e-05,31.0,10.0
2026-06-18,0.024657534246575342,puts,890.0,4.374107055532975,203.4701,0.0047999998,0.04,129.25,115.9,118.15,1.0000000000000003e-05,10.0,1.0
2026-06-18,0.024657534246575342,puts,900.0,4.423254325819863,203.4701,0.0047999998,0.04,122.85,119.65,121.75,1.0000000000000003e-05,187.0,1.0
2026-06-18,0.024657534246575342,puts,910.0,4.472401596106749,203.4701,0.0047999998,0.04,134.5,123.2,125.55,1.0000000000000003e-05,25.0,5.0
2026-06-18,0.024657534246575342,puts,920.0,4.521548866393637,203.4701,0.0047999998,0.04,129.86,127.0,129.35,1.0000000000000003e-05,12.0,3.0
2026-06-18,0.024657534246575342,puts,930.0,4.5706961366805245,203.4701,0.0047999998,0.04,132.94,130.8,133.25,1.0000000000000003e-05,7.0,2.0
2026-06-18,0.024657534246575342,puts,940.0,4.619843406967412,203.4701,0.0047999998,0.04,137.84,134.75,137.15,1.0000000000000003e-05,28.0,1.0
2026-06-18,0.024657534246575342,puts,950.0,4.668990677254299,203.4701,0.0047999998,0.04,141.2,138.75,141.05,1.0000000000000003e-05,161.0,220.0
2026-06-18,0.024657534246575342,puts,960.0,4.718137947541186,203.4701,0.0047999998,0.04,156.95,142.7,145.2,1.0000000000000003e-05,13.0,4.0
2026-06-18,0.024657534246575342,puts,970.0,4.767285217828074,203.4701,0.0047999998,0.04,146.8,146.75,149.25,1.0000000000000003e-05,20.0,11.0
2026-06-18,0.024657534246575342,puts,980.0,4.816432488114962,203.4701,0.0047999998,0.04,155.0,150.85,153.4,1.0000000000000003e-05,29.0,5.0
2026-06-18,0.024657534246575342,puts,990.0,4.865579758401848,203.4701,0.0047999998,0.04,156.59,155.0,157.65,1.0000000000000003e-05,106.0,100.0
2026-06-18,0.024657534246575342,puts,1000.0,4.914727028688736,203.4701,0.0047999998,0.04,160.25,159.4,161.9,1.0000000000000003e-05,451.0,3.0
2026-06-18,0.024657534246575342,puts,1010.0,4.9638742989756235,203.4701,0.0047999998,0.04,168.65,163.55,166.1,1.0000000000000003e-05,80.0,2.0
2026-06-18,0.024657534246575342,puts,1020.0,5.013021569262511,203.4701,0.0047999998,0.04,184.19,167.95,170.65,1.0000000000000003e-05,40.0,2.0
2026-06-18,0.024657534246575342,puts,1030.0,5.062168839549398,203.4701,0.0047999998,0.04,298.2,297.2,302.9,1.0000000000000003e-05,12.0,7.0
2026-06-18,0.024657534246575342,puts,1040.0,5.111316109836285,203.4701,0.0047999998,0.04,176.39,176.75,179.3,1.0000000000000003e-05,8.0,2.0
2026-06-18,0.024657534246575342,puts,1050.0,5.160463380123173,203.4701,0.0047999998,0.04,214.45,181.45,184.1,1.0000000000000003e-05,74.0,2.0
2026-06-18,0.024657534246575342,puts,1060.0,5.2096106504100606,203.4701,0.0047999998,0.04,204.05,185.95,188.85,1.0000000000000003e-05,10.0,3.0
2026-06-18,0.024657534246575342,puts,1070.0,5.258757920696947,203.4701,0.0047999998,0.04,211.98,190.6,193.1,1.0000000000000003e-05,19.0,6.0
2026-06-18,0.024657534246575342,puts,1080.0,5.307905190983835,203.4701,0.0047999998,0.04,304.39,195.3,198.3,1.0000000000000003e-05,5.0,4.0
2026-06-18,0.024657534246575342,puts,1090.0,5.357052461270722,203.4701,0.0047999998,0.04,214.43,200.0,203.05,1.0000000000000003e-05,9.0,2.0
2026-06-18,0.024657534246575342,puts,1100.0,5.40619973155761,203.4701,0.0047999998,0.04,213.29,205.0,207.5,1.0000000000000003e-05,36.0,1.0
2026-06-18,0.024657534246575342,puts,1110.0,5.455347001844497,203.4701,0.0047999998,0.04,247.55,209.65,212.8,1.0000000000000003e-05,10.0,12.0
2026-06-18,0.024657534246575342,puts,1120.0,5.504494272131384,203.4701,0.0047999998,0.04,447.91,337.1,342.15,1.0000000000000003e-05,0.0,2.0
2026-06-18,0.024657534246575342,puts,1130.0,5.553641542418272,203.4701,0.0047999998,0.04,237.66,219.6,222.45,1.0000000000000003e-05,7.0,2.0
2026-06-18,0.024657534246575342,puts,1140.0,5.6027888127051595,203.4701,0.0047999998,0.04,234.6,224.65,227.55,1.0000000000000003e-05,6.0,2.0
2026-06-18,0.024657534246575342,puts,1150.0,5.651936082992046,203.4701,0.0047999998,0.04,234.32,229.85,232.6,1.0000000000000003e-05,172.0,1.0
2026-06-18,0.024657534246575342,puts,1160.0,5.701083353278934,203.4701,0.0047999998,0.04,235.81,234.9,237.85,1.0000000000000003e-05,34.0,1.0
2026-06-18,0.024657534246575342,puts,1170.0,5.750230623565821,203.4701,0.0047999998,0.04,250.85,240.05,243.4,1.0000000000000003e-05,7.0,1.0
2026-06-18,0.024657534246575342,puts,1180.0,5.799377893852708,203.4701,0.0047999998,0.04,255.42,245.25,248.35,1.0000000000000003e-05,4.0,1.0
2026-06-18,0.024657534246575342,puts,1190.0,5.848525164139596,203.4701,0.0047999998,0.04,250.45,250.55,254.0,1.0000000000000003e-05,37.0,12.0
2026-06-18,0.024657534246575342,puts,1200.0,5.897672434426483,203.4701,0.0047999998,0.04,258.0,256.15,259.3,1.0000000000000003e-05,33.0,2.0
2026-06-18,0.024657534246575342,puts,1210.0,5.946819704713371,203.4701,0.0047999998,0.04,261.45,261.45,264.85,1.0000000000000003e-05,7.0,1.0
2026-06-18,0.024657534246575342,puts,1220.0,5.9959669750002575,203.4701,0.0047999998,0.04,288.04,266.9,270.35,1.0000000000000003e-05,41.0,54.0
2026-06-18,0.024657534246575342,puts,1230.0,6.045114245287145,203.4701,0.0047999998,0.04,301.16,272.3,276.0,1.0000000000000003e-05,15.0,7.0
2026-06-18,0.024657534246575342,puts,1240.0,6.094261515574033,203.4701,0.0047999998,0.04,324.6,277.8,281.2,1.0000000000000003e-05,80.0,2.0
2026-06-18,0.024657534246575342,puts,1250.0,6.14340878586092,203.4701,0.0047999998,0.04,304.65,283.6,287.05,1.0000000000000003e-05,77.0,2.0
2026-06-18,0.024657534246575342,puts,1260.0,6.192556056147807,203.4701,0.0047999998,0.04,311.97,289.15,292.85,1.0000000000000003e-05,32.0,1.0
2026-06-18,0.024657534246575342,puts,1270.0,6.241703326434695,203.4701,0.0047999998,0.04,428.51,295.0,298.3,1.0000000000000003e-05,86.0,4.0
2026-06-18,0.024657534246575342,puts,1280.0,6.290850596721582,203.4701,0.0047999998,0.04,350.1,300.65,304.1,1.0000000000000003e-05,90.0,4.0
2026-06-18,0.024657534246575342,puts,1290.0,6.33999786700847,203.4701,0.0047999998,0.04,333.57,306.2,310.2,1.0000000000000003e-05,44.0,1.0
2026-06-18,0.024657534246575342,puts,1300.0,6.3891451372953565,203.4701,0.0047999998,0.04,336.64,312.05,315.95,1.0000000000000003e-05,42.0,3.0
2026-06-18,0.024657534246575342,puts,1320.0,6.487439677869132,203.4701,0.0047999998,0.04,352.71,323.65,328.25,1.0000000000000003e-05,95.0,1.0
2026-06-18,0.024657534246575342,puts,1340.0,6.585734218442906,203.4701,0.0047999998,0.04,365.03,335.7,340.55,1.0000000000000003e-05,141.0,2.0
2026-06-18,0.024657534246575342,puts,1360.0,6.684028759016681,203.4701,0.0047999998,0.04,348.9,348.0,352.5,1.0000000000000003e-05,126.0,5.0
2026-06-18,0.024657534246575342,puts,1380.0,6.782323299590455,203.4701,0.0047999998,0.04,583.46,415.6,429.45,1.0000000000000003e-05,58.0,58.0
2026-06-18,0.024657534246575342,puts,1400.0,6.880617840164231,203.4701,0.0047999998,0.04,384.46,369.85,379.45,1.0000000000000003e-05,172.0,14.0
2026-06-18,0.024657534246575342,puts,1440.0,7.07720692131178,203.4701,0.0047999998,0.04,635.94,459.35,474.7,1.0000000000000003e-05,12.0,7.0
2026-06-18,0.024657534246575342,puts,1460.0,7.175501461885554,203.4701,0.0047999998,0.04,653.35,472.1,488.7,1.0000000000000003e-05,58.0,58.0
2026-06-18,0.024657534246575342,puts,1480.0,7.27379600245933,203.4701,0.0047999998,0.04,748.4,632.05,645.85,1.0000000000000003e-05,0.0,2.0
2026-06-18,0.024657534246575342,puts,1500.0,7.372090543033104,203.4701,0.0047999998,0.04,449.96,435.65,446.05,1.0000000000000003e-05,11.0,2.0
2026-06-18,0.024657534246575342,puts,1520.0,7.470385083606879,203.4701,0.0047999998,0.04,675.2,657.15,674.0,1.0000000000000003e-05,3.0,0.0
2026-06-18,0.024657534246575342,puts,1540.0,7.568679624180653,203.4701,0.0047999998,0.04,690.9,672.05,692.0,1.0000000000000003e-05,2.0,0.0
2026-06-18,0.024657534246575342,puts,1560.0,7.6669741647544285,203.4701,0.0047999998,0.04,707.73,690.4,710.0,1.0000000000000003e-05,1.0,0.0
2026-06-18,0.024657534246575342,puts,1580.0,7.765268705328203,203.4701,0.0047999998,0.04,721.08,709.2,728.0,1.0000000000000003e-05,12.0,2.0
2026-06-18,0.024657534246575342,puts,1600.0,7.863563245901978,203.4701,0.0047999998,0.04,582.25,504.85,520.2,1.0000000000000003e-05,11.0,1.0
2026-06-18,0.024657534246575342,puts,1620.0,7.961857786475752,203.4701,0.0047999998,0.04,828.0,732.85,752.0,1.0000000000000003e-05,0.0,0.0
2026-06-18,0.024657534246575342,puts,1640.0,8.060152327049527,203.4701,0.0047999998,0.04,758.2,766.85,780.45,1.0000000000000003e-05,12.0,12.0
2026-06-18,0.024657534246575342,puts,1650.0,8.109299597336415,203.4701,0.0047999998,0.04,796.65,768.0,788.0,1.0000000000000003e-05,0.0,1.0
2026-06-18,0.024657534246575342,puts,1660.0,8.158446867623303,203.4701,0.0047999998,0.04,636.53,549.0,565.3,1.0000000000000003e-05,12.0,12.0
2026-06-18,0.024657534246575342,puts,1670.0,8.207594137910188,203.4701,0.0047999998,0.04,799.0,820.3,844.3,1.0000000000000003e-05,0.0,0.0
2026-06-18,0.024657534246575342,puts,1700.0,8.355035948770851,203.4701,0.0047999998,0.04,595.95,578.55,595.55,1.0000000000000003e-05,9.0,4.0
2026-06-18,0.024657534246575342,puts,1710.0,8.404183219057739,203.4701,0.0047999998,0.04,639.06,586.85,603.45,1.0000000000000003e-05,58.0,54.0
2026-06-18,0.024657534246575342,puts,1720.0,8.453330489344626,203.4701,0.0047999998,0.04,686.92,594.75,611.25,1.0000000000000003e-05,13.0,12.0
2026-06-18,0.024657534246575342,puts,1730.0,8.502477759631514,203.4701,0.0047999998,0.04,839.5,848.0,866.0,1.0000000000000003e-05,1.0,1.0
2026-06-18,0.024657534246575342,puts,1740.0,8.551625029918402,203.4701,0.0047999998,0.04,717.22,610.65,627.0,1.0000000000000003e-05,0.0,2.0
2026-06-18,0.024657534246575342,puts,1750.0,8.600772300205287,203.4701,0.0047999998,0.04,671.57,618.6,635.15,1.0000000000000003e-05,52.0,54.0
2026-06-18,0.024657534246575342,puts,1760.0,8.649919570492175,203.4701,0.0047999998,0.04,856.95,876.0,894.0,1.0000000000000003e-05,1.0,0.0
2026-06-18,0.024657534246575342,puts,1770.0,8.699066840779063,203.4701,0.0047999998,0.04,876.15,887.7,904.0,1.0000000000000003e-05,2.0,2.0
2026-06-18,0.024657534246575342,puts,1780.0,8.74821411106595,203.4701,0.0047999998,0.04,777.03,642.3,659.15,1.0000000000000003e-05,1.0,0.0
2026-06-18,0.024657534246575342,puts,1790.0,8.797361381352838,203.4701,0.0047999998,0.04,946.18,866.25,884.0,1.0000000000000003e-05,0.0,6.0
2026-06-18,0.024657534246575342,puts,1800.0,8.846508651639725,203.4701,0.0047999998,0.04,764.82,656.6,674.0,1.0000000000000003e-05,8.0,6.0
2026-06-18,0.024657534246575342,puts,1840.0,9.043097732787274,203.4701,0.0047999998,0.04,805.6,690.2,707.8,1.0000000000000003e-05,0.0,4.0
2026-06-18,0.024657534246575342,puts,1880.0,9.239686813934824,203.4701,0.0047999998,0.04,870.16,722.4,739.95,1.0000000000000003e-05,1.0,0.0
2026-06-18,0.024657534246575342,puts,1890.0,9.288834084221712,203.4701,0.0047999998,0.04,1044.79,960.0,980.0,1.0000000000000003e-05,0.0,0.0
2026-06-18,0.024657534246575342,puts,1900.0,9.337981354508598,203.4701,0.0047999998,0.04,756.63,738.65,754.25,1.0000000000000003e-05,4.0,4.0
2026-06-18,0.024657534246575342,puts,1940.0,9.534570435656148,203.4701,0.0047999998,0.04,900.54,772.2,790.0,1.0000000000000003e-05,2.0,4.0
2026-06-22,0.03561643835616438,calls,140.0,0.688061784016423,203.4701,0.0047999998,0.04,68.75,62.7,67.9,1.3979522290039061,0.0,2.0
2026-06-22,0.03561643835616438,calls,145.0,0.7126354191598667,203.4701,0.0047999998,0.04,63.18,57.4,63.15,1.2883336364746092,4.0,6.0
2026-06-22,0.03561643835616438,calls,160.0,0.7863563245901978,203.4701,0.0047999998,0.04,48.98,42.25,48.05,0.9687503125,1.0,1.0
2026-06-22,0.03561643835616438,calls,165.0,0.8109299597336415,203.4701,0.0047999998,0.04,44.33,37.85,43.25,0.9301764794921875,0.0,8.0
2026-06-22,0.03561643835616438,calls,170.0,0.8355035948770851,203.4701,0.0047999998,0.04,39.37,32.85,38.35,0.8386246606445311,0.0,8.0
2026-06-22,0.03561643835616438,calls,190.0,0.9337981354508599,203.4701,0.0047999998,0.04,21.2,14.95,16.0,0.4803518762207031,1251.0,1.0
2026-06-22,0.03561643835616438,calls,195.0,0.9583717705943036,203.4701,0.0047999998,0.04,15.15,11.05,12.15,0.45740288696289066,5.0,21.0
2026-06-22,0.03561643835616438,calls,200.0,0.9829454057377472,203.4701,0.0047999998,0.04,10.55,8.05,8.6,0.4260311303710938,10.0,23.0
2026-06-22,0.03561643835616438,calls,205.0,1.007519040881191,203.4701,0.0047999998,0.04,5.8,5.25,5.5,0.39038695556640624,73.0,175.0
2026-06-22,0.03561643835616438,calls,210.0,1.0320926760246345,203.4701,0.0047999998,0.04,3.5,3.25,3.5,0.3852600537109374,256.0,558.0
2026-06-22,0.03561643835616438,calls,215.0,1.0566663111680783,203.4701,0.0047999998,0.04,2.0,1.89,2.13,0.3841614318847656,332.0,391.0
2026-06-22,0.03561643835616438,calls,220.0,1.0812399463115219,203.4701,0.0047999998,0.04,1.2,1.08,1.33,0.3939269592285156,342.0,357.0
2026-06-22,0.03561643835616438,calls,225.0,1.1058135814549657,203.4701,0.0047999998,0.04,0.83,0.64,0.73,0.39160764648437496,332.0,521.0
2026-06-22,0.03561643835616438,calls,230.0,1.1303872165984092,203.4701,0.0047999998,0.04,0.47,0.41,0.52,0.41748629394531245,219.0,58.0
2026-06-22,0.03561643835616438,calls,235.0,1.154960851741853,203.4701,0.0047999998,0.04,0.3,0.3,0.3,0.42236905761718746,217.0,203.0
2026-06-22,0.03561643835616438,calls,240.0,1.1795344868852966,203.4701,0.0047999998,0.04,0.2,0.13,0.22,0.446294599609375,86.0,9.0
2026-06-22,0.03561643835616438,calls,245.0,1.2041081220287404,203.4701,0.0047999998,0.04,0.14,0.11,0.16,0.46680220703125,9.0,24.0
2026-06-22,0.03561643835616438,calls,250.0,1.228681757172184,203.4701,0.0047999998,0.04,0.09,0.07,0.1,0.47559118164062497,26.0,229.0
2026-06-22,0.03561643835616438,calls,255.0,1.2532553923156278,203.4701,0.0047999998,0.04,0.09,0.05,0.13,0.507817421875,13.0,6.0
2026-06-22,0.03561643835616438,puts,115.0,0.5651936082992046,203.4701,0.0047999998,0.04,0.03,0.01,0.08,1.109379453125,3.0,3.0
2026-06-22,0.03561643835616438,puts,135.0,0.6634881488729794,203.4701,0.0047999998,0.04,0.02,0.01,0.11,0.8476577734374999,1.0,1.0
2026-06-22,0.03561643835616438,puts,150.0,0.7372090543033104,203.4701,0.0047999998,0.04,0.11,0.05,0.11,0.6718782812500002,51.0,51.0
2026-06-22,0.03561643835616438,puts,155.0,0.7617826894467541,203.4701,0.0047999998,0.04,0.18,0.07,0.18,0.6455113574218749,1.0,1.0
2026-06-22,0.03561643835616438,puts,160.0,0.7863563245901978,203.4701,0.0047999998,0.04,0.16,0.11,0.21,0.6005899316406251,66.0,66.0
2026-06-22,0.03561643835616438,puts,165.0,0.8109299597336415,203.4701,0.0047999998,0.04,0.2,0.15,0.26,0.5556685058593751,1.0,3.0
2026-06-22,0.03561643835616438,puts,170.0,0.8355035948770851,203.4701,0.0047999998,0.04,0.29,0.23,0.32,0.5136767382812499,15.0,20.0
2026-06-22,0.03561643835616438,puts,175.0,0.8600772300205288,203.4701,0.0047999998,0.04,0.3,0.32,0.46,0.49219257812500006,14.0,10.0
2026-06-22,0.03561643835616438,puts,180.0,0.8846508651639725,203.4701,0.0047999998,0.04,0.42,0.51,0.65,0.45361874511718747,55.0,5.0
2026-06-22,0.03561643835616438,puts,185.0,0.9092245003074162,203.4701,0.0047999998,0.04,0.9,0.82,0.99,0.42188078125,24.0,14.0
2026-06-22,0.03561643835616438,puts,190.0,0.9337981354508599,203.4701,0.0047999998,0.04,1.6,1.44,1.7,0.4078428356933594,37.0,14.0
2026-06-22,0.03561643835616438,puts,195.0,0.9583717705943036,203.4701,0.0047999998,0.04,2.28,2.57,2.76,0.3909973010253906,52.0,211.0
2026-06-22,0.03561643835616438,puts,200.0,0.9829454057377472,203.4701,0.0047999998,0.04,4.15,4.05,4.35,0.3763490100097656,127.0,257.0
2026-06-22,0.03561643835616438,puts,205.0,1.007519040881191,203.4701,0.0047999998,0.04,6.55,6.25,6.65,0.36743796630859377,546.0,1662.0
2026-06-22,0.03561643835616438,puts,210.0,1.0320926760246345,203.4701,0.0047999998,0.04,9.0,9.0,10.05,0.387701435546875,25.0,47.0
2026-06-22,0.03561643835616438,puts,215.0,1.0566663111680783,203.4701,0.0047999998,0.04,8.75,12.15,13.1,0.3391179370117187,9.0,6.0
2026-06-22,0.03561643835616438,puts,220.0,1.0812399463115219,203.4701,0.0047999998,0.04,13.83,16.2,18.0,0.4094297338867187,2.0,6.0
2026-06-22,0.03561643835616438,puts,225.0,1.1058135814549657,203.4701,0.0047999998,0.04,16.88,20.7,22.3,0.39942006835937505,3.0,1.0
2026-06-22,0.03561643835616438,puts,230.0,1.1303872165984092,203.4701,0.0047999998,0.04,24.5,25.8,27.5,0.48901878173828134,1.0,3.0
2026-06-22,0.03561643835616438,puts,240.0,1.1795344868852966,203.4701,0.0047999998,0.04,32.27,32.45,38.15,0.694338994140625,1.0,1.0
2026-06-26,0.04657534246575343,calls,50.0,0.2457363514344368,203.4701,0.0047999998,0.04,159.07,152.7,155.5,3.1962910717773436,3.0,3.0
2026-06-26,0.04657534246575343,calls,55.0,0.27030998657788047,203.4701,0.0047999998,0.04,159.99,147.95,152.35,3.5849619750976567,0.0,0.0
2026-06-26,0.04657534246575343,calls,60.0,0.29488362172132415,203.4701,0.0047999998,0.04,153.2,143.6,147.05,3.42968892578125,0.0,1.0
2026-06-26,0.04657534246575343,calls,70.0,0.3440308920082115,203.4701,0.0047999998,0.04,157.16,132.75,136.55,2.7587921655273435,0.0,24.0
2026-06-26,0.04657534246575343,calls,75.0,0.3686045271516552,203.4701,0.0047999998,0.04,142.14,128.65,132.1,2.863284091796875,1.0,1.0
2026-06-26,0.04657534246575343,calls,80.0,0.3931781622950989,203.4701,0.0047999998,0.04,137.25,123.4,126.95,2.631839357910157,0.0,1.0
2026-06-26,0.04657534246575343,calls,85.0,0.41775179743854257,203.4701,0.0047999998,0.04,127.84,117.85,121.6,2.325199499511718,18.0,0.0
2026-06-26,0.04657534246575343,calls,90.0,0.44232543258198626,203.4701,0.0047999998,0.04,122.49,113.55,116.95,2.355472861328124,14.0,0.0
2026-06-26,0.04657534246575343,calls,100.0,0.4914727028688736,203.4701,0.0047999998,0.04,106.54,102.9,106.65,1.9526369555664065,18.0,1.0
2026-06-26,0.04657534246575343,calls,105.0,0.5160463380123173,203.4701,0.0047999998,0.04,104.52,98.55,102.2,1.994140654296875,10.0,2.0
2026-06-26,0.04657534246575343,calls,110.0,0.5406199731557609,203.4701,0.0047999998,0.04,97.3,93.05,97.05,1.7958994580078125,6.0,1.0
2026-06-26,0.04657534246575343,calls,120.0,0.5897672434426483,203.4701,0.0047999998,0.04,108.6,83.4,86.9,1.601076213378906,52.0,12.0
2026-06-26,0.04657534246575343,calls,125.0,0.614340878586092,203.4701,0.0047999998,0.04,94.22,79.1,82.6,1.6318377783203122,19.0,1.0
2026-06-26,0.04657534246575343,calls,130.0,0.6389145137295357,203.4701,0.0047999998,0.04,89.61,73.95,77.45,1.499514221191406,19.0,1.0
2026-06-26,0.04657534246575343,calls,135.0,0.6634881488729794,203.4701,0.0047999998,0.04,73.95,68.45,71.8,1.2959019580078124,10.0,1.0
2026-06-26,0.04657534246575343,calls,140.0,0.688061784016423,203.4701,0.0047999998,0.04,66.8,63.1,67.35,1.2199746032714844,255.0,7.0
2026-06-26,0.04657534246575343,calls,145.0,0.7126354191598667,203.4701,0.0047999998,0.04,61.75,58.5,61.85,1.1196333081054686,154.0,2.0
2026-06-26,0.04657534246575343,calls,150.0,0.7372090543033104,203.4701,0.0047999998,0.04,56.68,53.45,56.9,1.0302782861328126,125.0,1.0
2026-06-26,0.04657534246575343,calls,155.0,0.7617826894467541,203.4701,0.0047999998,0.04,55.6,48.45,51.95,0.9467778759765625,18.0,1.0
2026-06-26,0.04657534246575343,calls,160.0,0.7863563245901978,203.4701,0.0047999998,0.04,44.5,43.75,46.05,0.8178729150390623,1057.0,4.0
2026-06-26,0.04657534246575343,calls,165.0,0.8109299597336415,203.4701,0.0047999998,0.04,54.54,38.95,41.75,0.795900478515625,54.0,18.0
2026-06-26,0.04657534246575343,calls,170.0,0.8355035948770851,203.4701,0.0047999998,0.04,38.0,34.5,36.9,0.7507349145507812,115.0,12.0
2026-06-26,0.04657534246575343,calls,175.0,0.8600772300205288,203.4701,0.0047999998,0.04,35.95,29.45,30.15,0.5642133422851563,128.0,2.0
2026-06-26,0.04657534246575343,calls,180.0,0.8846508651639725,203.4701,0.0047999998,0.04,27.58,25.15,25.25,0.528447098388672,240.0,18.0
2026-06-26,0.04657534246575343,calls,185.0,0.9092245003074162,203.4701,0.0047999998,0.04,25.87,20.45,20.8,0.4982960327148438,150.0,3.0
2026-06-26,0.04657534246575343,calls,187.5,0.921511317879138,203.4701,0.0047999998,0.04,23.45,18.3,18.65,0.4813284289550781,11.0,11.0
2026-06-26,0.04657534246575343,calls,190.0,0.9337981354508599,203.4701,0.0047999998,0.04,16.6,16.3,16.7,0.47461462890625,1044.0,82.0
2026-06-26,0.04657534246575343,calls,192.5,0.9460849530225817,203.4701,0.0047999998,0.04,18.19,14.25,14.5,0.4454401159667969,22.0,22.0
2026-06-26,0.04657534246575343,calls,195.0,0.9583717705943036,203.4701,0.0047999998,0.04,14.05,12.55,12.85,0.44739322143554683,1648.0,15.0
2026-06-26,0.04657534246575343,calls,197.5,0.9706585881660253,203.4701,0.0047999998,0.04,12.9,10.85,11.15,0.43897045410156255,77.0,28.0
2026-06-26,0.04657534246575343,calls,200.0,0.9829454057377472,203.4701,0.0047999998,0.04,9.4,9.35,9.6,0.43280596496582036,1994.0,110.0
2026-06-26,0.04657534246575343,calls,202.5,0.995232223309469,203.4701,0.0047999998,0.04,7.9,7.95,8.2,0.42810630493164065,4.0,76.0
2026-06-26,0.04657534246575343,calls,205.0,1.007519040881191,203.4701,0.0047999998,0.04,6.61,6.8,6.9,0.42200285034179685,2653.0,650.0
2026-06-26,0.04657534246575343,calls,207.5,1.0198058584529128,203.4701,0.0047999998,0.04,5.7,5.65,5.8,0.4198056066894531,579.0,938.0
2026-06-26,0.04657534246575343,calls,210.0,1.0320926760246345,203.4701,0.0047999998,0.04,4.61,4.65,4.8,0.4161435339355468,4629.0,1467.0
2026-06-26,0.04657534246575343,calls,212.5,1.0443794935963564,203.4701,0.0047999998,0.04,3.75,3.85,3.95,0.41394629028320307,307.0,186.0
2026-06-26,0.04657534246575343,calls,215.0,1.0566663111680783,203.4701,0.0047999998,0.04,3.02,3.1,3.2,0.41089456298828125,4827.0,1013.0
2026-06-26,0.04657534246575343,calls,217.5,1.0689531287398002,203.4701,0.0047999998,0.04,2.48,2.48,2.53,0.4056455920410156,374.0,139.0
2026-06-26,0.04657534246575343,calls,220.0,1.0812399463115219,203.4701,0.0047999998,0.04,2.0,2.04,2.08,0.40918559570312496,10802.0,2271.0
2026-06-26,0.04657534246575343,calls,222.5,1.0935267638832438,203.4701,0.0047999998,0.04,1.61,1.6,1.65,0.40808697387695314,197.0,177.0
2026-06-26,0.04657534246575343,calls,225.0,1.1058135814549657,203.4701,0.0047999998,0.04,1.32,1.29,1.33,0.41040628662109374,15915.0,1692.0
2026-06-26,0.04657534246575343,calls,227.5,1.1181003990266873,203.4701,0.0047999998,0.04,1.27,1.07,1.1,0.4162656030273437,111.0,77.0
2026-06-26,0.04657534246575343,calls,230.0,1.1303872165984092,203.4701,0.0047999998,0.04,0.84,0.84,0.87,0.4172421557617187,46131.0,5473.0
2026-06-26,0.04657534246575343,calls,232.5,1.1426740341701311,203.4701,0.0047999998,0.04,0.73,0.69,0.72,0.4233456103515625,365.0,275.0
2026-06-26,0.04657534246575343,calls,235.0,1.154960851741853,203.4701,0.0047999998,0.04,0.6,0.58,0.59,0.4282283740234375,8972.0,899.0
2026-06-26,0.04657534246575343,calls,240.0,1.1795344868852966,203.4701,0.0047999998,0.04,0.42,0.4,0.42,0.44312080322265623,14339.0,742.0
2026-06-26,0.04657534246575343,calls,245.0,1.2041081220287404,203.4701,0.0047999998,0.04,0.31,0.3,0.31,0.4594780615234375,4498.0,393.0
2026-06-26,0.04657534246575343,calls,250.0,1.228681757172184,203.4701,0.0047999998,0.04,0.24,0.24,0.25,0.481450498046875,15608.0,434.0
2026-06-26,0.04657534246575343,calls,255.0,1.2532553923156278,203.4701,0.0047999998,0.04,0.21,0.19,0.21,0.5009815527343751,10831.0,2501.0
2026-06-26,0.04657534246575343,calls,260.0,1.2778290274590713,203.4701,0.0047999998,0.04,0.15,0.15,0.17,0.5195360546875,12865.0,41.0
2026-06-26,0.04657534246575343,calls,265.0,1.3024026626025151,203.4701,0.0047999998,0.04,0.14,0.12,0.14,0.5371140039062501,7620.0,70.0
2026-06-26,0.04657534246575343,calls,270.0,1.3269762977459587,203.4701,0.0047999998,0.04,0.11,0.1,0.12,0.5566450585937501,3913.0,59.0
2026-06-26,0.04657534246575343,calls,275.0,1.3515499328894025,203.4701,0.0047999998,0.04,0.08,0.08,0.1,0.5722699023437501,4576.0,26.0
2026-06-26,0.04657534246575343,calls,280.0,1.376123568032846,203.4701,0.0047999998,0.04,0.1,0.07,0.09,0.5937540625000001,2462.0,12.0
2026-06-26,0.04657534246575343,calls,285.0,1.4006972031762899,203.4701,0.0047999998,0.04,0.1,0.05,0.08,0.6074258007812501,1493.0,1.0
2026-06-26,0.04657534246575343,calls,290.0,1.4252708383197334,203.4701,0.0047999998,0.04,0.09,0.05,0.06,0.6210975390625001,1117.0,28.0
2026-06-26,0.04657534246575343,calls,295.0,1.449844473463177,203.4701,0.0047999998,0.04,0.05,0.05,0.06,0.648441015625,800.0,82.0
2026-06-26,0.04657534246575343,calls,300.0,1.4744181086066208,203.4701,0.0047999998,0.04,0.04,0.03,0.05,0.6523472265625001,10082.0,281.0
2026-06-26,0.04657534246575343,calls,305.0,1.4989917437500644,203.4701,0.0047999998,0.04,0.04,0.03,0.05,0.6757844921875001,1872.0,1.0
2026-06-26,0.04657534246575343,calls,310.0,1.5235653788935082,203.4701,0.0047999998,0.04,0.04,0.02,0.04,0.6796907031250001,1454.0,3.0
2026-06-26,0.04657534246575343,calls,315.0,1.5481390140369518,203.4701,0.0047999998,0.04,0.03,0.02,0.04,0.70312796875,533.0,10.0
2026-06-26,0.04657534246575343,calls,320.0,1.5727126491803955,203.4701,0.0047999998,0.04,0.02,0.02,0.03,0.710940390625,1120.0,1.0
2026-06-26,0.04657534246575343,calls,325.0,1.5972862843238391,203.4701,0.0047999998,0.04,0.03,0.01,0.03,0.7187528125,2138.0,21.0
2026-06-26,0.04657534246575343,calls,330.0,1.621859919467283,203.4701,0.0047999998,0.04,0.01,0.01,0.03,0.7421900781249999,1410.0,1.0
2026-06-26,0.04657534246575343,calls,335.0,1.6464335546107265,203.4701,0.0047999998,0.04,0.04,0.01,0.03,0.7578149218750001,93.0,3.0
2026-06-26,0.04657534246575343,calls,340.0,1.6710071897541703,203.4701,0.0047999998,0.04,0.02,0.01,0.03,0.7812521875,805.0,4.0
2026-06-26,0.04657534246575343,calls,345.0,1.6955808248976139,203.4701,0.0047999998,0.04,0.02,0.01,0.02,0.7812521875,819.0,1.0
2026-06-26,0.04657534246575343,calls,350.0,1.7201544600410577,203.4701,0.0047999998,0.04,0.01,0.0,0.02,0.773439765625,573.0,52.0
2026-06-26,0.04657534246575343,calls,360.0,1.769301730327945,203.4701,0.0047999998,0.04,0.02,0.0,0.19,0.99804689453125,186.0,1.0
2026-06-26,0.04657534246575343,calls,370.0,1.8184490006148324,203.4701,0.0047999998,0.04,0.04,0.0,0.02,0.8437515624999999,183.0,78.0
2026-06-26,0.04657534246575343,calls,380.0,1.8675962709017198,203.4701,0.0047999998,0.04,0.01,0.0,0.02,0.87500125,256.0,54.0
2026-06-26,0.04657534246575343,calls,390.0,1.9167435411886071,203.4701,0.0047999998,0.04,0.01,0.0,0.02,0.9062509375,563.0,417.0
2026-06-26,0.04657534246575343,calls,400.0,1.9658908114754945,203.4701,0.0047999998,0.04,0.03,0.0,0.01,0.9062509375,328.0,1.0
2026-06-26,0.04657534246575343,calls,410.0,2.015038081762382,203.4701,0.0047999998,0.04,0.01,0.0,0.02,0.9687503125,606.0,50.0
2026-06-26,0.04657534246575343,calls,420.0,2.064185352049269,203.4701,0.0047999998,0.04,0.01,0.0,0.02,1.000005,300.0,8.0
2026-06-26,0.04657534246575343,calls,430.0,2.1133326223361566,203.4701,0.0047999998,0.04,0.02,0.0,0.02,1.0312548437500002,40.0,1.0
2026-06-26,0.04657534246575343,calls,440.0,2.1624798926230437,203.4701,0.0047999998,0.04,0.01,0.0,0.01,1.000005,1446.0,230.0
2026-06-26,0.04657534246575343,calls,450.0,2.2116271629099313,203.4701,0.0047999998,0.04,0.01,0.0,0.18,1.3183627832031248,419.0,111.0
2026-06-26,0.04657534246575343,calls,460.0,2.2607744331968185,203.4701,0.0047999998,0.04,0.02,0.0,0.21,1.37109689453125,185.0,2.0
2026-06-26,0.04657534246575343,puts,50.0,0.2457363514344368,203.4701,0.0047999998,0.04,0.01,0.0,0.02,2.000005,520.0,500.0
2026-06-26,0.04657534246575343,puts,55.0,0.27030998657788047,203.4701,0.0047999998,0.04,0.03,0.0,0.22,2.3632853417968747,105.0,4.0
2026-06-26,0.04657534246575343,puts,60.0,0.29488362172132415,203.4701,0.0047999998,0.04,0.02,0.0,0.23,2.2226606933593747,41.0,2.0
2026-06-26,0.04657534246575343,puts,65.0,0.31945725686476784,203.4701,0.0047999998,0.04,0.02,0.0,0.01,1.5625021874999998,300.0,1.0
2026-06-26,0.04657534246575343,puts,70.0,0.3440308920082115,203.4701,0.0047999998,0.04,0.02,0.0,0.19,1.9101566992187502,52.0,20.0
2026-06-26,0.04657534246575343,puts,75.0,0.3686045271516552,203.4701,0.0047999998,0.04,0.08,0.01,0.03,1.5312523437499999,34.0,0.0
2026-06-26,0.04657534246575343,puts,80.0,0.3931781622950989,203.4701,0.0047999998,0.04,0.02,0.01,0.03,1.4375028125,30.0,10.0
2026-06-26,0.04657534246575343,puts,85.0,0.41775179743854257,203.4701,0.0047999998,0.04,0.02,0.0,0.02,1.2656286718749998,212.0,200.0
2026-06-26,0.04657534246575343,puts,90.0,0.44232543258198626,203.4701,0.0047999998,0.04,0.05,0.01,0.04,1.2890660546875,27.0,20.0
2026-06-26,0.04657534246575343,puts,95.0,0.46689906772542994,203.4701,0.0047999998,0.04,0.03,0.02,0.04,1.2343788281249999,22.0,22.0
2026-06-26,0.04657534246575343,puts,100.0,0.4914727028688736,203.4701,0.0047999998,0.04,0.06,0.02,0.04,1.15625421875,50.0,5.0
2026-06-26,0.04657534246575343,puts,105.0,0.5160463380123173,203.4701,0.0047999998,0.04,0.04,0.03,0.05,1.109379453125,17.0,1.0
2026-06-26,0.04657534246575343,puts,110.0,0.5406199731557609,203.4701,0.0047999998,0.04,0.07,0.03,0.05,1.0390673046875003,10265.0,2.0
2026-06-26,0.04657534246575343,puts,115.0,0.5651936082992046,203.4701,0.0047999998,0.04,0.05,0.04,0.06,0.992187578125,2414.0,47.0
2026-06-26,0.04657534246575343,puts,120.0,0.5897672434426483,203.4701,0.0047999998,0.04,0.07,0.05,0.07,0.9414068359375,124.0,29.0
2026-06-26,0.04657534246575343,puts,125.0,0.614340878586092,203.4701,0.0047999998,0.04,0.08,0.06,0.08,0.8906260937499999,1436.0,1306.0
2026-06-26,0.04657534246575343,puts,130.0,0.6389145137295357,203.4701,0.0047999998,0.04,0.08,0.07,0.09,0.8378922460937499,937.0,223.0
2026-06-26,0.04657534246575343,puts,135.0,0.6634881488729794,203.4701,0.0047999998,0.04,0.09,0.09,0.11,0.7949239257812499,2676.0,1.0
2026-06-26,0.04657534246575343,puts,140.0,0.688061784016423,203.4701,0.0047999998,0.04,0.1,0.11,0.13,0.7500025,1987.0,200.0
2026-06-26,0.04657534246575343,puts,145.0,0.7126354191598667,203.4701,0.0047999998,0.04,0.13,0.13,0.15,0.70117486328125,704.0,86.0
2026-06-26,0.04657534246575343,puts,150.0,0.7372090543033104,203.4701,0.0047999998,0.04,0.18,0.17,0.18,0.6601596484375001,1632.0,5.0
2026-06-26,0.04657534246575343,puts,155.0,0.7617826894467541,203.4701,0.0047999998,0.04,0.21,0.21,0.24,0.622074091796875,1479.0,155.0
2026-06-26,0.04657534246575343,puts,160.0,0.7863563245901978,203.4701,0.0047999998,0.04,0.28,0.27,0.3,0.5820354296875,849.0,121.0
2026-06-26,0.04657534246575343,puts,165.0,0.8109299597336415,203.4701,0.0047999998,0.04,0.3,0.35,0.37,0.5410202148437502,1261.0,37.0
2026-06-26,0.04657534246575343,puts,170.0,0.8355035948770851,203.4701,0.0047999998,0.04,0.49,0.47,0.49,0.5048877636718749,2085.0,116.0
2026-06-26,0.04657534246575343,puts,175.0,0.8600772300205288,203.4701,0.0047999998,0.04,0.66,0.68,0.72,0.4809622216796875,5668.0,40.0
2026-06-26,0.04657534246575343,puts,180.0,0.8846508651639725,203.4701,0.0047999998,0.04,1.03,1.02,1.06,0.4558159887695313,4330.0,366.0
2026-06-26,0.04657534246575343,puts,185.0,0.9092245003074162,203.4701,0.0047999998,0.04,1.22,1.5,1.54,0.42896078857421877,7328.0,139.0
2026-06-26,0.04657534246575343,puts,187.5,0.921511317879138,203.4701,0.0047999998,0.04,1.47,1.9,1.94,0.422857333984375,37.0,56.0
2026-06-26,0.04657534246575343,puts,190.0,0.9337981354508599,203.4701,0.0047999998,0.04,2.05,2.34,2.39,0.41431249755859373,6001.0,208.0
2026-06-26,0.04657534246575343,puts,192.5,0.9460849530225817,203.4701,0.0047999998,0.04,2.54,2.86,2.91,0.40442490112304685,81.0,53.0
2026-06-26,0.04657534246575343,puts,195.0,0.9583717705943036,203.4701,0.0047999998,0.04,3.62,3.55,3.65,0.4024717956542969,6560.0,532.0
2026-06-26,0.04657534246575343,puts,197.5,0.9706585881660253,203.4701,0.0047999998,0.04,3.8,4.3,4.4,0.3936828210449219,73.0,159.0
2026-06-26,0.04657534246575343,puts,200.0,0.9829454057377472,203.4701,0.0047999998,0.04,5.07,5.1,5.4,0.3920959228515625,13910.0,625.0
2026-06-26,0.04657534246575343,puts,202.5,0.995232223309469,203.4701,0.0047999998,0.04,6.4,6.2,6.5,0.3883117810058594,69.0,87.0
2026-06-26,0.04657534246575343,puts,205.0,1.007519040881191,203.4701,0.0047999998,0.04,7.6,7.4,7.7,0.38233039550781245,5877.0,1273.0
2026-06-26,0.04657534246575343,puts,207.5,1.0198058584529128,203.4701,0.0047999998,0.04,8.3,8.9,9.2,0.3852600537109374,323.0,373.0
2026-06-26,0.04657534246575343,puts,210.0,1.0320926760246345,203.4701,0.0047999998,0.04,10.55,10.45,10.7,0.3803772900390625,9051.0,570.0
2026-06-26,0.04657534246575343,puts,212.5,1.0443794935963564,203.4701,0.0047999998,0.04,11.77,11.95,12.55,0.38867798828125,125.0,394.0
2026-06-26,0.04657534246575343,puts,215.0,1.0566663111680783,203.4701,0.0047999998,0.04,14.0,13.8,14.35,0.3869690209960937,4705.0,183.0
2026-06-26,0.04657534246575343,puts,217.5,1.0689531287398002,203.4701,0.0047999998,0.04,14.05,15.55,16.3,0.3881897119140625,22.0,24.0
2026-06-26,0.04657534246575343,puts,220.0,1.0812399463115219,203.4701,0.0047999998,0.04,17.85,17.55,18.4,0.3940490283203125,5087.0,346.0
2026-06-26,0.04657534246575343,puts,222.5,1.0935267638832438,203.4701,0.0047999998,0.04,18.47,19.55,20.6,0.40259386474609377,11.0,50.0
2026-06-26,0.04657534246575343,puts,225.0,1.1058135814549657,203.4701,0.0047999998,0.04,20.0,22.3,22.75,0.40112903564453123,1228.0,5.0
2026-06-26,0.04657534246575343,puts,227.5,1.1181003990266873,203.4701,0.0047999998,0.04,21.4,23.85,25.05,0.40918559570312496,37.0,2.0
2026-06-26,0.04657534246575343,puts,230.0,1.1303872165984092,203.4701,0.0047999998,0.04,25.81,26.4,27.35,0.4128476684570312,576.0,34.0
2026-06-26,0.04657534246575343,puts,232.5,1.1426740341701311,203.4701,0.0047999998,0.04,26.67,28.7,29.6,0.40332627929687503,2.0,2.0
2026-06-26,0.04657534246575343,puts,235.0,1.154960851741853,203.4701,0.0047999998,0.04,29.67,31.1,32.0,0.4106504248046875,235.0,2.0
2026-06-26,0.04657534246575343,puts,240.0,1.1795344868852966,203.4701,0.0047999998,0.04,34.59,35.9,36.8,0.41211525390625,427.0,29.0
2026-06-26,0.04657534246575343,puts,245.0,1.2041081220287404,203.4701,0.0047999998,0.04,36.28,40.5,42.0,0.5004932763671875,67.0,35.0
2026-06-26,0.04657534246575343,puts,250.0,1.228681757172184,203.4701,0.0047999998,0.04,41.71,45.65,46.95,0.5314988256835937,131.0,7.0
2026-06-26,0.04657534246575343,puts,255.0,1.2532553923156278,203.4701,0.0047999998,0.04,43.95,50.65,51.9,0.5590864404296876,59.0,39.0
2026-06-26,0.04657534246575343,puts,260.0,1.2778290274590713,203.4701,0.0047999998,0.04,48.71,55.45,56.95,0.6108437353515627,248.0,2.0
2026-06-26,0.04657534246575343,puts,265.0,1.3024026626025151,203.4701,0.0047999998,0.04,53.68,60.15,61.95,0.648441015625,0.0,4.0
2026-06-26,0.04657534246575343,puts,270.0,1.3269762977459587,203.4701,0.0047999998,0.04,58.65,65.3,66.6,0.5400436621093752,0.0,3.0
2026-06-26,0.04657534246575343,puts,280.0,1.376123568032846,203.4701,0.0047999998,0.04,58.1,75.0,77.0,0.7690452783203126,0.0,40.0
2026-06-26,0.04657534246575343,puts,285.0,1.4006972031762899,203.4701,0.0047999998,0.04,65.92,80.3,81.95,0.7885763330078125,0.0,0.0
2026-06-26,0.04657534246575343,puts,300.0,1.4744181086066208,203.4701,0.0047999998,0.04,75.43,95.45,96.95,0.8842785009765625,0.0,2.0
2026-06-26,0.04657534246575343,puts,305.0,1.4989917437500644,203.4701,0.0047999998,0.04,80.4,100.15,101.95,0.9145516357421876,0.0,20.0
2026-06-26,0.04657534246575343,puts,320.0,1.5727126491803955,203.4701,0.0047999998,0.04,98.38,115.45,116.95,1.001958115234375,0.0,0.0
2026-07-02,0.06301369863013699,calls,85.0,0.41775179743854257,203.4701,0.0047999998,0.04,133.59,116.85,121.85,1.8808599707031248,1.0,0.0
2026-07-02,0.06301369863013699,calls,90.0,0.44232543258198626,203.4701,0.0047999998,0.04,118.23,111.85,117.15,1.8232430712890624,11.0,10.0
2026-07-02,0.06301369863013699,calls,95.0,0.46689906772542994,203.4701,0.0047999998,0.04,123.64,106.85,112.15,1.71484517578125,1.0,0.0
2026-07-02,0.06301369863013699,calls,100.0,0.4914727028688736,203.4701,0.0047999998,0.04,106.7,102.25,106.95,1.6420916333007813,3.0,2.0
2026-07-02,0.06301369863013699,calls,115.0,0.5651936082992046,203.4701,0.0047999998,0.04,109.83,87.2,92.15,1.3759796826171873,2.0,1.0
2026-07-02,0.06301369863013699,calls,120.0,0.5897672434426483,203.4701,0.0047999998,0.04,88.96,83.4,87.2,1.414553708496094,3.0,1.0
2026-07-02,0.06301369863013699,calls,125.0,0.614340878586092,203.4701,0.0047999998,0.04,80.8,78.4,82.05,1.3100620434570311,1.0,1.0
2026-07-02,0.06301369863013699,calls,130.0,0.6389145137295357,203.4701,0.0047999998,0.04,84.0,73.45,77.1,1.2314491552734375,1.0,0.0
2026-07-02,0.06301369863013699,calls,135.0,0.6634881488729794,203.4701,0.0047999998,0.04,85.49,68.8,72.6,1.210209027099609,5.0,4.0
2026-07-02,0.06301369863013699,calls,140.0,0.688061784016423,203.4701,0.0047999998,0.04,66.74,63.15,64.6,0.7753928710937501,57.0,3.0
2026-07-02,0.06301369863013699,calls,145.0,0.7126354191598667,203.4701,0.0047999998,0.04,61.59,58.8,59.95,0.8354508642578123,13.0,1.0
2026-07-02,0.06301369863013699,calls,150.0,0.7372090543033104,203.4701,0.0047999998,0.04,60.14,54.0,55.1,0.7973653076171875,17.0,6.0
2026-07-02,0.06301369863013699,calls,155.0,0.7617826894467541,203.4701,0.0047999998,0.04,51.15,48.15,49.95,0.6347692773437501,37.0,2.0
2026-07-02,0.06301369863013699,calls,160.0,0.7863563245901978,203.4701,0.0047999998,0.04,47.77,43.1,45.3,0.6020547607421877,1005.0,2.0
2026-07-02,0.06301369863013699,calls,165.0,0.8109299597336415,203.4701,0.0047999998,0.04,43.42,39.3,40.55,0.6408727319335938,665.0,2.0
2026-07-02,0.06301369863013699,calls,170.0,0.8355035948770851,203.4701,0.0047999998,0.04,40.03,34.65,35.3,0.5764202514648438,371.0,1.0
2026-07-02,0.06301369863013699,calls,175.0,0.8600772300205288,203.4701,0.0047999998,0.04,34.53,29.9,30.65,0.5361374511718751,627.0,39.0
2026-07-02,0.06301369863013699,calls,180.0,0.8846508651639725,203.4701,0.0047999998,0.04,27.24,25.4,25.7,0.4997608618164063,1054.0,43.0
2026-07-02,0.06301369863013699,calls,185.0,0.9092245003074162,203.4701,0.0047999998,0.04,23.3,21.05,21.4,0.47400428344726564,810.0,6.0
2026-07-02,0.06301369863013699,calls,190.0,0.9337981354508599,203.4701,0.0047999998,0.04,19.3,17.2,17.5,0.4591118542480469,1145.0,20.0
2026-07-02,0.06301369863013699,calls,195.0,0.9583717705943036,203.4701,0.0047999998,0.04,15.6,13.6,13.85,0.44067942138671873,348.0,5.0
2026-07-02,0.06301369863013699,calls,200.0,0.9829454057377472,203.4701,0.0047999998,0.04,10.35,10.35,10.55,0.4215756085205078,3064.0,185.0
2026-07-02,0.06301369863013699,calls,205.0,1.007519040881191,203.4701,0.0047999998,0.04,7.9,7.8,7.95,0.4158993957519531,11395.0,8991.0
2026-07-02,0.06301369863013699,calls,210.0,1.0320926760246345,203.4701,0.0047999998,0.04,5.84,5.75,5.8,0.4101621484375,3920.0,959.0
2026-07-02,0.06301369863013699,calls,215.0,1.0566663111680783,203.4701,0.0047999998,0.04,4.06,4.0,4.1,0.40515731567382807,9034.0,2000.0
2026-07-02,0.06301369863013699,calls,220.0,1.0812399463115219,203.4701,0.0047999998,0.04,2.8,2.9,2.95,0.4096738720703125,9603.0,744.0
2026-07-02,0.06301369863013699,calls,225.0,1.1058135814549657,203.4701,0.0047999998,0.04,1.97,1.97,2.0,0.4074766284179688,3321.0,670.0
2026-07-02,0.06301369863013699,calls,230.0,1.1303872165984092,203.4701,0.0047999998,0.04,1.36,1.33,1.38,0.41089456298828125,10454.0,2505.0
2026-07-02,0.06301369863013699,calls,235.0,1.154960851741853,203.4701,0.0047999998,0.04,0.96,0.96,1.02,0.4233456103515625,3613.0,401.0
2026-07-02,0.06301369863013699,calls,240.0,1.1795344868852966,203.4701,0.0047999998,0.04,0.7,0.69,0.71,0.428716650390625,6058.0,713.0
2026-07-02,0.06301369863013699,calls,245.0,1.2041081220287404,203.4701,0.0047999998,0.04,0.54,0.51,0.55,0.44434149414062496,2462.0,353.0
2026-07-02,0.06301369863013699,calls,250.0,1.228681757172184,203.4701,0.0047999998,0.04,0.41,0.39,0.41,0.45508357421875,4805.0,962.0
2026-07-02,0.06301369863013699,calls,255.0,1.2532553923156278,203.4701,0.0047999998,0.04,0.33,0.3,0.34,0.47363807617187503,1091.0,140.0
2026-07-02,0.06301369863013699,calls,260.0,1.2778290274590713,203.4701,0.0047999998,0.04,0.27,0.24,0.27,0.48730981445312505,3673.0,1473.0
2026-07-02,0.06301369863013699,calls,265.0,1.3024026626025151,203.4701,0.0047999998,0.04,0.25,0.21,0.24,0.5039112109375,896.0,131.0
2026-07-02,0.06301369863013699,calls,270.0,1.3269762977459587,203.4701,0.0047999998,0.04,0.19,0.17,0.19,0.51562984375,1412.0,70.0
2026-07-02,0.06301369863013699,calls,275.0,1.3515499328894025,203.4701,0.0047999998,0.04,0.16,0.14,0.16,0.5302781347656251,2415.0,159.0
2026-07-02,0.06301369863013699,calls,280.0,1.376123568032846,203.4701,0.0047999998,0.04,0.15,0.12,0.15,0.5488326367187502,719.0,6.0
2026-07-02,0.06301369863013699,calls,285.0,1.4006972031762899,203.4701,0.0047999998,0.04,0.18,0.1,0.13,0.5625043750000001,299.0,131.0
2026-07-02,0.06301369863013699,calls,290.0,1.4252708383197334,203.4701,0.0047999998,0.04,0.11,0.09,0.11,0.57812921875,531.0,63.0
2026-07-02,0.06301369863013699,calls,295.0,1.449844473463177,203.4701,0.0047999998,0.04,0.1,0.08,0.1,0.5937540625000001,223.0,4.0
2026-07-02,0.06301369863013699,calls,300.0,1.4744181086066208,203.4701,0.0047999998,0.04,0.08,0.06,0.08,0.5996133789062501,1043.0,135.0
2026-07-02,0.06301369863013699,calls,305.0,1.4989917437500644,203.4701,0.0047999998,0.04,0.08,0.06,0.08,0.6210975390625001,1474.0,1.0
2026-07-02,0.06301369863013699,calls,310.0,1.5235653788935082,203.4701,0.0047999998,0.04,0.07,0.05,0.07,0.632816171875,130.0,10.0
2026-07-02,0.06301369863013699,calls,315.0,1.5481390140369518,203.4701,0.0047999998,0.04,0.04,0.04,0.07,0.64648791015625,235.0,2.0
2026-07-02,0.06301369863013699,calls,320.0,1.5727126491803955,203.4701,0.0047999998,0.04,0.04,0.04,0.06,0.6601596484375001,292.0,2.0
2026-07-02,0.06301369863013699,calls,325.0,1.5972862843238391,203.4701,0.0047999998,0.04,0.05,0.03,0.05,0.6640658593750002,58.0,62.0
2026-07-02,0.06301369863013699,calls,330.0,1.621859919467283,203.4701,0.0047999998,0.04,0.03,0.02,0.05,0.6757844921875001,332.0,2.0
2026-07-02,0.06301369863013699,calls,335.0,1.6464335546107265,203.4701,0.0047999998,0.04,0.06,0.02,0.05,0.6953155468750001,42.0,2.0
2026-07-02,0.06301369863013699,calls,340.0,1.6710071897541703,203.4701,0.0047999998,0.04,0.07,0.02,0.04,0.70312796875,74.0,5.0
2026-07-02,0.06301369863013699,calls,345.0,1.6955808248976139,203.4701,0.0047999998,0.04,0.03,0.02,0.04,0.7187528125,62.0,2.0
2026-07-02,0.06301369863013699,calls,350.0,1.7201544600410577,203.4701,0.0047999998,0.04,0.01,0.01,0.04,0.726565234375,331.0,3.0
2026-07-02,0.06301369863013699,calls,360.0,1.769301730327945,203.4701,0.0047999998,0.04,0.01,0.01,0.03,0.7421900781249999,71.0,3.0
2026-07-02,0.06301369863013699,calls,370.0,1.8184490006148324,203.4701,0.0047999998,0.04,0.05,0.01,0.03,0.773439765625,7.0,2.0
2026-07-02,0.06301369863013699,calls,380.0,1.8675962709017198,203.4701,0.0047999998,0.04,0.02,0.0,0.2,0.93945373046875,36.0,1.0
2026-07-02,0.06301369863013699,calls,390.0,1.9167435411886071,203.4701,0.0047999998,0.04,0.03,0.0,0.03,0.8125018749999999,227.0,0.0
2026-07-02,0.06301369863013699,calls,400.0,1.9658908114754945,203.4701,0.0047999998,0.04,0.02,0.0,0.02,0.8125018749999999,99.0,12.0
2026-07-02,0.06301369863013699,calls,410.0,2.015038081762382,203.4701,0.0047999998,0.04,0.02,0.0,0.04,0.8906260937499999,42.0,8.0
2026-07-02,0.06301369863013699,calls,420.0,2.064185352049269,203.4701,0.0047999998,0.04,0.01,0.0,0.19,1.0625046875000002,27.0,2.0
2026-07-02,0.06301369863013699,calls,430.0,2.1133326223361566,203.4701,0.0047999998,0.04,0.02,0.0,0.02,0.8906260937499999,27.0,1.0
2026-07-02,0.06301369863013699,calls,450.0,2.2116271629099313,203.4701,0.0047999998,0.04,0.04,0.0,0.19,1.1484417578125,20.0,6.0
2026-07-02,0.06301369863013699,calls,460.0,2.2607744331968185,203.4701,0.0047999998,0.04,0.03,0.0,0.02,0.9687503125,2.0,0.0
2026-07-02,0.06301369863013699,puts,50.0,0.2457363514344368,203.4701,0.0047999998,0.04,0.02,0.0,0.01,1.625001875,2.0,0.0
2026-07-02,0.06301369863013699,puts,55.0,0.27030998657788047,203.4701,0.0047999998,0.04,0.03,0.0,0.03,1.6875015625,20.0,2.0
2026-07-02,0.06301369863013699,puts,60.0,0.29488362172132415,203.4701,0.0047999998,0.04,0.02,0.0,0.03,1.5625021874999998,8.0,0.0
2026-07-02,0.06301369863013699,puts,65.0,0.31945725686476784,203.4701,0.0047999998,0.04,0.01,0.0,0.03,1.46875265625,20.0,0.0
2026-07-02,0.06301369863013699,puts,80.0,0.3931781622950989,203.4701,0.0047999998,0.04,0.07,0.01,0.04,1.2656286718749998,10.0,7.0
2026-07-02,0.06301369863013699,puts,85.0,0.41775179743854257,203.4701,0.0047999998,0.04,0.05,0.02,0.05,1.23047259765625,35.0,5.0
2026-07-02,0.06301369863013699,puts,90.0,0.44232543258198626,203.4701,0.0047999998,0.04,0.02,0.01,0.23,1.3203158984374999,5.0,0.0
2026-07-02,0.06301369863013699,puts,95.0,0.46689906772542994,203.4701,0.0047999998,0.04,0.06,0.03,0.06,1.109379453125,2.0,3.0
2026-07-02,0.06301369863013699,puts,100.0,0.4914727028688736,203.4701,0.0047999998,0.04,0.11,0.04,0.06,1.05078599609375,10.0,1.0
2026-07-02,0.06301369863013699,puts,110.0,0.5406199731557609,203.4701,0.0047999998,0.04,0.09,0.05,0.08,0.945313046875,1000.0,1108.0
2026-07-02,0.06301369863013699,puts,115.0,0.5651936082992046,203.4701,0.0047999998,0.04,0.09,0.06,0.09,0.8984385156249999,3008.0,60.0
2026-07-02,0.06301369863013699,puts,120.0,0.5897672434426483,203.4701,0.0047999998,0.04,0.09,0.07,0.1,0.8476577734374999,104.0,61.0
2026-07-02,0.06301369863013699,puts,125.0,0.614340878586092,203.4701,0.0047999998,0.04,0.1,0.09,0.11,0.804689453125,81.0,25.0
2026-07-02,0.06301369863013699,puts,130.0,0.6389145137295357,203.4701,0.0047999998,0.04,0.11,0.1,0.13,0.7597680273437502,204.0,50.0
2026-07-02,0.06301369863013699,puts,135.0,0.6634881488729794,203.4701,0.0047999998,0.04,0.18,0.12,0.15,0.71679970703125,90.0,2.0
2026-07-02,0.06301369863013699,puts,140.0,0.688061784016423,203.4701,0.0047999998,0.04,0.15,0.15,0.18,0.6787141503906251,158.0,12.0
2026-07-02,0.06301369863013699,puts,145.0,0.7126354191598667,203.4701,0.0047999998,0.04,0.22,0.18,0.21,0.637698935546875,292.0,6.0
2026-07-02,0.06301369863013699,puts,150.0,0.7372090543033104,203.4701,0.0047999998,0.04,0.23,0.24,0.27,0.6064492480468751,320.0,62.0
2026-07-02,0.06301369863013699,puts,155.0,0.7617826894467541,203.4701,0.0047999998,0.04,0.29,0.3,0.34,0.5712933496093751,147.0,28.0
2026-07-02,0.06301369863013699,puts,160.0,0.7863563245901978,203.4701,0.0047999998,0.04,0.35,0.39,0.42,0.5371140039062501,1044.0,99.0
2026-07-02,0.06301369863013699,puts,165.0,0.8109299597336415,203.4701,0.0047999998,0.04,0.44,0.52,0.56,0.507817421875,1347.0,102.0
2026-07-02,0.06301369863013699,puts,170.0,0.8355035948770851,203.4701,0.0047999998,0.04,0.66,0.69,0.74,0.48120635986328125,970.0,31.0
2026-07-02,0.06301369863013699,puts,175.0,0.8600772300205288,203.4701,0.0047999998,0.04,0.91,0.98,1.03,0.45654840332031255,2092.0,142.0
2026-07-02,0.06301369863013699,puts,180.0,0.8846508651639725,203.4701,0.0047999998,0.04,1.3,1.41,1.46,0.43457596679687505,2982.0,68.0
2026-07-02,0.06301369863013699,puts,185.0,0.9092245003074162,203.4701,0.0047999998,0.04,2.0,2.08,2.16,0.42017181396484377,67419.0,154.0
2026-07-02,0.06301369863013699,puts,190.0,0.9337981354508599,203.4701,0.0047999998,0.04,2.95,3.0,3.1,0.4039366247558594,3603.0,815.0
2026-07-02,0.06301369863013699,puts,195.0,0.9583717705943036,203.4701,0.0047999998,0.04,4.4,4.5,4.6,0.4000914483642578,3746.0,733.0
2026-07-02,0.06301369863013699,puts,200.0,0.9829454057377472,203.4701,0.0047999998,0.04,6.4,6.3,6.4,0.38892212646484375,11664.0,992.0
2026-07-02,0.06301369863013699,puts,205.0,1.007519040881191,203.4701,0.0047999998,0.04,8.7,8.45,8.65,0.37683728637695313,3801.0,565.0
2026-07-02,0.06301369863013699,puts,210.0,1.0320926760246345,203.4701,0.0047999998,0.04,11.3,11.3,11.55,0.37219866088867193,4136.0,1544.0
2026-07-02,0.06301369863013699,puts,215.0,1.0566663111680783,203.4701,0.0047999998,0.04,14.1,14.6,15.15,0.3800110827636719,2009.0,70.0
2026-07-02,0.06301369863013699,puts,220.0,1.0812399463115219,203.4701,0.0047999998,0.04,16.72,18.45,19.0,0.38086556640624997,1320.0,448.0
2026-07-02,0.06301369863013699,puts,225.0,1.1058135814549657,203.4701,0.0047999998,0.04,20.69,22.4,23.45,0.4028380029296875,685.0,405.0
2026-07-02,0.06301369863013699,puts,230.0,1.1303872165984092,203.4701,0.0047999998,0.04,25.27,26.6,27.85,0.4071104211425781,400.0,12.0
2026-07-02,0.06301369863013699,puts,235.0,1.154960851741853,203.4701,0.0047999998,0.04,30.37,31.45,32.25,0.39038695556640624,118.0,8.0
2026-07-02,0.06301369863013699,puts,240.0,1.1795344868852966,203.4701,0.0047999998,0.04,35.03,36.25,37.25,0.43237872314453124,105.0,6.0
2026-07-02,0.06301369863013699,puts,245.0,1.2041081220287404,203.4701,0.0047999998,0.04,35.08,41.05,42.0,0.43335527587890627,52.0,1.0
2026-07-02,0.06301369863013699,puts,250.0,1.228681757172184,203.4701,0.0047999998,0.04,41.45,46.1,46.95,0.46045461425781253,41.0,23.0
2026-07-02,0.06301369863013699,puts,255.0,1.2532553923156278,203.4701,0.0047999998,0.04,40.5,50.9,51.85,0.4726615234375,18.0,2.0
2026-07-02,0.06301369863013699,puts,260.0,1.2778290274590713,203.4701,0.0047999998,0.04,35.15,55.65,57.1,0.5588423022460938,3.0,3.0
2026-07-02,0.06301369863013699,puts,265.0,1.3024026626025151,203.4701,0.0047999998,0.04,45.09,60.0,61.5,1.0000000000000003e-05,1.0,0.0
2026-07-02,0.06301369863013699,puts,275.0,1.3515499328894025,203.4701,0.0047999998,0.04,53.92,70.35,71.95,0.624027197265625,0.0,2.0
2026-07-02,0.06301369863013699,puts,280.0,1.376123568032846,203.4701,0.0047999998,0.04,64.39,75.5,77.1,0.6884796777343751,0.0,0.0
2026-07-02,0.06301369863013699,puts,285.0,1.4006972031762899,203.4701,0.0047999998,0.04,69.39,80.5,82.1,0.7182645361328125,0.0,0.0
2026-07-10,0.08493150684931507,calls,110.0,0.5406199731557609,203.4701,0.0047999998,0.04,111.58,91.2,97.65,1.2124062817382812,3.0,2.0
2026-07-10,0.08493150684931507,calls,115.0,0.5651936082992046,203.4701,0.0047999998,0.04,102.44,86.15,92.8,1.1477093395996092,3.0,0.0
2026-07-10,0.08493150684931507,calls,120.0,0.5897672434426483,203.4701,0.0047999998,0.04,89.16,83.5,87.25,1.2368202221679687,1.0,1.0
2026-07-10,0.08493150684931507,calls,130.0,0.6389145137295357,203.4701,0.0047999998,0.04,84.15,74.15,77.75,1.15625421875,1.0,1.0
2026-07-10,0.08493150684931507,calls,135.0,0.6634881488729794,203.4701,0.0047999998,0.04,71.66,68.95,70.1,0.8764660791015625,2.0,4.0
2026-07-10,0.08493150684931507,calls,140.0,0.688061784016423,203.4701,0.0047999998,0.04,66.9,63.8,65.05,0.7941915112304687,8.0,3.0
2026-07-10,0.08493150684931507,calls,145.0,0.7126354191598667,203.4701,0.0047999998,0.04,71.8,58.35,60.15,0.7009307250976562,3.0,0.0
2026-07-10,0.08493150684931507,calls,150.0,0.7372090543033104,203.4701,0.0047999998,0.04,56.3,54.25,55.35,0.725588681640625,5.0,2.0
2026-07-10,0.08493150684931507,calls,160.0,0.7863563245901978,203.4701,0.0047999998,0.04,49.67,44.7,45.65,0.6433141137695313,31.0,1.0
2026-07-10,0.08493150684931507,calls,165.0,0.8109299597336415,203.4701,0.0047999998,0.04,45.95,39.7,40.6,0.5776409423828125,3.0,1.0
2026-07-10,0.08493150684931507,calls,170.0,0.8355035948770851,203.4701,0.0047999998,0.04,40.2,35.05,35.7,0.5356491748046875,12.0,1.0
2026-07-10,0.08493150684931507,calls,175.0,0.8600772300205288,203.4701,0.0047999998,0.04,31.25,30.5,30.85,0.5090381127929688,110.0,5.0
2026-07-10,0.08493150684931507,calls,180.0,0.8846508651639725,203.4701,0.0047999998,0.04,30.0,26.35,26.75,0.5018360363769532,187.0,2.0
2026-07-10,0.08493150684931507,calls,185.0,0.9092245003074162,203.4701,0.0047999998,0.04,23.98,22.0,22.45,0.47046427978515626,31.0,6.0
2026-07-10,0.08493150684931507,calls,190.0,0.9337981354508599,203.4701,0.0047999998,0.04,18.6,18.15,18.5,0.44775942871093743,127.0,42.0
2026-07-10,0.08493150684931507,calls,195.0,0.9583717705943036,203.4701,0.0047999998,0.04,15.75,14.75,14.95,0.4315242395019532,829.0,45.0
2026-07-10,0.08493150684931507,calls,200.0,0.9829454057377472,203.4701,0.0047999998,0.04,11.7,11.6,11.9,0.42249112670898437,387.0,54.0
2026-07-10,0.08493150684931507,calls,205.0,1.007519040881191,203.4701,0.0047999998,0.04,9.2,9.0,9.15,0.41010111389160153,611.0,162.0
2026-07-10,0.08493150684931507,calls,210.0,1.0320926760246345,203.4701,0.0047999998,0.04,6.9,6.9,7.0,0.4063780065917969,2342.0,700.0
2026-07-10,0.08493150684931507,calls,215.0,1.0566663111680783,203.4701,0.0047999998,0.04,5.3,5.2,5.35,0.40808697387695314,1813.0,527.0
2026-07-10,0.08493150684931507,calls,220.0,1.0812399463115219,203.4701,0.0047999998,0.04,3.78,3.8,3.9,0.40332627929687503,4412.0,619.0
2026-07-10,0.08493150684931507,calls,225.0,1.1058135814549657,203.4701,0.0047999998,0.04,2.82,2.76,2.83,0.4022276574707031,2214.0,1548.0
2026-07-10,0.08493150684931507,calls,230.0,1.1303872165984092,203.4701,0.0047999998,0.04,2.08,2.05,2.11,0.4074766284179688,2614.0,489.0
2026-07-10,0.08493150684931507,calls,235.0,1.154960851741853,203.4701,0.0047999998,0.04,1.46,1.46,1.52,0.40918559570312496,2037.0,3551.0
2026-07-10,0.08493150684931507,calls,240.0,1.1795344868852966,203.4701,0.0047999998,0.04,1.12,1.1,1.15,0.4172421557617187,2180.0,413.0
2026-07-10,0.08493150684931507,calls,245.0,1.2041081220287404,203.4701,0.0047999998,0.04,0.85,0.81,0.87,0.4250545776367188,1678.0,81.0
2026-07-10,0.08493150684931507,calls,250.0,1.228681757172184,203.4701,0.0047999998,0.04,0.76,0.62,0.66,0.432622861328125,3681.0,347.0
2026-07-10,0.08493150684931507,calls,255.0,1.2532553923156278,203.4701,0.0047999998,0.04,0.59,0.49,0.52,0.44312080322265623,1586.0,58.0
2026-07-10,0.08493150684931507,calls,260.0,1.2778290274590713,203.4701,0.0047999998,0.04,0.44,0.39,0.43,0.4567925415039063,2040.0,294.0
2026-07-10,0.08493150684931507,calls,265.0,1.3024026626025151,203.4701,0.0047999998,0.04,0.32,0.32,0.35,0.4682670361328125,518.0,7.0
2026-07-10,0.08493150684931507,calls,270.0,1.3269762977459587,203.4701,0.0047999998,0.04,0.3,0.27,0.29,0.47998566894531247,5291.0,28.0
2026-07-10,0.08493150684931507,calls,275.0,1.3515499328894025,203.4701,0.0047999998,0.04,0.29,0.22,0.26,0.49707534179687507,176.0,12.0
2026-07-10,0.08493150684931507,calls,280.0,1.376123568032846,203.4701,0.0047999998,0.04,0.22,0.19,0.22,0.5034229345703125,462.0,2.0
2026-07-10,0.08493150684931507,calls,285.0,1.4006972031762899,203.4701,0.0047999998,0.04,0.22,0.16,0.19,0.51562984375,105.0,2.0
2026-07-10,0.08493150684931507,calls,290.0,1.4252708383197334,203.4701,0.0047999998,0.04,0.18,0.14,0.17,0.5293015820312501,192.0,150.0
2026-07-10,0.08493150684931507,calls,295.0,1.449844473463177,203.4701,0.0047999998,0.04,0.16,0.12,0.15,0.5410202148437502,207.0,6.0
2026-07-10,0.08493150684931507,calls,300.0,1.4744181086066208,203.4701,0.0047999998,0.04,0.12,0.11,0.13,0.55273884765625,1621.0,10.0
2026-07-10,0.08493150684931507,calls,305.0,1.4989917437500644,203.4701,0.0047999998,0.04,0.13,0.09,0.12,0.5644574804687501,95.0,42.0
2026-07-10,0.08493150684931507,calls,310.0,1.5235653788935082,203.4701,0.0047999998,0.04,0.11,0.08,0.11,0.57617611328125,141.0,21.0
2026-07-10,0.08493150684931507,calls,315.0,1.5481390140369518,203.4701,0.0047999998,0.04,0.11,0.07,0.1,0.58789474609375,43.0,1.0
2026-07-10,0.08493150684931507,calls,320.0,1.5727126491803955,203.4701,0.0047999998,0.04,0.07,0.07,0.09,0.6015664843750002,252.0,30.0
2026-07-10,0.08493150684931507,calls,325.0,1.5972862843238391,203.4701,0.0047999998,0.04,0.09,0.06,0.08,0.6113320117187502,1429.0,251.0
2026-07-10,0.08493150684931507,calls,330.0,1.621859919467283,203.4701,0.0047999998,0.04,0.06,0.05,0.07,0.6171913281250001,16.0,1.0
2026-07-10,0.08493150684931507,calls,335.0,1.6464335546107265,203.4701,0.0047999998,0.04,0.05,0.04,0.07,0.6289099609375001,413.0,7.0
2026-07-10,0.08493150684931507,calls,340.0,1.6710071897541703,203.4701,0.0047999998,0.04,0.06,0.04,0.06,0.63867548828125,66.0,1.0
2026-07-10,0.08493150684931507,calls,345.0,1.6955808248976139,203.4701,0.0047999998,0.04,0.06,0.03,0.06,0.648441015625,81.0,81.0
2026-07-10,0.08493150684931507,calls,350.0,1.7201544600410577,203.4701,0.0047999998,0.04,0.05,0.03,0.05,0.6562534375000001,147.0,4.0
2026-07-10,0.08493150684931507,calls,360.0,1.769301730327945,203.4701,0.0047999998,0.04,0.05,0.02,0.05,0.6757844921875001,58.0,1.0
2026-07-10,0.08493150684931507,calls,370.0,1.8184490006148324,203.4701,0.0047999998,0.04,0.06,0.02,0.04,0.6953155468750001,11.0,10.0
2026-07-10,0.08493150684931507,calls,380.0,1.8675962709017198,203.4701,0.0047999998,0.04,0.02,0.01,0.04,0.710940390625,43.0,2.0
2026-07-10,0.08493150684931507,calls,390.0,1.9167435411886071,203.4701,0.0047999998,0.04,0.04,0.01,0.04,0.7382838671874999,3.0,2.0
2026-07-10,0.08493150684931507,calls,400.0,1.9658908114754945,203.4701,0.0047999998,0.04,0.1,0.01,0.03,0.7500025,1.0,0.0
2026-07-10,0.08493150684931507,calls,410.0,2.015038081762382,203.4701,0.0047999998,0.04,0.01,0.0,0.04,0.773439765625,92.0,7.0
2026-07-10,0.08493150684931507,calls,420.0,2.064185352049269,203.4701,0.0047999998,0.04,0.02,0.0,0.18,0.914063359375,10.0,10.0
2026-07-10,0.08493150684931507,calls,440.0,2.1624798926230437,203.4701,0.0047999998,0.04,0.02,0.0,0.02,0.79687703125,1.0,1.0
2026-07-10,0.08493150684931507,puts,50.0,0.2457363514344368,203.4701,0.0047999998,0.04,0.01,0.0,0.18,1.85546947265625,20.0,0.0
2026-07-10,0.08493150684931507,puts,55.0,0.27030998657788047,203.4701,0.0047999998,0.04,0.01,0.0,0.03,1.453127734375,200.0,0.0
2026-07-10,0.08493150684931507,puts,60.0,0.29488362172132415,203.4701,0.0047999998,0.04,0.01,0.0,0.19,1.6289081054687498,200.0,0.0
2026-07-10,0.08493150684931507,puts,75.0,0.3686045271516552,203.4701,0.0047999998,0.04,0.04,0.0,0.2,1.3515657421874998,10.0,9.0
2026-07-10,0.08493150684931507,puts,80.0,0.3931781622950989,203.4701,0.0047999998,0.04,0.03,0.0,0.25,1.3046909765624997,2.0,2.0
2026-07-10,0.08493150684931507,puts,85.0,0.41775179743854257,203.4701,0.0047999998,0.04,0.03,0.03,0.06,1.09375453125,30.0,30.0
2026-07-10,0.08493150684931507,puts,95.0,0.46689906772542994,203.4701,0.0047999998,0.04,0.06,0.05,0.08,0.999023447265625,3.0,4.0
2026-07-10,0.08493150684931507,puts,100.0,0.4914727028688736,203.4701,0.0047999998,0.04,0.1,0.06,0.08,0.945313046875,60.0,3.0
2026-07-10,0.08493150684931507,puts,105.0,0.5160463380123173,203.4701,0.0047999998,0.04,0.12,0.07,0.1,0.90429783203125,102.0,80.0
2026-07-10,0.08493150684931507,puts,110.0,0.5406199731557609,203.4701,0.0047999998,0.04,0.16,0.08,0.11,0.85742330078125,73.0,130.0
2026-07-10,0.08493150684931507,puts,115.0,0.5651936082992046,203.4701,0.0047999998,0.04,0.12,0.1,0.13,0.8183611914062499,5796.0,1.0
2026-07-10,0.08493150684931507,puts,120.0,0.5897672434426483,203.4701,0.0047999998,0.04,0.23,0.12,0.14,0.7753928710937501,73.0,45.0
2026-07-10,0.08493150684931507,puts,125.0,0.614340878586092,203.4701,0.0047999998,0.04,0.14,0.14,0.17,0.737307314453125,66.0,1.0
2026-07-10,0.08493150684931507,puts,130.0,0.6389145137295357,203.4701,0.0047999998,0.04,0.17,0.17,0.19,0.6982452050781252,33.0,2.0
2026-07-10,0.08493150684931507,puts,135.0,0.6634881488729794,203.4701,0.0047999998,0.04,0.2,0.2,0.22,0.6601596484375001,15.0,5.0
2026-07-10,0.08493150684931507,puts,140.0,0.688061784016423,203.4701,0.0047999998,0.04,0.25,0.24,0.26,0.6250037500000001,33.0,44.0
2026-07-10,0.08493150684931507,puts,145.0,0.7126354191598667,203.4701,0.0047999998,0.04,0.28,0.29,0.31,0.5908244042968751,74.0,1.0
2026-07-10,0.08493150684931507,puts,150.0,0.7372090543033104,203.4701,0.0047999998,0.04,0.32,0.35,0.38,0.5576216113281252,211.0,16.0
2026-07-10,0.08493150684931507,puts,155.0,0.7617826894467541,203.4701,0.0047999998,0.04,0.46,0.45,0.48,0.5293015820312501,75.0,6.0
2026-07-10,0.08493150684931507,puts,160.0,0.7863563245901978,203.4701,0.0047999998,0.04,0.52,0.58,0.62,0.5024463818359376,1077.0,6.0
2026-07-10,0.08493150684931507,puts,165.0,0.8109299597336415,203.4701,0.0047999998,0.04,0.72,0.76,0.81,0.4804739453125,809.0,17.0
2026-07-10,0.08493150684931507,puts,170.0,0.8355035948770851,203.4701,0.0047999998,0.04,0.97,1.03,1.08,0.45752495605468757,644.0,17.0
2026-07-10,0.08493150684931507,puts,175.0,0.8600772300205288,203.4701,0.0047999998,0.04,1.23,1.46,1.51,0.44067942138671873,882.0,62.0
2026-07-10,0.08493150684931507,puts,180.0,0.8846508651639725,203.4701,0.0047999998,0.04,1.96,1.99,2.05,0.42127043579101564,1398.0,159.0
2026-07-10,0.08493150684931507,puts,185.0,0.9092245003074162,203.4701,0.0047999998,0.04,2.8,2.88,2.94,0.41199318481445313,1059.0,170.0
2026-07-10,0.08493150684931507,puts,190.0,0.9337981354508599,203.4701,0.0047999998,0.04,4.0,3.9,4.05,0.3994811029052735,2192.0,213.0
2026-07-10,0.08493150684931507,puts,195.0,0.9583717705943036,203.4701,0.0047999998,0.04,5.4,5.4,5.5,0.3878235046386719,2156.0,220.0
2026-07-10,0.08493150684931507,puts,200.0,0.9829454057377472,203.4701,0.0047999998,0.04,7.2,7.3,7.45,0.3815369464111328,3712.0,424.0
2026-07-10,0.08493150684931507,puts,205.0,1.007519040881191,203.4701,0.0047999998,0.04,9.75,9.6,9.85,0.37628797546386716,1353.0,197.0
2026-07-10,0.08493150684931507,puts,210.0,1.0320926760246345,203.4701,0.0047999998,0.04,11.25,12.35,12.65,0.36963520996093746,2055.0,2229.0
2026-07-10,0.08493150684931507,puts,215.0,1.0566663111680783,203.4701,0.0047999998,0.04,14.25,15.6,16.1,0.3734193518066406,670.0,200.0
2026-07-10,0.08493150684931507,puts,220.0,1.0812399463115219,203.4701,0.0047999998,0.04,17.66,19.2,19.85,0.3748841809082031,3192.0,643.0
2026-07-10,0.08493150684931507,puts,225.0,1.1058135814549657,203.4701,0.0047999998,0.04,23.16,22.8,23.8,0.3704896936035156,202.0,604.0
2026-07-10,0.08493150684931507,puts,230.0,1.1303872165984092,203.4701,0.0047999998,0.04,26.01,27.25,28.45,0.39600213378906257,457.0,1.0
2026-07-10,0.08493150684931507,puts,235.0,1.154960851741853,203.4701,0.0047999998,0.04,30.39,31.55,33.35,0.4331111376953125,35.0,1.0
2026-07-10,0.08493150684931507,puts,240.0,1.1795344868852966,203.4701,0.0047999998,0.04,33.55,36.45,37.25,0.3745179736328125,21.0,1.0
2026-07-10,0.08493150684931507,puts,245.0,1.2041081220287404,203.4701,0.0047999998,0.04,22.35,41.1,42.05,0.38281867187499996,5.0,3.0
2026-07-10,0.08493150684931507,puts,250.0,1.228681757172184,203.4701,0.0047999998,0.04,43.3,46.1,46.95,0.39893179199218753,3.0,25.0
2026-07-10,0.08493150684931507,puts,255.0,1.2532553923156278,203.4701,0.0047999998,0.04,46.35,51.05,51.85,0.4096738720703125,50.0,50.0
2026-07-10,0.08493150684931507,puts,260.0,1.2778290274590713,203.4701,0.0047999998,0.04,33.6,55.35,57.4,0.526371923828125,1.0,0.0
2026-07-10,0.08493150684931507,puts,265.0,1.3024026626025151,203.4701,0.0047999998,0.04,52.8,60.55,62.2,0.5293015820312501,25.0,0.0
2026-07-10,0.08493150684931507,puts,275.0,1.3515499328894025,203.4701,0.0047999998,0.04,49.89,70.4,72.1,0.569340244140625,0.0,0.0
2026-07-10,0.08493150684931507,puts,280.0,1.376123568032846,203.4701,0.0047999998,0.04,55.65,75.45,77.1,0.5961954443359375,1.0,0.0
2026-07-17,0.10410958904109589,calls,2.5,0.01228681757172184,203.4701,0.0047999998,0.04,211.87,198.2,204.2,6.500001875000001,10.0,0.0
2026-07-17,0.10410958904109589,calls,5.0,0.02457363514344368,203.4701,0.0047999998,0.04,203.76,196.05,201.7,5.7500028125,90.0,50.0
2026-07-17,0.10410958904109589,calls,15.0,0.07372090543033104,203.4701,0.0047999998,0.04,195.05,187.5,191.5,4.501957497558593,1.0,1.0
2026-07-17,0.10410958904109589,calls,20.0,0.09829454057377472,203.4701,0.0047999998,0.04,197.88,181.65,186.75,3.707031982421875,0.0,14.0
2026-07-17,0.10410958904109589,calls,25.0,0.1228681757172184,203.4701,0.0047999998,0.04,187.76,176.95,181.75,3.443360766601563,14.0,14.0
2026-07-17,0.10410958904109589,calls,30.0,0.14744181086066208,203.4701,0.0047999998,0.04,182.0,171.85,176.7,3.0830101049804686,0.0,0.0
2026-07-17,0.10410958904109589,calls,35.0,0.17201544600410576,203.4701,0.0047999998,0.04,192.73,167.45,171.75,3.0117212207031248,1.0,0.0
2026-07-17,0.10410958904109589,calls,40.0,0.19658908114754944,203.4701,0.0047999998,0.04,175.09,162.15,166.8,2.722659443359375,1.0,0.0
2026-07-17,0.10410958904109589,calls,50.0,0.2457363514344368,203.4701,0.0047999998,0.04,159.61,152.65,156.65,2.4277383056640627,117.0,15.0
2026-07-17,0.10410958904109589,calls,55.0,0.27030998657788047,203.4701,0.0047999998,0.04,159.25,147.1,151.9,2.2119185327148427,50.0,1.0
2026-07-17,0.10410958904109589,calls,60.0,0.29488362172132415,203.4701,0.0047999998,0.04,155.57,142.35,146.9,2.1171922070312497,20.0,35.0
2026-07-17,0.10410958904109589,calls,65.0,0.31945725686476784,203.4701,0.0047999998,0.04,151.22,137.2,142.1,1.9946289331054685,84.0,40.0
2026-07-17,0.10410958904109589,calls,70.0,0.3440308920082115,203.4701,0.0047999998,0.04,151.43,132.1,136.95,1.8344734838867183,24.0,10.0
2026-07-17,0.10410958904109589,calls,75.0,0.3686045271516552,203.4701,0.0047999998,0.04,145.64,127.25,131.95,1.7475598559570313,24.0,15.0
2026-07-17,0.10410958904109589,calls,80.0,0.3931781622950989,203.4701,0.0047999998,0.04,128.9,122.0,125.9,1.4140654296875002,32.0,4.0
2026-07-17,0.10410958904109589,calls,85.0,0.41775179743854257,203.4701,0.0047999998,0.04,141.94,118.7,122.3,1.7495129711914061,65.0,3.0
2026-07-17,0.10410958904109589,calls,90.0,0.44232543258198626,203.4701,0.0047999998,0.04,118.17,113.35,116.8,1.5646994421386715,58.0,23.0
2026-07-17,0.10410958904109589,calls,95.0,0.46689906772542994,203.4701,0.0047999998,0.04,114.56,108.6,112.05,1.5207543493652342,114.0,1.0
2026-07-17,0.10410958904109589,calls,100.0,0.4914727028688736,203.4701,0.0047999998,0.04,108.57,103.35,106.6,1.3667023852539062,4584.0,155.0
2026-07-17,0.10410958904109589,calls,105.0,0.5160463380123173,203.4701,0.0047999998,0.04,114.05,98.65,99.8,1.1196333081054686,61.0,27.0
2026-07-17,0.10410958904109589,calls,110.0,0.5406199731557609,203.4701,0.0047999998,0.04,98.0,93.75,97.15,1.284915684814453,3260.0,3.0
2026-07-17,0.10410958904109589,calls,115.0,0.5651936082992046,203.4701,0.0047999998,0.04,93.16,88.6,92.15,1.1953165234375,287.0,4.0
2026-07-17,0.10410958904109589,calls,120.0,0.5897672434426483,203.4701,0.0047999998,0.04,88.84,83.75,87.2,1.1342816723632816,296.0,2.0
2026-07-17,0.10410958904109589,calls,125.0,0.614340878586092,203.4701,0.0047999998,0.04,82.41,78.8,80.15,0.9082040429687499,950.0,13.0
2026-07-17,0.10410958904109589,calls,130.0,0.6389145137295357,203.4701,0.0047999998,0.04,78.38,73.45,75.6,0.8544936425781251,393.0,6.0
2026-07-17,0.10410958904109589,calls,135.0,0.6634881488729794,203.4701,0.0047999998,0.04,70.02,68.55,70.15,0.7641625146484375,410.0,11.0
2026-07-17,0.10410958904109589,calls,140.0,0.688061784016423,203.4701,0.0047999998,0.04,66.3,64.3,65.15,0.7644066528320312,1027.0,13.0
2026-07-17,0.10410958904109589,calls,145.0,0.7126354191598667,203.4701,0.0047999998,0.04,63.08,59.3,60.3,0.7153348779296875,5370.0,5.0
2026-07-17,0.10410958904109589,calls,150.0,0.7372090543033104,203.4701,0.0047999998,0.04,57.52,54.5,55.15,0.6604037866210939,1492.0,12.0
2026-07-17,0.10410958904109589,calls,155.0,0.7617826894467541,203.4701,0.0047999998,0.04,56.2,49.65,50.5,0.6303747900390625,491.0,2.0
2026-07-17,0.10410958904109589,calls,160.0,0.7863563245901978,203.4701,0.0047999998,0.04,47.25,45.0,45.65,0.5965616516113281,2832.0,9.0
2026-07-17,0.10410958904109589,calls,165.0,0.8109299597336415,203.4701,0.0047999998,0.04,43.3,40.25,40.95,0.5612836840820312,1109.0,176.0
2026-07-17,0.10410958904109589,calls,170.0,0.8355035948770851,203.4701,0.0047999998,0.04,38.4,35.6,36.15,0.5227098510742187,3172.0,13.0
2026-07-17,0.10410958904109589,calls,175.0,0.8600772300205288,203.4701,0.0047999998,0.04,33.49,31.45,31.85,0.5123339782714844,5754.0,12.0
2026-07-17,0.10410958904109589,calls,180.0,0.8846508651639725,203.4701,0.0047999998,0.04,27.0,27.05,27.4,0.49042257629394537,13822.0,99.0
2026-07-17,0.10410958904109589,calls,185.0,0.9092245003074162,203.4701,0.0047999998,0.04,24.0,22.9,23.15,0.46057668334960944,8522.0,29.0
2026-07-17,0.10410958904109589,calls,190.0,0.9337981354508599,203.4701,0.0047999998,0.04,19.48,19.3,19.5,0.4497125341796875,21423.0,101.0
2026-07-17,0.10410958904109589,calls,195.0,0.9583717705943036,203.4701,0.0047999998,0.04,15.9,15.85,15.95,0.43140217041015627,32897.0,313.0
2026-07-17,0.10410958904109589,calls,200.0,0.9829454057377472,203.4701,0.0047999998,0.04,12.9,12.95,13.05,0.426885614013672,78150.0,1356.0
2026-07-17,0.10410958904109589,calls,205.0,1.007519040881191,203.4701,0.0047999998,0.04,10.5,10.35,10.5,0.42236905761718746,13400.0,659.0
2026-07-17,0.10410958904109589,calls,210.0,1.0320926760246345,203.4701,0.0047999998,0.04,8.1,8.2,8.3,0.4179135357666015,21715.0,6803.0
2026-07-17,0.10410958904109589,calls,215.0,1.0566663111680783,203.4701,0.0047999998,0.04,6.3,6.25,6.35,0.4099790447998046,33642.0,2526.0
2026-07-17,0.10410958904109589,calls,220.0,1.0812399463115219,203.4701,0.0047999998,0.04,4.95,4.85,4.95,0.41138283935546877,79532.0,5859.0
2026-07-17,0.10410958904109589,calls,225.0,1.1058135814549657,203.4701,0.0047999998,0.04,3.72,3.65,3.75,0.4096738720703125,24047.0,1912.0
2026-07-17,0.10410958904109589,calls,230.0,1.1303872165984092,203.4701,0.0047999998,0.04,2.78,2.78,2.83,0.4097959411621094,45335.0,7809.0
2026-07-17,0.10410958904109589,calls,235.0,1.154960851741853,203.4701,0.0047999998,0.04,2.15,2.12,2.17,0.41358008300781246,19448.0,898.0
2026-07-17,0.10410958904109589,calls,240.0,1.1795344868852966,203.4701,0.0047999998,0.04,1.64,1.64,1.68,0.41919526123046874,42644.0,2100.0
2026-07-17,0.10410958904109589,calls,245.0,1.2041081220287404,203.4701,0.0047999998,0.04,1.26,1.24,1.28,0.4229794030761719,18186.0,278.0
2026-07-17,0.10410958904109589,calls,250.0,1.228681757172184,203.4701,0.0047999998,0.04,1.01,1.01,1.02,0.43140217041015627,77452.0,12745.0
2026-07-17,0.10410958904109589,calls,255.0,1.2532553923156278,203.4701,0.0047999998,0.04,0.8,0.8,0.82,0.4401911450195312,12758.0,266.0
2026-07-17,0.10410958904109589,calls,260.0,1.2778290274590713,203.4701,0.0047999998,0.04,0.65,0.62,0.65,0.44727115234375,23589.0,1697.0
2026-07-17,0.10410958904109589,calls,265.0,1.3024026626025151,203.4701,0.0047999998,0.04,0.54,0.54,0.55,0.4592339233398438,20167.0,4788.0
2026-07-17,0.10410958904109589,calls,270.0,1.3269762977459587,203.4701,0.0047999998,0.04,0.49,0.42,0.46,0.46973186523437505,11279.0,116.0
2026-07-17,0.10410958904109589,calls,275.0,1.3515499328894025,203.4701,0.0047999998,0.04,0.39,0.35,0.39,0.4802298071289062,7012.0,79.0
2026-07-17,0.10410958904109589,calls,280.0,1.376123568032846,203.4701,0.0047999998,0.04,0.33,0.3,0.32,0.48779809082031256,9043.0,392.0
2026-07-17,0.10410958904109589,calls,285.0,1.4006972031762899,203.4701,0.0047999998,0.04,0.3,0.26,0.29,0.5019581054687501,3538.0,68.0
2026-07-17,0.10410958904109589,calls,290.0,1.4252708383197334,203.4701,0.0047999998,0.04,0.24,0.23,0.25,0.508793974609375,4976.0,105.0
2026-07-17,0.10410958904109589,calls,295.0,1.449844473463177,203.4701,0.0047999998,0.04,0.19,0.19,0.22,0.51758294921875,2740.0,15.0
2026-07-17,0.10410958904109589,calls,300.0,1.4744181086066208,203.4701,0.0047999998,0.04,0.18,0.18,0.19,0.5297898583984376,26160.0,3940.0
2026-07-17,0.10410958904109589,calls,305.0,1.4989917437500644,203.4701,0.0047999998,0.04,0.19,0.15,0.17,0.5380905566406251,875.0,2.0
2026-07-17,0.10410958904109589,calls,310.0,1.5235653788935082,203.4701,0.0047999998,0.04,0.14,0.13,0.15,0.5468795312500001,4093.0,57.0
2026-07-17,0.10410958904109589,calls,315.0,1.5481390140369518,203.4701,0.0047999998,0.04,0.13,0.11,0.13,0.5546919531250001,797.0,11.0
2026-07-17,0.10410958904109589,calls,320.0,1.5727126491803955,203.4701,0.0047999998,0.04,0.11,0.1,0.12,0.5654340332031251,3181.0,58.0
2026-07-17,0.10410958904109589,calls,325.0,1.5972862843238391,203.4701,0.0047999998,0.04,0.11,0.09,0.11,0.57617611328125,1204.0,4.0
2026-07-17,0.10410958904109589,calls,330.0,1.621859919467283,203.4701,0.0047999998,0.04,0.1,0.09,0.1,0.58789474609375,2274.0,8.0
2026-07-17,0.10410958904109589,calls,335.0,1.6464335546107265,203.4701,0.0047999998,0.04,0.09,0.07,0.1,0.59570716796875,613.0,1.0
2026-07-17,0.10410958904109589,calls,340.0,1.6710071897541703,203.4701,0.0047999998,0.04,0.08,0.06,0.08,0.5996133789062501,3115.0,321.0
2026-07-17,0.10410958904109589,calls,345.0,1.6955808248976139,203.4701,0.0047999998,0.04,0.09,0.06,0.08,0.6132851171875001,574.0,7.0
2026-07-17,0.10410958904109589,calls,350.0,1.7201544600410577,203.4701,0.0047999998,0.04,0.07,0.05,0.07,0.6171913281250001,24253.0,74.0
2026-07-17,0.10410958904109589,calls,355.0,1.7447280951845012,203.4701,0.0047999998,0.04,0.08,0.05,0.07,0.632816171875,365.0,11.0
2026-07-17,0.10410958904109589,calls,360.0,1.769301730327945,203.4701,0.0047999998,0.04,0.07,0.05,0.07,0.64648791015625,3710.0,6.0
2026-07-17,0.10410958904109589,calls,365.0,1.7938753654713886,203.4701,0.0047999998,0.04,0.11,0.04,0.06,0.648441015625,660.0,1.0
2026-07-17,0.10410958904109589,calls,370.0,1.8184490006148324,203.4701,0.0047999998,0.04,0.05,0.04,0.06,0.6601596484375001,417.0,67.0
2026-07-17,0.10410958904109589,calls,375.0,1.843022635758276,203.4701,0.0047999998,0.04,0.05,0.03,0.06,0.6679720703125002,193.0,61.0
2026-07-17,0.10410958904109589,calls,380.0,1.8675962709017198,203.4701,0.0047999998,0.04,0.05,0.03,0.05,0.6718782812500002,187.0,26.0
2026-07-17,0.10410958904109589,calls,385.0,1.8921699060451633,203.4701,0.0047999998,0.04,0.04,0.03,0.05,0.6835969140625001,216.0,2.0
2026-07-17,0.10410958904109589,calls,390.0,1.9167435411886071,203.4701,0.0047999998,0.04,0.03,0.02,0.05,0.6875031250000001,228.0,40.0
2026-07-17,0.10410958904109589,calls,395.0,1.9413171763320507,203.4701,0.0047999998,0.04,0.03,0.02,0.05,0.6992217578125001,63.0,2.0
2026-07-17,0.10410958904109589,calls,400.0,1.9658908114754945,203.4701,0.0047999998,0.04,0.04,0.02,0.04,0.70312796875,6001.0,9.0
2026-07-17,0.10410958904109589,calls,405.0,1.990464446618938,203.4701,0.0047999998,0.04,0.05,0.02,0.04,0.7148466015625,109.0,1.0
2026-07-17,0.10410958904109589,calls,410.0,2.015038081762382,203.4701,0.0047999998,0.04,0.04,0.01,0.04,0.710940390625,327.0,20.0
2026-07-17,0.10410958904109589,calls,415.0,2.0396117169058257,203.4701,0.0047999998,0.04,0.05,0.01,0.04,0.7226590234375,2.0,2.0
2026-07-17,0.10410958904109589,calls,420.0,2.064185352049269,203.4701,0.0047999998,0.04,0.03,0.02,0.03,0.73437765625,1605.0,9.0
2026-07-17,0.10410958904109589,calls,425.0,2.088758987192713,203.4701,0.0047999998,0.04,0.04,0.01,0.04,0.7460962890625,42.0,3.0
2026-07-17,0.10410958904109589,calls,430.0,2.1133326223361566,203.4701,0.0047999998,0.04,0.02,0.01,0.03,0.7421900781249999,128.0,2.0
2026-07-17,0.10410958904109589,calls,435.0,2.1379062574796004,203.4701,0.0047999998,0.04,0.04,0.01,0.03,0.7500025,505.0,103.0
2026-07-17,0.10410958904109589,calls,440.0,2.1624798926230437,203.4701,0.0047999998,0.04,0.05,0.01,0.03,0.7617211328125001,1428.0,212.0
2026-07-17,0.10410958904109589,calls,445.0,2.1870535277664875,203.4701,0.0047999998,0.04,0.03,0.01,0.03,0.773439765625,152.0,10.0
2026-07-17,0.10410958904109589,calls,450.0,2.2116271629099313,203.4701,0.0047999998,0.04,0.02,0.0,0.05,0.79687703125,1934.0,44.0
2026-07-17,0.10410958904109589,calls,455.0,2.2362007980533747,203.4701,0.0047999998,0.04,0.03,0.0,0.05,0.804689453125,1729.0,24.0
2026-07-17,0.10410958904109589,calls,460.0,2.2607744331968185,203.4701,0.0047999998,0.04,0.02,0.01,0.03,0.8007832421875,12208.0,370.0
2026-07-17,0.10410958904109589,puts,15.0,0.07372090543033104,203.4701,0.0047999998,0.04,0.01,0.0,0.01,2.3750040624999995,3.0,1.0
2026-07-17,0.10410958904109589,puts,20.0,0.09829454057377472,203.4701,0.0047999998,0.04,0.01,0.0,0.01,2.1250046874999997,11.0,1.0
2026-07-17,0.10410958904109589,puts,30.0,0.14744181086066208,203.4701,0.0047999998,0.04,0.01,0.0,0.02,1.8437507812499998,1340.0,0.0
2026-07-17,0.10410958904109589,puts,35.0,0.17201544600410576,203.4701,0.0047999998,0.04,0.01,0.0,0.18,2.1015672460937496,842.0,0.0
2026-07-17,0.10410958904109589,puts,40.0,0.19658908114754944,203.4701,0.0047999998,0.04,0.02,0.0,0.03,1.625001875,4389.0,1021.0
2026-07-17,0.10410958904109589,puts,45.0,0.22116271629099313,203.4701,0.0047999998,0.04,0.01,0.0,0.19,1.8125009374999999,1520.0,1500.0
2026-07-17,0.10410958904109589,puts,50.0,0.2457363514344368,203.4701,0.0047999998,0.04,0.03,0.0,0.04,1.453127734375,14574.0,311.0
2026-07-17,0.10410958904109589,puts,55.0,0.27030998657788047,203.4701,0.0047999998,0.04,0.03,0.0,0.1,1.47265888671875,2149.0,1139.0
2026-07-17,0.10410958904109589,puts,60.0,0.29488362172132415,203.4701,0.0047999998,0.04,0.05,0.0,0.24,1.5156274218749999,114.0,6.0
2026-07-17,0.10410958904109589,puts,65.0,0.31945725686476784,203.4701,0.0047999998,0.04,0.04,0.01,0.2,1.3984405078125,6664.0,3.0
2026-07-17,0.10410958904109589,puts,70.0,0.3440308920082115,203.4701,0.0047999998,0.04,0.05,0.01,0.05,1.1484417578125,1518.0,121.0
2026-07-17,0.10410958904109589,puts,75.0,0.3686045271516552,203.4701,0.0047999998,0.04,0.04,0.01,0.05,1.0781296093750001,975.0,400.0
2026-07-17,0.10410958904109589,puts,80.0,0.3931781622950989,203.4701,0.0047999998,0.04,0.07,0.04,0.06,1.0664109179687502,2426.0,267.0
2026-07-17,0.10410958904109589,puts,85.0,0.41775179743854257,203.4701,0.0047999998,0.04,0.04,0.04,0.07,1.01172369140625,1227.0,2.0
2026-07-17,0.10410958904109589,puts,90.0,0.44232543258198626,203.4701,0.0047999998,0.04,0.05,0.05,0.08,0.9648441015625,2284.0,2.0
2026-07-17,0.10410958904109589,puts,95.0,0.46689906772542994,203.4701,0.0047999998,0.04,0.1,0.06,0.09,0.91992267578125,10754.0,1.0
2026-07-17,0.10410958904109589,puts,100.0,0.4914727028688736,203.4701,0.0047999998,0.04,0.08,0.08,0.09,0.87500125,7467.0,8.0
2026-07-17,0.10410958904109589,puts,105.0,0.5160463380123173,203.4701,0.0047999998,0.04,0.09,0.09,0.11,0.8339860351562498,7087.0,10.0
2026-07-17,0.10410958904109589,puts,110.0,0.5406199731557609,203.4701,0.0047999998,0.04,0.12,0.11,0.13,0.79883013671875,1523.0,5.0
2026-07-17,0.10410958904109589,puts,115.0,0.5651936082992046,203.4701,0.0047999998,0.04,0.17,0.13,0.16,0.76367423828125,6021.0,5.0
2026-07-17,0.10410958904109589,puts,120.0,0.5897672434426483,203.4701,0.0047999998,0.04,0.16,0.15,0.18,0.7246121289062499,3334.0,107.0
2026-07-17,0.10410958904109589,puts,125.0,0.614340878586092,203.4701,0.0047999998,0.04,0.19,0.18,0.21,0.6894562304687502,12239.0,81.0
2026-07-17,0.10410958904109589,puts,130.0,0.6389145137295357,203.4701,0.0047999998,0.04,0.22,0.22,0.24,0.6552768847656252,15493.0,30.0
2026-07-17,0.10410958904109589,puts,135.0,0.6634881488729794,203.4701,0.0047999998,0.04,0.25,0.27,0.3,0.6269568554687501,6692.0,7.0
2026-07-17,0.10410958904109589,puts,140.0,0.688061784016423,203.4701,0.0047999998,0.04,0.32,0.33,0.36,0.5961954443359375,21750.0,58.0
2026-07-17,0.10410958904109589,puts,145.0,0.7126354191598667,203.4701,0.0047999998,0.04,0.36,0.4,0.43,0.5654340332031251,16317.0,7.0
2026-07-17,0.10410958904109589,puts,150.0,0.7372090543033104,203.4701,0.0047999998,0.04,0.49,0.5,0.53,0.5380905566406251,24950.0,16.0
2026-07-17,0.10410958904109589,puts,155.0,0.7617826894467541,203.4701,0.0047999998,0.04,0.59,0.62,0.66,0.5107470800781251,17879.0,16.0
2026-07-17,0.10410958904109589,puts,160.0,0.7863563245901978,203.4701,0.0047999998,0.04,0.73,0.82,0.85,0.4909718872070313,19530.0,185.0
2026-07-17,0.10410958904109589,puts,165.0,0.8109299597336415,203.4701,0.0047999998,0.04,1.09,1.06,1.1,0.4686332434082031,18528.0,287.0
2026-07-17,0.10410958904109589,puts,170.0,0.8355035948770851,203.4701,0.0047999998,0.04,1.39,1.41,1.46,0.4497125341796875,22493.0,659.0
2026-07-17,0.10410958904109589,puts,175.0,0.8600772300205288,203.4701,0.0047999998,0.04,1.85,1.91,1.96,0.4331111376953125,24300.0,168.0
2026-07-17,0.10410958904109589,puts,180.0,0.8846508651639725,203.4701,0.0047999998,0.04,2.67,2.59,2.66,0.4195614685058594,62136.0,1957.0
2026-07-17,0.10410958904109589,puts,185.0,0.9092245003074162,203.4701,0.0047999998,0.04,3.59,3.6,3.7,0.4128476684570312,21910.0,1660.0
2026-07-17,0.10410958904109589,puts,190.0,0.9337981354508599,203.4701,0.0047999998,0.04,4.8,4.7,4.8,0.39600213378906257,30105.0,1267.0
2026-07-17,0.10410958904109589,puts,195.0,0.9583717705943036,203.4701,0.0047999998,0.04,6.55,6.5,6.65,0.398443515625,23872.0,5268.0
2026-07-17,0.10410958904109589,puts,200.0,0.9829454057377472,203.4701,0.0047999998,0.04,8.38,8.25,8.35,0.3802552209472656,99960.0,1601.0
2026-07-17,0.10410958904109589,puts,205.0,1.007519040881191,203.4701,0.0047999998,0.04,10.65,10.75,10.9,0.38043832458496096,18738.0,3961.0
2026-07-17,0.10410958904109589,puts,210.0,1.0320926760246345,203.4701,0.0047999998,0.04,13.54,13.3,13.5,0.36762106994628907,21013.0,861.0
2026-07-17,0.10410958904109589,puts,215.0,1.0566663111680783,203.4701,0.0047999998,0.04,16.7,16.75,17.0,0.37525038818359374,9558.0,421.0
2026-07-17,0.10410958904109589,puts,220.0,1.0812399463115219,203.4701,0.0047999998,0.04,18.59,19.6,20.4,0.36475244628906256,10700.0,422.0
2026-07-17,0.10410958904109589,puts,225.0,1.1058135814549657,203.4701,0.0047999998,0.04,22.92,23.8,24.35,0.3646914117431641,5885.0,9.0
2026-07-17,0.10410958904109589,puts,230.0,1.1303872165984092,203.4701,0.0047999998,0.04,27.6,27.75,28.25,0.3461979443359374,7262.0,45.0
2026-07-17,0.10410958904109589,puts,235.0,1.154960851741853,203.4701,0.0047999998,0.04,32.0,32.3,32.95,0.36475244628906256,3027.0,117.0
2026-07-17,0.10410958904109589,puts,240.0,1.1795344868852966,203.4701,0.0047999998,0.04,35.05,36.9,37.55,0.36817038085937503,1155.0,495.0
2026-07-17,0.10410958904109589,puts,245.0,1.2041081220287404,203.4701,0.0047999998,0.04,37.0,41.55,42.25,0.37085590087890624,322.0,13.0
2026-07-17,0.10410958904109589,puts,250.0,1.228681757172184,203.4701,0.0047999998,0.04,44.49,46.4,47.15,0.3891662646484375,2701.0,124.0
2026-07-17,0.10410958904109589,puts,255.0,1.2532553923156278,203.4701,0.0047999998,0.04,51.2,51.25,52.0,0.39649041015625003,562.0,13.0
2026-07-17,0.10410958904109589,puts,260.0,1.2778290274590713,203.4701,0.0047999998,0.04,53.55,56.1,56.85,0.39649041015625003,1164.0,3.0
2026-07-17,0.10410958904109589,puts,265.0,1.3024026626025151,203.4701,0.0047999998,0.04,58.4,60.9,61.8,0.4106504248046875,403.0,3.0
2026-07-17,0.10410958904109589,puts,270.0,1.3269762977459587,203.4701,0.0047999998,0.04,63.16,65.7,66.75,0.42188078125,630.0,50.0
2026-07-17,0.10410958904109589,puts,275.0,1.3515499328894025,203.4701,0.0047999998,0.04,65.75,70.75,72.1,0.5158739819335938,1138.0,25.0
2026-07-17,0.10410958904109589,puts,280.0,1.376123568032846,203.4701,0.0047999998,0.04,71.2,75.15,77.05,0.5317429638671876,527.0,22.0
2026-07-17,0.10410958904109589,puts,285.0,1.4006972031762899,203.4701,0.0047999998,0.04,60.85,80.65,82.05,0.5551802294921876,0.0,1.0
2026-07-17,0.10410958904109589,puts,290.0,1.4252708383197334,203.4701,0.0047999998,0.04,84.87,85.25,87.1,0.586918193359375,0.0,20.0
2026-07-17,0.10410958904109589,puts,295.0,1.449844473463177,203.4701,0.0047999998,0.04,75.99,90.5,92.05,0.6001016552734376,0.0,10.0
2026-07-17,0.10410958904109589,puts,300.0,1.4744181086066208,203.4701,0.0047999998,0.04,79.83,95.6,97.1,0.6311072045898438,0.0,8.0
2026-07-17,0.10410958904109589,puts,305.0,1.4989917437500644,203.4701,0.0047999998,0.04,90.94,100.65,102.05,0.6428258374023439,0.0,0.0
2026-07-17,0.10410958904109589,puts,310.0,1.5235653788935082,203.4701,0.0047999998,0.04,128.34,120.9,124.25,1.6313494995117184,0.0,1.0
2026-07-17,0.10410958904109589,puts,320.0,1.5727126491803955,203.4701,0.0047999998,0.04,106.26,115.15,117.05,0.7036162451171876,0.0,3.0
2026-07-17,0.10410958904109589,puts,325.0,1.5972862843238391,203.4701,0.0047999998,0.04,111.04,120.15,122.05,0.7226590234375,0.0,1.0
2026-07-17,0.10410958904109589,puts,330.0,1.621859919467283,203.4701,0.0047999998,0.04,121.35,125.8,127.05,0.7417018017578124,20.0,10.0
2026-07-17,0.10410958904109589,puts,340.0,1.6710071897541703,203.4701,0.0047999998,0.04,160.09,151.3,153.3,1.79412944732666,0.0,0.0
2026-07-17,0.10410958904109589,puts,360.0,1.769301730327945,203.4701,0.0047999998,0.04,180.19,178.85,181.2,2.2297407537841787,0.0,0.0
2026-07-17,0.10410958904109589,puts,365.0,1.7938753654713886,203.4701,0.0047999998,0.04,142.16,160.6,162.1,0.875977802734375,0.0,0.0
2026-07-24,0.1232876712328767,calls,90.0,0.44232543258198626,203.4701,0.0047999998,0.04,119.6,110.05,118.05,1.1870157836914061,4.0,4.0
2026-07-24,0.1232876712328767,calls,95.0,0.46689906772542994,203.4701,0.0047999998,0.04,114.64,105.2,113.2,1.1616252856445315,4.0,4.0
2026-07-24,0.1232876712328767,calls,100.0,0.4914727028688736,203.4701,0.0047999998,0.04,109.69,100.15,108.1,1.0703171484375003,8.0,8.0
2026-07-24,0.1232876712328767,calls,110.0,0.5406199731557609,203.4701,0.0047999998,0.04,97.86,90.25,98.2,0.96679720703125,4.0,10.0
2026-07-24,0.1232876712328767,calls,115.0,0.5651936082992046,203.4701,0.0047999998,0.04,91.7,85.75,93.75,1.0063526245117185,4.0,17.0
2026-07-24,0.1232876712328767,calls,120.0,0.5897672434426483,203.4701,0.0047999998,0.04,84.15,80.5,88.5,0.8999033447265624,8.0,22.0
2026-07-24,0.1232876712328767,calls,125.0,0.614340878586092,203.4701,0.0047999998,0.04,82.48,76.25,83.85,0.9233406103515626,4.0,20.0
2026-07-24,0.1232876712328767,calls,130.0,0.6389145137295357,203.4701,0.0047999998,0.04,77.33,70.8,78.4,0.7985859985351562,4.0,14.0
2026-07-24,0.1232876712328767,calls,135.0,0.6634881488729794,203.4701,0.0047999998,0.04,73.08,67.85,73.6,0.8767102172851562,4.0,10.0
2026-07-24,0.1232876712328767,calls,140.0,0.688061784016423,203.4701,0.0047999998,0.04,68.85,63.5,66.8,0.7546411254882812,1.0,6.0
2026-07-24,0.1232876712328767,calls,145.0,0.7126354191598667,203.4701,0.0047999998,0.04,64.8,59.35,61.35,0.7182645361328125,11.0,2.0
2026-07-24,0.1232876712328767,calls,150.0,0.7372090543033104,203.4701,0.0047999998,0.04,59.51,54.55,56.5,0.6776155285644532,32.0,11.0
2026-07-24,0.1232876712328767,calls,155.0,0.7617826894467541,203.4701,0.0047999998,0.04,54.15,49.5,53.45,0.6960479614257813,32.0,25.0
2026-07-24,0.1232876712328767,calls,160.0,0.7863563245901978,203.4701,0.0047999998,0.04,48.7,44.85,46.25,0.5677533459472657,39.0,1.0
2026-07-24,0.1232876712328767,calls,165.0,0.8109299597336415,203.4701,0.0047999998,0.04,47.72,40.6,41.95,0.5643354113769532,22.0,1.0
2026-07-24,0.1232876712328767,calls,170.0,0.8355035948770851,203.4701,0.0047999998,0.04,39.2,35.85,36.9,0.5133105310058592,5.0,6.0
2026-07-24,0.1232876712328767,calls,175.0,0.8600772300205288,203.4701,0.0047999998,0.04,38.42,31.75,32.5,0.5178270874023438,2.0,1.0
2026-07-24,0.1232876712328767,calls,180.0,0.8846508651639725,203.4701,0.0047999998,0.04,28.75,27.7,28.25,0.49268085449218757,7826.0,72.0
2026-07-24,0.1232876712328767,calls,185.0,0.9092245003074162,203.4701,0.0047999998,0.04,27.0,23.7,24.65,0.48920188537597664,18.0,4.0
2026-07-24,0.1232876712328767,calls,190.0,0.9337981354508599,203.4701,0.0047999998,0.04,20.81,19.65,20.6,0.4577690942382813,194.0,14.0
2026-07-24,0.1232876712328767,calls,195.0,0.9583717705943036,203.4701,0.0047999998,0.04,17.24,16.7,17.2,0.4435480450439453,43.0,44.0
2026-07-24,0.1232876712328767,calls,200.0,0.9829454057377472,203.4701,0.0047999998,0.04,15.85,13.85,14.25,0.43543045043945316,297.0,40.0
2026-07-24,0.1232876712328767,calls,205.0,1.007519040881191,203.4701,0.0047999998,0.04,11.5,11.35,11.55,0.42529871582031253,1528.0,141.0
2026-07-24,0.1232876712328767,calls,210.0,1.0320926760246345,203.4701,0.0047999998,0.04,9.6,9.05,9.35,0.42163664306640625,720.0,314.0
2026-07-24,0.1232876712328767,calls,215.0,1.0566663111680783,203.4701,0.0047999998,0.04,7.81,7.35,7.55,0.42127043579101564,673.0,44.0
2026-07-24,0.1232876712328767,calls,220.0,1.0812399463115219,203.4701,0.0047999998,0.04,5.8,5.7,5.95,0.4177914666748046,690.0,235.0
2026-07-24,0.1232876712328767,calls,225.0,1.1058135814549657,203.4701,0.0047999998,0.04,4.56,4.5,4.7,0.4177304321289062,811.0,270.0
2026-07-24,0.1232876712328767,calls,230.0,1.1303872165984092,203.4701,0.0047999998,0.04,3.65,3.5,3.7,0.4187680194091796,604.0,278.0
2026-07-24,0.1232876712328767,calls,235.0,1.154960851741853,203.4701,0.0047999998,0.04,3.05,2.75,2.9,0.4202938830566406,429.0,91.0
2026-07-24,0.1232876712328767,calls,240.0,1.1795344868852966,203.4701,0.0047999998,0.04,2.21,2.12,2.23,0.42017181396484377,481.0,573.0
2026-07-24,0.1232876712328767,calls,245.0,1.2041081220287404,203.4701,0.0047999998,0.04,2.0,1.67,1.82,0.4282283740234375,111.0,16.0
2026-07-24,0.1232876712328767,calls,250.0,1.228681757172184,203.4701,0.0047999998,0.04,1.45,1.34,1.43,0.43164630859375,853.0,243.0
2026-07-24,0.1232876712328767,calls,255.0,1.2532553923156278,203.4701,0.0047999998,0.04,1.31,1.11,1.19,0.4409235595703125,144.0,17.0
2026-07-24,0.1232876712328767,calls,260.0,1.2778290274590713,203.4701,0.0047999998,0.04,0.99,0.88,0.99,0.4497125341796875,508.0,54.0
2026-07-24,0.1232876712328767,calls,265.0,1.3024026626025151,203.4701,0.0047999998,0.04,0.75,0.73,0.79,0.45386288330078123,295.0,319.0
2026-07-24,0.1232876712328767,calls,270.0,1.3269762977459587,203.4701,0.0047999998,0.04,0.76,0.59,0.69,0.46582565429687506,194.0,44.0
2026-07-24,0.1232876712328767,calls,275.0,1.3515499328894025,203.4701,0.0047999998,0.04,0.74,0.5,0.55,0.46924358886718753,293.0,60.0
2026-07-24,0.1232876712328767,calls,280.0,1.376123568032846,203.4701,0.0047999998,0.04,0.5,0.42,0.47,0.47803256347656253,28.0,23.0
2026-07-24,0.1232876712328767,calls,285.0,1.4006972031762899,203.4701,0.0047999998,0.04,0.41,0.37,0.42,0.49023947265625006,34.0,2.0
2026-07-24,0.1232876712328767,calls,290.0,1.4252708383197334,203.4701,0.0047999998,0.04,0.44,0.3,0.35,0.4958546508789063,52.0,1.0
2026-07-24,0.1232876712328767,calls,300.0,1.4744181086066208,203.4701,0.0047999998,0.04,0.27,0.23,0.3,0.5127001855468749,113.0,10.0
2026-07-24,0.1232876712328767,calls,305.0,1.4989917437500644,203.4701,0.0047999998,0.04,0.41,0.2,0.31,0.5278367529296876,7.0,7.0
2026-07-24,0.1232876712328767,calls,310.0,1.5235653788935082,203.4701,0.0047999998,0.04,0.22,0.18,0.26,0.534184345703125,1413.0,1.0
2026-07-24,0.1232876712328767,calls,315.0,1.5481390140369518,203.4701,0.0047999998,0.04,0.22,0.15,0.22,0.5390671093750001,2.0,5.0
2026-07-24,0.1232876712328767,calls,320.0,1.5727126491803955,203.4701,0.0047999998,0.04,0.16,0.14,0.18,0.5449264257812501,2.0,4.0
2026-07-24,0.1232876712328767,calls,325.0,1.5972862843238391,203.4701,0.0047999998,0.04,0.17,0.13,0.18,0.5585981640625001,40.0,40.0
2026-07-24,0.1232876712328767,calls,330.0,1.621859919467283,203.4701,0.0047999998,0.04,0.14,0.08,0.2,0.5664105859375,12.0,2.0
2026-07-24,0.1232876712328767,calls,335.0,1.6464335546107265,203.4701,0.0047999998,0.04,0.11,0.09,0.19,0.5820354296875,15.0,1.0
2026-07-24,0.1232876712328767,calls,340.0,1.6710071897541703,203.4701,0.0047999998,0.04,0.14,0.07,0.19,0.5908244042968751,63.0,62.0
2026-07-24,0.1232876712328767,calls,350.0,1.7201544600410577,203.4701,0.0047999998,0.04,0.1,0.04,0.17,0.6044961425781252,14.0,2.0
2026-07-24,0.1232876712328767,calls,370.0,1.8184490006148324,203.4701,0.0047999998,0.04,0.14,0.01,0.14,0.6347692773437501,1.0,1.0
2026-07-24,0.1232876712328767,calls,380.0,1.8675962709017198,203.4701,0.0047999998,0.04,0.05,0.01,0.14,0.65820654296875,20.0,20.0
2026-07-24,0.1232876712328767,calls,410.0,2.015038081762382,203.4701,0.0047999998,0.04,0.07,0.02,0.09,0.7050810742187501,1.0,1.0
2026-07-24,0.1232876712328767,puts,80.0,0.3931781622950989,203.4701,0.0047999998,0.04,0.04,0.01,0.13,1.017583037109375,30.0,30.0
2026-07-24,0.1232876712328767,puts,85.0,0.41775179743854257,203.4701,0.0047999998,0.04,0.07,0.01,0.14,0.96289099609375,2.0,2.0
2026-07-24,0.1232876712328767,puts,90.0,0.44232543258198626,203.4701,0.0047999998,0.04,0.08,0.01,0.15,0.9101571484375,2.0,2.0
2026-07-24,0.1232876712328767,puts,95.0,0.46689906772542994,203.4701,0.0047999998,0.04,0.1,0.02,0.16,0.8652357226562499,6.0,6.0
2026-07-24,0.1232876712328767,puts,100.0,0.4914727028688736,203.4701,0.0047999998,0.04,0.12,0.03,0.17,0.8203142968749999,5.0,2.0
2026-07-24,0.1232876712328767,puts,105.0,0.5160463380123173,203.4701,0.0047999998,0.04,0.12,0.04,0.19,0.7812521875,6.0,2.0
2026-07-24,0.1232876712328767,puts,110.0,0.5406199731557609,203.4701,0.0047999998,0.04,0.13,0.07,0.2,0.7460962890625,2.0,6.0
2026-07-24,0.1232876712328767,puts,115.0,0.5651936082992046,203.4701,0.0047999998,0.04,0.16,0.09,0.22,0.70898728515625,41.0,20.0
2026-07-24,0.1232876712328767,puts,120.0,0.5897672434426483,203.4701,0.0047999998,0.04,0.17,0.13,0.25,0.6796907031250001,4.0,20.0
2026-07-24,0.1232876712328767,puts,125.0,0.614340878586092,203.4701,0.0047999998,0.04,0.23,0.2,0.29,0.6562534375000001,26.0,21.0
2026-07-24,0.1232876712328767,puts,130.0,0.6389145137295357,203.4701,0.0047999998,0.04,0.26,0.23,0.32,0.6201209863281252,3.0,16.0
2026-07-24,0.1232876712328767,puts,135.0,0.6634881488729794,203.4701,0.0047999998,0.04,0.31,0.31,0.38,0.5952188916015625,85.0,24.0
2026-07-24,0.1232876712328767,puts,140.0,0.688061784016423,203.4701,0.0047999998,0.04,0.36,0.37,0.45,0.5654340332031251,5.0,6.0
2026-07-24,0.1232876712328767,puts,145.0,0.7126354191598667,203.4701,0.0047999998,0.04,0.44,0.46,0.55,0.5395553857421876,352.0,2.0
2026-07-24,0.1232876712328767,puts,150.0,0.7372090543033104,203.4701,0.0047999998,0.04,0.6,0.6,0.68,0.516606396484375,61.0,22.0
2026-07-24,0.1232876712328767,puts,155.0,0.7617826894467541,203.4701,0.0047999998,0.04,0.76,0.76,0.85,0.4995167236328125,263.0,5.0
2026-07-24,0.1232876712328767,puts,160.0,0.7863563245901978,203.4701,0.0047999998,0.04,0.98,1.02,1.16,0.4865773999023438,476.0,4.0
2026-07-24,0.1232876712328767,puts,165.0,0.8109299597336415,203.4701,0.0047999998,0.04,1.24,1.35,1.5,0.4681449670410156,133.0,37.0
2026-07-24,0.1232876712328767,puts,170.0,0.8355035948770851,203.4701,0.0047999998,0.04,1.85,1.78,1.92,0.4489801196289062,311.0,25.0
2026-07-24,0.1232876712328767,puts,175.0,0.8600772300205288,203.4701,0.0047999998,0.04,2.45,2.4,2.6,0.43897045410156255,1223.0,45.0
2026-07-24,0.1232876712328767,puts,180.0,0.8846508651639725,203.4701,0.0047999998,0.04,3.25,3.15,3.3,0.4205380212402344,8776.0,110.0
2026-07-24,0.1232876712328767,puts,185.0,0.9092245003074162,203.4701,0.0047999998,0.04,4.27,4.15,4.5,0.4167538793945312,1484.0,236.0
2026-07-24,0.1232876712328767,puts,190.0,0.9337981354508599,203.4701,0.0047999998,0.04,5.5,5.5,5.75,0.40344834838867194,492.0,233.0
2026-07-24,0.1232876712328767,puts,195.0,0.9583717705943036,203.4701,0.0047999998,0.04,7.08,7.15,7.45,0.39679558288574224,807.0,137.0
2026-07-24,0.1232876712328767,puts,200.0,0.9829454057377472,203.4701,0.0047999998,0.04,9.3,9.15,9.5,0.3908141973876953,3327.0,90.0
2026-07-24,0.1232876712328767,puts,205.0,1.007519040881191,203.4701,0.0047999998,0.04,10.6,11.6,11.9,0.3850159155273437,413.0,98.0
2026-07-24,0.1232876712328767,puts,210.0,1.0320926760246345,203.4701,0.0047999998,0.04,14.45,14.35,14.75,0.3826355682373046,224.0,82.0
2026-07-24,0.1232876712328767,puts,215.0,1.0566663111680783,203.4701,0.0047999998,0.04,16.1,17.45,17.95,0.3807434973144531,228.0,15.0
2026-07-24,0.1232876712328767,puts,220.0,1.0812399463115219,203.4701,0.0047999998,0.04,20.06,20.6,21.45,0.37830211547851555,57.0,5.0
2026-07-24,0.1232876712328767,puts,225.0,1.1058135814549657,203.4701,0.0047999998,0.04,22.9,24.5,25.15,0.3722596954345704,24.0,18.0
2026-07-24,0.1232876712328767,puts,230.0,1.1303872165984092,203.4701,0.0047999998,0.04,27.0,28.3,29.3,0.37518935363769534,24.0,13.0
2026-07-24,0.1232876712328767,puts,235.0,1.154960851741853,203.4701,0.0047999998,0.04,22.05,32.05,33.4,0.36438623901367195,8.0,0.0
2026-07-24,0.1232876712328767,puts,240.0,1.1795344868852966,203.4701,0.0047999998,0.04,35.08,36.75,38.45,0.4024717956542969,4.0,1.0
2026-07-24,0.1232876712328767,puts,250.0,1.228681757172184,203.4701,0.0047999998,0.04,39.27,45.95,47.6,0.40332627929687503,1.0,1.0
2026-07-24,0.1232876712328767,puts,270.0,1.3269762977459587,203.4701,0.0047999998,0.04,62.87,65.7,66.85,0.41040628662109374,1.0,1.0
2026-07-24,0.1232876712328767,puts,275.0,1.3515499328894025,203.4701,0.0047999998,0.04,70.15,70.7,71.8,0.42139250488281255,50.0,50.0
2026-07-24,0.1232876712328767,puts,280.0,1.376123568032846,203.4701,0.0047999998,0.04,74.95,74.2,78.35,0.6302527209472657,50.0,100.0
2026-07-24,0.1232876712328767,puts,285.0,1.4006972031762899,203.4701,0.0047999998,0.04,77.17,78.95,83.3,0.6511265356445313,0.0,50.0
2026-08-21,0.2,calls,5.0,0.02457363514344368,203.4701,0.0047999998,0.04,203.57,196.55,201.15,4.128911088867188,501.0,1.0
2026-08-21,0.2,calls,10.0,0.04914727028688736,203.4701,0.0047999998,0.04,225.76,192.0,196.0,3.4082046044921874,0.0,4.0
2026-08-21,0.2,calls,15.0,0.07372090543033104,203.4701,0.0047999998,0.04,193.71,186.75,191.2,2.869143452148437,4.0,3.0
2026-08-21,0.2,calls,20.0,0.09829454057377472,203.4701,0.0047999998,0.04,191.65,181.55,186.15,2.416019584960937,22.0,1.0
2026-08-21,0.2,calls,25.0,0.1228681757172184,203.4701,0.0047999998,0.04,187.24,176.7,181.35,2.307621418457031,43.0,21.0
2026-08-21,0.2,calls,30.0,0.14744181086066208,203.4701,0.0047999998,0.04,200.08,172.1,176.6,2.2739300964355467,27.0,19.0
2026-08-21,0.2,calls,35.0,0.17201544600410576,203.4701,0.0047999998,0.04,182.75,167.7,171.55,2.1953170117187497,168.0,67.0
2026-08-21,0.2,calls,40.0,0.19658908114754944,203.4701,0.0047999998,0.04,171.42,166.9,171.35,2.9711939782714842,20.0,1.0
2026-08-21,0.2,calls,45.0,0.22116271629099313,203.4701,0.0047999998,0.04,185.3,157.05,161.7,1.800293967285156,26.0,20.0
2026-08-21,0.2,calls,50.0,0.2457363514344368,203.4701,0.0047999998,0.04,159.38,153.2,156.35,1.7968760156249999,442.0,1.0
2026-08-21,0.2,calls,55.0,0.27030998657788047,203.4701,0.0047999998,0.04,165.18,147.9,151.55,1.6669938525390626,41.0,1.0
2026-08-21,0.2,calls,60.0,0.29488362172132415,203.4701,0.0047999998,0.04,150.2,142.85,146.45,1.54297103515625,123.0,4.0
2026-08-21,0.2,calls,65.0,0.31945725686476784,203.4701,0.0047999998,0.04,144.15,137.65,141.75,1.4594753588867184,44.0,10.0
2026-08-21,0.2,calls,70.0,0.3440308920082115,203.4701,0.0047999998,0.04,146.12,133.35,136.7,1.4375028125,140.0,110.0
2026-08-21,0.2,calls,75.0,0.3686045271516552,203.4701,0.0047999998,0.04,141.6,127.7,131.85,1.3046909765624997,17.0,1.0
2026-08-21,0.2,calls,80.0,0.3931781622950989,203.4701,0.0047999998,0.04,139.0,122.5,126.8,1.2036172631835935,29.0,5.0
2026-08-21,0.2,calls,85.0,0.41775179743854257,203.4701,0.0047999998,0.04,125.08,118.75,121.6,1.2219277185058592,58.0,9.0
2026-08-21,0.2,calls,90.0,0.44232543258198626,203.4701,0.0047999998,0.04,119.69,114.15,117.3,1.2258339489746093,269.0,31.0
2026-08-21,0.2,calls,95.0,0.46689906772542994,203.4701,0.0047999998,0.04,114.74,108.9,112.0,1.1203657263183593,157.0,41.0
2026-08-21,0.2,calls,100.0,0.4914727028688736,203.4701,0.0047999998,0.04,109.33,104.0,106.8,1.0485887414550783,421.0,30.0
2026-08-21,0.2,calls,105.0,0.5160463380123173,203.4701,0.0047999998,0.04,104.9,99.2,102.0,1.0095264367675783,411.0,41.0
2026-08-21,0.2,calls,110.0,0.5406199731557609,203.4701,0.0047999998,0.04,100.0,93.75,97.0,0.9243171630859376,304.0,52.0
2026-08-21,0.2,calls,115.0,0.5651936082992046,203.4701,0.0047999998,0.04,95.09,89.25,92.45,0.9160164648437501,228.0,43.0
2026-08-21,0.2,calls,120.0,0.5897672434426483,203.4701,0.0047999998,0.04,90.2,83.75,87.7,0.8476577734374999,665.0,41.0
2026-08-21,0.2,calls,125.0,0.614340878586092,203.4701,0.0047999998,0.04,84.71,79.8,82.3,0.8219011950683592,224.0,47.0
2026-08-21,0.2,calls,130.0,0.6389145137295357,203.4701,0.0047999998,0.04,76.64,74.65,77.5,0.7703880383300781,656.0,2.0
2026-08-21,0.2,calls,135.0,0.6634881488729794,203.4701,0.0047999998,0.04,73.53,69.9,72.1,0.7127714270019532,492.0,1.0
2026-08-21,0.2,calls,140.0,0.688061784016423,203.4701,0.0047999998,0.04,69.9,65.55,67.0,0.6823762231445314,429.0,44.0
2026-08-21,0.2,calls,145.0,0.7126354191598667,203.4701,0.0047999998,0.04,65.71,60.7,61.85,0.632816171875,419.0,30.0
2026-08-21,0.2,calls,150.0,0.7372090543033104,203.4701,0.0047999998,0.04,59.25,56.3,57.65,0.6264685791015626,3696.0,7.0
2026-08-21,0.2,calls,155.0,0.7617826894467541,203.4701,0.0047999998,0.04,54.84,50.9,52.75,0.5686078295898438,954.0,8.0
2026-08-21,0.2,calls,160.0,0.7863563245901978,203.4701,0.0047999998,0.04,48.25,46.75,47.55,0.537236072998047,1763.0,11.0
2026-08-21,0.2,calls,165.0,0.8109299597336415,203.4701,0.0047999998,0.04,45.53,42.8,43.3,0.5306443420410156,1923.0,15.0
2026-08-21,0.2,calls,170.0,0.8355035948770851,203.4701,0.0047999998,0.04,39.55,38.4,38.85,0.5045825909423829,6191.0,15.0
2026-08-21,0.2,calls,175.0,0.8600772300205288,203.4701,0.0047999998,0.04,36.36,34.5,34.95,0.5036670727539063,3321.0,2.0
2026-08-21,0.2,calls,180.0,0.8846508651639725,203.4701,0.0047999998,0.04,33.05,30.75,31.05,0.48792015991210946,12739.0,164.0
2026-08-21,0.2,calls,185.0,0.9092245003074162,203.4701,0.0047999998,0.04,29.1,27.15,27.5,0.47839877075195314,6477.0,28.0
2026-08-21,0.2,calls,190.0,0.9337981354508599,203.4701,0.0047999998,0.04,24.72,23.9,24.1,0.46753462158203124,19439.0,39.0
2026-08-21,0.2,calls,195.0,0.9583717705943036,203.4701,0.0047999998,0.04,22.35,20.8,21.0,0.45929495788574226,10388.0,48.0
2026-08-21,0.2,calls,200.0,0.9829454057377472,203.4701,0.0047999998,0.04,17.85,17.75,17.9,0.4448908050537109,15762.0,995.0
2026-08-21,0.2,calls,205.0,1.007519040881191,203.4701,0.0047999998,0.04,15.38,15.25,15.35,0.4393976959228516,8121.0,218.0
2026-08-21,0.2,calls,210.0,1.0320926760246345,203.4701,0.0047999998,0.04,13.15,13.05,13.2,0.43826855682373045,13721.0,814.0
2026-08-21,0.2,calls,215.0,1.0566663111680783,203.4701,0.0047999998,0.04,11.15,11.15,11.35,0.4390009713745118,13532.0,662.0
2026-08-21,0.2,calls,220.0,1.0812399463115219,203.4701,0.0047999998,0.04,9.44,9.3,9.45,0.43207355041503903,26149.0,680.0
2026-08-21,0.2,calls,225.0,1.1058135814549657,203.4701,0.0047999998,0.04,7.85,7.9,8.05,0.43341631042480466,12104.0,571.0
2026-08-21,0.2,calls,230.0,1.1303872165984092,203.4701,0.0047999998,0.04,6.6,6.55,6.7,0.4306087213134766,32838.0,1616.0
2026-08-21,0.2,calls,235.0,1.154960851741853,203.4701,0.0047999998,0.04,5.6,5.45,5.5,0.42664147583007817,9933.0,656.0
2026-08-21,0.2,calls,240.0,1.1795344868852966,203.4701,0.0047999998,0.04,4.6,4.55,4.7,0.43103596313476567,26384.0,422.0
2026-08-21,0.2,calls,245.0,1.2041081220287404,203.4701,0.0047999998,0.04,3.85,3.8,3.95,0.4327449304199219,8504.0,337.0
2026-08-21,0.2,calls,250.0,1.228681757172184,203.4701,0.0047999998,0.04,3.25,3.2,3.3,0.4338435522460938,36388.0,3034.0
2026-08-21,0.2,calls,255.0,1.2532553923156278,203.4701,0.0047999998,0.04,2.8,2.68,2.78,0.4364070031738281,6354.0,140.0
2026-08-21,0.2,calls,260.0,1.2778290274590713,203.4701,0.0047999998,0.04,2.3,2.29,2.37,0.4404963177490234,15610.0,305.0
2026-08-21,0.2,calls,265.0,1.3024026626025151,203.4701,0.0047999998,0.04,2.0,1.91,2.03,0.4449518395996094,6892.0,75.0
2026-08-21,0.2,calls,270.0,1.3269762977459587,203.4701,0.0047999998,0.04,1.85,1.66,1.71,0.44739322143554683,13298.0,85.0
2026-08-21,0.2,calls,275.0,1.3515499328894025,203.4701,0.0047999998,0.04,1.49,1.43,1.49,0.45325253784179687,5008.0,100.0
2026-08-21,0.2,calls,280.0,1.376123568032846,203.4701,0.0047999998,0.04,1.31,1.23,1.29,0.458135301513672,7872.0,101.0
2026-08-21,0.2,calls,285.0,1.4006972031762899,203.4701,0.0047999998,0.04,1.2,1.08,1.18,0.4681449670410156,2606.0,136.0
2026-08-21,0.2,calls,290.0,1.4252708383197334,203.4701,0.0047999998,0.04,1.0,0.95,1.01,0.47119669433593747,4038.0,361.0
2026-08-21,0.2,calls,295.0,1.449844473463177,203.4701,0.0047999998,0.04,0.96,0.84,0.91,0.47876497802734375,1763.0,120.0
2026-08-21,0.2,calls,300.0,1.4744181086066208,203.4701,0.0047999998,0.04,0.76,0.73,0.76,0.4792532543945312,27683.0,787.0
2026-08-21,0.2,calls,310.0,1.5235653788935082,203.4701,0.0047999998,0.04,0.65,0.57,0.63,0.4943898217773438,11463.0,64.0
2026-08-21,0.2,calls,320.0,1.5727126491803955,203.4701,0.0047999998,0.04,0.5,0.47,0.51,0.5029346582031251,7369.0,99.0
2026-08-21,0.2,calls,330.0,1.621859919467283,203.4701,0.0047999998,0.04,0.4,0.4,0.45,0.5190477783203125,938.0,13.0
2026-08-21,0.2,calls,340.0,1.6710071897541703,203.4701,0.0047999998,0.04,0.35,0.32,0.38,0.5297898583984376,1328.0,267.0
2026-08-21,0.2,calls,350.0,1.7201544600410577,203.4701,0.0047999998,0.04,0.33,0.26,0.31,0.5390671093750001,3504.0,2.0
2026-08-21,0.2,calls,360.0,1.769301730327945,203.4701,0.0047999998,0.04,0.25,0.22,0.27,0.5512740185546876,3428.0,1.0
2026-08-21,0.2,calls,370.0,1.8184490006148324,203.4701,0.0047999998,0.04,0.19,0.19,0.21,0.5585981640625001,1271.0,6.0
2026-08-21,0.2,calls,380.0,1.8675962709017198,203.4701,0.0047999998,0.04,0.17,0.15,0.19,0.56836369140625,1053.0,3.0
2026-08-21,0.2,calls,390.0,1.9167435411886071,203.4701,0.0047999998,0.04,0.13,0.13,0.18,0.5820354296875,1677.0,2.0
2026-08-21,0.2,calls,400.0,1.9658908114754945,203.4701,0.0047999998,0.04,0.13,0.1,0.14,0.5839885351562499,6023.0,514.0
2026-08-21,0.2,calls,410.0,2.015038081762382,203.4701,0.0047999998,0.04,0.12,0.1,0.12,0.596683720703125,3214.0,1.0
2026-08-21,0.2,calls,420.0,2.064185352049269,203.4701,0.0047999998,0.04,0.1,0.09,0.1,0.6044961425781252,7845.0,311.0
2026-08-21,0.2,calls,430.0,2.1133326223361566,203.4701,0.0047999998,0.04,0.09,0.06,0.11,0.6152382226562501,461.0,3.0
2026-08-21,0.2,calls,440.0,2.1624798926230437,203.4701,0.0047999998,0.04,0.09,0.06,0.09,0.62305064453125,615.0,23.0
2026-08-21,0.2,calls,450.0,2.2116271629099313,203.4701,0.0047999998,0.04,0.07,0.05,0.08,0.6289099609375001,1184.0,21.0
2026-08-21,0.2,calls,455.0,2.2362007980533747,203.4701,0.0047999998,0.04,0.07,0.04,0.08,0.632816171875,27.0,3.0
2026-08-21,0.2,calls,460.0,2.2607744331968185,203.4701,0.0047999998,0.04,0.06,0.04,0.08,0.64062859375,2404.0,21.0
2026-08-21,0.2,puts,5.0,0.02457363514344368,203.4701,0.0047999998,0.04,0.01,0.0,0.01,2.50000375,3069.0,10.0
2026-08-21,0.2,puts,10.0,0.04914727028688736,203.4701,0.0047999998,0.04,0.01,0.0,0.01,2.0625048437499998,79.0,1.0
2026-08-21,0.2,puts,15.0,0.07372090543033104,203.4701,0.0047999998,0.04,0.02,0.0,0.01,1.75000125,1473.0,1343.0
2026-08-21,0.2,puts,20.0,0.09829454057377472,203.4701,0.0047999998,0.04,0.01,0.0,0.01,1.5625021874999998,6.0,1.0
2026-08-21,0.2,puts,25.0,0.1228681757172184,203.4701,0.0047999998,0.04,0.01,0.0,0.01,1.40625296875,2066.0,2.0
2026-08-21,0.2,puts,30.0,0.14744181086066208,203.4701,0.0047999998,0.04,0.02,0.0,0.02,1.3437532812499997,570.0,4.0
2026-08-21,0.2,puts,35.0,0.17201544600410576,203.4701,0.0047999998,0.04,0.02,0.0,0.14,1.484377578125,9176.0,2.0
2026-08-21,0.2,puts,40.0,0.19658908114754944,203.4701,0.0047999998,0.04,0.02,0.0,0.14,1.37109689453125,399.0,2.0
2026-08-21,0.2,puts,45.0,0.22116271629099313,203.4701,0.0047999998,0.04,0.02,0.0,0.72,1.5585959570312498,948.0,1.0
2026-08-21,0.2,puts,50.0,0.2457363514344368,203.4701,0.0047999998,0.04,0.04,0.01,0.04,1.0703171484375003,553.0,1.0
2026-08-21,0.2,puts,55.0,0.27030998657788047,203.4701,0.0047999998,0.04,0.04,0.0,0.86,1.3935577197265623,251.0,1.0
2026-08-21,0.2,puts,60.0,0.29488362172132415,203.4701,0.0047999998,0.04,0.05,0.01,0.19,1.0781296093750001,1223.0,10.0
2026-08-21,0.2,puts,65.0,0.31945725686476784,203.4701,0.0047999998,0.04,0.05,0.01,0.74,1.19922275390625,499.0,1.0
2026-08-21,0.2,puts,70.0,0.3440308920082115,203.4701,0.0047999998,0.04,0.09,0.04,0.09,0.9023447265625,1423.0,5.0
2026-08-21,0.2,puts,75.0,0.3686045271516552,203.4701,0.0047999998,0.04,0.03,0.05,0.1,0.86132951171875,297.0,3.0
2026-08-21,0.2,puts,80.0,0.3931781622950989,203.4701,0.0047999998,0.04,0.09,0.06,0.11,0.8203142968749999,2259.0,10.0
2026-08-21,0.2,puts,85.0,0.41775179743854257,203.4701,0.0047999998,0.04,0.11,0.07,0.13,0.7841818457031251,547.0,11.0
2026-08-21,0.2,puts,90.0,0.44232543258198626,203.4701,0.0047999998,0.04,0.12,0.09,0.14,0.7480493945312501,779.0,37.0
2026-08-21,0.2,puts,95.0,0.46689906772542994,203.4701,0.0047999998,0.04,0.15,0.11,0.17,0.7187528125,761.0,41.0
2026-08-21,0.2,puts,100.0,0.4914727028688736,203.4701,0.0047999998,0.04,0.17,0.16,0.19,0.694338994140625,7243.0,11.0
2026-08-21,0.2,puts,105.0,0.5160463380123173,203.4701,0.0047999998,0.04,0.2,0.19,0.23,0.6669955175781253,3738.0,1.0
2026-08-21,0.2,puts,110.0,0.5406199731557609,203.4701,0.0047999998,0.04,0.25,0.22,0.28,0.639652041015625,2574.0,1.0
2026-08-21,0.2,puts,115.0,0.5651936082992046,203.4701,0.0047999998,0.04,0.3,0.29,0.36,0.6215858154296876,7001.0,1.0
2026-08-21,0.2,puts,120.0,0.5897672434426483,203.4701,0.0047999998,0.04,0.38,0.35,0.4,0.5932657861328126,7226.0,2.0
2026-08-21,0.2,puts,125.0,0.614340878586092,203.4701,0.0047999998,0.04,0.46,0.44,0.54,0.57812921875,12798.0,59.0
2026-08-21,0.2,puts,130.0,0.6389145137295357,203.4701,0.0047999998,0.04,0.57,0.55,0.6,0.5529829858398438,11941.0,292.0
2026-08-21,0.2,puts,135.0,0.6634881488729794,203.4701,0.0047999998,0.04,0.7,0.68,0.74,0.5334519311523438,7955.0,39.0
2026-08-21,0.2,puts,140.0,0.688061784016423,203.4701,0.0047999998,0.04,0.84,0.86,0.95,0.5183153637695312,16218.0,85.0
2026-08-21,0.2,puts,145.0,0.7126354191598667,203.4701,0.0047999998,0.04,1.08,1.09,1.18,0.5019581054687501,6416.0,8.0
2026-08-21,0.2,puts,150.0,0.7372090543033104,203.4701,0.0047999998,0.04,1.42,1.37,1.45,0.4888967126464845,21947.0,65.0
2026-08-21,0.2,puts,155.0,0.7617826894467541,203.4701,0.0047999998,0.04,1.74,1.74,1.83,0.4753470434570312,14358.0,34.0
2026-08-21,0.2,puts,160.0,0.7863563245901978,203.4701,0.0047999998,0.04,2.05,2.21,2.3,0.4622856506347657,18201.0,13.0
2026-08-21,0.2,puts,165.0,0.8109299597336415,203.4701,0.0047999998,0.04,2.82,2.8,2.88,0.44977356872558594,13717.0,254.0
2026-08-21,0.2,puts,170.0,0.8355035948770851,203.4701,0.0047999998,0.04,3.41,3.5,3.65,0.4405573522949219,15253.0,752.0
2026-08-21,0.2,puts,175.0,0.8600772300205288,203.4701,0.0047999998,0.04,4.33,4.5,4.55,0.430242514038086,17633.0,488.0
2026-08-21,0.2,puts,180.0,0.8846508651639725,203.4701,0.0047999998,0.04,5.5,5.55,5.7,0.4227962994384765,32428.0,211.0
2026-08-21,0.2,puts,185.0,0.9092245003074162,203.4701,0.0047999998,0.04,7.0,6.9,7.1,0.4167538793945312,16269.0,165.0
2026-08-21,0.2,puts,190.0,0.9337981354508599,203.4701,0.0047999998,0.04,8.56,8.45,8.6,0.40668317932128906,25254.0,610.0
2026-08-21,0.2,puts,195.0,0.9583717705943036,203.4701,0.0047999998,0.04,10.41,10.45,10.6,0.4043638665771484,12106.0,168.0
2026-08-21,0.2,puts,200.0,0.9829454057377472,203.4701,0.0047999998,0.04,12.73,12.7,12.8,0.4000609310913086,27470.0,1349.0
2026-08-21,0.2,puts,205.0,1.007519040881191,203.4701,0.0047999998,0.04,14.85,14.8,15.0,0.38843385009765624,12910.0,302.0
2026-08-21,0.2,puts,210.0,1.0320926760246345,203.4701,0.0047999998,0.04,17.58,17.45,17.75,0.38446660461425775,12958.0,212.0
2026-08-21,0.2,puts,215.0,1.0566663111680783,203.4701,0.0047999998,0.04,20.58,20.65,20.9,0.38422246643066404,11506.0,237.0
2026-08-21,0.2,puts,220.0,1.0812399463115219,203.4701,0.0047999998,0.04,23.99,23.85,24.3,0.38403936279296874,7384.0,188.0
2026-08-21,0.2,puts,225.0,1.1058135814549657,203.4701,0.0047999998,0.04,25.75,27.35,27.8,0.37995004821777345,5169.0,6.0
2026-08-21,0.2,puts,230.0,1.1303872165984092,203.4701,0.0047999998,0.04,29.75,31.05,31.65,0.38007211730957036,4446.0,3.0
2026-08-21,0.2,puts,235.0,1.154960851741853,203.4701,0.0047999998,0.04,33.25,34.55,35.25,0.36414210083007814,1057.0,1.0
2026-08-21,0.2,puts,240.0,1.1795344868852966,203.4701,0.0047999998,0.04,35.6,38.4,39.7,0.37305314453125,1985.0,15.0
2026-08-21,0.2,puts,245.0,1.2041081220287404,203.4701,0.0047999998,0.04,39.06,42.95,44.0,0.37067279724121094,232.0,1.0
2026-08-21,0.2,puts,250.0,1.228681757172184,203.4701,0.0047999998,0.04,43.8,47.6,48.45,0.36926900268554685,631.0,175.0
2026-08-21,0.2,puts,255.0,1.2532553923156278,203.4701,0.0047999998,0.04,51.4,51.55,52.75,0.35108070800781244,260.0,40.0
2026-08-21,0.2,puts,260.0,1.2778290274590713,203.4701,0.0047999998,0.04,52.6,56.6,57.5,0.3544986425781249,120.0,16.0
2026-08-21,0.2,puts,265.0,1.3024026626025151,203.4701,0.0047999998,0.04,60.35,60.25,61.8,0.29834686035156244,60.0,21.0
2026-08-21,0.2,puts,270.0,1.3269762977459587,203.4701,0.0047999998,0.04,61.9,65.45,67.25,0.3723207299804688,151.0,25.0
2026-08-21,0.2,puts,275.0,1.3515499328894025,203.4701,0.0047999998,0.04,63.85,69.95,72.15,0.3803772900390625,53.0,25.0
2026-08-21,0.2,puts,280.0,1.376123568032846,203.4701,0.0047999998,0.04,69.5,75.25,77.45,0.428716650390625,217.0,2.0
2026-08-21,0.2,puts,285.0,1.4006972031762899,203.4701,0.0047999998,0.04,76.95,79.9,82.0,0.39649041015625003,42.0,5.0
2026-08-21,0.2,puts,290.0,1.4252708383197334,203.4701,0.0047999998,0.04,79.65,85.45,87.4,0.45972219970703126,30.0,25.0
2026-08-21,0.2,puts,295.0,1.449844473463177,203.4701,0.0047999998,0.04,88.05,90.45,92.45,0.4819387744140625,113.0,1.0
2026-08-21,0.2,puts,300.0,1.4744181086066208,203.4701,0.0047999998,0.04,88.31,94.85,96.85,0.41968353759765625,49.0,5.0
2026-08-21,0.2,puts,310.0,1.5235653788935082,203.4701,0.0047999998,0.04,90.1,105.45,107.05,0.4819387744140625,0.0,20.0
2026-08-21,0.2,puts,320.0,1.5727126491803955,203.4701,0.0047999998,0.04,95.95,115.3,116.85,0.4760794580078125,0.0,50.0
2026-08-21,0.2,puts,330.0,1.621859919467283,203.4701,0.0047999998,0.04,138.11,136.8,139.3,1.1201215869140624,0.0,48.0
2026-08-21,0.2,puts,340.0,1.6710071897541703,203.4701,0.0047999998,0.04,109.82,134.85,136.45,1.0000000000000003e-05,0.0,2.0
2026-08-21,0.2,puts,350.0,1.7201544600410577,203.4701,0.0047999998,0.04,114.75,145.45,147.45,0.6469761865234375,0.0,65.0
2026-08-21,0.2,puts,360.0,1.769301730327945,203.4701,0.0047999998,0.04,133.0,155.45,157.1,0.6242713354492189,0.0,2.0
2026-08-21,0.2,puts,390.0,1.9167435411886071,203.4701,0.0047999998,0.04,181.9,180.85,182.55,1.0000000000000003e-05,0.0,0.0
2026-08-21,0.2,puts,400.0,1.9658908114754945,203.4701,0.0047999998,0.04,168.2,194.85,196.9,0.6752962158203126,0.0,1.0
2026-08-21,0.2,puts,410.0,2.015038081762382,203.4701,0.0047999998,0.04,227.21,0.0,0.0,1.0000000000000003e-05,0.0,0.0
2026-08-21,0.2,puts,420.0,2.064185352049269,203.4701,0.0047999998,0.04,229.0,230.7,234.35,1.578493318481445,0.0,0.0
2026-09-18,0.27671232876712326,calls,5.0,0.02457363514344368,203.4701,0.0047999998,0.04,208.67,196.4,201.15,3.3828140429687497,3.0,3.0
2026-09-18,0.27671232876712326,calls,10.0,0.04914727028688736,203.4701,0.0047999998,0.04,188.72,212.75,220.0,0.0,19.0,2.0
2026-09-18,0.27671232876712326,calls,15.0,0.07372090543033104,203.4701,0.0047999998,0.04,202.05,186.85,191.25,2.501956870117187,82.0,1.0
2026-09-18,0.27671232876712326,calls,20.0,0.09829454057377472,203.4701,0.0047999998,0.04,199.58,181.85,186.6,2.306644858398437,87.0,10.0
2026-09-18,0.27671232876712326,calls,25.0,0.1228681757172184,203.4701,0.0047999998,0.04,196.0,176.75,181.35,1.9804688476562502,933.0,1.0
2026-09-18,0.27671232876712326,calls,30.0,0.14744181086066208,203.4701,0.0047999998,0.04,176.7,172.7,176.5,2.0293018017578124,75.0,3.0
2026-09-18,0.27671232876712326,calls,35.0,0.17201544600410576,203.4701,0.0047999998,0.04,174.3,167.75,171.35,1.8461921752929684,414.0,1.0
2026-09-18,0.27671232876712326,calls,40.0,0.19658908114754944,203.4701,0.0047999998,0.04,186.68,162.45,166.4,1.6674821313476564,276.0,9.0
2026-09-18,0.27671232876712326,calls,45.0,0.22116271629099313,203.4701,0.0047999998,0.04,175.13,157.5,161.45,1.5629904663085936,149.0,76.0
2026-09-18,0.27671232876712326,calls,50.0,0.2457363514344368,203.4701,0.0047999998,0.04,171.0,152.8,156.55,1.5068384033203124,196.0,1.0
2026-09-18,0.27671232876712326,calls,55.0,0.27030998657788047,203.4701,0.0047999998,0.04,153.01,147.4,151.9,1.4028350170898438,41.0,2.0
2026-09-18,0.27671232876712326,calls,60.0,0.29488362172132415,203.4701,0.0047999998,0.04,149.9,143.0,146.8,1.3647492700195314,293.0,2.0
2026-09-18,0.27671232876712326,calls,65.0,0.31945725686476784,203.4701,0.0047999998,0.04,141.88,137.8,141.8,1.2622107202148438,277.0,20.0
2026-09-18,0.27671232876712326,calls,70.0,0.3440308920082115,203.4701,0.0047999998,0.04,146.36,133.25,136.85,1.228519482421875,329.0,1.0
2026-09-18,0.27671232876712326,calls,75.0,0.3686045271516552,203.4701,0.0047999998,0.04,141.4,128.8,131.8,1.1921427111816407,94.0,1.0
2026-09-18,0.27671232876712326,calls,80.0,0.3931781622950989,203.4701,0.0047999998,0.04,136.55,124.0,127.25,1.1640666796875,267.0,1.0
2026-09-18,0.27671232876712326,calls,85.0,0.41775179743854257,203.4701,0.0047999998,0.04,122.62,119.15,122.3,1.1081587561035158,662.0,9.0
2026-09-18,0.27671232876712326,calls,90.0,0.44232543258198626,203.4701,0.0047999998,0.04,118.1,113.55,117.2,1.0043995092773437,1261.0,6.0
2026-09-18,0.27671232876712326,calls,95.0,0.46689906772542994,203.4701,0.0047999998,0.04,113.14,109.75,112.85,1.0395555834960941,737.0,6.0
2026-09-18,0.27671232876712326,calls,100.0,0.4914727028688736,203.4701,0.0047999998,0.04,110.45,104.35,106.15,0.8767102172851562,2630.0,23.0
2026-09-18,0.27671232876712326,calls,105.0,0.5160463380123173,203.4701,0.0047999998,0.04,102.88,99.6,101.25,0.8425308715820312,1476.0,11.0
2026-09-18,0.27671232876712326,calls,110.0,0.5406199731557609,203.4701,0.0047999998,0.04,98.45,94.15,96.0,0.7568383691406251,1593.0,29.0
2026-09-18,0.27671232876712326,calls,115.0,0.5651936082992046,203.4701,0.0047999998,0.04,93.22,89.45,91.45,0.7457300817871093,2638.0,60.0
2026-09-18,0.27671232876712326,calls,120.0,0.5897672434426483,203.4701,0.0047999998,0.04,90.0,85.4,86.55,0.7415797326660156,2918.0,11.0
2026-09-18,0.27671232876712326,calls,125.0,0.614340878586092,203.4701,0.0047999998,0.04,85.4,80.65,81.6,0.7053252124023439,5136.0,1.0
2026-09-18,0.27671232876712326,calls,130.0,0.6389145137295357,203.4701,0.0047999998,0.04,79.41,75.75,77.2,0.6826203613281252,4054.0,4.0
2026-09-18,0.27671232876712326,calls,135.0,0.6634881488729794,203.4701,0.0047999998,0.04,76.52,71.05,72.7,0.6608920629882813,2415.0,1.0
2026-09-18,0.27671232876712326,calls,140.0,0.688061784016423,203.4701,0.0047999998,0.04,71.15,66.55,67.35,0.6196327099609377,14109.0,24.0
2026-09-18,0.27671232876712326,calls,145.0,0.7126354191598667,203.4701,0.0047999998,0.04,66.59,61.95,62.75,0.5958292370605469,2866.0,44.0
2026-09-18,0.27671232876712326,calls,150.0,0.7372090543033104,203.4701,0.0047999998,0.04,60.62,57.45,58.45,0.5793499096679688,25044.0,696.0
2026-09-18,0.27671232876712326,calls,155.0,0.7617826894467541,203.4701,0.0047999998,0.04,55.9,53.1,53.55,0.5506636730957033,5884.0,1.0
2026-09-18,0.27671232876712326,calls,160.0,0.7863563245901978,203.4701,0.0047999998,0.04,51.03,48.95,49.45,0.5401046966552736,4435.0,5.0
2026-09-18,0.27671232876712326,calls,165.0,0.8109299597336415,203.4701,0.0047999998,0.04,49.21,45.0,45.5,0.5315598602294922,8199.0,20.0
2026-09-18,0.27671232876712326,calls,170.0,0.8355035948770851,203.4701,0.0047999998,0.04,41.0,40.85,41.35,0.5123950128173829,9823.0,57.0
2026-09-18,0.27671232876712326,calls,175.0,0.8600772300205288,203.4701,0.0047999998,0.04,38.2,37.05,37.55,0.5008594836425782,8858.0,75.0
2026-09-18,0.27671232876712326,calls,180.0,0.8846508651639725,203.4701,0.0047999998,0.04,36.1,33.55,33.95,0.49799085998535164,16176.0,88.0
2026-09-18,0.27671232876712326,calls,185.0,0.9092245003074162,203.4701,0.0047999998,0.04,32.5,30.35,30.6,0.49023947265625006,10779.0,24.0
2026-09-18,0.27671232876712326,calls,190.0,0.9337981354508599,203.4701,0.0047999998,0.04,27.0,27.1,27.3,0.47937532348632805,102928.0,77.0
2026-09-18,0.27671232876712326,calls,195.0,0.9583717705943036,203.4701,0.0047999998,0.04,24.9,24.2,24.45,0.4753470434570312,12719.0,37.0
2026-09-18,0.27671232876712326,calls,200.0,0.9829454057377472,203.4701,0.0047999998,0.04,21.5,21.3,21.55,0.4655204815673829,29196.0,347.0
2026-09-18,0.27671232876712326,calls,205.0,1.007519040881191,203.4701,0.0047999998,0.04,19.15,18.9,19.15,0.46307909973144534,7182.0,166.0
2026-09-18,0.27671232876712326,calls,210.0,1.0320926760246345,203.4701,0.0047999998,0.04,16.71,16.8,17.05,0.46307909973144534,30232.0,725.0
2026-09-18,0.27671232876712326,calls,215.0,1.0566663111680783,203.4701,0.0047999998,0.04,14.75,14.75,14.95,0.4586540951538086,9238.0,371.0
2026-09-18,0.27671232876712326,calls,220.0,1.0812399463115219,203.4701,0.0047999998,0.04,12.86,12.9,13.1,0.4558159887695313,26688.0,2257.0
2026-09-18,0.27671232876712326,calls,225.0,1.1058135814549657,203.4701,0.0047999998,0.04,11.23,11.25,11.45,0.45361874511718747,20092.0,179.0
2026-09-18,0.27671232876712326,calls,230.0,1.1303872165984092,203.4701,0.0047999998,0.04,10.05,9.95,10.1,0.45477840148925786,22473.0,474.0
2026-09-18,0.27671232876712326,calls,235.0,1.154960851741853,203.4701,0.0047999998,0.04,8.7,8.65,8.8,0.4534966760253906,20701.0,134.0
2026-09-18,0.27671232876712326,calls,240.0,1.1795344868852966,203.4701,0.0047999998,0.04,7.5,7.45,7.55,0.4497125341796875,38504.0,231.0
2026-09-18,0.27671232876712326,calls,245.0,1.2041081220287404,203.4701,0.0047999998,0.04,6.75,6.45,6.65,0.4519708123779297,7625.0,59.0
2026-09-18,0.27671232876712326,calls,250.0,1.228681757172184,203.4701,0.0047999998,0.04,5.67,5.65,5.8,0.4525811578369141,44914.0,656.0
2026-09-18,0.27671232876712326,calls,255.0,1.2532553923156278,203.4701,0.0047999998,0.04,4.95,4.9,5.1,0.45483943603515625,36554.0,41.0
2026-09-18,0.27671232876712326,calls,260.0,1.2778290274590713,203.4701,0.0047999998,0.04,4.3,4.25,4.4,0.454107021484375,19207.0,491.0
2026-09-18,0.27671232876712326,calls,265.0,1.3024026626025151,203.4701,0.0047999998,0.04,3.98,3.75,3.8,0.45386288330078123,16328.0,42.0
2026-09-18,0.27671232876712326,calls,270.0,1.3269762977459587,203.4701,0.0047999998,0.04,3.35,3.25,3.4,0.4587456469726563,18840.0,115.0
2026-09-18,0.27671232876712326,calls,275.0,1.3515499328894025,203.4701,0.0047999998,0.04,3.23,2.87,2.97,0.4602104760742188,6156.0,102.0
2026-09-18,0.27671232876712326,calls,280.0,1.376123568032846,203.4701,0.0047999998,0.04,2.55,2.52,2.62,0.46283496154785164,12232.0,47.0
2026-09-18,0.27671232876712326,calls,285.0,1.4006972031762899,203.4701,0.0047999998,0.04,2.49,2.22,2.32,0.46582565429687506,1924.0,5.0
2026-09-18,0.27671232876712326,calls,290.0,1.4252708383197334,203.4701,0.0047999998,0.04,1.99,1.97,2.04,0.4679008288574219,8281.0,26.0
2026-09-18,0.27671232876712326,calls,295.0,1.449844473463177,203.4701,0.0047999998,0.04,2.06,1.76,1.85,0.4731497998046875,1091.0,10.0
2026-09-18,0.27671232876712326,calls,300.0,1.4744181086066208,203.4701,0.0047999998,0.04,1.6,1.57,1.63,0.47522497436523436,21533.0,1484.0
2026-09-18,0.27671232876712326,calls,310.0,1.5235653788935082,203.4701,0.0047999998,0.04,1.44,1.24,1.32,0.48303739624023445,32919.0,40.0
2026-09-18,0.27671232876712326,calls,320.0,1.5727126491803955,203.4701,0.0047999998,0.04,1.12,1.04,1.08,0.4909718872070313,11291.0,51.0
2026-09-18,0.27671232876712326,calls,330.0,1.621859919467283,203.4701,0.0047999998,0.04,0.97,0.87,0.93,0.5026905200195313,2632.0,23.0
2026-09-18,0.27671232876712326,calls,340.0,1.6710071897541703,203.4701,0.0047999998,0.04,0.8,0.74,0.81,0.5105029418945313,1934.0,83.0
2026-09-18,0.27671232876712326,calls,350.0,1.7201544600410577,203.4701,0.0047999998,0.04,0.68,0.61,0.67,0.5168505346679688,23294.0,31.0
2026-09-18,0.27671232876712326,calls,360.0,1.769301730327945,203.4701,0.0047999998,0.04,0.56,0.53,0.59,0.5273484765625001,2770.0,7.0
2026-09-18,0.27671232876712326,calls,370.0,1.8184490006148324,203.4701,0.0047999998,0.04,0.59,0.43,0.51,0.5334519311523438,325.0,4.0
2026-09-18,0.27671232876712326,calls,380.0,1.8675962709017198,203.4701,0.0047999998,0.04,0.47,0.39,0.42,0.541264353027344,1328.0,18.0
2026-09-18,0.27671232876712326,calls,390.0,1.9167435411886071,203.4701,0.0047999998,0.04,0.42,0.35,0.38,0.551762294921875,5392.0,38.0
2026-09-18,0.27671232876712326,calls,400.0,1.9658908114754945,203.4701,0.0047999998,0.04,0.3,0.29,0.32,0.5561567822265626,12450.0,62.0
2026-09-18,0.27671232876712326,calls,410.0,2.015038081762382,203.4701,0.0047999998,0.04,0.3,0.25,0.3,0.5654340332031251,5528.0,3.0
2026-09-18,0.27671232876712326,calls,420.0,2.064185352049269,203.4701,0.0047999998,0.04,0.24,0.22,0.24,0.5688519677734375,7160.0,67.0
2026-09-18,0.27671232876712326,calls,430.0,2.1133326223361566,203.4701,0.0047999998,0.04,0.28,0.19,0.25,0.5810588769531251,348.0,2.0
2026-09-18,0.27671232876712326,calls,440.0,2.1624798926230437,203.4701,0.0047999998,0.04,0.22,0.13,0.23,0.5820354296875,606.0,2.0
2026-09-18,0.27671232876712326,calls,450.0,2.2116271629099313,203.4701,0.0047999998,0.04,0.19,0.15,0.2,0.594730615234375,948.0,11.0
2026-09-18,0.27671232876712326,calls,455.0,2.2362007980533747,203.4701,0.0047999998,0.04,0.18,0.13,0.2,0.5976602734375001,1598.0,1.0
2026-09-18,0.27671232876712326,calls,460.0,2.2607744331968185,203.4701,0.0047999998,0.04,0.15,0.12,0.15,0.5918009570312501,2451.0,24.0
2026-09-18,0.27671232876712326,puts,5.0,0.02457363514344368,203.4701,0.0047999998,0.04,0.03,0.0,0.01,2.1875045312499997,1955.0,3.0
2026-09-18,0.27671232876712326,puts,10.0,0.04914727028688736,203.4701,0.0047999998,0.04,0.01,0.0,0.02,1.8437507812499998,970.0,1.0
2026-09-18,0.27671232876712326,puts,15.0,0.07372090543033104,203.4701,0.0047999998,0.04,0.03,0.0,0.01,1.5000025,486.0,1.0
2026-09-18,0.27671232876712326,puts,20.0,0.09829454057377472,203.4701,0.0047999998,0.04,0.01,0.0,0.01,1.3125034374999998,581.0,1.0
2026-09-18,0.27671232876712326,puts,25.0,0.1228681757172184,203.4701,0.0047999998,0.04,0.02,0.0,0.06,1.3828155859374998,3427.0,76.0
2026-09-18,0.27671232876712326,puts,30.0,0.14744181086066208,203.4701,0.0047999998,0.04,0.03,0.0,0.07,1.2812535937499998,626.0,2.0
2026-09-18,0.27671232876712326,puts,35.0,0.17201544600410576,203.4701,0.0047999998,0.04,0.02,0.01,0.07,1.1953165234375,2965.0,2.0
2026-09-18,0.27671232876712326,puts,40.0,0.19658908114754944,203.4701,0.0047999998,0.04,0.02,0.01,0.07,1.1015669921875002,3140.0,5.0
2026-09-18,0.27671232876712326,puts,45.0,0.22116271629099313,203.4701,0.0047999998,0.04,0.03,0.01,0.06,1.01172369140625,957.0,12.0
2026-09-18,0.27671232876712326,puts,50.0,0.2457363514344368,203.4701,0.0047999998,0.04,0.06,0.03,0.06,0.9648441015625,2074.0,4560.0
2026-09-18,0.27671232876712326,puts,55.0,0.27030998657788047,203.4701,0.0047999998,0.04,0.05,0.03,0.11,0.9433599414062499,928.0,3.0
2026-09-18,0.27671232876712326,puts,60.0,0.29488362172132415,203.4701,0.0047999998,0.04,0.06,0.04,0.12,0.8964854101562498,1597.0,11.0
2026-09-18,0.27671232876712326,puts,65.0,0.31945725686476784,203.4701,0.0047999998,0.04,0.05,0.06,0.13,0.8554701953125,1241.0,2.0
2026-09-18,0.27671232876712326,puts,70.0,0.3440308920082115,203.4701,0.0047999998,0.04,0.14,0.07,0.15,0.8164080859374999,2342.0,1.0
2026-09-18,0.27671232876712326,puts,75.0,0.3686045271516552,203.4701,0.0047999998,0.04,0.16,0.1,0.16,0.7812521875,1462.0,9.0
2026-09-18,0.27671232876712326,puts,80.0,0.3931781622950989,203.4701,0.0047999998,0.04,0.15,0.13,0.18,0.7500025,3541.0,56.0
2026-09-18,0.27671232876712326,puts,85.0,0.41775179743854257,203.4701,0.0047999998,0.04,0.14,0.14,0.2,0.7128934960937501,5084.0,5.0
2026-09-18,0.27671232876712326,puts,90.0,0.44232543258198626,203.4701,0.0047999998,0.04,0.2,0.17,0.23,0.6835969140625001,9978.0,8.0
2026-09-18,0.27671232876712326,puts,95.0,0.46689906772542994,203.4701,0.0047999998,0.04,0.25,0.21,0.27,0.65820654296875,13145.0,1.0
2026-09-18,0.27671232876712326,puts,100.0,0.4914727028688736,203.4701,0.0047999998,0.04,0.29,0.28,0.32,0.6372106591796876,17603.0,107.0
2026-09-18,0.27671232876712326,puts,105.0,0.5160463380123173,203.4701,0.0047999998,0.04,0.37,0.34,0.4,0.6167030517578126,8301.0,1.0
2026-09-18,0.27671232876712326,puts,110.0,0.5406199731557609,203.4701,0.0047999998,0.04,0.45,0.4,0.48,0.5937540625000001,14202.0,20.0
2026-09-18,0.27671232876712326,puts,115.0,0.5651936082992046,203.4701,0.0047999998,0.04,0.55,0.54,0.59,0.5795940478515625,6175.0,8.0
2026-09-18,0.27671232876712326,puts,120.0,0.5897672434426483,203.4701,0.0047999998,0.04,0.68,0.67,0.72,0.5620160986328125,39295.0,45.0
2026-09-18,0.27671232876712326,puts,125.0,0.614340878586092,203.4701,0.0047999998,0.04,0.78,0.83,0.88,0.5454147021484376,25381.0,2.0
2026-09-18,0.27671232876712326,puts,130.0,0.6389145137295357,203.4701,0.0047999998,0.04,1.04,1.04,1.12,0.5327195166015625,30261.0,4.0
2026-09-18,0.27671232876712326,puts,135.0,0.6634881488729794,203.4701,0.0047999998,0.04,1.23,1.29,1.37,0.5183153637695312,14502.0,234.0
2026-09-18,0.27671232876712326,puts,140.0,0.688061784016423,203.4701,0.0047999998,0.04,1.51,1.55,1.64,0.5017139672851563,29385.0,1.0
2026-09-18,0.27671232876712326,puts,145.0,0.7126354191598667,203.4701,0.0047999998,0.04,1.92,1.93,2.04,0.4940236145019532,23199.0,118.0
2026-09-18,0.27671232876712326,puts,150.0,0.7372090543033104,203.4701,0.0047999998,0.04,2.5,2.42,2.54,0.4842580871582032,35969.0,48.0
2026-09-18,0.27671232876712326,puts,155.0,0.7617826894467541,203.4701,0.0047999998,0.04,2.78,2.99,3.1,0.47296669616699216,17913.0,47.0
2026-09-18,0.27671232876712326,puts,160.0,0.7863563245901978,203.4701,0.0047999998,0.04,3.8,3.7,3.8,0.46356737609863286,31839.0,1042.0
2026-09-18,0.27671232876712326,puts,165.0,0.8109299597336415,203.4701,0.0047999998,0.04,4.6,4.5,4.65,0.45538874694824216,15637.0,50.0
2026-09-18,0.27671232876712326,puts,170.0,0.8355035948770851,203.4701,0.0047999998,0.04,5.35,5.55,5.7,0.4492852923583984,25829.0,200.0
2026-09-18,0.27671232876712326,puts,175.0,0.8600772300205288,203.4701,0.0047999998,0.04,6.75,6.6,6.8,0.4396418341064453,25766.0,233.0
2026-09-18,0.27671232876712326,puts,180.0,0.8846508651639725,203.4701,0.0047999998,0.04,8.0,8.0,8.2,0.43408769042968753,31231.0,231.0
2026-09-18,0.27671232876712326,puts,185.0,0.9092245003074162,203.4701,0.0047999998,0.04,9.3,9.5,9.7,0.4260921649169922,21369.0,98.0
2026-09-18,0.27671232876712326,puts,190.0,0.9337981354508599,203.4701,0.0047999998,0.04,11.25,11.25,11.5,0.42090422851562503,15133.0,1144.0
2026-09-18,0.27671232876712326,puts,195.0,0.9583717705943036,203.4701,0.0047999998,0.04,12.8,13.25,13.5,0.4154111193847656,8651.0,65.0
2026-09-18,0.27671232876712326,puts,200.0,0.9829454057377472,203.4701,0.0047999998,0.04,15.25,15.6,15.8,0.41190163299560545,32633.0,2115.0
2026-09-18,0.27671232876712326,puts,205.0,1.007519040881191,203.4701,0.0047999998,0.04,18.0,18.1,18.35,0.40906352661132805,7033.0,807.0
2026-09-18,0.27671232876712326,puts,210.0,1.0320926760246345,203.4701,0.0047999998,0.04,19.75,20.95,21.15,0.40689680023193364,11063.0,2152.0
2026-09-18,0.27671232876712326,puts,215.0,1.0566663111680783,203.4701,0.0047999998,0.04,23.6,23.8,24.0,0.4008848974609375,9149.0,87.0
2026-09-18,0.27671232876712326,puts,220.0,1.0812399463115219,203.4701,0.0047999998,0.04,25.05,26.9,27.25,0.3993590338134766,8767.0,14.0
2026-09-18,0.27671232876712326,puts,225.0,1.1058135814549657,203.4701,0.0047999998,0.04,28.8,30.1,30.5,0.39291988922119137,3592.0,51.0
2026-09-18,0.27671232876712326,puts,230.0,1.1303872165984092,203.4701,0.0047999998,0.04,33.65,33.7,34.1,0.3904479901123047,4812.0,11.0
2026-09-18,0.27671232876712326,puts,235.0,1.154960851741853,203.4701,0.0047999998,0.04,35.5,37.35,37.85,0.38721315917968746,1767.0,1.0
2026-09-18,0.27671232876712326,puts,240.0,1.1795344868852966,203.4701,0.0047999998,0.04,38.13,41.3,41.9,0.38812867736816403,1505.0,4.0
2026-09-18,0.27671232876712326,puts,245.0,1.2041081220287404,203.4701,0.0047999998,0.04,44.4,45.4,45.95,0.38477177734374995,282.0,1.0
2026-09-18,0.27671232876712326,puts,250.0,1.228681757172184,203.4701,0.0047999998,0.04,48.2,49.45,50.15,0.3819031536865234,1208.0,10.0
2026-09-18,0.27671232876712326,puts,255.0,1.2532553923156278,203.4701,0.0047999998,0.04,51.8,53.65,54.5,0.38013315185546875,52.0,1.0
2026-09-18,0.27671232876712326,puts,260.0,1.2778290274590713,203.4701,0.0047999998,0.04,58.03,57.7,58.9,0.37616590637207037,221.0,19.0
2026-09-18,0.27671232876712326,puts,265.0,1.3024026626025151,203.4701,0.0047999998,0.04,49.26,62.55,63.5,0.3771424591064453,141.0,37.0
2026-09-18,0.27671232876712326,puts,270.0,1.3269762977459587,203.4701,0.0047999998,0.04,63.5,67.05,68.1,0.3745179736328125,82.0,1.0
2026-09-18,0.27671232876712326,puts,275.0,1.3515499328894025,203.4701,0.0047999998,0.04,55.95,71.95,72.8,0.3737855590820312,171.0,20.0
2026-09-18,0.27671232876712326,puts,280.0,1.376123568032846,203.4701,0.0047999998,0.04,71.69,76.4,77.5,0.36926900268554685,446.0,2.0
2026-09-18,0.27671232876712326,puts,285.0,1.4006972031762899,203.4701,0.0047999998,0.04,76.5,81.1,82.2,0.3591372680664062,18.0,3.0
2026-09-18,0.27671232876712326,puts,290.0,1.4252708383197334,203.4701,0.0047999998,0.04,73.6,85.9,87.05,0.3579165771484375,1.0,1.0
2026-09-18,0.27671232876712326,puts,295.0,1.449844473463177,203.4701,0.0047999998,0.04,66.37,90.3,91.95,0.3591372680664062,77.0,77.0
2026-09-18,0.27671232876712326,puts,300.0,1.4744181086066208,203.4701,0.0047999998,0.04,93.0,95.9,96.8,0.34961587890624996,58.0,2.0
2026-09-18,0.27671232876712326,puts,310.0,1.5235653788935082,203.4701,0.0047999998,0.04,85.25,105.5,107.15,0.4226131958007812,20.0,20.0
2026-09-18,0.27671232876712326,puts,320.0,1.5727126491803955,203.4701,0.0047999998,0.04,96.7,115.3,117.9,0.5159960510253907,1.0,1.0
2026-09-18,0.27671232876712326,puts,330.0,1.621859919467283,203.4701,0.0047999998,0.04,149.06,0.0,0.0,1.0000000000000003e-05,0.0,4.0
2026-09-18,0.27671232876712326,puts,340.0,1.6710071897541703,203.4701,0.0047999998,0.04,117.65,135.25,137.4,0.5231981274414061,0.0,20.0
2026-09-18,0.27671232876712326,puts,350.0,1.7201544600410577,203.4701,0.0047999998,0.04,162.89,167.85,171.85,1.3418001660156247,0.0,8.0
2026-09-18,0.27671232876712326,puts,360.0,1.769301730327945,203.4701,0.0047999998,0.04,130.2,154.8,156.65,0.43994700683593746,0.0,25.0
2026-09-18,0.27671232876712326,puts,370.0,1.8184490006148324,203.4701,0.0047999998,0.04,149.95,165.05,167.05,0.5454147021484376,0.0,200.0
2026-09-18,0.27671232876712326,puts,400.0,1.9658908114754945,203.4701,0.0047999998,0.04,215.09,0.0,0.0,1.0000000000000003e-05,0.0,2.0
2026-09-18,0.27671232876712326,puts,410.0,2.015038081762382,203.4701,0.0047999998,0.04,225.11,0.0,0.0,1.0000000000000003e-05,0.0,0.0
2026-09-18,0.27671232876712326,puts,420.0,2.064185352049269,203.4701,0.0047999998,0.04,229.0,230.75,234.35,1.3453401873779296,0.0,0.0
2026-10-16,0.35342465753424657,calls,5.0,0.02457363514344368,203.4701,0.0047999998,0.04,204.13,195.65,202.5,3.406251484375,15.0,15.0
2026-10-16,0.35342465753424657,calls,10.0,0.04914727028688736,203.4701,0.0047999998,0.04,199.71,191.85,197.3,2.9687525781249997,11.0,10.0
2026-10-16,0.35342465753424657,calls,15.0,0.07372090543033104,203.4701,0.0047999998,0.04,194.37,187.5,192.4,2.6621127197265633,9.0,9.0
2026-10-16,0.35342465753424657,calls,20.0,0.09829454057377472,203.4701,0.0047999998,0.04,188.55,185.45,192.35,3.3120134387207028,10.0,10.0
2026-10-16,0.35342465753424657,calls,25.0,0.1228681757172184,203.4701,0.0047999998,0.04,159.8,172.9,180.3,2.1850631311035156,1.0,1.0
2026-10-16,0.35342465753424657,calls,30.0,0.14744181086066208,203.4701,0.0047999998,0.04,178.74,172.6,177.6,1.9350589184570315,46.0,6.0
2026-10-16,0.35342465753424657,calls,40.0,0.19658908114754944,203.4701,0.0047999998,0.04,172.94,162.65,168.0,1.6843277502441407,20.0,10.0
2026-10-16,0.35342465753424657,calls,45.0,0.22116271629099313,203.4701,0.0047999998,0.04,177.05,157.55,162.9,1.5449241503906248,50.0,2.0
2026-10-16,0.35342465753424657,calls,50.0,0.2457363514344368,203.4701,0.0047999998,0.04,164.42,153.05,158.2,1.5056177062988283,7.0,1.0
2026-10-16,0.35342465753424657,calls,55.0,0.27030998657788047,203.4701,0.0047999998,0.04,162.43,147.5,153.05,1.3540071362304684,3.0,1.0
2026-10-16,0.35342465753424657,calls,60.0,0.29488362172132415,203.4701,0.0047999998,0.04,106.44,0.0,0.0,1.0000000000000003e-05,0.0,0.0
2026-10-16,0.35342465753424657,calls,65.0,0.31945725686476784,203.4701,0.0047999998,0.04,142.02,137.8,143.2,1.2214394396972654,25.0,20.0
2026-10-16,0.35342465753424657,calls,70.0,0.3440308920082115,203.4701,0.0047999998,0.04,146.23,133.4,138.65,1.210209027099609,6.0,3.0
2026-10-16,0.35342465753424657,calls,75.0,0.3686045271516552,203.4701,0.0047999998,0.04,141.8,128.65,133.55,1.1469769213867185,2.0,1.0
2026-10-16,0.35342465753424657,calls,80.0,0.3931781622950989,203.4701,0.0047999998,0.04,104.27,144.25,151.85,2.3969766638183594,200.0,5.0
2026-10-16,0.35342465753424657,calls,90.0,0.44232543258198626,203.4701,0.0047999998,0.04,135.94,113.65,118.8,0.9704592797851561,120.0,2.0
2026-10-16,0.35342465753424657,calls,95.0,0.46689906772542994,203.4701,0.0047999998,0.04,115.48,108.95,111.55,0.8250749914550779,41.0,40.0
2026-10-16,0.35342465753424657,calls,100.0,0.4914727028688736,203.4701,0.0047999998,0.04,110.17,105.0,106.75,0.8331315515136717,101.0,52.0
2026-10-16,0.35342465753424657,calls,105.0,0.5160463380123173,203.4701,0.0047999998,0.04,104.7,99.15,102.0,0.7592797509765626,69.0,30.0
2026-10-16,0.35342465753424657,calls,110.0,0.5406199731557609,203.4701,0.0047999998,0.04,98.72,95.45,97.05,0.7651390673828126,378.0,6.0
2026-10-16,0.35342465753424657,calls,115.0,0.5651936082992046,203.4701,0.0047999998,0.04,95.83,90.85,92.2,0.7374293835449219,75.0,6.0
2026-10-16,0.35342465753424657,calls,120.0,0.5897672434426483,203.4701,0.0047999998,0.04,98.57,85.85,87.45,0.700198310546875,79.0,7.0
2026-10-16,0.35342465753424657,calls,125.0,0.614340878586092,203.4701,0.0047999998,0.04,83.6,81.2,82.6,0.6707796594238282,64.0,4.0
2026-10-16,0.35342465753424657,calls,130.0,0.6389145137295357,203.4701,0.0047999998,0.04,82.43,76.1,77.8,0.6306799627685546,69.0,2.0
2026-10-16,0.35342465753424657,calls,135.0,0.6634881488729794,203.4701,0.0047999998,0.04,76.25,71.75,73.2,0.6151161535644531,148.0,5.0
2026-10-16,0.35342465753424657,calls,140.0,0.688061784016423,203.4701,0.0047999998,0.04,70.45,67.7,68.65,0.6047402807617189,265.0,10.0
2026-10-16,0.35342465753424657,calls,145.0,0.7126354191598667,203.4701,0.0047999998,0.04,71.66,62.75,64.65,0.5841716387939453,200.0,1.0
2026-10-16,0.35342465753424657,calls,150.0,0.7372090543033104,203.4701,0.0047999998,0.04,64.45,58.85,59.95,0.5684247259521484,653.0,4.0
2026-10-16,0.35342465753424657,calls,155.0,0.7617826894467541,203.4701,0.0047999998,0.04,58.5,54.95,55.45,0.5537154003906251,510.0,5.0
2026-10-16,0.35342465753424657,calls,160.0,0.7863563245901978,203.4701,0.0047999998,0.04,52.5,50.85,51.4,0.5404098693847659,574.0,1.0
2026-10-16,0.35342465753424657,calls,165.0,0.8109299597336415,203.4701,0.0047999998,0.04,48.82,46.75,47.3,0.5236864038085938,328.0,1.0
2026-10-16,0.35342465753424657,calls,170.0,0.8355035948770851,203.4701,0.0047999998,0.04,45.55,43.0,43.4,0.5120898400878906,1165.0,14.0
2026-10-16,0.35342465753424657,calls,175.0,0.8600772300205288,203.4701,0.0047999998,0.04,43.85,39.25,39.65,0.5045825909423829,579.0,16.0
2026-10-16,0.35342465753424657,calls,180.0,0.8846508651639725,203.4701,0.0047999998,0.04,37.85,36.05,36.45,0.502080174560547,2220.0,17.0
2026-10-16,0.35342465753424657,calls,185.0,0.9092245003074162,203.4701,0.0047999998,0.04,34.73,32.7,33.1,0.49219257812500006,1234.0,13.0
2026-10-16,0.35342465753424657,calls,190.0,0.9337981354508599,203.4701,0.0047999998,0.04,31.4,29.8,30.3,0.49136861175537117,1851.0,47.0
2026-10-16,0.35342465753424657,calls,195.0,0.9583717705943036,203.4701,0.0047999998,0.04,28.96,26.75,27.15,0.4791922198486328,3069.0,16.0
2026-10-16,0.35342465753424657,calls,200.0,0.9829454057377472,203.4701,0.0047999998,0.04,25.0,24.25,24.6,0.47653721710205077,2839.0,124.0
2026-10-16,0.35342465753424657,calls,205.0,1.007519040881191,203.4701,0.0047999998,0.04,21.75,21.7,22.0,0.469304623413086,5729.0,100.0
2026-10-16,0.35342465753424657,calls,210.0,1.0320926760246345,203.4701,0.0047999998,0.04,19.9,19.45,19.7,0.46484910156250003,9109.0,170.0
2026-10-16,0.35342465753424657,calls,215.0,1.0566663111680783,203.4701,0.0047999998,0.04,17.6,17.45,17.7,0.46320116882324225,5528.0,124.0
2026-10-16,0.35342465753424657,calls,220.0,1.0812399463115219,203.4701,0.0047999998,0.04,15.65,15.55,15.8,0.4603325451660156,6979.0,63.0
2026-10-16,0.35342465753424657,calls,225.0,1.1058135814549657,203.4701,0.0047999998,0.04,14.95,14.05,14.25,0.4616142706298829,5081.0,56.0
2026-10-16,0.35342465753424657,calls,230.0,1.1303872165984092,203.4701,0.0047999998,0.04,12.4,12.6,12.7,0.4598442687988281,43039.0,296.0
2026-10-16,0.35342465753424657,calls,235.0,1.154960851741853,203.4701,0.0047999998,0.04,11.3,11.05,11.3,0.4583794396972657,2512.0,63.0
2026-10-16,0.35342465753424657,calls,240.0,1.1795344868852966,203.4701,0.0047999998,0.04,10.62,9.9,10.05,0.45740288696289066,9043.0,23.0
2026-10-16,0.35342465753424657,calls,245.0,1.2041081220287404,203.4701,0.0047999998,0.04,8.75,8.75,8.95,0.45715874877929696,5193.0,4.0
2026-10-16,0.35342465753424657,calls,250.0,1.228681757172184,203.4701,0.0047999998,0.04,8.7,7.8,7.9,0.45551081604003907,12446.0,308.0
2026-10-16,0.35342465753424657,calls,255.0,1.2532553923156278,203.4701,0.0047999998,0.04,8.33,6.85,7.05,0.4563042651367188,3205.0,56.0
2026-10-16,0.35342465753424657,calls,260.0,1.2778290274590713,203.4701,0.0047999998,0.04,6.18,6.1,6.3,0.45752495605468757,5321.0,78.0
2026-10-16,0.35342465753424657,calls,265.0,1.3024026626025151,203.4701,0.0047999998,0.04,6.1,5.4,5.6,0.4578911633300782,2694.0,17.0
2026-10-16,0.35342465753424657,calls,270.0,1.3269762977459587,203.4701,0.0047999998,0.04,6.27,4.8,4.9,0.4559990924072266,2377.0,2.0
2026-10-16,0.35342465753424657,calls,275.0,1.3515499328894025,203.4701,0.0047999998,0.04,4.85,4.35,4.55,0.46307909973144534,1247.0,16.0
2026-10-16,0.35342465753424657,calls,280.0,1.376123568032846,203.4701,0.0047999998,0.04,4.25,3.85,4.0,0.4619804779052735,8295.0,104.0
2026-10-16,0.35342465753424657,calls,285.0,1.4006972031762899,203.4701,0.0047999998,0.04,3.7,3.4,3.6,0.4642387561035156,808.0,1.0
2026-10-16,0.35342465753424657,calls,290.0,1.4252708383197334,203.4701,0.0047999998,0.04,3.45,3.1,3.3,0.4687553125,1900.0,47.0
2026-10-16,0.35342465753424657,calls,295.0,1.449844473463177,203.4701,0.0047999998,0.04,3.5,2.78,2.87,0.46655806884765627,470.0,1.0
2026-10-16,0.35342465753424657,calls,300.0,1.4744181086066208,203.4701,0.0047999998,0.04,2.78,2.52,2.62,0.47022014160156256,6589.0,61.0
2026-10-16,0.35342465753424657,calls,310.0,1.5235653788935082,203.4701,0.0047999998,0.04,2.3,2.08,2.18,0.47681187255859375,986.0,2.0
2026-10-16,0.35342465753424657,calls,320.0,1.5727126491803955,203.4701,0.0047999998,0.04,1.8,1.69,1.81,0.48254911987304694,868.0,8.0
2026-10-16,0.35342465753424657,calls,330.0,1.621859919467283,203.4701,0.0047999998,0.04,1.56,1.42,1.48,0.48608912353515626,430.0,1.0
2026-10-16,0.35342465753424657,calls,340.0,1.6710071897541703,203.4701,0.0047999998,0.04,1.25,1.2,1.26,0.4931691308593751,671.0,1.0
2026-10-16,0.35342465753424657,calls,350.0,1.7201544600410577,203.4701,0.0047999998,0.04,1.15,1.03,1.13,0.5001270690917969,2508.0,76.0
2026-10-16,0.35342465753424657,calls,360.0,1.769301730327945,203.4701,0.0047999998,0.04,1.0,0.87,0.92,0.5035450036621094,648.0,10.0
2026-10-16,0.35342465753424657,calls,370.0,1.8184490006148324,203.4701,0.0047999998,0.04,0.96,0.76,0.85,0.5134326000976561,244.0,1.0
2026-10-16,0.35342465753424657,calls,380.0,1.8675962709017198,203.4701,0.0047999998,0.04,0.81,0.65,0.7,0.5168505346679688,418.0,4.0
2026-10-16,0.35342465753424657,calls,390.0,1.9167435411886071,203.4701,0.0047999998,0.04,0.7,0.58,0.66,0.5271043383789062,261.0,25.0
2026-10-16,0.35342465753424657,calls,400.0,1.9658908114754945,203.4701,0.0047999998,0.04,0.59,0.51,0.58,0.53320779296875,1058.0,1.0
2026-10-16,0.35342465753424657,calls,410.0,2.015038081762382,203.4701,0.0047999998,0.04,0.58,0.45,0.52,0.5400436621093752,358.0,5.0
2026-10-16,0.35342465753424657,calls,420.0,2.064185352049269,203.4701,0.0047999998,0.04,0.44,0.4,0.46,0.5459029785156251,380.0,10.0
2026-10-16,0.35342465753424657,calls,430.0,2.1133326223361566,203.4701,0.0047999998,0.04,0.38,0.35,0.4,0.5502974658203126,184.0,15.0
2026-10-16,0.35342465753424657,calls,440.0,2.1624798926230437,203.4701,0.0047999998,0.04,0.32,0.31,0.37,0.5571333349609376,389.0,2.0
2026-10-16,0.35342465753424657,calls,450.0,2.2116271629099313,203.4701,0.0047999998,0.04,0.35,0.28,0.33,0.5625043750000001,1013.0,1.0
2026-10-16,0.35342465753424657,calls,455.0,2.2362007980533747,203.4701,0.0047999998,0.04,0.33,0.26,0.3,0.5629926513671876,486.0,1.0
2026-10-16,0.35342465753424657,calls,460.0,2.2607744331968185,203.4701,0.0047999998,0.04,0.29,0.25,0.29,0.5668988623046876,1310.0,11.0
2026-10-16,0.35342465753424657,puts,5.0,0.02457363514344368,203.4701,0.0047999998,0.04,0.02,0.0,0.01,1.9375003125,4023.0,100.0
2026-10-16,0.35342465753424657,puts,20.0,0.09829454057377472,203.4701,0.0047999998,0.04,0.04,0.0,0.0,0.500005,0.0,490.0
2026-10-16,0.35342465753424657,puts,30.0,0.14744181086066208,203.4701,0.0047999998,0.04,0.02,0.01,0.09,1.1757853710937498,1.0,1.0
2026-10-16,0.35342465753424657,puts,35.0,0.17201544600410576,203.4701,0.0047999998,0.04,0.04,0.01,0.1,1.08984830078125,6.0,5.0
2026-10-16,0.35342465753424657,puts,40.0,0.19658908114754944,203.4701,0.0047999998,0.04,0.01,0.01,0.11,1.01953615234375,261.0,2.0
2026-10-16,0.35342465753424657,puts,45.0,0.22116271629099313,203.4701,0.0047999998,0.04,0.17,0.0,0.0,0.500005,0.0,30.0
2026-10-16,0.35342465753424657,puts,50.0,0.2457363514344368,203.4701,0.0047999998,0.04,0.05,0.04,0.08,0.8808605664062499,157.0,1.0
2026-10-16,0.35342465753424657,puts,55.0,0.27030998657788047,203.4701,0.0047999998,0.04,0.1,0.05,0.15,0.86914193359375,123.0,12.0
2026-10-16,0.35342465753424657,puts,60.0,0.29488362172132415,203.4701,0.0047999998,0.04,0.07,0.06,0.16,0.82226740234375,311.0,113.0
2026-10-16,0.35342465753424657,puts,65.0,0.31945725686476784,203.4701,0.0047999998,0.04,0.08,0.08,0.18,0.7861349511718749,44.0,3.0
2026-10-16,0.35342465753424657,puts,70.0,0.3440308920082115,203.4701,0.0047999998,0.04,0.12,0.09,0.2,0.747072841796875,289.0,3.0
2026-10-16,0.35342465753424657,puts,75.0,0.3686045271516552,203.4701,0.0047999998,0.04,0.22,0.12,0.21,0.7128934960937501,88.0,1.0
2026-10-16,0.35342465753424657,puts,80.0,0.3931781622950989,203.4701,0.0047999998,0.04,0.18,0.15,0.24,0.684573466796875,376.0,1.0
2026-10-16,0.35342465753424657,puts,85.0,0.41775179743854257,203.4701,0.0047999998,0.04,0.2,0.19,0.3,0.6626010302734376,251.0,1.0
2026-10-16,0.35342465753424657,puts,90.0,0.44232543258198626,203.4701,0.0047999998,0.04,0.3,0.24,0.34,0.637698935546875,252.0,1.0
2026-10-16,0.35342465753424657,puts,95.0,0.46689906772542994,203.4701,0.0047999998,0.04,0.34,0.35,0.39,0.6206092626953126,667.0,101.0
2026-10-16,0.35342465753424657,puts,100.0,0.4914727028688736,203.4701,0.0047999998,0.04,0.45,0.41,0.47,0.5986368261718751,4512.0,8.0
2026-10-16,0.35342465753424657,puts,105.0,0.5160463380123173,203.4701,0.0047999998,0.04,0.54,0.5,0.58,0.5805706005859376,350.0,1.0
2026-10-16,0.35342465753424657,puts,110.0,0.5406199731557609,203.4701,0.0047999998,0.04,0.64,0.63,0.7,0.5642133422851563,977.0,42.0
2026-10-16,0.35342465753424657,puts,115.0,0.5651936082992046,203.4701,0.0047999998,0.04,0.82,0.76,0.89,0.5498091894531252,534.0,6.0
2026-10-16,0.35342465753424657,puts,120.0,0.5897672434426483,203.4701,0.0047999998,0.04,1.0,0.97,1.08,0.5366257275390626,2012.0,7.0
2026-10-16,0.35342465753424657,puts,125.0,0.614340878586092,203.4701,0.0047999998,0.04,1.15,1.2,1.3,0.5224657128906249,3358.0,54.0
2026-10-16,0.35342465753424657,puts,130.0,0.6389145137295357,203.4701,0.0047999998,0.04,1.47,1.45,1.54,0.5070850073242188,4087.0,2.0
2026-10-16,0.35342465753424657,puts,135.0,0.6634881488729794,203.4701,0.0047999998,0.04,1.76,1.83,1.92,0.5013477600097658,6503.0,4.0
2026-10-16,0.35342465753424657,puts,140.0,0.688061784016423,203.4701,0.0047999998,0.04,2.34,2.25,2.37,0.49207050903320315,8168.0,73.0
2026-10-16,0.35342465753424657,puts,145.0,0.7126354191598667,203.4701,0.0047999998,0.04,2.52,2.75,2.88,0.4820608435058594,6472.0,10.0
2026-10-16,0.35342465753424657,puts,150.0,0.7372090543033104,203.4701,0.0047999998,0.04,3.35,3.35,3.5,0.4732718688964844,14426.0,13.0
2026-10-16,0.35342465753424657,puts,155.0,0.7617826894467541,203.4701,0.0047999998,0.04,3.9,4.05,4.2,0.4637504797363281,10371.0,11.0
2026-10-16,0.35342465753424657,puts,160.0,0.7863563245901978,203.4701,0.0047999998,0.04,5.0,4.95,5.0,0.45416805603027344,11972.0,506.0
2026-10-16,0.35342465753424657,puts,165.0,0.8109299597336415,203.4701,0.0047999998,0.04,5.9,5.9,6.05,0.44885805053710937,12930.0,29.0
2026-10-16,0.35342465753424657,puts,170.0,0.8355035948770851,203.4701,0.0047999998,0.04,7.1,7.1,7.2,0.44214425048828127,12484.0,47.0
2026-10-16,0.35342465753424657,puts,175.0,0.8600772300205288,203.4701,0.0047999998,0.04,8.5,8.3,8.5,0.4354914849853516,7645.0,6.0
2026-10-16,0.35342465753424657,puts,180.0,0.8846508651639725,203.4701,0.0047999998,0.04,9.85,9.8,10.0,0.4297542376708985,9128.0,37.0
2026-10-16,0.35342465753424657,puts,185.0,0.9092245003074162,203.4701,0.0047999998,0.04,11.62,11.45,11.65,0.4234981967163086,4481.0,23.0
2026-10-16,0.35342465753424657,puts,190.0,0.9337981354508599,203.4701,0.0047999998,0.04,12.55,13.3,13.5,0.4177304321289062,5678.0,11.0
2026-10-16,0.35342465753424657,puts,195.0,0.9583717705943036,203.4701,0.0047999998,0.04,15.58,15.45,15.7,0.41547215393066406,9192.0,69.0
2026-10-16,0.35342465753424657,puts,200.0,0.9829454057377472,203.4701,0.0047999998,0.04,17.85,17.7,17.95,0.4100705966186523,12284.0,77.0
2026-10-16,0.35342465753424657,puts,205.0,1.007519040881191,203.4701,0.0047999998,0.04,19.4,20.25,20.45,0.40585921295166016,3960.0,60.0
2026-10-16,0.35342465753424657,puts,210.0,1.0320926760246345,203.4701,0.0047999998,0.04,22.43,22.95,23.25,0.40381455566406255,4053.0,58.0
2026-10-16,0.35342465753424657,puts,215.0,1.0566663111680783,203.4701,0.0047999998,0.04,24.35,25.9,26.25,0.4019530020141602,1605.0,15.0
2026-10-16,0.35342465753424657,puts,220.0,1.0812399463115219,203.4701,0.0047999998,0.04,28.0,28.85,29.2,0.39514765014648445,1460.0,9.0
2026-10-16,0.35342465753424657,puts,225.0,1.1058135814549657,203.4701,0.0047999998,0.04,29.3,32.15,32.55,0.3929809237670898,966.0,2.0
2026-10-16,0.35342465753424657,puts,230.0,1.1303872165984092,203.4701,0.0047999998,0.04,34.55,35.55,36.15,0.3926147164916992,737.0,2.0
2026-10-16,0.35342465753424657,puts,235.0,1.154960851741853,203.4701,0.0047999998,0.04,37.0,39.2,39.8,0.3898681619262696,584.0,1.0
2026-10-16,0.35342465753424657,puts,240.0,1.1795344868852966,203.4701,0.0047999998,0.04,42.2,43.0,43.85,0.39325557922363286,949.0,10.0
2026-10-16,0.35342465753424657,puts,245.0,1.2041081220287404,203.4701,0.0047999998,0.04,46.05,47.0,47.55,0.3846497082519531,120.0,1.0
2026-10-16,0.35342465753424657,puts,250.0,1.228681757172184,203.4701,0.0047999998,0.04,49.5,51.0,51.65,0.3827576373291015,307.0,2.0
2026-10-16,0.35342465753424657,puts,255.0,1.2532553923156278,203.4701,0.0047999998,0.04,49.43,55.1,56.05,0.3865417791748046,291.0,8.0
2026-10-16,0.35342465753424657,puts,260.0,1.2778290274590713,203.4701,0.0047999998,0.04,57.27,59.4,60.95,0.4035704174804688,95.0,3.0
2026-10-16,0.35342465753424657,puts,265.0,1.3024026626025151,203.4701,0.0047999998,0.04,60.65,63.7,64.85,0.3864807446289062,35.0,3.0
2026-10-16,0.35342465753424657,puts,270.0,1.3269762977459587,203.4701,0.0047999998,0.04,64.35,68.1,69.0,0.372076591796875,102.0,23.0
2026-10-16,0.35342465753424657,puts,275.0,1.3515499328894025,203.4701,0.0047999998,0.04,58.58,72.45,73.85,0.38233039550781245,151.0,2.0
2026-10-16,0.35342465753424657,puts,280.0,1.376123568032846,203.4701,0.0047999998,0.04,57.0,77.05,78.65,0.38934936828613287,17.0,1.0
2026-10-16,0.35342465753424657,puts,285.0,1.4006972031762899,203.4701,0.0047999998,0.04,75.1,81.7,83.1,0.37720349365234374,75.0,50.0
2026-10-16,0.35342465753424657,puts,290.0,1.4252708383197334,203.4701,0.0047999998,0.04,82.95,86.25,88.2,0.3969786865234375,95.0,15.0
2026-10-16,0.35342465753424657,puts,295.0,1.449844473463177,203.4701,0.0047999998,0.04,84.3,90.9,92.45,0.36389796264648444,90.0,75.0
2026-10-16,0.35342465753424657,puts,300.0,1.4744181086066208,203.4701,0.0047999998,0.04,89.0,95.55,97.5,0.3803772900390625,157.0,100.0
2026-10-16,0.35342465753424657,puts,310.0,1.5235653788935082,203.4701,0.0047999998,0.04,98.5,105.25,107.65,0.41602146484374997,150.0,150.0
2026-10-16,0.35342465753424657,puts,360.0,1.769301730327945,203.4701,0.0047999998,0.04,142.25,155.05,158.05,0.555790574951172,0.0,1.0
2026-10-16,0.35342465753424657,puts,370.0,1.8184490006148324,203.4701,0.0047999998,0.04,142.72,165.1,167.1,0.4899953344726563,0.0,0.0
2026-10-16,0.35342465753424657,puts,380.0,1.8675962709017198,203.4701,0.0047999998,0.04,158.2,175.05,177.9,0.5842326733398437,0.0,30.0
2026-10-16,0.35342465753424657,puts,400.0,1.9658908114754945,203.4701,0.0047999998,0.04,168.3,195.05,197.1,0.5407760766601564,1.0,0.0
2026-10-16,0.35342465753424657,puts,440.0,2.1624798926230437,203.4701,0.0047999998,0.04,212.53,234.7,236.85,0.5590864404296876,0.0,0.0
2026-11-20,0.44931506849315067,calls,50.0,0.2457363514344368,203.4701,0.0047999998,0.04,167.03,152.75,158.5,1.3364290991210934,24.0,3.0
2026-11-20,0.44931506849315067,calls,55.0,0.27030998657788047,203.4701,0.0047999998,0.04,155.09,148.5,153.95,1.3221469439697264,9.0,1.0
2026-11-20,0.44931506849315067,calls,60.0,0.29488362172132415,203.4701,0.0047999998,0.04,156.46,143.55,148.7,1.2280312036132814,47.0,35.0
2026-11-20,0.44931506849315067,calls,65.0,0.31945725686476784,203.4701,0.0047999998,0.04,144.78,139.8,144.25,1.2396278253173827,9.0,1.0
2026-11-20,0.44931506849315067,calls,70.0,0.3440308920082115,203.4701,0.0047999998,0.04,130.0,136.55,143.5,1.38904114074707,17.0,1.0
2026-11-20,0.44931506849315067,calls,75.0,0.3686045271516552,203.4701,0.0047999998,0.04,150.35,128.35,134.05,1.0272265435791017,11.0,1.0
2026-11-20,0.44931506849315067,calls,80.0,0.3931781622950989,203.4701,0.0047999998,0.04,141.36,123.6,129.4,0.9927979235839843,39.0,3.0
2026-11-20,0.44931506849315067,calls,85.0,0.41775179743854257,203.4701,0.0047999998,0.04,123.43,119.7,124.4,0.9770510107421876,40.0,9.0
2026-11-20,0.44931506849315067,calls,90.0,0.44232543258198626,203.4701,0.0047999998,0.04,118.64,115.35,117.85,0.889527471923828,82.0,25.0
2026-11-20,0.44931506849315067,calls,95.0,0.46689906772542994,203.4701,0.0047999998,0.04,113.76,110.5,112.0,0.8136004968261719,23.0,21.0
2026-11-20,0.44931506849315067,calls,100.0,0.4914727028688736,203.4701,0.0047999998,0.04,107.5,105.5,107.5,0.7836935693359376,194.0,10.0
2026-11-20,0.44931506849315067,calls,105.0,0.5160463380123173,203.4701,0.0047999998,0.04,107.04,100.65,102.65,0.7475611181640626,141.0,12.0
2026-11-20,0.44931506849315067,calls,110.0,0.5406199731557609,203.4701,0.0047999998,0.04,102.2,96.35,97.85,0.7297390307617188,144.0,66.0
2026-11-20,0.44931506849315067,calls,115.0,0.5651936082992046,203.4701,0.0047999998,0.04,97.55,91.75,93.1,0.7037383142089844,330.0,64.0
2026-11-20,0.44931506849315067,calls,120.0,0.5897672434426483,203.4701,0.0047999998,0.04,92.44,87.05,88.5,0.6785310467529297,430.0,10.0
2026-11-20,0.44931506849315067,calls,125.0,0.614340878586092,203.4701,0.0047999998,0.04,85.89,82.55,84.2,0.6638827557373048,361.0,13.0
2026-11-20,0.44931506849315067,calls,130.0,0.6389145137295357,203.4701,0.0047999998,0.04,81.18,78.0,79.25,0.6329992755126954,443.0,23.0
2026-11-20,0.44931506849315067,calls,135.0,0.6634881488729794,203.4701,0.0047999998,0.04,77.69,73.6,74.75,0.6138344281005861,432.0,35.0
2026-11-20,0.44931506849315067,calls,140.0,0.688061784016423,203.4701,0.0047999998,0.04,72.87,69.1,70.7,0.5994913098144532,5302.0,30.0
2026-11-20,0.44931506849315067,calls,145.0,0.7126354191598667,203.4701,0.0047999998,0.04,70.5,65.1,66.5,0.5887492297363282,392.0,11.0
2026-11-20,0.44931506849315067,calls,150.0,0.7372090543033104,203.4701,0.0047999998,0.04,65.9,60.95,61.5,0.5614057531738281,624.0,4.0
2026-11-20,0.44931506849315067,calls,155.0,0.7617826894467541,203.4701,0.0047999998,0.04,60.44,57.05,57.6,0.5526778131103516,1456.0,1.0
2026-11-20,0.44931506849315067,calls,160.0,0.7863563245901978,203.4701,0.0047999998,0.04,55.27,53.3,53.85,0.5452621157836915,903.0,11.0
2026-11-20,0.44931506849315067,calls,165.0,0.8109299597336415,203.4701,0.0047999998,0.04,51.47,49.55,50.15,0.5356491748046875,1269.0,12.0
2026-11-20,0.44931506849315067,calls,170.0,0.8355035948770851,203.4701,0.0047999998,0.04,46.17,45.8,46.2,0.5206957110595702,1267.0,40.0
2026-11-20,0.44931506849315067,calls,175.0,0.8600772300205288,203.4701,0.0047999998,0.04,44.5,42.55,42.9,0.5164843273925781,1646.0,3.0
2026-11-20,0.44931506849315067,calls,180.0,0.8846508651639725,203.4701,0.0047999998,0.04,40.95,39.45,39.85,0.513554669189453,5007.0,16.0
2026-11-20,0.44931506849315067,calls,185.0,0.9092245003074162,203.4701,0.0047999998,0.04,38.83,36.2,36.65,0.5045825909423829,2699.0,3.0
2026-11-20,0.44931506849315067,calls,190.0,0.9337981354508599,203.4701,0.0047999998,0.04,36.71,33.2,33.6,0.5010120700073243,2583.0,50.0
2026-11-20,0.44931506849315067,calls,195.0,0.9583717705943036,203.4701,0.0047999998,0.04,31.72,30.55,31.05,0.4999439654541016,1019.0,23.0
2026-11-20,0.44931506849315067,calls,200.0,0.9829454057377472,203.4701,0.0047999998,0.04,28.0,28.05,28.35,0.49323016540527354,4394.0,108.0
2026-11-20,0.44931506849315067,calls,205.0,1.007519040881191,203.4701,0.0047999998,0.04,26.43,25.6,25.9,0.4885915399169922,1835.0,57.0
2026-11-20,0.44931506849315067,calls,210.0,1.0320926760246345,203.4701,0.0047999998,0.04,23.4,23.35,23.5,0.4823049816894531,4050.0,165.0
2026-11-20,0.44931506849315067,calls,215.0,1.0566663111680783,203.4701,0.0047999998,0.04,21.5,21.3,21.65,0.4835561898803712,2469.0,22.0
2026-11-20,0.44931506849315067,calls,220.0,1.0812399463115219,203.4701,0.0047999998,0.04,19.75,19.35,19.6,0.47867342620849607,5968.0,166.0
2026-11-20,0.44931506849315067,calls,225.0,1.1058135814549657,203.4701,0.0047999998,0.04,18.0,17.6,17.85,0.47687290710449215,2697.0,57.0
2026-11-20,0.44931506849315067,calls,230.0,1.1303872165984092,203.4701,0.0047999998,0.04,16.48,15.95,16.25,0.4755301470947265,8076.0,258.0
2026-11-20,0.44931506849315067,calls,235.0,1.154960851741853,203.4701,0.0047999998,0.04,15.08,14.55,14.75,0.4738211798095704,4194.0,16.0
2026-11-20,0.44931506849315067,calls,240.0,1.1795344868852966,203.4701,0.0047999998,0.04,14.25,13.2,13.4,0.47281410980224614,8522.0,78.0
2026-11-20,0.44931506849315067,calls,245.0,1.2041081220287404,203.4701,0.0047999998,0.04,13.26,11.95,12.15,0.471684970703125,2426.0,2.0
2026-11-20,0.44931506849315067,calls,250.0,1.228681757172184,203.4701,0.0047999998,0.04,10.95,10.9,11.0,0.47055583160400394,10592.0,246.0
2026-11-20,0.44931506849315067,calls,255.0,1.2532553923156278,203.4701,0.0047999998,0.04,9.9,9.85,9.9,0.46845013977050787,2071.0,8.0
2026-11-20,0.44931506849315067,calls,260.0,1.2778290274590713,203.4701,0.0047999998,0.04,9.0,8.95,9.1,0.470983073425293,3593.0,11.0
2026-11-20,0.44931506849315067,calls,265.0,1.3024026626025151,203.4701,0.0047999998,0.04,8.7,8.15,8.25,0.4707694525146484,1694.0,1.0
2026-11-20,0.44931506849315067,calls,270.0,1.3269762977459587,203.4701,0.0047999998,0.04,8.15,7.35,7.5,0.471135659790039,3055.0,23.0
2026-11-20,0.44931506849315067,calls,275.0,1.3515499328894025,203.4701,0.0047999998,0.04,7.5,6.7,6.85,0.47241738525390625,2487.0,10.0
2026-11-20,0.44931506849315067,calls,280.0,1.376123568032846,203.4701,0.0047999998,0.04,6.6,6.1,6.25,0.4734854898071289,5149.0,13.0
2026-11-20,0.44931506849315067,calls,285.0,1.4006972031762899,203.4701,0.0047999998,0.04,6.0,5.5,5.65,0.47308876525878907,2113.0,4.0
2026-11-20,0.44931506849315067,calls,290.0,1.4252708383197334,203.4701,0.0047999998,0.04,5.5,5.1,5.2,0.47546911254882807,1584.0,1.0
2026-11-20,0.44931506849315067,calls,295.0,1.449844473463177,203.4701,0.0047999998,0.04,5.05,4.65,4.8,0.4781546325683594,282.0,2.0
2026-11-20,0.44931506849315067,calls,300.0,1.4744181086066208,203.4701,0.0047999998,0.04,4.61,4.2,4.3,0.47650669982910154,4378.0,33.0
2026-11-20,0.44931506849315067,calls,310.0,1.5235653788935082,203.4701,0.0047999998,0.04,3.9,3.6,3.75,0.48438015625,1324.0,12.0
2026-11-20,0.44931506849315067,calls,320.0,1.5727126491803955,203.4701,0.0047999998,0.04,3.14,3.0,3.15,0.48682153808593753,2035.0,1.0
2026-11-20,0.44931506849315067,calls,330.0,1.621859919467283,203.4701,0.0047999998,0.04,2.8,2.5,2.66,0.48969016174316415,966.0,4.0
2026-11-20,0.44931506849315067,calls,340.0,1.6710071897541703,203.4701,0.0047999998,0.04,2.35,2.19,2.32,0.49573258178710944,500.0,15.0
2026-11-20,0.44931506849315067,calls,350.0,1.7201544600410577,203.4701,0.0047999998,0.04,1.87,1.88,1.99,0.49945568908691407,681.0,238.0
2026-11-20,0.44931506849315067,calls,360.0,1.769301730327945,203.4701,0.0047999998,0.04,1.98,1.67,1.77,0.5035450036621094,1222.0,1.0
2026-11-20,0.44931506849315067,calls,370.0,1.8184490006148324,203.4701,0.0047999998,0.04,1.51,1.41,1.53,0.5062305236816407,263.0,1.0
2026-11-20,0.44931506849315067,calls,380.0,1.8675962709017198,203.4701,0.0047999998,0.04,1.45,1.24,1.37,0.5120898400878906,2961.0,20.0
2026-11-20,0.44931506849315067,calls,390.0,1.9167435411886071,203.4701,0.0047999998,0.04,1.3,1.01,1.2,0.5133105310058592,248.0,28.0
2026-11-20,0.44931506849315067,calls,400.0,1.9658908114754945,203.4701,0.0047999998,0.04,1.0,1.0,1.04,0.5217332983398437,1126.0,436.0
2026-11-20,0.44931506849315067,calls,410.0,2.015038081762382,203.4701,0.0047999998,0.04,1.05,0.85,0.96,0.526371923828125,1181.0,1.0
2026-11-20,0.44931506849315067,calls,420.0,2.064185352049269,203.4701,0.0047999998,0.04,0.84,0.76,0.81,0.5285691674804689,167.0,3.0
2026-11-20,0.44931506849315067,calls,430.0,2.1133326223361566,203.4701,0.0047999998,0.04,1.1,0.68,0.77,0.5357712438964843,135.0,55.0
2026-11-20,0.44931506849315067,calls,440.0,2.1624798926230437,203.4701,0.0047999998,0.04,0.77,0.62,0.68,0.5400436621093752,349.0,8.0
2026-11-20,0.44931506849315067,calls,450.0,2.2116271629099313,203.4701,0.0047999998,0.04,0.67,0.56,0.63,0.5459029785156251,152.0,5.0
2026-11-20,0.44931506849315067,calls,455.0,2.2362007980533747,203.4701,0.0047999998,0.04,0.9,0.52,0.58,0.5459029785156251,9.0,1.0
2026-11-20,0.44931506849315067,calls,460.0,2.2607744331968185,203.4701,0.0047999998,0.04,0.55,0.51,0.57,0.5505416040039064,343.0,3.0
2026-11-20,0.44931506849315067,puts,50.0,0.2457363514344368,203.4701,0.0047999998,0.04,0.11,0.07,0.18,0.8476577734374999,503.0,1.0
2026-11-20,0.44931506849315067,puts,55.0,0.27030998657788047,203.4701,0.0047999998,0.04,0.11,0.07,0.19,0.7949239257812499,192.0,1.0
2026-11-20,0.44931506849315067,puts,60.0,0.29488362172132415,203.4701,0.0047999998,0.04,0.1,0.08,0.2,0.7509790527343749,283.0,4.0
2026-11-20,0.44931506849315067,puts,65.0,0.31945725686476784,203.4701,0.0047999998,0.04,0.15,0.11,0.23,0.72070591796875,101.0,6.0
2026-11-20,0.44931506849315067,puts,70.0,0.3440308920082115,203.4701,0.0047999998,0.04,0.21,0.14,0.26,0.6904327832031252,258.0,2.0
2026-11-20,0.44931506849315067,puts,75.0,0.3686045271516552,203.4701,0.0047999998,0.04,0.24,0.18,0.3,0.6645541357421877,182.0,2.0
2026-11-20,0.44931506849315067,puts,80.0,0.3931781622950989,203.4701,0.0047999998,0.04,0.25,0.22,0.34,0.637698935546875,865.0,9.0
2026-11-20,0.44931506849315067,puts,85.0,0.41775179743854257,203.4701,0.0047999998,0.04,0.35,0.29,0.38,0.6147499462890625,215.0,11.0
2026-11-20,0.44931506849315067,puts,90.0,0.44232543258198626,203.4701,0.0047999998,0.04,0.43,0.37,0.46,0.596683720703125,367.0,24.0
2026-11-20,0.44931506849315067,puts,95.0,0.46689906772542994,203.4701,0.0047999998,0.04,0.54,0.49,0.63,0.5883830224609375,489.0,21.0
2026-11-20,0.44931506849315067,puts,100.0,0.4914727028688736,203.4701,0.0047999998,0.04,0.69,0.65,0.76,0.5749554223632812,3767.0,35.0
2026-11-20,0.44931506849315067,puts,105.0,0.5160463380123173,203.4701,0.0047999998,0.04,0.82,0.8,0.93,0.5603071313476562,343.0,17.0
2026-11-20,0.44931506849315067,puts,110.0,0.5406199731557609,203.4701,0.0047999998,0.04,0.97,0.99,1.11,0.5457809094238282,838.0,43.0
2026-11-20,0.44931506849315067,puts,115.0,0.5651936082992046,203.4701,0.0047999998,0.04,1.2,1.21,1.28,0.5297898583984376,6406.0,12.0
2026-11-20,0.44931506849315067,puts,120.0,0.5897672434426483,203.4701,0.0047999998,0.04,1.53,1.49,1.61,0.5202684692382812,3746.0,33.0
2026-11-20,0.44931506849315067,puts,125.0,0.614340878586092,203.4701,0.0047999998,0.04,1.84,1.84,1.96,0.5103808728027344,3478.0,20.0
2026-11-20,0.44931506849315067,puts,130.0,0.6389145137295357,203.4701,0.0047999998,0.04,2.06,2.25,2.41,0.5018360363769532,2279.0,353.0
2026-11-20,0.44931506849315067,puts,135.0,0.6634881488729794,203.4701,0.0047999998,0.04,2.66,2.71,2.8,0.49182637084960945,5712.0,83.0
2026-11-20,0.44931506849315067,puts,140.0,0.688061784016423,203.4701,0.0047999998,0.04,3.2,3.3,3.4,0.4846242944335938,11288.0,1.0
2026-11-20,0.44931506849315067,puts,145.0,0.7126354191598667,203.4701,0.0047999998,0.04,3.9,4.05,4.1,0.4777273907470704,5375.0,34.0
2026-11-20,0.44931506849315067,puts,150.0,0.7372090543033104,203.4701,0.0047999998,0.04,4.75,4.75,4.95,0.47260048889160156,14791.0,15.0
2026-11-20,0.44931506849315067,puts,155.0,0.7617826894467541,203.4701,0.0047999998,0.04,5.55,5.55,5.75,0.4622246160888672,4403.0,8.0
2026-11-20,0.44931506849315067,puts,160.0,0.7863563245901978,203.4701,0.0047999998,0.04,6.5,6.7,6.9,0.45917288879394536,11106.0,105.0
2026-11-20,0.44931506849315067,puts,165.0,0.8109299597336415,203.4701,0.0047999998,0.04,7.6,7.9,8.0,0.45099425964355466,5847.0,6.0
2026-11-20,0.44931506849315067,puts,170.0,0.8355035948770851,203.4701,0.0047999998,0.04,8.9,9.25,9.4,0.4470880487060547,10767.0,226.0
2026-11-20,0.44931506849315067,puts,175.0,0.8600772300205288,203.4701,0.0047999998,0.04,10.15,10.65,10.85,0.44086252502441403,7164.0,3.0
2026-11-20,0.44931506849315067,puts,180.0,0.8846508651639725,203.4701,0.0047999998,0.04,12.35,12.4,12.5,0.43579665771484377,12629.0,93.0
2026-11-20,0.44931506849315067,puts,185.0,0.9092245003074162,203.4701,0.0047999998,0.04,13.92,14.15,14.35,0.43161579132080086,3991.0,22.0
2026-11-20,0.44931506849315067,puts,190.0,0.9337981354508599,203.4701,0.0047999998,0.04,15.89,16.15,16.35,0.4271297521972657,5921.0,441.0
2026-11-20,0.44931506849315067,puts,195.0,0.9583717705943036,203.4701,0.0047999998,0.04,17.85,18.3,18.55,0.42331509307861326,5537.0,38.0
2026-11-20,0.44931506849315067,puts,200.0,0.9829454057377472,203.4701,0.0047999998,0.04,20.4,20.7,20.95,0.4200497448730469,10353.0,24.0
2026-11-20,0.44931506849315067,puts,205.0,1.007519040881191,203.4701,0.0047999998,0.04,22.5,23.3,23.65,0.41919526123046874,1909.0,29.0
2026-11-20,0.44931506849315067,puts,210.0,1.0320926760246345,203.4701,0.0047999998,0.04,25.45,25.9,26.15,0.4115964602661133,1703.0,99.0
2026-11-20,0.44931506849315067,puts,215.0,1.0566663111680783,203.4701,0.0047999998,0.04,28.25,28.7,29.1,0.4092161129760742,1798.0,15.0
2026-11-20,0.44931506849315067,puts,220.0,1.0812399463115219,203.4701,0.0047999998,0.04,30.25,31.9,32.25,0.4075681802368164,1293.0,7.0
2026-11-20,0.44931506849315067,puts,225.0,1.1058135814549657,203.4701,0.0047999998,0.04,32.8,35.05,35.5,0.40491317749023437,1099.0,11.0
2026-11-20,0.44931506849315067,puts,230.0,1.1303872165984092,203.4701,0.0047999998,0.04,37.15,38.3,38.8,0.40036610382080084,4761.0,11.0
2026-11-20,0.44931506849315067,puts,235.0,1.154960851741853,203.4701,0.0047999998,0.04,40.65,41.4,42.3,0.39685661743164063,372.0,31.0
2026-11-20,0.44931506849315067,puts,240.0,1.1795344868852966,203.4701,0.0047999998,0.04,44.04,44.85,45.75,0.38941040283203127,804.0,3.0
2026-11-20,0.44931506849315067,puts,245.0,1.2041081220287404,203.4701,0.0047999998,0.04,44.35,48.9,50.0,0.39609368560791025,304.0,5.0
2026-11-20,0.44931506849315067,puts,250.0,1.228681757172184,203.4701,0.0047999998,0.04,49.58,52.4,53.3,0.37933970275878903,298.0,1.0
2026-11-20,0.44931506849315067,puts,255.0,1.2532553923156278,203.4701,0.0047999998,0.04,51.85,56.8,58.3,0.3991148956298829,136.0,22.0
2026-11-20,0.44931506849315067,puts,260.0,1.2778290274590713,203.4701,0.0047999998,0.04,57.91,60.95,62.55,0.3998473101806641,710.0,2.0
2026-11-20,0.44931506849315067,puts,265.0,1.3024026626025151,203.4701,0.0047999998,0.04,62.3,64.85,66.15,0.38104867004394527,479.0,20.0
2026-11-20,0.44931506849315067,puts,270.0,1.3269762977459587,203.4701,0.0047999998,0.04,66.21,69.1,70.9,0.39063109375,348.0,1.0
2026-11-20,0.44931506849315067,puts,275.0,1.3515499328894025,203.4701,0.0047999998,0.04,67.7,69.85,71.5,1.0000000000000003e-05,0.0,60.0
2026-11-20,0.44931506849315067,puts,280.0,1.376123568032846,203.4701,0.0047999998,0.04,72.81,78.15,79.75,0.3859314337158203,15.0,8.0
2026-11-20,0.44931506849315067,puts,285.0,1.4006972031762899,203.4701,0.0047999998,0.04,77.24,82.85,84.5,0.39160764648437496,30.0,8.0
2026-11-20,0.44931506849315067,puts,290.0,1.4252708383197334,203.4701,0.0047999998,0.04,83.7,87.6,88.25,0.35480381530761707,52.0,20.0
2026-11-20,0.44931506849315067,puts,295.0,1.449844473463177,203.4701,0.0047999998,0.04,120.88,88.55,90.0,1.0000000000000003e-05,0.0,0.0
2026-11-20,0.44931506849315067,puts,300.0,1.4744181086066208,203.4701,0.0047999998,0.04,92.9,96.45,98.0,0.3668276208496094,43.0,13.0
2026-11-20,0.44931506849315067,puts,310.0,1.5235653788935082,203.4701,0.0047999998,0.04,93.15,105.5,107.7,0.37256486816406253,50.0,50.0
2026-11-20,0.44931506849315067,puts,320.0,1.5727126491803955,203.4701,0.0047999998,0.04,107.55,115.35,118.25,0.42517664672851563,1.0,0.0
2026-11-20,0.44931506849315067,puts,330.0,1.621859919467283,203.4701,0.0047999998,0.04,151.96,128.25,128.5,0.45935599243164066,0.0,8.0
2026-11-20,0.44931506849315067,puts,340.0,1.6710071897541703,203.4701,0.0047999998,0.04,124.1,135.5,136.9,0.3618227880859375,5.0,5.0
2026-11-20,0.44931506849315067,puts,350.0,1.7201544600410577,203.4701,0.0047999998,0.04,124.74,144.9,147.3,0.4215145739746094,2.0,1.0
2026-11-20,0.44931506849315067,puts,360.0,1.769301730327945,203.4701,0.0047999998,0.04,146.42,154.5,157.3,0.4387263159179688,0.0,2.0
2026-12-18,0.5260273972602739,calls,0.5,0.002457363514344368,203.4701,0.0047999998,0.04,203.32,201.4,203.2,4.8906288867187495,5829.0,986.0
2026-12-18,0.5260273972602739,calls,1.0,0.004914727028688736,203.4701,0.0047999998,0.04,219.6,199.85,206.05,4.757816552734374,5.0,1.0
2026-12-18,0.5260273972602739,calls,1.5,0.007372090543033104,203.4701,0.0047999998,0.04,207.53,199.45,205.7,4.343754570312499,1.0,1.0
2026-12-18,0.5260273972602739,calls,2.0,0.009829454057377472,203.4701,0.0047999998,0.04,210.15,199.25,204.85,3.843750390625,20.0,40.0
2026-12-18,0.5260273972602739,calls,2.5,0.01228681757172184,203.4701,0.0047999998,0.04,210.86,198.45,204.7,3.5800791748046876,9.0,114.0
2026-12-18,0.5260273972602739,calls,3.0,0.014744181086066208,203.4701,0.0047999998,0.04,214.55,197.95,204.2,3.3535172412109366,20.0,750.0
2026-12-18,0.5260273972602739,calls,3.5,0.017201544600410575,203.4701,0.0047999998,0.04,202.59,197.45,203.7,3.1738301904296877,10.0,10.0
2026-12-18,0.5260273972602739,calls,4.0,0.019658908114754944,203.4701,0.0047999998,0.04,209.8,197.0,203.25,3.080080424804687,5.0,1.0
2026-12-18,0.5260273972602739,calls,4.5,0.02211627162909931,203.4701,0.0047999998,0.04,220.5,196.35,202.5,2.740237524414063,0.0,1.0
2026-12-18,0.5260273972602739,calls,5.0,0.02457363514344368,203.4701,0.0047999998,0.04,206.04,195.9,201.55,2.3867227832031244,108.0,1.0
2026-12-18,0.5260273972602739,calls,6.0,0.029488362172132417,203.4701,0.0047999998,0.04,207.84,194.95,201.15,2.5957066357421876,1001.0,495.0
2026-12-18,0.5260273972602739,calls,7.0,0.03440308920082115,203.4701,0.0047999998,0.04,203.1,195.35,200.0,2.8710965722656248,256.0,1.0
2026-12-18,0.5260273972602739,calls,8.0,0.03931781622950989,203.4701,0.0047999998,0.04,205.92,194.55,198.85,2.733401604003906,27.0,15.0
2026-12-18,0.5260273972602739,calls,9.0,0.04423254325819862,203.4701,0.0047999998,0.04,205.3,193.35,197.85,2.555667673339843,39.0,1.0
2026-12-18,0.5260273972602739,calls,10.0,0.04914727028688736,203.4701,0.0047999998,0.04,201.95,192.7,196.75,2.506839670410156,681.0,171.0
2026-12-18,0.5260273972602739,calls,11.0,0.054061997315576094,203.4701,0.0047999998,0.04,203.35,191.4,195.9,2.3759806225585933,242.0,82.0
2026-12-18,0.5260273972602739,calls,12.0,0.05897672434426483,203.4701,0.0047999998,0.04,200.5,190.3,194.95,2.280277736816406,316.0,2.0
2026-12-18,0.5260273972602739,calls,13.0,0.06389145137295357,203.4701,0.0047999998,0.04,187.1,192.95,198.8,3.444825606689453,661.0,2.0
2026-12-18,0.5260273972602739,calls,14.0,0.0688061784016423,203.4701,0.0047999998,0.04,168.55,171.1,177.5,1.0000000000000003e-05,69.0,10.0
2026-12-18,0.5260273972602739,calls,15.0,0.07372090543033104,203.4701,0.0047999998,0.04,196.42,187.55,191.85,2.0986375659179686,832.0,100.0
2026-12-18,0.5260273972602739,calls,16.0,0.07863563245901978,203.4701,0.0047999998,0.04,192.79,186.25,191.25,2.0566454833984373,471.0,5.0
2026-12-18,0.5260273972602739,calls,17.0,0.08355035948770852,203.4701,0.0047999998,0.04,195.89,185.35,190.25,2.0166065209960937,326.0,70.0
2026-12-18,0.5260273972602739,calls,18.0,0.08846508651639724,203.4701,0.0047999998,0.04,205.02,184.7,189.1,1.9951172119140623,322.0,19.0
2026-12-18,0.5260273972602739,calls,19.0,0.09337981354508598,203.4701,0.0047999998,0.04,179.48,187.1,193.1,2.832522449951172,659.0,10.0
2026-12-18,0.5260273972602739,calls,20.0,0.09829454057377472,203.4701,0.0047999998,0.04,186.6,182.3,186.9,1.8085947070312498,16371.0,4.0
2026-12-18,0.5260273972602739,calls,21.0,0.10320926760246346,203.4701,0.0047999998,0.04,192.21,181.25,186.15,1.7978525732421873,3789.0,10.0
2026-12-18,0.5260273972602739,calls,22.0,0.10812399463115219,203.4701,0.0047999998,0.04,198.84,180.85,185.35,1.8642584912109377,3707.0,10.0
2026-12-18,0.5260273972602739,calls,23.0,0.11303872165984093,203.4701,0.0047999998,0.04,185.18,179.7,184.55,1.829590695800781,336.0,2.0
2026-12-18,0.5260273972602739,calls,24.0,0.11795344868852967,203.4701,0.0047999998,0.04,198.0,178.95,183.2,1.7792979785156249,668.0,1.0
2026-12-18,0.5260273972602739,calls,25.0,0.1228681757172184,203.4701,0.0047999998,0.04,196.03,176.55,182.0,1.522951604003906,1322.0,4.0
2026-12-18,0.5260273972602739,calls,26.0,0.12778290274590715,203.4701,0.0047999998,0.04,195.04,176.65,181.3,1.6845718896484376,679.0,4.0
2026-12-18,0.5260273972602739,calls,27.0,0.13269762977459587,203.4701,0.0047999998,0.04,197.24,175.55,180.5,1.6630876220703126,1065.0,4.0
2026-12-18,0.5260273972602739,calls,28.0,0.1376123568032846,203.4701,0.0047999998,0.04,186.75,174.3,179.3,1.5800802246093748,547.0,1.0
2026-12-18,0.5260273972602739,calls,29.0,0.14252708383197335,203.4701,0.0047999998,0.04,180.42,173.85,178.55,1.6381854028320313,602.0,51.0
2026-12-18,0.5260273972602739,calls,30.0,0.14744181086066208,203.4701,0.0047999998,0.04,181.18,172.55,177.15,1.5341820166015623,1909.0,1.0
2026-12-18,0.5260273972602739,calls,31.0,0.15235653788935083,203.4701,0.0047999998,0.04,179.46,171.7,176.8,1.589357521972656,1090.0,1.0
2026-12-18,0.5260273972602739,calls,32.0,0.15727126491803955,203.4701,0.0047999998,0.04,188.15,170.85,175.35,1.5322289013671875,2467.0,29.0
2026-12-18,0.5260273972602739,calls,33.0,0.16218599194672828,203.4701,0.0047999998,0.04,183.31,170.15,174.55,1.5527366113281247,344.0,10.0
2026-12-18,0.5260273972602739,calls,34.0,0.16710071897541703,203.4701,0.0047999998,0.04,183.67,168.55,173.75,1.4902369238281248,365.0,5.0
2026-12-18,0.5260273972602739,calls,35.0,0.17201544600410576,203.4701,0.0047999998,0.04,173.5,168.15,172.5,1.4970728271484375,2225.0,5.0
2026-12-18,0.5260273972602739,calls,36.0,0.17693017303279449,203.4701,0.0047999998,0.04,173.69,166.85,171.5,1.4462918310546877,268.0,30.0
2026-12-18,0.5260273972602739,calls,37.0,0.18184490006148324,203.4701,0.0047999998,0.04,165.33,169.45,175.55,1.9714356896972656,336.0,9.0
2026-12-18,0.5260273972602739,calls,38.0,0.18675962709017196,203.4701,0.0047999998,0.04,179.63,164.65,169.75,1.4047881323242186,949.0,2.0
2026-12-18,0.5260273972602739,calls,39.0,0.19167435411886072,203.4701,0.0047999998,0.04,170.15,167.65,173.7,1.9248050634765625,1273.0,4.0
2026-12-18,0.5260273972602739,calls,40.0,0.19658908114754944,203.4701,0.0047999998,0.04,176.5,163.1,167.4,1.3701203369140624,2212.0,66.0
2026-12-18,0.5260273972602739,calls,41.0,0.20150380817623817,203.4701,0.0047999998,0.04,186.3,162.15,166.55,1.365237548828125,892.0,1.0
2026-12-18,0.5260273972602739,calls,42.0,0.20641853520492692,203.4701,0.0047999998,0.04,164.0,161.55,165.6,1.3786652160644528,1176.0,1.0
2026-12-18,0.5260273972602739,calls,43.0,0.21133326223361565,203.4701,0.0047999998,0.04,164.0,160.2,164.7,1.3398470507812497,808.0,2.0
2026-12-18,0.5260273972602739,calls,44.0,0.21624798926230437,203.4701,0.0047999998,0.04,169.25,158.8,163.7,1.2905308911132813,695.0,1.0
2026-12-18,0.5260273972602739,calls,45.0,0.22116271629099313,203.4701,0.0047999998,0.04,169.82,157.4,162.65,1.236331943359375,670.0,1.0
2026-12-18,0.5260273972602739,calls,46.0,0.22607744331968185,203.4701,0.0047999998,0.04,163.29,157.85,161.9,1.3398470507812497,1139.0,35.0
2026-12-18,0.5260273972602739,calls,47.0,0.2309921703483706,203.4701,0.0047999998,0.04,175.25,156.1,160.95,1.2749059692382811,331.0,2.0
2026-12-18,0.5260273972602739,calls,48.0,0.23590689737705933,203.4701,0.0047999998,0.04,161.37,155.25,159.75,1.253665841064453,755.0,30.0
2026-12-18,0.5260273972602739,calls,49.0,0.24082162440574806,203.4701,0.0047999998,0.04,173.1,154.05,159.9,1.296634376220703,2655.0,50.0
2026-12-18,0.5260273972602739,calls,50.0,0.2457363514344368,203.4701,0.0047999998,0.04,159.53,154.45,158.4,1.3300814746093748,6194.0,6.0
2026-12-18,0.5260273972602739,calls,51.0,0.25065107846312557,203.4701,0.0047999998,0.04,157.78,153.0,156.9,1.2583044897460938,1793.0,1.0
2026-12-18,0.5260273972602739,calls,52.0,0.2555658054918143,203.4701,0.0047999998,0.04,155.0,151.65,156.2,1.2385291979980466,1047.0,1.0
2026-12-18,0.5260273972602739,calls,53.0,0.260480532520503,203.4701,0.0047999998,0.04,166.5,150.4,155.15,1.2043496813964842,1041.0,1.0
2026-12-18,0.5260273972602739,calls,54.0,0.26539525954919174,203.4701,0.0047999998,0.04,165.29,149.6,154.05,1.1940958264160155,560.0,6.0
2026-12-18,0.5260273972602739,calls,55.0,0.27030998657788047,203.4701,0.0047999998,0.04,155.18,148.2,152.8,1.1396527392578126,2652.0,1.0
2026-12-18,0.5260273972602739,calls,56.0,0.2752247136065692,203.4701,0.0047999998,0.04,159.79,147.55,152.15,1.1657756555175784,921.0,10.0
2026-12-18,0.5260273972602739,calls,57.0,0.280139440635258,203.4701,0.0047999998,0.04,164.42,146.3,151.3,1.1450238061523437,736.0,10.0
2026-12-18,0.5260273972602739,calls,58.0,0.2850541676639467,203.4701,0.0047999998,0.04,163.42,145.15,150.5,1.133060975341797,701.0,10.0
2026-12-18,0.5260273972602739,calls,59.0,0.2899688946926354,203.4701,0.0047999998,0.04,140.77,148.8,152.85,1.457888452758789,7489.0,2.0
2026-12-18,0.5260273972602739,calls,60.0,0.29488362172132415,203.4701,0.0047999998,0.04,149.87,144.15,148.05,1.1329389056396486,3857.0,10.0
2026-12-18,0.5260273972602739,calls,61.0,0.2997983487500129,203.4701,0.0047999998,0.04,154.0,142.75,147.05,1.098149040527344,570.0,1.0
2026-12-18,0.5260273972602739,calls,62.0,0.30471307577870166,203.4701,0.0047999998,0.04,162.0,141.55,146.35,1.0893600219726562,977.0,1.0
2026-12-18,0.5260273972602739,calls,63.0,0.3096278028073904,203.4701,0.0047999998,0.04,165.24,140.4,145.1,1.0550584356689454,2170.0,1.0
2026-12-18,0.5260273972602739,calls,64.0,0.3145425298360791,203.4701,0.0047999998,0.04,163.0,139.9,144.15,1.069706799926758,1112.0,30.0
2026-12-18,0.5260273972602739,calls,65.0,0.31945725686476784,203.4701,0.0047999998,0.04,143.95,138.4,143.35,1.041508698730469,2296.0,1.0
2026-12-18,0.5260273972602739,calls,66.0,0.32437198389345656,203.4701,0.0047999998,0.04,154.3,137.15,142.2,1.0085498791503906,888.0,1.0
2026-12-18,0.5260273972602739,calls,67.0,0.3292867109221453,203.4701,0.0047999998,0.04,150.5,136.75,141.4,1.0351610742187503,774.0,2.0
2026-12-18,0.5260273972602739,calls,68.0,0.33420143795083407,203.4701,0.0047999998,0.04,148.5,135.7,140.3,1.0155078521728516,1369.0,100.0
2026-12-18,0.5260273972602739,calls,69.0,0.3391161649795228,203.4701,0.0047999998,0.04,141.8,136.1,139.95,1.0910689978027346,5042.0,26.0
2026-12-18,0.5260273972602739,calls,70.0,0.3440308920082115,203.4701,0.0047999998,0.04,140.15,134.3,138.25,1.015629921875,4274.0,10.0
2026-12-18,0.5260273972602739,calls,71.0,0.34894561903690025,203.4701,0.0047999998,0.04,154.82,133.65,137.45,1.026738264770508,1617.0,2.0
2026-12-18,0.5260273972602739,calls,72.0,0.35386034606558897,203.4701,0.0047999998,0.04,150.89,131.7,136.4,0.971557901611328,678.0,1.0
2026-12-18,0.5260273972602739,calls,73.0,0.35877507309427775,203.4701,0.0047999998,0.04,144.6,130.55,135.6,0.9620365124511718,781.0,10.0
2026-12-18,0.5260273972602739,calls,74.0,0.3636898001229665,203.4701,0.0047999998,0.04,149.75,130.05,134.75,0.9780275634765626,4404.0,1.0
2026-12-18,0.5260273972602739,calls,75.0,0.3686045271516552,203.4701,0.0047999998,0.04,140.24,128.75,133.3,0.9348151049804687,10537.0,1.0
2026-12-18,0.5260273972602739,calls,76.0,0.37351925418034393,203.4701,0.0047999998,0.04,141.3,127.9,132.55,0.940430283203125,359.0,1.0
2026-12-18,0.5260273972602739,calls,77.0,0.37843398120903265,203.4701,0.0047999998,0.04,135.25,127.45,131.55,0.9512944323730468,1659.0,3.0
2026-12-18,0.5260273972602739,calls,78.0,0.38334870823772144,203.4701,0.0047999998,0.04,132.32,126.9,130.6,0.9591068542480468,891.0,1.0
2026-12-18,0.5260273972602739,calls,79.0,0.38826343526641016,203.4701,0.0047999998,0.04,136.0,125.25,129.7,0.9270026831054687,1574.0,1.0
2026-12-18,0.5260273972602739,calls,80.0,0.3931781622950989,203.4701,0.0047999998,0.04,128.11,124.3,126.9,0.8437515624999999,14351.0,13.0
2026-12-18,0.5260273972602739,calls,81.0,0.3980928893237876,203.4701,0.0047999998,0.04,136.49,124.15,127.85,0.9433599414062499,2003.0,12.0
2026-12-18,0.5260273972602739,calls,82.0,0.40300761635247634,203.4701,0.0047999998,0.04,132.8,123.55,127.25,0.9594730615234374,1923.0,30.0
2026-12-18,0.5260273972602739,calls,83.0,0.40792234338116506,203.4701,0.0047999998,0.04,127.25,122.2,124.5,0.8747571118164061,2604.0,30.0
2026-12-18,0.5260273972602739,calls,84.0,0.41283707040985385,203.4701,0.0047999998,0.04,147.67,121.2,123.6,0.868165380859375,1800.0,100.0
2026-12-18,0.5260273972602739,calls,85.0,0.41775179743854257,203.4701,0.0047999998,0.04,130.12,120.2,122.85,0.8669446899414062,7593.0,1.0
2026-12-18,0.5260273972602739,calls,86.0,0.4226665244672313,203.4701,0.0047999998,0.04,128.32,119.15,122.3,0.8708509008789063,1948.0,2.0
2026-12-18,0.5260273972602739,calls,87.0,0.42758125149592,203.4701,0.0047999998,0.04,130.4,118.3,119.95,0.8176287768554686,1919.0,1.0
2026-12-18,0.5260273972602739,calls,88.0,0.43249597852460875,203.4701,0.0047999998,0.04,137.0,117.4,119.05,0.815431533203125,4033.0,25.0
2026-12-18,0.5260273972602739,calls,89.0,0.43741070555329753,203.4701,0.0047999998,0.04,136.25,116.45,119.25,0.8488784643554688,1300.0,214.0
2026-12-18,0.5260273972602739,calls,90.0,0.44232543258198626,203.4701,0.0047999998,0.04,120.65,115.55,117.1,0.8034687622070311,14116.0,3.0
2026-12-18,0.5260273972602739,calls,91.0,0.447240159610675,203.4701,0.0047999998,0.04,127.66,114.45,117.5,0.8371598315429687,2540.0,14.0
2026-12-18,0.5260273972602739,calls,92.0,0.4521548866393637,203.4701,0.0047999998,0.04,132.1,113.5,115.05,0.7812521875,1386.0,7.0
2026-12-18,0.5260273972602739,calls,93.0,0.45706961366805243,203.4701,0.0047999998,0.04,121.95,112.7,115.05,0.8115253222656249,3545.0,10.0
2026-12-18,0.5260273972602739,calls,94.0,0.4619843406967412,203.4701,0.0047999998,0.04,132.97,111.6,113.6,0.7845480529785156,1351.0,212.0
2026-12-18,0.5260273972602739,calls,95.0,0.46689906772542994,203.4701,0.0047999998,0.04,116.7,110.7,111.95,0.7573266455078126,1960.0,1.0
2026-12-18,0.5260273972602739,calls,96.0,0.47181379475411866,203.4701,0.0047999998,0.04,131.25,109.9,111.25,0.764650791015625,696.0,1.0
2026-12-18,0.5260273972602739,calls,97.0,0.4767285217828074,203.4701,0.0047999998,0.04,123.9,108.9,110.5,0.7634301000976562,4131.0,1.0
2026-12-18,0.5260273972602739,calls,98.0,0.4816432488114961,203.4701,0.0047999998,0.04,116.3,107.8,109.7,0.7575707836914063,726.0,1.0
2026-12-18,0.5260273972602739,calls,99.0,0.48655797584018484,203.4701,0.0047999998,0.04,130.05,107.0,108.65,0.7531762963867188,1457.0,3.0
2026-12-18,0.5260273972602739,calls,100.0,0.4914727028688736,203.4701,0.0047999998,0.04,107.2,106.0,107.25,0.7321804125976561,18360.0,17.0
2026-12-18,0.5260273972602739,calls,101.0,0.49638742989756235,203.4701,0.0047999998,0.04,110.58,105.2,107.7,0.7708763146972657,12510.0,2.0
2026-12-18,0.5260273972602739,calls,102.0,0.5013021569262511,203.4701,0.0047999998,0.04,115.01,103.75,105.8,0.7238797143554687,1406.0,20.0
2026-12-18,0.5260273972602739,calls,103.0,0.5062168839549398,203.4701,0.0047999998,0.04,108.75,103.35,104.85,0.7337673107910156,11956.0,1.0
2026-12-18,0.5260273972602739,calls,104.0,0.5111316109836286,203.4701,0.0047999998,0.04,112.99,102.4,104.0,0.7305935144042968,598.0,4.0
2026-12-18,0.5260273972602739,calls,105.0,0.5160463380123173,203.4701,0.0047999998,0.04,107.22,101.45,102.7,0.7150907397460937,12236.0,36.0
2026-12-18,0.5260273972602739,calls,106.0,0.520961065041006,203.4701,0.0047999998,0.04,111.81,100.5,102.05,0.7174100524902343,864.0,24.0
2026-12-18,0.5260273972602739,calls,107.0,0.5258757920696947,203.4701,0.0047999998,0.04,112.84,99.55,101.35,0.7180203979492188,1063.0,3.0
2026-12-18,0.5260273972602739,calls,108.0,0.5307905190983835,203.4701,0.0047999998,0.04,115.0,98.45,100.3,0.7055693505859376,1146.0,1.0
2026-12-18,0.5260273972602739,calls,109.0,0.5357052461270723,203.4701,0.0047999998,0.04,109.77,97.55,99.05,0.69336244140625,430.0,3.0
2026-12-18,0.5260273972602739,calls,110.0,0.5406199731557609,203.4701,0.0047999998,0.04,102.0,96.8,98.05,0.6914093359375001,14822.0,5.0
2026-12-18,0.5260273972602739,calls,111.0,0.5455347001844497,203.4701,0.0047999998,0.04,105.25,95.7,97.5,0.6917755432128907,617.0,10.0
2026-12-18,0.5260273972602739,calls,112.0,0.5504494272131384,203.4701,0.0047999998,0.04,98.16,94.9,96.2,0.6810334631347659,1503.0,2.0
2026-12-18,0.5260273972602739,calls,113.0,0.5553641542418272,203.4701,0.0047999998,0.04,97.18,93.95,95.5,0.6811555322265627,2236.0,5.0
2026-12-18,0.5260273972602739,calls,114.0,0.560278881270516,203.4701,0.0047999998,0.04,96.34,92.15,94.5,0.6538120556640626,779.0,2.0
2026-12-18,0.5260273972602739,calls,115.0,0.5651936082992046,203.4701,0.0047999998,0.04,96.5,92.05,93.8,0.674075524902344,1884.0,1.0
2026-12-18,0.5260273972602739,calls,116.0,0.5701083353278934,203.4701,0.0047999998,0.04,93.75,91.25,92.85,0.6715120739746094,962.0,380.0
2026-12-18,0.5260273972602739,calls,117.0,0.5750230623565821,203.4701,0.0047999998,0.04,98.5,90.3,91.85,0.6645541357421877,1329.0,200.0
2026-12-18,0.5260273972602739,calls,118.0,0.5799377893852709,203.4701,0.0047999998,0.04,95.89,89.35,91.15,0.6640658593750002,1906.0,10.0
2026-12-18,0.5260273972602739,calls,119.0,0.5848525164139596,203.4701,0.0047999998,0.04,93.3,88.55,90.1,0.659183095703125,1034.0,200.0
2026-12-18,0.5260273972602739,calls,120.0,0.5897672434426483,203.4701,0.0047999998,0.04,93.12,87.6,89.1,0.6522251574707032,8049.0,21.0
2026-12-18,0.5260273972602739,calls,121.0,0.5946819704713371,203.4701,0.0047999998,0.04,112.02,86.75,88.2,0.649417568359375,922.0,1.0
2026-12-18,0.5260273972602739,calls,122.0,0.5995966975000258,203.4701,0.0047999998,0.04,91.0,85.9,87.15,0.6434361828613282,2731.0,1.0
2026-12-18,0.5260273972602739,calls,123.0,0.6045114245287145,203.4701,0.0047999998,0.04,89.75,85.0,86.5,0.6445348046875,999.0,1.0
2026-12-18,0.5260273972602739,calls,124.0,0.6094261515574033,203.4701,0.0047999998,0.04,87.83,84.1,85.7,0.6424596301269532,796.0,1.0
2026-12-18,0.5260273972602739,calls,125.0,0.614340878586092,203.4701,0.0047999998,0.04,87.63,83.25,84.65,0.6364782446289063,12471.0,1.0
2026-12-18,0.5260273972602739,calls,126.0,0.6192556056147808,203.4701,0.0047999998,0.04,87.28,82.2,83.45,0.6237220245361328,4468.0,1.0
2026-12-18,0.5260273972602739,calls,127.0,0.6241703326434694,203.4701,0.0047999998,0.04,84.8,81.45,82.75,0.6263465100097658,1760.0,1.0
2026-12-18,0.5260273972602739,calls,128.0,0.6290850596721582,203.4701,0.0047999998,0.04,86.87,80.45,81.9,0.6212806427001953,1315.0,10.0
2026-12-18,0.5260273972602739,calls,129.0,0.633999786700847,203.4701,0.0047999998,0.04,84.4,79.65,80.95,0.6180458117675782,1227.0,12.0
2026-12-18,0.5260273972602739,calls,130.0,0.6389145137295357,203.4701,0.0047999998,0.04,81.5,78.8,79.9,0.6120033917236329,30814.0,3.0
2026-12-18,0.5260273972602739,calls,132.0,0.6487439677869131,203.4701,0.0047999998,0.04,81.6,77.2,78.85,0.6199989172363283,2395.0,50.0
2026-12-18,0.5260273972602739,calls,134.0,0.6585734218442906,203.4701,0.0047999998,0.04,80.58,75.35,76.5,0.6008951043701174,2056.0,1.0
2026-12-18,0.5260273972602739,calls,135.0,0.6634881488729794,203.4701,0.0047999998,0.04,76.96,74.5,75.5,0.5956461334228516,3033.0,13.0
2026-12-18,0.5260273972602739,calls,136.0,0.6684028759016681,203.4701,0.0047999998,0.04,96.2,73.6,74.85,0.5953409606933593,2059.0,5.0
2026-12-18,0.5260273972602739,calls,138.0,0.6782323299590456,203.4701,0.0047999998,0.04,84.15,72.1,73.05,0.5910075079345705,2825.0,7.0
2026-12-18,0.5260273972602739,calls,140.0,0.688061784016423,203.4701,0.0047999998,0.04,72.65,70.3,71.2,0.5809978424072266,13236.0,21.0
2026-12-18,0.5260273972602739,calls,142.0,0.6978912380738005,203.4701,0.0047999998,0.04,77.67,68.75,69.55,0.5777019769287108,1215.0,1.0
2026-12-18,0.5260273972602739,calls,144.0,0.7077206921311779,203.4701,0.0047999998,0.04,73.9,66.9,67.95,0.570316796875,1273.0,1.0
2026-12-18,0.5260273972602739,calls,145.0,0.7126354191598667,203.4701,0.0047999998,0.04,68.45,66.4,67.05,0.5712323150634766,3368.0,5.0
2026-12-18,0.5260273972602739,calls,146.0,0.7175501461885555,203.4701,0.0047999998,0.04,67.59,65.35,65.95,0.5613447186279297,1973.0,11.0
2026-12-18,0.5260273972602739,calls,148.0,0.727379600245933,203.4701,0.0047999998,0.04,69.8,63.8,64.4,0.5584760949707033,9045.0,4.0
2026-12-18,0.5260273972602739,calls,150.0,0.7372090543033104,203.4701,0.0047999998,0.04,64.43,62.1,62.8,0.5525557440185547,16114.0,58.0
2026-12-18,0.5260273972602739,calls,152.0,0.7470385083606879,203.4701,0.0047999998,0.04,63.53,60.5,61.2,0.5476119458007813,837.0,1.0
2026-12-18,0.5260273972602739,calls,154.0,0.7568679624180653,203.4701,0.0047999998,0.04,62.05,58.95,59.8,0.5455978057861328,3732.0,1.0
2026-12-18,0.5260273972602739,calls,155.0,0.7617826894467541,203.4701,0.0047999998,0.04,61.78,58.2,58.85,0.541569525756836,1039.0,6.0
2026-12-18,0.5260273972602739,calls,156.0,0.7666974164754429,203.4701,0.0047999998,0.04,62.15,57.35,58.15,0.5393722821044924,2243.0,10.0
2026-12-18,0.5260273972602739,calls,158.0,0.7765268705328203,203.4701,0.0047999998,0.04,63.5,56.05,56.95,0.5419967675781252,970.0,2.0
2026-12-18,0.5260273972602739,calls,160.0,0.7863563245901978,203.4701,0.0047999998,0.04,56.9,54.65,55.4,0.538639867553711,15448.0,21.0
2026-12-18,0.5260273972602739,calls,162.0,0.7961857786475752,203.4701,0.0047999998,0.04,57.05,52.95,53.6,0.5285691674804689,1112.0,1.0
2026-12-18,0.5260273972602739,calls,164.0,0.8060152327049527,203.4701,0.0047999998,0.04,56.67,51.65,52.3,0.5285691674804689,29823.0,2.0
2026-12-18,0.5260273972602739,calls,165.0,0.8109299597336415,203.4701,0.0047999998,0.04,54.3,50.95,51.5,0.5261277856445312,2349.0,1.0
2026-12-18,0.5260273972602739,calls,166.0,0.8158446867623301,203.4701,0.0047999998,0.04,55.25,50.2,50.9,0.5252733020019531,834.0,1.0
2026-12-18,0.5260273972602739,calls,167.0,0.8207594137910189,203.4701,0.0047999998,0.04,51.55,49.4,50.05,0.5210619183349607,667.0,12.0
2026-12-18,0.5260273972602739,calls,168.0,0.8256741408197077,203.4701,0.0047999998,0.04,49.36,48.8,49.5,0.5221910574340819,1300.0,85.0
2026-12-18,0.5260273972602739,calls,169.0,0.8305888678483964,203.4701,0.0047999998,0.04,52.39,48.2,48.65,0.519963296508789,1385.0,5.0
2026-12-18,0.5260273972602739,calls,170.0,0.8355035948770851,203.4701,0.0047999998,0.04,50.84,47.35,47.7,0.513951393737793,6866.0,8.0
2026-12-18,0.5260273972602739,calls,171.0,0.8404183219057738,203.4701,0.0047999998,0.04,51.92,46.9,47.4,0.5189257092285156,1266.0,2.0
2026-12-18,0.5260273972602739,calls,172.0,0.8453330489344626,203.4701,0.0047999998,0.04,50.04,46.15,46.5,0.5143481182861327,1574.0,2.0
2026-12-18,0.5260273972602739,calls,173.0,0.8502477759631514,203.4701,0.0047999998,0.04,49.35,45.4,45.85,0.5123034609985352,377.0,5.0
2026-12-18,0.5260273972602739,calls,174.0,0.85516250299184,203.4701,0.0047999998,0.04,46.31,44.75,45.2,0.511174321899414,2137.0,2.0
2026-12-18,0.5260273972602739,calls,175.0,0.8600772300205288,203.4701,0.0047999998,0.04,44.9,44.25,44.7,0.5130053582763672,5077.0,15.0
2026-12-18,0.5260273972602739,calls,176.0,0.8649919570492175,203.4701,0.0047999998,0.04,45.87,43.6,44.05,0.5116625982666017,14856.0,3.0
2026-12-18,0.5260273972602739,calls,177.0,0.8699066840779063,203.4701,0.0047999998,0.04,45.2,42.8,43.25,0.5072681109619142,1604.0,1.0
2026-12-18,0.5260273972602739,calls,178.0,0.8748214111065951,203.4701,0.0047999998,0.04,43.85,42.25,42.7,0.5077258700561523,2439.0,200.0
2026-12-18,0.5260273972602739,calls,179.0,0.8797361381352837,203.4701,0.0047999998,0.04,43.45,41.5,41.85,0.5031787963867188,3088.0,2.0
2026-12-18,0.5260273972602739,calls,180.0,0.8846508651639725,203.4701,0.0047999998,0.04,42.3,41.05,41.5,0.5063525927734375,20823.0,4.0
2026-12-18,0.5260273972602739,calls,181.0,0.8895655921926612,203.4701,0.0047999998,0.04,44.15,40.5,40.85,0.5055286264038085,3639.0,38.0
2026-12-18,0.5260273972602739,calls,182.0,0.89448031922135,203.4701,0.0047999998,0.04,39.91,39.7,40.05,0.5007679318237305,1960.0,99.0
2026-12-18,0.5260273972602739,calls,183.0,0.8993950462500387,203.4701,0.0047999998,0.04,41.45,39.1,39.6,0.5011646563720704,2780.0,3.0
2026-12-18,0.5260273972602739,calls,184.0,0.9043097732787274,203.4701,0.0047999998,0.04,47.75,38.4,38.85,0.5019275881958009,2576.0,3.0
2026-12-18,0.5260273972602739,calls,185.0,0.9092245003074162,203.4701,0.0047999998,0.04,40.05,38.0,38.45,0.5002491381835938,4625.0,35.0
2026-12-18,0.5260273972602739,calls,186.0,0.9141392273361049,203.4701,0.0047999998,0.04,41.8,37.3,37.7,0.5003101727294923,1985.0,1.0
2026-12-18,0.5260273972602739,calls,187.0,0.9190539543647936,203.4701,0.0047999998,0.04,39.11,36.7,37.15,0.4998218963623047,1464.0,6.0
2026-12-18,0.5260273972602739,calls,188.0,0.9239686813934824,203.4701,0.0047999998,0.04,40.2,36.25,36.7,0.5010425872802735,2045.0,4.0
2026-12-18,0.5260273972602739,calls,189.0,0.9288834084221711,203.4701,0.0047999998,0.04,39.27,35.6,35.85,0.49487809814453126,4487.0,3.0
2026-12-18,0.5260273972602739,calls,190.0,0.9337981354508599,203.4701,0.0047999998,0.04,35.35,35.2,35.45,0.49680068634033214,11538.0,40.0
2026-12-18,0.5260273972602739,calls,191.0,0.9387128624795485,203.4701,0.0047999998,0.04,36.15,34.6,35.05,0.4986317227172852,1538.0,25.0
2026-12-18,0.5260273972602739,calls,192.0,0.9436275895082373,203.4701,0.0047999998,0.04,36.05,33.85,34.3,0.4940541317749024,929.0,1.0
2026-12-18,0.5260273972602739,calls,193.0,0.948542316536926,203.4701,0.0047999998,0.04,35.8,33.5,33.95,0.49655654815673833,1584.0,1.0
2026-12-18,0.5260273972602739,calls,194.0,0.9534570435656148,203.4701,0.0047999998,0.04,37.0,33.05,33.4,0.4953663745117188,12807.0,75.0
2026-12-18,0.5260273972602739,calls,195.0,0.9583717705943036,203.4701,0.0047999998,0.04,32.5,32.35,32.6,0.4896596444702149,3996.0,91.0
2026-12-18,0.5260273972602739,calls,200.0,0.9829454057377472,203.4701,0.0047999998,0.04,30.04,29.95,30.2,0.48816429809570316,29708.0,268.0
2026-12-18,0.5260273972602739,calls,205.0,1.007519040881191,203.4701,0.0047999998,0.04,27.6,27.4,27.6,0.4808706698608398,2855.0,145.0
2026-12-18,0.5260273972602739,calls,210.0,1.0320926760246345,203.4701,0.0047999998,0.04,25.54,25.35,25.65,0.48245756805419926,7624.0,279.0
2026-12-18,0.5260273972602739,calls,212.0,1.041922130082012,203.4701,0.0047999998,0.04,25.55,24.35,24.75,0.48044342803955076,2021.0,4.0
2026-12-18,0.5260273972602739,calls,213.0,1.0468368571107007,203.4701,0.0047999998,0.04,25.2,23.95,24.35,0.4801382553100586,2231.0,5.0
2026-12-18,0.5260273972602739,calls,214.0,1.0517515841393894,203.4701,0.0047999998,0.04,26.45,23.7,24.0,0.4805960144042969,1183.0,7.0
2026-12-18,0.5260273972602739,calls,215.0,1.0566663111680783,203.4701,0.0047999998,0.04,23.35,23.25,23.55,0.4792837716674804,8575.0,90.0
2026-12-18,0.5260273972602739,calls,216.0,1.061581038196767,203.4701,0.0047999998,0.04,24.92,22.85,23.2,0.47958894439697264,2553.0,3.0
2026-12-18,0.5260273972602739,calls,217.0,1.0664957652254556,203.4701,0.0047999998,0.04,22.7,22.7,22.75,0.478093598022461,880.0,24.0
2026-12-18,0.5260273972602739,calls,218.0,1.0714104922541445,203.4701,0.0047999998,0.04,22.2,22.05,22.35,0.4773917007446289,934.0,8.0
2026-12-18,0.5260273972602739,calls,219.0,1.0763252192828332,203.4701,0.0047999998,0.04,21.96,21.75,22.05,0.47827670166015623,1021.0,23.0
2026-12-18,0.5260273972602739,calls,220.0,1.0812399463115219,203.4701,0.0047999998,0.04,21.52,21.35,21.55,0.47568273345947265,15534.0,121.0
2026-12-18,0.5260273972602739,calls,221.0,1.0861546733402108,203.4701,0.0047999998,0.04,21.15,20.95,21.25,0.47641514801025386,1801.0,44.0
2026-12-18,0.5260273972602739,calls,222.0,1.0910694003688994,203.4701,0.0047999998,0.04,22.07,20.65,21.0,0.4779104943847656,1557.0,3.0
2026-12-18,0.5260273972602739,calls,223.0,1.095984127397588,203.4701,0.0047999998,0.04,21.85,20.25,20.5,0.47507238800048823,1553.0,11.0
2026-12-18,0.5260273972602739,calls,224.0,1.1008988544262768,203.4701,0.0047999998,0.04,20.4,19.85,20.15,0.4747061807250976,1090.0,13.0
2026-12-18,0.5260273972602739,calls,225.0,1.1058135814549657,203.4701,0.0047999998,0.04,19.91,19.5,19.75,0.4733939379882813,12984.0,61.0
2026-12-18,0.5260273972602739,calls,226.0,1.1107283084836543,203.4701,0.0047999998,0.04,19.51,19.2,19.5,0.47458411163330083,2754.0,27.0
2026-12-18,0.5260273972602739,calls,227.0,1.115643035512343,203.4701,0.0047999998,0.04,19.95,18.85,19.15,0.4739737661743164,1152.0,10.0
2026-12-18,0.5260273972602739,calls,228.0,1.120557762541032,203.4701,0.0047999998,0.04,19.75,18.65,18.85,0.47415686981201177,21103.0,70.0
2026-12-18,0.5260273972602739,calls,230.0,1.1303872165984092,203.4701,0.0047999998,0.04,19.12,17.95,18.15,0.4725394543457031,16562.0,136.0
2026-12-18,0.5260273972602739,calls,235.0,1.154960851741853,203.4701,0.0047999998,0.04,16.6,16.45,16.65,0.4715018670654296,4926.0,34.0
2026-12-18,0.5260273972602739,calls,240.0,1.1795344868852966,203.4701,0.0047999998,0.04,15.08,15.0,15.25,0.4703422106933594,17031.0,206.0
2026-12-18,0.5260273972602739,calls,245.0,1.2041081220287404,203.4701,0.0047999998,0.04,14.87,13.8,14.0,0.4700675552368164,6442.0,49.0
2026-12-18,0.5260273972602739,calls,250.0,1.228681757172184,203.4701,0.0047999998,0.04,12.85,12.75,12.85,0.46994548614501963,25397.0,271.0
2026-12-18,0.5260273972602739,calls,255.0,1.2532553923156278,203.4701,0.0047999998,0.04,12.7,11.55,11.75,0.4690910025024414,4257.0,34.0
2026-12-18,0.5260273972602739,calls,260.0,1.2778290274590713,203.4701,0.0047999998,0.04,11.4,10.5,10.65,0.4666191033935547,14783.0,143.0
2026-12-18,0.5260273972602739,calls,265.0,1.3024026626025151,203.4701,0.0047999998,0.04,10.43,9.6,9.9,0.4695487615966797,3054.0,26.0
2026-12-18,0.5260273972602739,calls,270.0,1.3269762977459587,203.4701,0.0047999998,0.04,9.95,8.85,9.05,0.4690910025024414,14075.0,27.0
2026-12-18,0.5260273972602739,calls,275.0,1.3515499328894025,203.4701,0.0047999998,0.04,8.34,8.05,8.25,0.4682670361328125,6880.0,319.0
2026-12-18,0.5260273972602739,calls,280.0,1.376123568032846,203.4701,0.0047999998,0.04,7.49,7.4,7.6,0.46936565795898444,33060.0,133.0
2026-12-18,0.5260273972602739,calls,285.0,1.4006972031762899,203.4701,0.0047999998,0.04,7.55,6.85,7.05,0.4715934188842773,994.0,9.0
2026-12-18,0.5260273972602739,calls,290.0,1.4252708383197334,203.4701,0.0047999998,0.04,6.55,6.2,6.45,0.4715018670654296,7010.0,19.0
2026-12-18,0.5260273972602739,calls,295.0,1.449844473463177,203.4701,0.0047999998,0.04,6.4,5.75,5.9,0.4714408325195312,5768.0,19.0
2026-12-18,0.5260273972602739,calls,300.0,1.4744181086066208,203.4701,0.0047999998,0.04,5.35,5.35,5.45,0.47284462707519537,34454.0,397.0
2026-12-18,0.5260273972602739,calls,305.0,1.4989917437500644,203.4701,0.0047999998,0.04,5.31,4.95,5.15,0.47736118347167966,1261.0,12.0
2026-12-18,0.5260273972602739,calls,310.0,1.5235653788935082,203.4701,0.0047999998,0.04,4.75,4.5,4.65,0.4754080780029296,5805.0,62.0
2026-12-18,0.5260273972602739,calls,315.0,1.5481390140369518,203.4701,0.0047999998,0.04,4.65,4.15,4.35,0.47827670166015623,502.0,2.0
2026-12-18,0.5260273972602739,calls,320.0,1.5727126491803955,203.4701,0.0047999998,0.04,4.0,3.8,3.95,0.4771780798339844,4501.0,51.0
2026-12-18,0.5260273972602739,calls,325.0,1.5972862843238391,203.4701,0.0047999998,0.04,3.8,3.5,3.7,0.47998566894531247,1437.0,3.0
2026-12-18,0.5260273972602739,calls,330.0,1.621859919467283,203.4701,0.0047999998,0.04,3.5,3.3,3.35,0.4785818743896484,4009.0,43.0
2026-12-18,0.5260273972602739,calls,335.0,1.6464335546107265,203.4701,0.0047999998,0.04,3.85,3.1,3.3,0.4871267108154297,748.0,1.0
2026-12-18,0.5260273972602739,calls,340.0,1.6710071897541703,203.4701,0.0047999998,0.04,3.0,2.83,2.93,0.4833425689697266,3919.0,9.0
2026-12-18,0.5260273972602739,calls,345.0,1.6955808248976139,203.4701,0.0047999998,0.04,2.85,2.64,2.78,0.4871267108154297,279.0,38.0
2026-12-18,0.5260273972602739,calls,350.0,1.7201544600410577,203.4701,0.0047999998,0.04,2.7,2.46,2.56,0.4874929180908204,3710.0,60.0
2026-12-18,0.5260273972602739,calls,355.0,1.7447280951845012,203.4701,0.0047999998,0.04,2.84,2.32,2.46,0.4923756817626954,820.0,7.0
2026-12-18,0.5260273972602739,calls,360.0,1.769301730327945,203.4701,0.0047999998,0.04,2.34,2.14,2.21,0.4899953344726563,4094.0,4.0
2026-12-18,0.5260273972602739,calls,365.0,1.7938753654713886,203.4701,0.0047999998,0.04,2.47,2.01,2.13,0.49487809814453126,435.0,30.0
2026-12-18,0.5260273972602739,calls,370.0,1.8184490006148324,203.4701,0.0047999998,0.04,2.18,1.88,1.99,0.49646499633789065,1893.0,1.0
2026-12-18,0.5260273972602739,calls,375.0,1.843022635758276,203.4701,0.0047999998,0.04,2.16,1.76,1.82,0.4958546508789063,269.0,2.0
2026-12-18,0.5260273972602739,calls,380.0,1.8675962709017198,203.4701,0.0047999998,0.04,1.98,1.65,1.77,0.5011646563720704,1086.0,3.0
2026-12-18,0.5260273972602739,calls,385.0,1.8921699060451633,203.4701,0.0047999998,0.04,1.88,1.56,1.68,0.5004932763671875,704.0,1.0
2026-12-18,0.5260273972602739,calls,390.0,1.9167435411886071,203.4701,0.0047999998,0.04,1.75,1.41,1.52,0.5022022436523439,1451.0,1.0
2026-12-18,0.5260273972602739,calls,400.0,1.9658908114754945,203.4701,0.0047999998,0.04,1.42,1.29,1.39,0.5054981091308592,3784.0,50.0
2026-12-18,0.5260273972602739,calls,410.0,2.015038081762382,203.4701,0.0047999998,0.04,1.41,1.1,1.21,0.5065967309570312,1277.0,1.0
2026-12-18,0.5260273972602739,calls,420.0,2.064185352049269,203.4701,0.0047999998,0.04,1.14,1.02,1.11,0.5130663928222656,3811.0,137.0
2026-12-18,0.5260273972602739,calls,430.0,2.1133326223361566,203.4701,0.0047999998,0.04,1.03,0.94,1.03,0.5194139855957032,531.0,5.0
2026-12-18,0.5260273972602739,calls,440.0,2.1624798926230437,203.4701,0.0047999998,0.04,0.88,0.78,0.91,0.5192919165039063,489.0,2.0
2026-12-18,0.5260273972602739,calls,450.0,2.2116271629099313,203.4701,0.0047999998,0.04,0.91,0.76,0.82,0.5258836474609375,1681.0,22.0
2026-12-18,0.5260273972602739,calls,455.0,2.2362007980533747,203.4701,0.0047999998,0.04,0.8,0.71,0.75,0.5256395092773438,433.0,10.0
2026-12-18,0.5260273972602739,calls,460.0,2.2607744331968185,203.4701,0.0047999998,0.04,0.72,0.68,0.76,0.5301560656738282,1216.0,49.0
2026-12-18,0.5260273972602739,calls,470.0,2.309921703483706,203.4701,0.0047999998,0.04,810.3,812.7,828.8,0.0,39.0,2.0
2026-12-18,0.5260273972602739,calls,480.0,2.359068973770593,203.4701,0.0047999998,0.04,813.2,806.0,821.4,0.0,83.0,3.0
2026-12-18,0.5260273972602739,calls,490.0,2.408216244057481,203.4701,0.0047999998,0.04,806.28,797.9,814.05,0.0,276.0,1.0
2026-12-18,0.5260273972602739,calls,500.0,2.457363514344368,203.4701,0.0047999998,0.04,797.0,790.85,805.9,0.0,528.0,7.0
2026-12-18,0.5260273972602739,calls,510.0,2.5065107846312555,203.4701,0.0047999998,0.04,793.7,784.0,799.45,0.0,211.0,3.0
2026-12-18,0.5260273972602739,calls,520.0,2.5556580549181427,203.4701,0.0047999998,0.04,726.86,776.0,792.25,0.0,132.0,1.0
2026-12-18,0.5260273972602739,calls,530.0,2.6048053252050303,203.4701,0.0047999998,0.04,692.05,768.45,785.05,0.0,114.0,1.0
2026-12-18,0.5260273972602739,calls,540.0,2.6539525954919174,203.4701,0.0047999998,0.04,762.35,761.85,777.95,0.0,71.0,1.0
2026-12-18,0.5260273972602739,calls,550.0,2.703099865778805,203.4701,0.0047999998,0.04,749.95,754.8,770.9,0.0,389.0,1.0
2026-12-18,0.5260273972602739,calls,560.0,2.752247136065692,203.4701,0.0047999998,0.04,755.0,748.0,763.95,0.0,96.0,2.0
2026-12-18,0.5260273972602739,calls,570.0,2.8013944063525797,203.4701,0.0047999998,0.04,739.64,740.0,757.0,0.0,69.0,1.0
2026-12-18,0.5260273972602739,calls,580.0,2.850541676639467,203.4701,0.0047999998,0.04,727.94,734.2,749.25,0.0,102.0,3.0
2026-12-18,0.5260273972602739,calls,590.0,2.899688946926354,203.4701,0.0047999998,0.04,670.0,727.15,743.3,0.0,1167.0,1.0
2026-12-18,0.5260273972602739,calls,600.0,2.9488362172132416,203.4701,0.0047999998,0.04,710.0,720.35,736.5,0.0,594.0,1.0
2026-12-18,0.5260273972602739,calls,610.0,2.9979834875001288,203.4701,0.0047999998,0.04,718.0,714.0,729.4,0.0,76.0,1.0
2026-12-18,0.5260273972602739,calls,620.0,3.0471307577870164,203.4701,0.0047999998,0.04,712.57,707.25,722.65,0.0,193.0,6.0
2026-12-18,0.5260273972602739,calls,630.0,3.0962780280739035,203.4701,0.0047999998,0.04,709.5,700.4,716.55,0.0,256.0,5.0
2026-12-18,0.5260273972602739,calls,640.0,3.145425298360791,203.4701,0.0047999998,0.04,692.3,693.8,709.55,0.0,116.0,1.0
2026-12-18,0.5260273972602739,calls,650.0,3.1945725686476782,203.4701,0.0047999998,0.04,696.13,687.3,703.45,0.0,320.0,8.0
2026-12-18,0.5260273972602739,calls,660.0,3.243719838934566,203.4701,0.0047999998,0.04,675.89,681.1,696.15,0.0,81.0,6.0
2026-12-18,0.5260273972602739,calls,670.0,3.292867109221453,203.4701,0.0047999998,0.04,680.0,674.45,690.6,0.0,128.0,2.0
2026-12-18,0.5260273972602739,calls,680.0,3.3420143795083406,203.4701,0.0047999998,0.04,684.02,668.0,684.25,0.0,129.0,2.0
2026-12-18,0.5260273972602739,calls,690.0,3.3911616497952277,203.4701,0.0047999998,0.04,671.94,661.85,677.55,0.0,824.0,2.0
2026-12-18,0.5260273972602739,calls,700.0,3.4403089200821153,203.4701,0.0047999998,0.04,650.41,656.2,670.7,0.0,761.0,2.0
2026-12-18,0.5260273972602739,calls,710.0,3.4894561903690025,203.4701,0.0047999998,0.04,658.0,650.3,664.4,0.0,207.0,3.0
2026-12-18,0.5260273972602739,calls,720.0,3.53860346065589,203.4701,0.0047999998,0.04,595.96,644.15,658.55,0.0,141.0,1.0
2026-12-18,0.5260273972602739,calls,730.0,3.587750730942777,203.4701,0.0047999998,0.04,538.35,638.05,653.25,0.0,81.0,2.0
2026-12-18,0.5260273972602739,calls,740.0,3.636898001229665,203.4701,0.0047999998,0.04,627.2,632.05,646.2,0.0,539.0,1.0
2026-12-18,0.5260273972602739,calls,750.0,3.686045271516552,203.4701,0.0047999998,0.04,638.0,626.1,641.0,0.0,640.0,2.0
2026-12-18,0.5260273972602739,calls,760.0,3.7351925418034395,203.4701,0.0047999998,0.04,631.55,620.05,634.65,0.0,60.0,1.0
2026-12-18,0.5260273972602739,calls,770.0,3.7843398120903267,203.4701,0.0047999998,0.04,621.53,614.3,628.25,0.0,208.0,3.0
2026-12-18,0.5260273972602739,calls,780.0,3.8334870823772143,203.4701,0.0047999998,0.04,602.47,607.25,623.1,0.0,93.0,2.0
2026-12-18,0.5260273972602739,calls,790.0,3.8826343526641014,203.4701,0.0047999998,0.04,596.47,602.75,616.9,0.0,150.0,2.0
2026-12-18,0.5260273972602739,calls,800.0,3.931781622950989,203.4701,0.0047999998,0.04,591.15,597.05,611.2,0.0,1713.0,5.0
2026-12-18,0.5260273972602739,calls,810.0,3.980928893237876,203.4701,0.0047999998,0.04,582.67,591.45,605.75,0.0,238.0,3.0
2026-12-18,0.5260273972602739,calls,820.0,4.030076163524764,203.4701,0.0047999998,0.04,582.1,585.85,600.25,0.0,263.0,1.0
2026-12-18,0.5260273972602739,calls,830.0,4.079223433811651,203.4701,0.0047999998,0.04,572.66,580.4,594.75,0.0,302.0,2.0
2026-12-18,0.5260273972602739,calls,840.0,4.128370704098538,203.4701,0.0047999998,0.04,584.48,574.9,589.65,0.0,230.0,7.0
2026-12-18,0.5260273972602739,calls,850.0,4.177517974385426,203.4701,0.0047999998,0.04,572.0,569.5,583.65,0.0,585.0,2.0
2026-12-18,0.5260273972602739,calls,860.0,4.226665244672313,203.4701,0.0047999998,0.04,573.0,564.0,578.05,0.0,271.0,7.0
2026-12-18,0.5260273972602739,calls,870.0,4.275812514959201,203.4701,0.0047999998,0.04,563.49,558.75,572.6,0.0,247.0,1.0
2026-12-18,0.5260273972602739,calls,880.0,4.3249597852460875,203.4701,0.0047999998,0.04,557.0,553.35,567.65,0.0,720.0,2.0
2026-12-18,0.5260273972602739,calls,890.0,4.374107055532975,203.4701,0.0047999998,0.04,553.4,548.15,562.2,0.0,124.0,35.0
2026-12-18,0.5260273972602739,calls,900.0,4.423254325819863,203.4701,0.0047999998,0.04,548.77,543.05,557.1,0.0,1874.0,16.0
2026-12-18,0.5260273972602739,calls,910.0,4.472401596106749,203.4701,0.0047999998,0.04,529.62,537.8,551.8,0.0,308.0,1.0
2026-12-18,0.5260273972602739,calls,920.0,4.521548866393637,203.4701,0.0047999998,0.04,525.15,533.05,546.5,0.0,255.0,1.0
2026-12-18,0.5260273972602739,calls,930.0,4.5706961366805245,203.4701,0.0047999998,0.04,529.6,527.95,541.85,0.0,208.0,2.0
2026-12-18,0.5260273972602739,calls,940.0,4.619843406967412,203.4701,0.0047999998,0.04,534.68,523.0,536.65,0.0,198.0,2.0
2026-12-18,0.5260273972602739,calls,950.0,4.668990677254299,203.4701,0.0047999998,0.04,520.0,517.95,531.8,0.0,306.0,1.0
2026-12-18,0.5260273972602739,calls,960.0,4.718137947541186,203.4701,0.0047999998,0.04,505.85,513.0,526.9,0.0,90.0,1.0
2026-12-18,0.5260273972602739,calls,970.0,4.767285217828074,203.4701,0.0047999998,0.04,500.86,508.2,521.95,0.0,432.0,2.0
2026-12-18,0.5260273972602739,calls,980.0,4.816432488114962,203.4701,0.0047999998,0.04,496.14,503.7,517.15,0.0,59.0,1.0
2026-12-18,0.5260273972602739,calls,990.0,4.865579758401848,203.4701,0.0047999998,0.04,494.62,498.8,511.85,0.0,130.0,1.0
2026-12-18,0.5260273972602739,calls,1000.0,4.914727028688736,203.4701,0.0047999998,0.04,500.0,499.0,506.4,0.0,1891.0,29.0
2026-12-18,0.5260273972602739,calls,1010.0,4.9638742989756235,203.4701,0.0047999998,0.04,483.7,489.35,503.3,0.0,87.0,5.0
2026-12-18,0.5260273972602739,calls,1020.0,5.013021569262511,203.4701,0.0047999998,0.04,484.0,484.95,498.5,0.0,160.0,7.0
2026-12-18,0.5260273972602739,calls,1030.0,5.062168839549398,203.4701,0.0047999998,0.04,477.0,483.7,490.4,0.0,60.0,2.0
2026-12-18,0.5260273972602739,calls,1040.0,5.111316109836285,203.4701,0.0047999998,0.04,483.88,479.1,485.8,0.0,57.0,2.0
2026-12-18,0.5260273972602739,calls,1050.0,5.160463380123173,203.4701,0.0047999998,0.04,475.32,474.5,481.9,0.0,1161.0,5.0
2026-12-18,0.5260273972602739,calls,1060.0,5.2096106504100606,203.4701,0.0047999998,0.04,466.0,470.3,476.95,0.0,51.0,1.0
2026-12-18,0.5260273972602739,calls,1070.0,5.258757920696947,203.4701,0.0047999998,0.04,473.53,465.8,472.5,0.0,110.0,1.0
2026-12-18,0.5260273972602739,calls,1080.0,5.307905190983835,203.4701,0.0047999998,0.04,464.85,461.45,468.2,0.0,147.0,1.0
2026-12-18,0.5260273972602739,calls,1090.0,5.357052461270722,203.4701,0.0047999998,0.04,460.46,457.1,463.85,0.0,37.0,2.0
2026-12-18,0.5260273972602739,calls,1100.0,5.40619973155761,203.4701,0.0047999998,0.04,458.14,453.45,459.2,0.0,1802.0,43.0
2026-12-18,0.5260273972602739,calls,1110.0,5.455347001844497,203.4701,0.0047999998,0.04,453.9,449.0,455.45,0.0,77.0,4.0
2026-12-18,0.5260273972602739,calls,1120.0,5.504494272131384,203.4701,0.0047999998,0.04,447.72,444.55,451.2,0.0,197.0,3.0
2026-12-18,0.5260273972602739,calls,1130.0,5.553641542418272,203.4701,0.0047999998,0.04,440.0,440.25,447.15,0.0,278.0,2.0
2026-12-18,0.5260273972602739,calls,1140.0,5.6027888127051595,203.4701,0.0047999998,0.04,436.75,436.25,443.0,0.0,85.0,1.0
2026-12-18,0.5260273972602739,calls,1150.0,5.651936082992046,203.4701,0.0047999998,0.04,436.0,432.7,438.45,0.0,181.0,6.0
2026-12-18,0.5260273972602739,calls,1160.0,5.701083353278934,203.4701,0.0047999998,0.04,430.45,428.1,434.9,0.0,62.0,1.0
2026-12-18,0.5260273972602739,calls,1170.0,5.750230623565821,203.4701,0.0047999998,0.04,428.05,424.1,428.0,0.0,114.0,26.0
2026-12-18,0.5260273972602739,calls,1180.0,5.799377893852708,203.4701,0.0047999998,0.04,414.38,420.15,427.1,0.0,149.0,1.0
2026-12-18,0.5260273972602739,calls,1190.0,5.848525164139596,203.4701,0.0047999998,0.04,424.72,416.25,423.1,0.0,87.0,10.0
2026-12-18,0.5260273972602739,calls,1200.0,5.897672434426483,203.4701,0.0047999998,0.04,415.92,412.55,419.0,0.0,1201.0,55.0
2026-12-18,0.5260273972602739,calls,1210.0,5.946819704713371,203.4701,0.0047999998,0.04,413.47,408.7,415.5,0.0,102.0,68.0
2026-12-18,0.5260273972602739,calls,1220.0,5.9959669750002575,203.4701,0.0047999998,0.04,411.05,404.85,411.7,0.0,350.0,16.0
2026-12-18,0.5260273972602739,calls,1230.0,6.045114245287145,203.4701,0.0047999998,0.04,394.52,399.55,409.15,0.0,1771.0,2.0
2026-12-18,0.5260273972602739,calls,1240.0,6.094261515574033,203.4701,0.0047999998,0.04,405.0,397.3,404.3,0.0,49.0,15.0
2026-12-18,0.5260273972602739,calls,1250.0,6.14340878586092,203.4701,0.0047999998,0.04,398.05,394.25,400.05,0.0,673.0,31.0
2026-12-18,0.5260273972602739,calls,1260.0,6.192556056147807,203.4701,0.0047999998,0.04,394.28,389.95,397.05,0.0,107.0,17.0
2026-12-18,0.5260273972602739,calls,1270.0,6.241703326434695,203.4701,0.0047999998,0.04,382.61,386.5,393.4,0.0,35.0,3.0
2026-12-18,0.5260273972602739,calls,1280.0,6.290850596721582,203.4701,0.0047999998,0.04,389.0,382.85,390.0,0.0,50.0,4.0
2026-12-18,0.5260273972602739,calls,1290.0,6.33999786700847,203.4701,0.0047999998,0.04,369.28,379.3,386.3,0.0,93.0,4.0
2026-12-18,0.5260273972602739,calls,1300.0,6.3891451372953565,203.4701,0.0047999998,0.04,385.0,376.45,382.3,0.0,3764.0,25.0
2026-12-18,0.5260273972602739,calls,1320.0,6.487439677869132,203.4701,0.0047999998,0.04,371.45,369.0,375.6,0.0,186.0,3.0
2026-12-18,0.5260273972602739,calls,1340.0,6.585734218442906,203.4701,0.0047999998,0.04,365.23,362.2,368.95,0.0,165.0,1.0
2026-12-18,0.5260273972602739,calls,1360.0,6.684028759016681,203.4701,0.0047999998,0.04,361.2,355.6,362.35,0.0,54.0,2.0
2026-12-18,0.5260273972602739,calls,1380.0,6.782323299590455,203.4701,0.0047999998,0.04,349.08,349.15,355.35,0.0,247.0,7.0
2026-12-18,0.5260273972602739,calls,1400.0,6.880617840164231,203.4701,0.0047999998,0.04,346.75,343.0,348.9,0.0,877.0,27.0
2026-12-18,0.5260273972602739,calls,1420.0,6.978912380738005,203.4701,0.0047999998,0.04,341.32,336.6,342.85,0.0,84.0,4.0
2026-12-18,0.5260273972602739,calls,1440.0,7.07720692131178,203.4701,0.0047999998,0.04,335.07,330.6,338.55,0.0,114.0,1.0
2026-12-18,0.5260273972602739,calls,1460.0,7.175501461885554,203.4701,0.0047999998,0.04,328.0,324.6,331.35,0.0,164.0,3.0
2026-12-18,0.5260273972602739,calls,1480.0,7.27379600245933,203.4701,0.0047999998,0.04,309.0,318.8,326.35,0.0,597.0,27.0
2026-12-18,0.5260273972602739,calls,1500.0,7.372090543033104,203.4701,0.0047999998,0.04,318.0,313.6,318.5,0.0,742.0,24.0
2026-12-18,0.5260273972602739,calls,1520.0,7.470385083606879,203.4701,0.0047999998,0.04,312.57,307.5,314.15,0.0,50.0,8.0
2026-12-18,0.5260273972602739,calls,1540.0,7.568679624180653,203.4701,0.0047999998,0.04,305.77,301.95,308.45,0.0,100.0,80.0
2026-12-18,0.5260273972602739,calls,1560.0,7.6669741647544285,203.4701,0.0047999998,0.04,297.94,296.7,304.0,0.0,365.0,8.0
2026-12-18,0.5260273972602739,calls,1580.0,7.765268705328203,203.4701,0.0047999998,0.04,294.32,291.3,298.3,0.0,42.0,8.0
2026-12-18,0.5260273972602739,calls,1600.0,7.863563245901978,203.4701,0.0047999998,0.04,292.0,286.95,293.1,0.0,155.0,16.0
2026-12-18,0.5260273972602739,calls,1620.0,7.961857786475752,203.4701,0.0047999998,0.04,289.05,281.3,287.6,0.0,102.0,1.0
2026-12-18,0.5260273972602739,calls,1640.0,8.060152327049527,203.4701,0.0047999998,0.04,280.0,275.15,284.6,0.0,3193.0,5.0
2026-12-18,0.5260273972602739,calls,1650.0,8.109299597336415,203.4701,0.0047999998,0.04,280.5,274.45,280.0,0.0,29.0,8.0
2026-12-18,0.5260273972602739,calls,1660.0,8.158446867623303,203.4701,0.0047999998,0.04,219.12,271.35,277.75,0.0,67.0,10.0
2026-12-18,0.5260273972602739,calls,1670.0,8.207594137910188,203.4701,0.0047999998,0.04,190.46,269.1,276.55,0.0,43.0,3.0
2026-12-18,0.5260273972602739,calls,1680.0,8.256741408197076,203.4701,0.0047999998,0.04,262.92,266.8,272.55,0.0,95.0,4.0
2026-12-18,0.5260273972602739,calls,1690.0,8.305888678483964,203.4701,0.0047999998,0.04,259.2,264.45,270.2,0.0,19.0,1.0
2026-12-18,0.5260273972602739,calls,1700.0,8.355035948770851,203.4701,0.0047999998,0.04,265.62,262.75,268.85,0.0,141.0,11.0
2026-12-18,0.5260273972602739,calls,1710.0,8.404183219057739,203.4701,0.0047999998,0.04,258.3,259.7,265.6,0.0,2.0,2.0
2026-12-18,0.5260273972602739,calls,1720.0,8.453330489344626,203.4701,0.0047999998,0.04,262.55,258.65,263.4,0.0,6.0,2.0
2026-12-18,0.5260273972602739,calls,1730.0,8.502477759631514,203.4701,0.0047999998,0.04,256.21,257.0,261.1,0.0,34.0,12.0
2026-12-18,0.5260273972602739,calls,1740.0,8.551625029918402,203.4701,0.0047999998,0.04,250.06,254.8,258.8,0.0,256.0,2.0
2026-12-18,0.5260273972602739,calls,1750.0,8.600772300205287,203.4701,0.0047999998,0.04,259.95,252.65,256.5,0.0,89.0,36.0
2026-12-18,0.5260273972602739,calls,1760.0,8.649919570492175,203.4701,0.0047999998,0.04,256.85,248.9,256.0,0.0,1624.0,10.0
2026-12-18,0.5260273972602739,calls,1770.0,8.699066840779063,203.4701,0.0047999998,0.04,252.6,248.3,252.6,0.0,32.0,6.0
2026-12-18,0.5260273972602739,calls,1780.0,8.74821411106595,203.4701,0.0047999998,0.04,247.71,246.15,250.55,0.0,82.0,10.0
2026-12-18,0.5260273972602739,calls,1790.0,8.797361381352838,203.4701,0.0047999998,0.04,239.0,244.1,248.4,0.0,240.0,3.0
2026-12-18,0.5260273972602739,calls,1800.0,8.846508651639725,203.4701,0.0047999998,0.04,241.93,242.1,245.9,0.0,662.0,71.0
2026-12-18,0.5260273972602739,calls,1810.0,8.895655921926613,203.4701,0.0047999998,0.04,116.85,239.6,244.55,0.0,18.0,8.0
2026-12-18,0.5260273972602739,calls,1820.0,8.944803192213499,203.4701,0.0047999998,0.04,241.55,238.0,242.25,0.0,68.0,4.0
2026-12-18,0.5260273972602739,calls,1830.0,8.993950462500386,203.4701,0.0047999998,0.04,227.74,235.9,240.2,0.0,40.0,2.0
2026-12-18,0.5260273972602739,calls,1840.0,9.043097732787274,203.4701,0.0047999998,0.04,234.85,233.9,238.2,0.0,101.0,2.0
2026-12-18,0.5260273972602739,calls,1850.0,9.092245003074162,203.4701,0.0047999998,0.04,232.0,232.0,235.85,0.0,36.0,1.0
2026-12-18,0.5260273972602739,calls,1860.0,9.141392273361049,203.4701,0.0047999998,0.04,232.85,229.95,234.3,0.0,33.0,5.0
2026-12-18,0.5260273972602739,calls,1870.0,9.190539543647937,203.4701,0.0047999998,0.04,235.37,228.05,231.9,0.0,67.0,9.0
2026-12-18,0.5260273972602739,calls,1880.0,9.239686813934824,203.4701,0.0047999998,0.04,230.0,226.05,230.4,0.0,54.0,1.0
2026-12-18,0.5260273972602739,calls,1890.0,9.288834084221712,203.4701,0.0047999998,0.04,220.65,224.35,228.5,0.0,37.0,1.0
2026-12-18,0.5260273972602739,calls,1900.0,9.337981354508598,203.4701,0.0047999998,0.04,224.0,222.35,226.3,0.0,401.0,33.0
2026-12-18,0.5260273972602739,calls,1910.0,9.387128624795485,203.4701,0.0047999998,0.04,220.97,220.55,224.45,0.0,20.0,3.0
2026-12-18,0.5260273972602739,calls,1920.0,9.436275895082373,203.4701,0.0047999998,0.04,188.7,218.7,222.65,0.0,74.0,1.0
2026-12-18,0.5260273972602739,calls,1930.0,9.48542316536926,203.4701,0.0047999998,0.04,181.4,216.8,220.8,0.0,101.0,2.0
2026-12-18,0.5260273972602739,calls,1940.0,9.534570435656148,203.4701,0.0047999998,0.04,217.0,214.5,219.55,0.0,1895.0,5.0
2026-12-18,0.5260273972602739,calls,1950.0,9.583717705943036,203.4701,0.0047999998,0.04,217.01,213.6,217.25,0.0,8.0,7.0
2026-12-18,0.5260273972602739,calls,2000.0,9.829454057377472,203.4701,0.0047999998,0.04,206.64,204.75,208.65,0.0,283.0,212.0
2026-12-18,0.5260273972602739,calls,2050.0,10.07519040881191,203.4701,0.0047999998,0.04,198.83,196.5,200.85,7.288575108032227,5.0,2.0
2026-12-18,0.5260273972602739,calls,2100.0,10.320926760246346,203.4701,0.0047999998,0.04,186.4,188.9,192.6,6.3208028802490235,64.0,4.0
2026-12-18,0.5260273972602739,calls,2120.0,10.419221300820121,203.4701,0.0047999998,0.04,190.0,185.5,189.7,6.0843529804992675,129.0,1.0
2026-12-18,0.5260273972602739,calls,2130.0,10.468368571107007,203.4701,0.0047999998,0.04,186.65,184.0,188.15,5.984133379211427,6.0,0.0
2026-12-18,0.5260273972602739,calls,2150.0,10.566663111680782,203.4701,0.0047999998,0.04,147.0,181.25,185.1,5.812929979934692,1.0,2.0
2026-12-18,0.5260273972602739,calls,2170.0,10.664957652254557,203.4701,0.0047999998,0.04,150.36,178.15,182.35,5.660159174804686,1.0,0.0
2026-12-18,0.5260273972602739,calls,2180.0,10.714104922541445,203.4701,0.0047999998,0.04,170.5,176.8,180.95,5.593997148132324,1.0,0.0
2026-12-18,0.5260273972602739,calls,2200.0,10.81239946311522,203.4701,0.0047999998,0.04,176.05,174.35,178.1,5.474978742218016,87.0,2.0
2026-12-18,0.5260273972602739,calls,2210.0,10.861546733402106,203.4701,0.0047999998,0.04,173.55,172.6,176.7,5.408328434906005,9.0,1.0
2026-12-18,0.5260273972602739,calls,2220.0,10.910694003688993,203.4701,0.0047999998,0.04,184.7,171.25,175.35,5.353885143585203,1.0,0.0
2026-12-18,0.5260273972602739,calls,2230.0,10.959841273975881,203.4701,0.0047999998,0.04,137.8,170.15,174.0,5.306399851379393,1.0,2.0
2026-12-18,0.5260273972602739,calls,2240.0,11.008988544262769,203.4701,0.0047999998,0.04,125.0,168.55,172.65,5.250735858459472,1.0,4.0
2026-12-18,0.5260273972602739,calls,2250.0,11.058135814549656,203.4701,0.0047999998,0.04,166.86,167.55,171.1,5.204532302932739,16.0,40.0
2026-12-18,0.5260273972602739,calls,2260.0,11.107283084836544,203.4701,0.0047999998,0.04,170.5,165.95,170.0,5.157047010726929,3.0,2.0
2026-12-18,0.5260273972602739,calls,2270.0,11.156430355123431,203.4701,0.0047999998,0.04,162.3,164.7,168.7,5.113651068878173,20.0,21.0
2026-12-18,0.5260273972602739,calls,2280.0,11.205577625410319,203.4701,0.0047999998,0.04,165.0,163.4,167.35,5.069705811309815,4395.0,170.0
2026-12-18,0.5260273972602739,calls,2300.0,11.303872165984092,203.4701,0.0047999998,0.04,163.7,161.15,164.7,4.9919471194458005,0.0,82.0
2026-12-18,0.5260273972602739,calls,2350.0,11.54960851741853,203.4701,0.0047999998,0.04,154.05,155.05,158.6,4.813480545654295,5.0,1.0
2026-12-18,0.5260273972602739,calls,2400.0,11.795344868852967,203.4701,0.0047999998,0.04,151.0,149.15,152.75,4.658451442565918,107.0,13.0
2026-12-18,0.5260273972602739,calls,2450.0,12.041081220287403,203.4701,0.0047999998,0.04,145.12,143.6,147.2,4.52429633682251,0.0,14.0
2026-12-18,0.5260273972602739,calls,2500.0,12.28681757172184,203.4701,0.0047999998,0.04,139.77,138.55,140.8,4.395207142715454,0.0,92.0
2026-12-18,0.5260273972602739,puts,0.5,0.002457363514344368,203.4701,0.0047999998,0.04,0.01,0.0,0.01,2.750003125,31534.0,100.0
2026-12-18,0.5260273972602739,puts,1.0,0.004914727028688736,203.4701,0.0047999998,0.04,0.01,0.0,0.01,2.3750040624999995,5943.0,8.0
2026-12-18,0.5260273972602739,puts,1.5,0.007372090543033104,203.4701,0.0047999998,0.04,0.01,0.0,0.18,2.9531276171874996,438.0,10.0
2026-12-18,0.5260273972602739,puts,2.0,0.009829454057377472,203.4701,0.0047999998,0.04,0.07,0.0,0.15,2.6640658398437504,3366.0,20.0
2026-12-18,0.5260273972602739,puts,2.5,0.01228681757172184,203.4701,0.0047999998,0.04,0.01,0.0,0.01,1.875000625,4768.0,1.0
2026-12-18,0.5260273972602739,puts,3.0,0.014744181086066208,203.4701,0.0047999998,0.04,0.01,0.0,0.11,2.281254296875,1651.0,60.0
2026-12-18,0.5260273972602739,puts,3.5,0.017201544600410575,203.4701,0.0047999998,0.04,0.01,0.0,0.03,1.9062504687500001,198.0,39.0
2026-12-18,0.5260273972602739,puts,4.0,0.019658908114754944,203.4701,0.0047999998,0.04,0.01,0.0,0.02,1.78125109375,724.0,5.0
2026-12-18,0.5260273972602739,puts,4.5,0.02211627162909931,203.4701,0.0047999998,0.04,0.02,0.0,0.02,1.71875140625,0.0,32.0
2026-12-18,0.5260273972602739,puts,5.0,0.02457363514344368,203.4701,0.0047999998,0.04,0.01,0.0,0.01,1.5625021874999998,2550.0,19.0
2026-12-18,0.5260273972602739,puts,6.0,0.029488362172132417,203.4701,0.0047999998,0.04,0.1,0.0,0.11,1.859375703125,852.0,1.0
2026-12-18,0.5260273972602739,puts,7.0,0.03440308920082115,203.4701,0.0047999998,0.04,0.01,0.0,0.03,1.5468772656249998,1077.0,1.0
2026-12-18,0.5260273972602739,puts,8.0,0.03931781622950989,203.4701,0.0047999998,0.04,0.01,0.0,0.08,1.6328143359374998,908.0,3.0
2026-12-18,0.5260273972602739,puts,9.0,0.04423254325819862,203.4701,0.0047999998,0.04,0.02,0.0,0.11,1.62109564453125,1198.0,1.0
2026-12-18,0.5260273972602739,puts,10.0,0.04914727028688736,203.4701,0.0047999998,0.04,0.01,0.0,0.01,1.2500037499999999,12616.0,4.0
2026-12-18,0.5260273972602739,puts,11.0,0.054061997315576094,203.4701,0.0047999998,0.04,0.02,0.0,0.12,1.5234398828124998,2417.0,3.0
2026-12-18,0.5260273972602739,puts,12.0,0.05897672434426483,203.4701,0.0047999998,0.04,0.01,0.0,0.11,1.4609401953124999,218.0,1.0
2026-12-18,0.5260273972602739,puts,13.0,0.06389145137295357,203.4701,0.0047999998,0.04,0.05,0.0,0.04,1.2812535937499998,13051.0,2.0
2026-12-18,0.5260273972602739,puts,14.0,0.0688061784016423,203.4701,0.0047999998,0.04,0.01,0.0,0.11,1.3750031249999999,660.0,51.0
2026-12-18,0.5260273972602739,puts,15.0,0.07372090543033104,203.4701,0.0047999998,0.04,0.01,0.0,0.02,1.140629296875,7675.0,25.0
2026-12-18,0.5260273972602739,puts,16.0,0.07863563245901978,203.4701,0.0047999998,0.04,0.01,0.0,0.11,1.3046909765624997,623.0,20.0
2026-12-18,0.5260273972602739,puts,17.0,0.08355035948770852,203.4701,0.0047999998,0.04,0.01,0.0,0.01,1.0312548437500002,2817.0,23.0
2026-12-18,0.5260273972602739,puts,18.0,0.08846508651639724,203.4701,0.0047999998,0.04,0.02,0.0,0.11,1.2421912890624998,1551.0,5.0
2026-12-18,0.5260273972602739,puts,19.0,0.09337981354508598,203.4701,0.0047999998,0.04,0.03,0.0,0.11,1.2109414453124998,414.0,4.0
2026-12-18,0.5260273972602739,puts,20.0,0.09829454057377472,203.4701,0.0047999998,0.04,0.02,0.0,0.12,1.1953165234375,18886.0,251.0
2026-12-18,0.5260273972602739,puts,21.0,0.10320926760246346,203.4701,0.0047999998,0.04,0.03,0.0,0.13,1.1796916015624999,752.0,4.0
2026-12-18,0.5260273972602739,puts,22.0,0.10812399463115219,203.4701,0.0047999998,0.04,0.03,0.01,0.12,1.15625421875,2277.0,1.0
2026-12-18,0.5260273972602739,puts,23.0,0.11303872165984093,203.4701,0.0047999998,0.04,0.03,0.01,0.05,1.0468797656250002,872.0,10.0
2026-12-18,0.5260273972602739,puts,24.0,0.11795344868852967,203.4701,0.0047999998,0.04,0.11,0.01,0.13,1.1171919140625,805.0,1.0
2026-12-18,0.5260273972602739,puts,25.0,0.1228681757172184,203.4701,0.0047999998,0.04,0.04,0.01,0.05,1.0078174609375,29908.0,2.0
2026-12-18,0.5260273972602739,puts,26.0,0.12778290274590715,203.4701,0.0047999998,0.04,0.04,0.01,0.13,1.0742233789062503,668.0,1.0
2026-12-18,0.5260273972602739,puts,27.0,0.13269762977459587,203.4701,0.0047999998,0.04,0.59,0.01,0.13,1.0546922265625,1303.0,1.0
2026-12-18,0.5260273972602739,puts,28.0,0.1376123568032846,203.4701,0.0047999998,0.04,0.1,0.0,0.0,0.500005,0.0,60.0
2026-12-18,0.5260273972602739,puts,29.0,0.14252708383197335,203.4701,0.0047999998,0.04,0.12,0.01,0.14,1.0234423828125,743.0,3.0
2026-12-18,0.5260273972602739,puts,30.0,0.14744181086066208,203.4701,0.0047999998,0.04,0.02,0.01,0.14,1.0058643457031249,4772.0,18.0
2026-12-18,0.5260273972602739,puts,31.0,0.15235653788935083,203.4701,0.0047999998,0.04,0.04,0.01,0.14,0.9882813671875,887.0,10.0
2026-12-18,0.5260273972602739,puts,32.0,0.15727126491803955,203.4701,0.0047999998,0.04,0.1,0.0,0.0,0.500005,0.0,2.0
2026-12-18,0.5260273972602739,puts,33.0,0.16218599194672828,203.4701,0.0047999998,0.04,0.07,0.01,0.15,0.96289099609375,1217.0,2.0
2026-12-18,0.5260273972602739,puts,34.0,0.16710071897541703,203.4701,0.0047999998,0.04,0.1,0.0,0.0,0.500005,0.0,3.0
2026-12-18,0.5260273972602739,puts,35.0,0.17201544600410576,203.4701,0.0047999998,0.04,0.05,0.02,0.12,0.9179695703125,2690.0,461.0
2026-12-18,0.5260273972602739,puts,36.0,0.17693017303279449,203.4701,0.0047999998,0.04,0.06,0.02,0.16,0.92773509765625,425.0,10.0
2026-12-18,0.5260273972602739,puts,37.0,0.18184490006148324,203.4701,0.0047999998,0.04,0.05,0.02,0.16,0.914063359375,648.0,2.0
2026-12-18,0.5260273972602739,puts,38.0,0.18675962709017196,203.4701,0.0047999998,0.04,0.05,0.02,0.16,0.9003916210937499,943.0,1.0
2026-12-18,0.5260273972602739,puts,39.0,0.19167435411886072,203.4701,0.0047999998,0.04,0.17,0.0,0.0,0.500005,0.0,20.0
2026-12-18,0.5260273972602739,puts,40.0,0.19658908114754944,203.4701,0.0047999998,0.04,0.04,0.04,0.17,0.8886729882812499,7505.0,1.0
2026-12-18,0.5260273972602739,puts,41.0,0.20150380817623817,203.4701,0.0047999998,0.04,0.07,0.03,0.17,0.86914193359375,1275.0,1.0
2026-12-18,0.5260273972602739,puts,42.0,0.20641853520492692,203.4701,0.0047999998,0.04,0.1,0.04,0.19,0.8710950390625,620.0,20.0
2026-12-18,0.5260273972602739,puts,43.0,0.21133326223361565,203.4701,0.0047999998,0.04,0.05,0.03,0.18,0.84961087890625,828.0,2.0
2026-12-18,0.5260273972602739,puts,44.0,0.21624798926230437,203.4701,0.0047999998,0.04,0.1,0.04,0.18,0.84179845703125,1493.0,11.0
2026-12-18,0.5260273972602739,puts,45.0,0.22116271629099313,203.4701,0.0047999998,0.04,0.09,0.06,0.19,0.84179845703125,13166.0,17.0
2026-12-18,0.5260273972602739,puts,46.0,0.22607744331968185,203.4701,0.0047999998,0.04,0.07,0.05,0.19,0.8251970605468748,1815.0,1.0
2026-12-18,0.5260273972602739,puts,47.0,0.2309921703483706,203.4701,0.0047999998,0.04,0.1,0.05,0.19,0.813478427734375,2676.0,20.0
2026-12-18,0.5260273972602739,puts,48.0,0.23590689737705933,203.4701,0.0047999998,0.04,0.1,0.05,0.2,0.80664255859375,1500.0,20.0
2026-12-18,0.5260273972602739,puts,49.0,0.24082162440574806,203.4701,0.0047999998,0.04,0.1,0.06,0.2,0.79883013671875,1906.0,20.0
2026-12-18,0.5260273972602739,puts,50.0,0.2457363514344368,203.4701,0.0047999998,0.04,0.1,0.09,0.11,0.76367423828125,9502.0,2.0
2026-12-18,0.5260273972602739,puts,51.0,0.25065107846312557,203.4701,0.0047999998,0.04,0.1,0.06,0.19,0.773439765625,1954.0,70.0
2026-12-18,0.5260273972602739,puts,52.0,0.2555658054918143,203.4701,0.0047999998,0.04,0.1,0.07,0.2,0.7695335546875001,1432.0,1.0
2026-12-18,0.5260273972602739,puts,53.0,0.260480532520503,203.4701,0.0047999998,0.04,0.1,0.07,0.2,0.7597680273437502,699.0,5.0
2026-12-18,0.5260273972602739,puts,54.0,0.26539525954919174,203.4701,0.0047999998,0.04,0.1,0.07,0.2,0.7490259472656251,1926.0,6.0
2026-12-18,0.5260273972602739,puts,55.0,0.27030998657788047,203.4701,0.0047999998,0.04,0.13,0.09,0.2,0.745119736328125,8452.0,8.0
2026-12-18,0.5260273972602739,puts,56.0,0.2752247136065692,203.4701,0.0047999998,0.04,0.1,0.08,0.22,0.7382838671874999,1929.0,3.0
2026-12-18,0.5260273972602739,puts,57.0,0.280139440635258,203.4701,0.0047999998,0.04,0.1,0.1,0.22,0.73437765625,5451.0,1.0
2026-12-18,0.5260273972602739,puts,58.0,0.2850541676639467,203.4701,0.0047999998,0.04,0.2,0.11,0.22,0.727541787109375,5103.0,2.0
2026-12-18,0.5260273972602739,puts,59.0,0.2899688946926354,203.4701,0.0047999998,0.04,0.35,0.13,0.34,0.7514673291015624,403.0,1.0
2026-12-18,0.5260273972602739,puts,60.0,0.29488362172132415,203.4701,0.0047999998,0.04,0.15,0.13,0.22,0.7138700488281251,13547.0,11.0
2026-12-18,0.5260273972602739,puts,61.0,0.2997983487500129,203.4701,0.0047999998,0.04,0.24,0.11,0.24,0.7050810742187501,1896.0,1.0
2026-12-18,0.5260273972602739,puts,62.0,0.30471307577870166,203.4701,0.0047999998,0.04,0.3,0.11,0.25,0.6982452050781252,1200.0,12.0
2026-12-18,0.5260273972602739,puts,63.0,0.3096278028073904,203.4701,0.0047999998,0.04,0.17,0.12,0.25,0.6914093359375001,668.0,1.0
2026-12-18,0.5260273972602739,puts,64.0,0.3145425298360791,203.4701,0.0047999998,0.04,0.18,0.13,0.26,0.6875031250000001,1741.0,2.0
2026-12-18,0.5260273972602739,puts,65.0,0.31945725686476784,203.4701,0.0047999998,0.04,0.22,0.15,0.24,0.6787141503906251,15745.0,5.0
2026-12-18,0.5260273972602739,puts,66.0,0.32437198389345656,203.4701,0.0047999998,0.04,0.18,0.13,0.26,0.6699251757812501,492.0,1.0
2026-12-18,0.5260273972602739,puts,67.0,0.3292867109221453,203.4701,0.0047999998,0.04,0.2,0.15,0.26,0.6660189648437502,1199.0,12.0
2026-12-18,0.5260273972602739,puts,68.0,0.33420143795083407,203.4701,0.0047999998,0.04,0.19,0.16,0.27,0.6611362011718751,4380.0,5.0
2026-12-18,0.5260273972602739,puts,69.0,0.3391161649795228,203.4701,0.0047999998,0.04,0.25,0.15,0.29,0.6552768847656252,1465.0,9.0
2026-12-18,0.5260273972602739,puts,70.0,0.3440308920082115,203.4701,0.0047999998,0.04,0.26,0.2,0.28,0.6543003320312502,6100.0,12.0
2026-12-18,0.5260273972602739,puts,71.0,0.34894561903690025,203.4701,0.0047999998,0.04,0.27,0.14,0.34,0.64648791015625,2678.0,2.0
2026-12-18,0.5260273972602739,puts,72.0,0.35386034606558897,203.4701,0.0047999998,0.04,0.23,0.19,0.3,0.639652041015625,14400.0,1.0
2026-12-18,0.5260273972602739,puts,73.0,0.35877507309427775,203.4701,0.0047999998,0.04,0.32,0.19,0.32,0.6352575537109376,561.0,6.0
2026-12-18,0.5260273972602739,puts,74.0,0.3636898001229665,203.4701,0.0047999998,0.04,0.33,0.2,0.34,0.6323278955078125,995.0,1.0
2026-12-18,0.5260273972602739,puts,75.0,0.3686045271516552,203.4701,0.0047999998,0.04,0.27,0.23,0.33,0.6279334082031252,13346.0,5.0
2026-12-18,0.5260273972602739,puts,76.0,0.37351925418034393,203.4701,0.0047999998,0.04,0.4,0.22,0.36,0.62305064453125,2341.0,9.0
2026-12-18,0.5260273972602739,puts,77.0,0.37843398120903265,203.4701,0.0047999998,0.04,0.34,0.23,0.37,0.6181678808593751,2031.0,210.0
2026-12-18,0.5260273972602739,puts,78.0,0.38334870823772144,203.4701,0.0047999998,0.04,0.28,0.24,0.38,0.6132851171875001,2108.0,1.0
2026-12-18,0.5260273972602739,puts,79.0,0.38826343526641016,203.4701,0.0047999998,0.04,0.32,0.31,0.39,0.6167030517578126,819.0,1.0
2026-12-18,0.5260273972602739,puts,80.0,0.3931781622950989,203.4701,0.0047999998,0.04,0.41,0.3,0.37,0.6049844189453126,13737.0,11.0
2026-12-18,0.5260273972602739,puts,81.0,0.3980928893237876,203.4701,0.0047999998,0.04,0.36,0.33,0.44,0.6098671826171876,1883.0,4.0
2026-12-18,0.5260273972602739,puts,82.0,0.40300761635247634,203.4701,0.0047999998,0.04,0.4,0.36,0.42,0.6035195898437502,3093.0,4.0
2026-12-18,0.5260273972602739,puts,83.0,0.40792234338116506,203.4701,0.0047999998,0.04,0.38,0.37,0.49,0.6049844189453126,1141.0,1.0
2026-12-18,0.5260273972602739,puts,84.0,0.41283707040985385,203.4701,0.0047999998,0.04,0.43,0.39,0.51,0.6020547607421877,1257.0,20.0
2026-12-18,0.5260273972602739,puts,85.0,0.41775179743854257,203.4701,0.0047999998,0.04,0.43,0.39,0.48,0.5913126806640626,8277.0,50.0
2026-12-18,0.5260273972602739,puts,86.0,0.4226665244672313,203.4701,0.0047999998,0.04,0.5,0.41,0.48,0.5861857788085938,4106.0,1.0
2026-12-18,0.5260273972602739,puts,87.0,0.42758125149592,203.4701,0.0047999998,0.04,0.48,0.44,0.56,0.5898478515625001,767.0,10.0
2026-12-18,0.5260273972602739,puts,88.0,0.43249597852460875,203.4701,0.0047999998,0.04,0.52,0.46,0.58,0.5861857788085938,983.0,20.0
2026-12-18,0.5260273972602739,puts,89.0,0.43741070555329753,203.4701,0.0047999998,0.04,0.56,0.43,0.6,0.57812921875,7593.0,1.0
2026-12-18,0.5260273972602739,puts,90.0,0.44232543258198626,203.4701,0.0047999998,0.04,0.55,0.51,0.62,0.5795940478515625,19749.0,2.0
2026-12-18,0.5260273972602739,puts,91.0,0.447240159610675,203.4701,0.0047999998,0.04,0.55,0.53,0.65,0.5766643896484375,2096.0,1.0
2026-12-18,0.5260273972602739,puts,92.0,0.4521548866393637,203.4701,0.0047999998,0.04,0.6,0.56,0.69,0.5751995605468749,2452.0,1.0
2026-12-18,0.5260273972602739,puts,93.0,0.45706961366805243,203.4701,0.0047999998,0.04,0.62,0.58,0.72,0.5717816259765626,2321.0,1.0
2026-12-18,0.5260273972602739,puts,94.0,0.4619843406967412,203.4701,0.0047999998,0.04,0.53,0.61,0.74,0.5686078295898438,1023.0,1.0
2026-12-18,0.5260273972602739,puts,95.0,0.46689906772542994,203.4701,0.0047999998,0.04,0.64,0.62,0.77,0.5644574804687501,5825.0,1.0
2026-12-18,0.5260273972602739,puts,96.0,0.47181379475411866,203.4701,0.0047999998,0.04,0.6,0.68,0.8,0.5637250659179689,2031.0,3.0
2026-12-18,0.5260273972602739,puts,97.0,0.4767285217828074,203.4701,0.0047999998,0.04,0.64,0.69,0.84,0.5600629931640625,1226.0,5.0
2026-12-18,0.5260273972602739,puts,98.0,0.4816432488114961,203.4701,0.0047999998,0.04,0.95,0.73,0.87,0.5576216113281252,923.0,1.0
2026-12-18,0.5260273972602739,puts,99.0,0.48655797584018484,203.4701,0.0047999998,0.04,0.76,0.76,0.82,0.5493209130859377,2591.0,51.0
2026-12-18,0.5260273972602739,puts,100.0,0.4914727028688736,203.4701,0.0047999998,0.04,0.77,0.79,0.9,0.5493209130859377,20210.0,1.0
2026-12-18,0.5260273972602739,puts,101.0,0.49638742989756235,203.4701,0.0047999998,0.04,0.98,0.82,0.93,0.5459029785156251,5318.0,1.0
2026-12-18,0.5260273972602739,puts,102.0,0.5013021569262511,203.4701,0.0047999998,0.04,0.79,0.86,0.93,0.5415084912109377,705.0,1.0
2026-12-18,0.5260273972602739,puts,103.0,0.5062168839549398,203.4701,0.0047999998,0.04,1.05,0.9,1.05,0.5434615966796876,1278.0,1.0
2026-12-18,0.5260273972602739,puts,104.0,0.5111316109836286,203.4701,0.0047999998,0.04,1.06,0.95,1.09,0.5415084912109377,765.0,3.0
2026-12-18,0.5260273972602739,puts,105.0,0.5160463380123173,203.4701,0.0047999998,0.04,0.99,1.0,1.08,0.5366257275390626,6069.0,8.0
2026-12-18,0.5260273972602739,puts,106.0,0.520961065041006,203.4701,0.0047999998,0.04,1.05,1.03,1.1,0.5324753784179688,861.0,10.0
2026-12-18,0.5260273972602739,puts,107.0,0.5258757920696947,203.4701,0.0047999998,0.04,1.02,1.08,1.14,0.5301560656738282,1533.0,2.0
2026-12-18,0.5260273972602739,puts,108.0,0.5307905190983835,203.4701,0.0047999998,0.04,1.07,1.12,1.21,0.5285691674804689,2583.0,2.0
2026-12-18,0.5260273972602739,puts,109.0,0.5357052461270723,203.4701,0.0047999998,0.04,1.03,1.12,1.32,0.5268602001953125,601.0,10.0
2026-12-18,0.5260273972602739,puts,110.0,0.5406199731557609,203.4701,0.0047999998,0.04,1.2,1.22,1.3,0.5236864038085938,17540.0,14.0
2026-12-18,0.5260273972602739,puts,111.0,0.5455347001844497,203.4701,0.0047999998,0.04,1.28,1.27,1.42,0.5241746801757812,772.0,2.0
2026-12-18,0.5260273972602739,puts,112.0,0.5504494272131384,203.4701,0.0047999998,0.04,1.27,1.33,1.4,0.5191698474121094,3666.0,25.0
2026-12-18,0.5260273972602739,puts,113.0,0.5553641542418272,203.4701,0.0047999998,0.04,1.32,1.39,1.49,0.5185595019531251,3180.0,1.0
2026-12-18,0.5260273972602739,puts,114.0,0.560278881270516,203.4701,0.0047999998,0.04,1.34,1.44,1.52,0.5150194982910157,2178.0,1.0
2026-12-18,0.5260273972602739,puts,115.0,0.5651936082992046,203.4701,0.0047999998,0.04,1.43,1.52,1.62,0.5150194982910157,6639.0,82.0
2026-12-18,0.5260273972602739,puts,116.0,0.5701083353278934,203.4701,0.0047999998,0.04,1.67,1.58,1.68,0.5127001855468749,4780.0,200.0
2026-12-18,0.5260273972602739,puts,117.0,0.5750230623565821,203.4701,0.0047999998,0.04,1.28,1.63,1.71,0.5089160437011719,1759.0,6.0
2026-12-18,0.5260273972602739,puts,118.0,0.5799377893852709,203.4701,0.0047999998,0.04,1.64,1.72,1.86,0.5105029418945313,2051.0,200.0
2026-12-18,0.5260273972602739,puts,119.0,0.5848525164139596,203.4701,0.0047999998,0.04,1.8,1.79,1.91,0.507817421875,1393.0,8.0
2026-12-18,0.5260273972602739,puts,120.0,0.5897672434426483,203.4701,0.0047999998,0.04,1.9,1.85,1.97,0.5050098327636718,17914.0,7.0
2026-12-18,0.5260273972602739,puts,121.0,0.5946819704713371,203.4701,0.0047999998,0.04,1.69,1.94,2.1,0.5052539709472657,1166.0,27.0
2026-12-18,0.5260273972602739,puts,122.0,0.5995966975000258,203.4701,0.0047999998,0.04,2.0,2.0,2.09,0.5001270690917969,1548.0,2.0
2026-12-18,0.5260273972602739,puts,123.0,0.6045114245287145,203.4701,0.0047999998,0.04,2.0,2.08,2.17,0.5008594836425782,1417.0,10.0
2026-12-18,0.5260273972602739,puts,124.0,0.6094261515574033,203.4701,0.0047999998,0.04,2.12,2.18,2.29,0.5009815527343751,7663.0,43.0
2026-12-18,0.5260273972602739,puts,125.0,0.614340878586092,203.4701,0.0047999998,0.04,2.23,2.3,2.38,0.49927258544921876,19443.0,44.0
2026-12-18,0.5260273972602739,puts,126.0,0.6192556056147808,203.4701,0.0047999998,0.04,2.23,2.33,2.42,0.4947560290527344,3020.0,1.0
2026-12-18,0.5260273972602739,puts,127.0,0.6241703326434694,203.4701,0.0047999998,0.04,2.41,2.45,2.56,0.4954884436035156,3506.0,3.0
2026-12-18,0.5260273972602739,puts,128.0,0.6290850596721582,203.4701,0.0047999998,0.04,2.58,2.52,2.7,0.4958546508789063,1623.0,3.0
2026-12-18,0.5260273972602739,puts,129.0,0.633999786700847,203.4701,0.0047999998,0.04,2.58,2.65,2.79,0.49359637268066414,1616.0,22.0
2026-12-18,0.5260273972602739,puts,130.0,0.6389145137295357,203.4701,0.0047999998,0.04,2.81,2.77,2.87,0.4907277490234375,11002.0,6.0
2026-12-18,0.5260273972602739,puts,132.0,0.6487439677869131,203.4701,0.0047999998,0.04,2.78,2.96,3.05,0.48578395080566406,3102.0,53.0
2026-12-18,0.5260273972602739,puts,134.0,0.6585734218442906,203.4701,0.0047999998,0.04,3.11,3.15,3.3,0.4834646380615235,3381.0,7.0
2026-12-18,0.5260273972602739,puts,135.0,0.6634881488729794,203.4701,0.0047999998,0.04,3.27,3.25,3.4,0.48102325622558595,6526.0,7.0
2026-12-18,0.5260273972602739,puts,136.0,0.6684028759016681,203.4701,0.0047999998,0.04,3.57,3.35,3.55,0.48053497985839844,1547.0,249.0
2026-12-18,0.5260273972602739,puts,138.0,0.6782323299590456,203.4701,0.0047999998,0.04,3.55,3.6,3.8,0.47711704528808596,3953.0,6.0
2026-12-18,0.5260273972602739,puts,140.0,0.688061784016423,203.4701,0.0047999998,0.04,3.95,3.85,4.05,0.473210834350586,20822.0,10.0
2026-12-18,0.5260273972602739,puts,142.0,0.6978912380738005,203.4701,0.0047999998,0.04,3.95,4.2,4.35,0.4706473834228516,1542.0,58.0
2026-12-18,0.5260273972602739,puts,144.0,0.7077206921311779,203.4701,0.0047999998,0.04,4.2,4.45,4.65,0.46759565612792964,1746.0,2.0
2026-12-18,0.5260273972602739,puts,145.0,0.7126354191598667,203.4701,0.0047999998,0.04,4.55,4.7,4.8,0.4658866888427735,7613.0,17.0
2026-12-18,0.5260273972602739,puts,146.0,0.7175501461885555,203.4701,0.0047999998,0.04,4.65,4.85,5.0,0.46570358520507815,3892.0,302.0
2026-12-18,0.5260273972602739,puts,148.0,0.727379600245933,203.4701,0.0047999998,0.04,4.95,5.15,5.3,0.4616142706298829,4115.0,307.0
2026-12-18,0.5260273972602739,puts,150.0,0.7372090543033104,203.4701,0.0047999998,0.04,5.6,5.65,5.75,0.4617363397216797,22949.0,25.0
2026-12-18,0.5260273972602739,puts,152.0,0.7470385083606879,203.4701,0.0047999998,0.04,5.5,5.9,6.05,0.4567315069580079,1845.0,2.0
2026-12-18,0.5260273972602739,puts,154.0,0.7568679624180653,203.4701,0.0047999998,0.04,6.03,6.3,6.5,0.455632885131836,1143.0,7.0
2026-12-18,0.5260273972602739,puts,155.0,0.7617826894467541,203.4701,0.0047999998,0.04,6.47,6.55,6.7,0.45419857330322266,10837.0,10.0
2026-12-18,0.5260273972602739,puts,156.0,0.7666974164754429,203.4701,0.0047999998,0.04,6.55,6.7,6.85,0.4512383978271485,1435.0,2.0
2026-12-18,0.5260273972602739,puts,158.0,0.7765268705328203,203.4701,0.0047999998,0.04,6.9,7.05,7.3,0.4491327059936523,2789.0,45.0
2026-12-18,0.5260273972602739,puts,160.0,0.7863563245901978,203.4701,0.0047999998,0.04,7.68,7.65,7.85,0.4490411541748046,34180.0,187.0
2026-12-18,0.5260273972602739,puts,162.0,0.7961857786475752,203.4701,0.0047999998,0.04,7.5,8.1,8.35,0.4470880487060547,1784.0,57.0
2026-12-18,0.5260273972602739,puts,164.0,0.8060152327049527,203.4701,0.0047999998,0.04,8.0,8.65,8.9,0.4458063232421875,6325.0,12.0
2026-12-18,0.5260273972602739,puts,165.0,0.8109299597336415,203.4701,0.0047999998,0.04,8.62,8.95,9.15,0.4444025286865234,7273.0,984.0
2026-12-18,0.5260273972602739,puts,166.0,0.8158446867623301,203.4701,0.0047999998,0.04,8.35,9.2,9.45,0.4440363214111328,1420.0,1.0
2026-12-18,0.5260273972602739,puts,167.0,0.8207594137910189,203.4701,0.0047999998,0.04,8.9,9.5,9.7,0.4423578713989258,2989.0,157.0
2026-12-18,0.5260273972602739,puts,168.0,0.8256741408197077,203.4701,0.0047999998,0.04,9.15,9.75,10.0,0.44171700866699215,1763.0,8.0
2026-12-18,0.5260273972602739,puts,169.0,0.8305888678483964,203.4701,0.0047999998,0.04,9.5,9.9,10.15,0.4375971768188477,754.0,2.0
2026-12-18,0.5260273972602739,puts,170.0,0.8355035948770851,203.4701,0.0047999998,0.04,10.12,10.35,10.55,0.4389399368286133,16633.0,34.0
2026-12-18,0.5260273972602739,puts,171.0,0.8404183219057738,203.4701,0.0047999998,0.04,9.8,10.6,10.8,0.43683424499511714,2461.0,25.0
2026-12-18,0.5260273972602739,puts,172.0,0.8453330489344626,203.4701,0.0047999998,0.04,10.35,10.95,11.2,0.4378718322753906,1445.0,7.0
2026-12-18,0.5260273972602739,puts,173.0,0.8502477759631514,203.4701,0.0047999998,0.04,10.05,11.25,11.45,0.43555251953125,1454.0,1.0
2026-12-18,0.5260273972602739,puts,174.0,0.85516250299184,203.4701,0.0047999998,0.04,10.7,11.45,11.7,0.43314165496826174,1897.0,81.0
2026-12-18,0.5260273972602739,puts,175.0,0.8600772300205288,203.4701,0.0047999998,0.04,11.95,11.9,12.1,0.43375200042724615,8037.0,9.0
2026-12-18,0.5260273972602739,puts,176.0,0.8649919570492175,203.4701,0.0047999998,0.04,11.8,12.2,12.45,0.43317217224121096,1104.0,4.0
2026-12-18,0.5260273972602739,puts,177.0,0.8699066840779063,203.4701,0.0047999998,0.04,12.0,12.55,12.8,0.4325007922363281,1202.0,2.0
2026-12-18,0.5260273972602739,puts,178.0,0.8748214111065951,203.4701,0.0047999998,0.04,12.35,12.85,13.1,0.43066975585937506,2918.0,1.0
2026-12-18,0.5260273972602739,puts,179.0,0.8797361381352837,203.4701,0.0047999998,0.04,12.8,13.25,13.45,0.4297542376708985,2467.0,11.0
2026-12-18,0.5260273972602739,puts,180.0,0.8846508651639725,203.4701,0.0047999998,0.04,13.73,13.65,13.85,0.42969320312500003,21768.0,22.0
2026-12-18,0.5260273972602739,puts,181.0,0.8895655921926612,203.4701,0.0047999998,0.04,13.65,14.0,14.25,0.42947958221435545,2988.0,1.0
2026-12-18,0.5260273972602739,puts,182.0,0.89448031922135,203.4701,0.0047999998,0.04,14.05,14.35,14.6,0.42819785675048827,2013.0,2.0
2026-12-18,0.5260273972602739,puts,183.0,0.8993950462500387,203.4701,0.0047999998,0.04,14.4,14.7,14.95,0.4267940621948243,2419.0,4.0
2026-12-18,0.5260273972602739,puts,184.0,0.9043097732787274,203.4701,0.0047999998,0.04,14.75,15.05,15.35,0.42624475128173833,1683.0,7.0
2026-12-18,0.5260273972602739,puts,185.0,0.9092245003074162,203.4701,0.0047999998,0.04,15.68,15.5,15.75,0.4255428540039063,9413.0,14.0
2026-12-18,0.5260273972602739,puts,186.0,0.9141392273361049,203.4701,0.0047999998,0.04,15.5,15.9,16.1,0.42383388671875,1666.0,10.0
2026-12-18,0.5260273972602739,puts,187.0,0.9190539543647936,203.4701,0.0047999998,0.04,15.2,16.35,16.6,0.4247799221801758,3634.0,3.0
2026-12-18,0.5260273972602739,puts,188.0,0.9239686813934824,203.4701,0.0047999998,0.04,15.85,16.7,16.95,0.42282681671142575,2434.0,7.0
2026-12-18,0.5260273972602739,puts,189.0,0.9288834084221711,203.4701,0.0047999998,0.04,16.25,17.1,17.4,0.4226131958007812,835.0,9.0
2026-12-18,0.5260273972602739,puts,190.0,0.9337981354508599,203.4701,0.0047999998,0.04,16.9,17.55,17.8,0.4213619876098633,7894.0,18.0
2026-12-18,0.5260273972602739,puts,191.0,0.9387128624795485,203.4701,0.0047999998,0.04,17.09,18.0,18.25,0.42090422851562503,1599.0,15.0
2026-12-18,0.5260273972602739,puts,192.0,0.9436275895082373,203.4701,0.0047999998,0.04,17.35,18.4,18.7,0.42032440032958984,976.0,1.0
2026-12-18,0.5260273972602739,puts,193.0,0.948542316536926,203.4701,0.0047999998,0.04,17.65,18.9,19.15,0.4196530203247071,1136.0,51.0
2026-12-18,0.5260273972602739,puts,194.0,0.9534570435656148,203.4701,0.0047999998,0.04,18.97,19.35,19.6,0.4188290539550781,1447.0,6.0
2026-12-18,0.5260273972602739,puts,195.0,0.9583717705943036,203.4701,0.0047999998,0.04,18.93,19.8,20.0,0.4170590521240234,5666.0,38.0
2026-12-18,0.5260273972602739,puts,200.0,0.9829454057377472,203.4701,0.0047999998,0.04,22.25,22.1,22.4,0.4134885311889648,14204.0,364.0
2026-12-18,0.5260273972602739,puts,205.0,1.007519040881191,203.4701,0.0047999998,0.04,24.27,24.7,25.0,0.4106504248046875,6497.0,111.0
2026-12-18,0.5260273972602739,puts,210.0,1.0320926760246345,203.4701,0.0047999998,0.04,27.4,27.35,27.7,0.4068662829589844,4294.0,46.0
2026-12-18,0.5260273972602739,puts,212.0,1.041922130082012,203.4701,0.0047999998,0.04,28.35,28.55,28.95,0.4074766284179688,1264.0,16.0
2026-12-18,0.5260273972602739,puts,213.0,1.0468368571107007,203.4701,0.0047999998,0.04,27.65,29.05,29.35,0.40381455566406255,1227.0,5.0
2026-12-18,0.5260273972602739,puts,214.0,1.0517515841393894,203.4701,0.0047999998,0.04,28.4,29.7,30.05,0.40515731567382807,475.0,15.0
2026-12-18,0.5260273972602739,puts,215.0,1.0566663111680783,203.4701,0.0047999998,0.04,30.1,30.4,30.7,0.40552352294921873,2756.0,21.0
2026-12-18,0.5260273972602739,puts,216.0,1.061581038196767,203.4701,0.0047999998,0.04,30.25,30.8,31.15,0.40241076110839846,758.0,45.0
2026-12-18,0.5260273972602739,puts,217.0,1.0664957652254556,203.4701,0.0047999998,0.04,30.7,31.45,31.8,0.40259386474609377,2250.0,15.0
2026-12-18,0.5260273972602739,puts,218.0,1.0714104922541445,203.4701,0.0047999998,0.04,32.05,32.0,32.4,0.40180041564941404,629.0,17.0
2026-12-18,0.5260273972602739,puts,219.0,1.0763252192828332,203.4701,0.0047999998,0.04,32.65,32.75,33.0,0.4009459320068359,370.0,5.0
2026-12-18,0.5260273972602739,puts,220.0,1.0812399463115219,203.4701,0.0047999998,0.04,32.67,33.35,33.6,0.3999388619995118,5350.0,88.0
2026-12-18,0.5260273972602739,puts,221.0,1.0861546733402108,203.4701,0.0047999998,0.04,33.9,33.85,34.25,0.3997252410888672,584.0,7.0
2026-12-18,0.5260273972602739,puts,222.0,1.0910694003688994,203.4701,0.0047999998,0.04,34.8,34.6,35.0,0.40112903564453123,358.0,4.0
2026-12-18,0.5260273972602739,puts,223.0,1.095984127397588,203.4701,0.0047999998,0.04,33.35,35.15,35.65,0.4007017938232422,313.0,31.0
2026-12-18,0.5260273972602739,puts,224.0,1.1008988544262768,203.4701,0.0047999998,0.04,35.85,35.85,36.3,0.4001830001831055,489.0,3.0
2026-12-18,0.5260273972602739,puts,225.0,1.1058135814549657,203.4701,0.0047999998,0.04,33.75,36.45,36.75,0.3961242028808594,1887.0,7.0
2026-12-18,0.5260273972602739,puts,226.0,1.1107283084836543,203.4701,0.0047999998,0.04,31.8,37.15,37.6,0.3988707574462891,285.0,1.0
2026-12-18,0.5260273972602739,puts,227.0,1.115643035512343,203.4701,0.0047999998,0.04,35.75,38.0,38.35,0.39978627563476565,318.0,1.0
2026-12-18,0.5260273972602739,puts,228.0,1.120557762541032,203.4701,0.0047999998,0.04,34.58,38.5,38.95,0.39801627380371096,2132.0,1.0
2026-12-18,0.5260273972602739,puts,230.0,1.1303872165984092,203.4701,0.0047999998,0.04,38.3,39.85,40.3,0.39679558288574224,1944.0,1.0
2026-12-18,0.5260273972602739,puts,235.0,1.154960851741853,203.4701,0.0047999998,0.04,41.83,43.2,43.85,0.3952086846923829,543.0,2.0
2026-12-18,0.5260273972602739,puts,240.0,1.1795344868852966,203.4701,0.0047999998,0.04,44.04,46.8,47.4,0.3913024737548828,1405.0,1.0
2026-12-18,0.5260273972602739,puts,245.0,1.2041081220287404,203.4701,0.0047999998,0.04,49.3,50.5,51.15,0.3888000573730469,567.0,3.0
2026-12-18,0.5260273972602739,puts,250.0,1.228681757172184,203.4701,0.0047999998,0.04,50.9,54.35,55.65,0.3990233438110352,1629.0,1.0
2026-12-18,0.5260273972602739,puts,255.0,1.2532553923156278,203.4701,0.0047999998,0.04,57.35,58.2,58.85,0.38086556640624997,970.0,20.0
2026-12-18,0.5260273972602739,puts,260.0,1.2778290274590713,203.4701,0.0047999998,0.04,59.55,62.2,62.95,0.3788209091186523,1051.0,46.0
2026-12-18,0.5260273972602739,puts,265.0,1.3024026626025151,203.4701,0.0047999998,0.04,64.55,66.35,67.25,0.37933970275878903,710.0,30.0
2026-12-18,0.5260273972602739,puts,270.0,1.3269762977459587,203.4701,0.0047999998,0.04,65.47,69.9,71.6,0.3792786682128906,1274.0,5.0
2026-12-18,0.5260273972602739,puts,275.0,1.3515499328894025,203.4701,0.0047999998,0.04,71.66,74.9,76.0,0.3786988400268554,913.0,24.0
2026-12-18,0.5260273972602739,puts,280.0,1.376123568032846,203.4701,0.0047999998,0.04,78.2,79.1,80.65,0.38339850006103515,261.0,41.0
2026-12-18,0.5260273972602739,puts,285.0,1.4006972031762899,203.4701,0.0047999998,0.04,66.75,83.45,84.5,0.36212796081542964,143.0,22.0
2026-12-18,0.5260273972602739,puts,290.0,1.4252708383197334,203.4701,0.0047999998,0.04,75.05,88.15,88.95,0.3557803680419921,42.0,2.0
2026-12-18,0.5260273972602739,puts,295.0,1.449844473463177,203.4701,0.0047999998,0.04,127.25,0.0,0.0,1.0000000000000003e-05,0.0,2.0
2026-12-18,0.5260273972602739,puts,300.0,1.4744181086066208,203.4701,0.0047999998,0.04,93.5,97.35,98.3,0.35315588256835934,388.0,3.0
2026-12-18,0.5260273972602739,puts,305.0,1.4989917437500644,203.4701,0.0047999998,0.04,94.2,101.7,103.35,0.36640037902832034,46.0,45.0
2026-12-18,0.5260273972602739,puts,310.0,1.5235653788935082,203.4701,0.0047999998,0.04,97.32,106.55,108.15,0.3679262426757813,48.0,43.0
2026-12-18,0.5260273972602739,puts,320.0,1.5727126491803955,203.4701,0.0047999998,0.04,113.15,115.75,117.25,0.33423517333984376,261.0,6.0
2026-12-18,0.5260273972602739,puts,325.0,1.5972862843238391,203.4701,0.0047999998,0.04,128.35,116.25,118.25,1.0000000000000003e-05,3.0,1.0
2026-12-18,0.5260273972602739,puts,330.0,1.621859919467283,203.4701,0.0047999998,0.04,101.65,125.05,127.3,0.35608554077148435,50.0,35.0
2026-12-18,0.5260273972602739,puts,340.0,1.6710071897541703,203.4701,0.0047999998,0.04,123.55,135.15,137.05,0.3513248461914062,2.0,2.0
2026-12-18,0.5260273972602739,puts,345.0,1.6955808248976139,203.4701,0.0047999998,0.04,128.4,140.5,142.05,0.35938140625,2.0,0.0
2026-12-18,0.5260273972602739,puts,350.0,1.7201544600410577,203.4701,0.0047999998,0.04,142.3,145.15,147.6,0.41199318481445313,33.0,1.0
2026-12-18,0.5260273972602739,puts,355.0,1.7447280951845012,203.4701,0.0047999998,0.04,138.0,150.05,152.85,0.4364070031738281,1.0,0.0
2026-12-18,0.5260273972602739,puts,360.0,1.769301730327945,203.4701,0.0047999998,0.04,183.78,0.0,0.0,1.0000000000000003e-05,0.0,1.0
2026-12-18,0.5260273972602739,puts,370.0,1.8184490006148324,203.4701,0.0047999998,0.04,155.05,165.0,167.0,0.3918517846679687,0.0,3.0
2026-12-18,0.5260273972602739,puts,380.0,1.8675962709017198,203.4701,0.0047999998,0.04,167.35,174.4,176.65,0.3481510498046875,0.0,10.0
2026-12-18,0.5260273972602739,puts,390.0,1.9167435411886071,203.4701,0.0047999998,0.04,159.5,184.65,187.45,0.4631401342773438,0.0,1.0
2026-12-18,0.5260273972602739,puts,400.0,1.9658908114754945,203.4701,0.0047999998,0.04,15.75,14.95,16.0,1.0000000000000003e-05,679.0,6.0
2026-12-18,0.5260273972602739,puts,410.0,2.015038081762382,203.4701,0.0047999998,0.04,183.0,204.8,207.65,0.5065967309570312,0.0,1.0
2026-12-18,0.5260273972602739,puts,420.0,2.064185352049269,203.4701,0.0047999998,0.04,18.75,16.45,18.8,1.0000000000000003e-05,58.0,1.0
2026-12-18,0.5260273972602739,puts,430.0,2.1133326223361566,203.4701,0.0047999998,0.04,22.05,17.65,20.1,1.0000000000000003e-05,92.0,1.0
2026-12-18,0.5260273972602739,puts,440.0,2.1624798926230437,203.4701,0.0047999998,0.04,20.99,18.85,21.35,1.0000000000000003e-05,117.0,5.0
2026-12-18,0.5260273972602739,puts,450.0,2.2116271629099313,203.4701,0.0047999998,0.04,22.1,20.55,22.2,1.0000000000000003e-05,1614.0,15.0
2026-12-18,0.5260273972602739,puts,460.0,2.2607744331968185,203.4701,0.0047999998,0.04,23.35,21.4,24.05,1.0000000000000003e-05,100.0,1.0
2026-12-18,0.5260273972602739,puts,470.0,2.309921703483706,203.4701,0.0047999998,0.04,25.19,22.8,25.45,1.0000000000000003e-05,142.0,5.0
2026-12-18,0.5260273972602739,puts,480.0,2.359068973770593,203.4701,0.0047999998,0.04,26.25,24.2,26.95,1.0000000000000003e-05,110.0,2.0
2026-12-18,0.5260273972602739,puts,490.0,2.408216244057481,203.4701,0.0047999998,0.04,28.1,25.7,28.45,1.0000000000000003e-05,76.0,4.0
2026-12-18,0.5260273972602739,puts,500.0,2.457363514344368,203.4701,0.0047999998,0.04,28.8,28.8,29.65,1.0000000000000003e-05,1244.0,11.0
2026-12-18,0.5260273972602739,puts,510.0,2.5065107846312555,203.4701,0.0047999998,0.04,30.6,29.6,31.35,1.0000000000000003e-05,177.0,2.0
2026-12-18,0.5260273972602739,puts,520.0,2.5556580549181427,203.4701,0.0047999998,0.04,33.8,31.0,33.0,1.0000000000000003e-05,85.0,18.0
2026-12-18,0.5260273972602739,puts,530.0,2.6048053252050303,203.4701,0.0047999998,0.04,35.45,32.95,34.8,1.0000000000000003e-05,79.0,2.0
2026-12-18,0.5260273972602739,puts,540.0,2.6539525954919174,203.4701,0.0047999998,0.04,36.2,34.55,37.25,1.0000000000000003e-05,242.0,1.0
2026-12-18,0.5260273972602739,puts,550.0,2.703099865778805,203.4701,0.0047999998,0.04,38.0,36.85,38.5,1.0000000000000003e-05,292.0,3.0
2026-12-18,0.5260273972602739,puts,560.0,2.752247136065692,203.4701,0.0047999998,0.04,47.87,38.05,40.45,1.0000000000000003e-05,148.0,2.0
2026-12-18,0.5260273972602739,puts,570.0,2.8013944063525797,203.4701,0.0047999998,0.04,42.75,41.0,42.45,1.0000000000000003e-05,532.0,2.0
2026-12-18,0.5260273972602739,puts,580.0,2.850541676639467,203.4701,0.0047999998,0.04,51.5,42.6,44.65,1.0000000000000003e-05,685.0,30.0
2026-12-18,0.5260273972602739,puts,590.0,2.899688946926354,203.4701,0.0047999998,0.04,46.26,44.0,47.3,1.0000000000000003e-05,46.0,1.0
2026-12-18,0.5260273972602739,puts,600.0,2.9488362172132416,203.4701,0.0047999998,0.04,47.7,46.0,47.9,1.0000000000000003e-05,1771.0,22.0
2026-12-18,0.5260273972602739,puts,610.0,2.9979834875001288,203.4701,0.0047999998,0.04,50.02,48.55,50.8,1.0000000000000003e-05,291.0,2.0
2026-12-18,0.5260273972602739,puts,620.0,3.0471307577870164,203.4701,0.0047999998,0.04,54.47,50.5,53.05,1.0000000000000003e-05,207.0,2.0
2026-12-18,0.5260273972602739,puts,630.0,3.0962780280739035,203.4701,0.0047999998,0.04,54.66,54.4,55.55,1.0000000000000003e-05,117.0,2.0
2026-12-18,0.5260273972602739,puts,640.0,3.145425298360791,203.4701,0.0047999998,0.04,58.9,55.25,58.75,1.0000000000000003e-05,50.0,3.0
2026-12-18,0.5260273972602739,puts,650.0,3.1945725686476782,203.4701,0.0047999998,0.04,60.6,58.9,60.65,1.0000000000000003e-05,2038.0,4.0
2026-12-18,0.5260273972602739,puts,660.0,3.243719838934566,203.4701,0.0047999998,0.04,68.38,60.0,63.8,1.0000000000000003e-05,96.0,5.0
2026-12-18,0.5260273972602739,puts,670.0,3.292867109221453,203.4701,0.0047999998,0.04,65.0,62.5,66.4,1.0000000000000003e-05,110.0,1.0
2026-12-18,0.5260273972602739,puts,680.0,3.3420143795083406,203.4701,0.0047999998,0.04,68.8,65.65,68.8,1.0000000000000003e-05,182.0,2.0
2026-12-18,0.5260273972602739,puts,690.0,3.3911616497952277,203.4701,0.0047999998,0.04,72.9,68.4,71.5,1.0000000000000003e-05,279.0,1.0
2026-12-18,0.5260273972602739,puts,700.0,3.4403089200821153,203.4701,0.0047999998,0.04,73.05,70.4,73.6,1.0000000000000003e-05,827.0,2.0
2026-12-18,0.5260273972602739,puts,710.0,3.4894561903690025,203.4701,0.0047999998,0.04,74.69,73.85,76.65,1.0000000000000003e-05,77.0,12.0
2026-12-18,0.5260273972602739,puts,720.0,3.53860346065589,203.4701,0.0047999998,0.04,81.85,76.15,79.25,1.0000000000000003e-05,1667.0,20.0
2026-12-18,0.5260273972602739,puts,730.0,3.587750730942777,203.4701,0.0047999998,0.04,84.65,79.45,82.5,1.0000000000000003e-05,57.0,20.0
2026-12-18,0.5260273972602739,puts,740.0,3.636898001229665,203.4701,0.0047999998,0.04,84.61,82.3,85.5,1.0000000000000003e-05,124.0,6.0
2026-12-18,0.5260273972602739,puts,750.0,3.686045271516552,203.4701,0.0047999998,0.04,87.25,85.55,88.35,1.0000000000000003e-05,399.0,12.0
2026-12-18,0.5260273972602739,puts,760.0,3.7351925418034395,203.4701,0.0047999998,0.04,93.4,88.35,91.65,1.0000000000000003e-05,188.0,2.0
2026-12-18,0.5260273972602739,puts,770.0,3.7843398120903267,203.4701,0.0047999998,0.04,92.8,91.6,94.85,1.0000000000000003e-05,117.0,3.0
2026-12-18,0.5260273972602739,puts,780.0,3.8334870823772143,203.4701,0.0047999998,0.04,97.0,94.9,98.05,1.0000000000000003e-05,154.0,8.0
2026-12-18,0.5260273972602739,puts,790.0,3.8826343526641014,203.4701,0.0047999998,0.04,100.25,98.2,101.25,1.0000000000000003e-05,78.0,1.0
2026-12-18,0.5260273972602739,puts,800.0,3.931781622950989,203.4701,0.0047999998,0.04,102.78,101.45,104.5,1.0000000000000003e-05,405.0,20.0
2026-12-18,0.5260273972602739,puts,810.0,3.980928893237876,203.4701,0.0047999998,0.04,107.18,104.85,108.05,1.0000000000000003e-05,221.0,8.0
2026-12-18,0.5260273972602739,puts,820.0,4.030076163524764,203.4701,0.0047999998,0.04,110.6,108.25,111.55,1.0000000000000003e-05,121.0,12.0
2026-12-18,0.5260273972602739,puts,830.0,4.079223433811651,203.4701,0.0047999998,0.04,112.93,111.7,115.05,1.0000000000000003e-05,141.0,1.0
2026-12-18,0.5260273972602739,puts,840.0,4.128370704098538,203.4701,0.0047999998,0.04,122.23,115.25,118.55,1.0000000000000003e-05,57.0,5.0
2026-12-18,0.5260273972602739,puts,850.0,4.177517974385426,203.4701,0.0047999998,0.04,124.75,118.8,122.1,1.0000000000000003e-05,183.0,7.0
2026-12-18,0.5260273972602739,puts,860.0,4.226665244672313,203.4701,0.0047999998,0.04,124.0,122.4,125.95,1.0000000000000003e-05,61.0,2.0
2026-12-18,0.5260273972602739,puts,870.0,4.275812514959201,203.4701,0.0047999998,0.04,133.0,126.05,129.75,1.0000000000000003e-05,55.0,1.0
2026-12-18,0.5260273972602739,puts,880.0,4.3249597852460875,203.4701,0.0047999998,0.04,137.0,129.9,133.55,1.0000000000000003e-05,78.0,1.0
2026-12-18,0.5260273972602739,puts,890.0,4.374107055532975,203.4701,0.0047999998,0.04,138.4,133.6,137.0,1.0000000000000003e-05,114.0,6.0
2026-12-18,0.5260273972602739,puts,900.0,4.423254325819863,203.4701,0.0047999998,0.04,139.0,137.7,141.1,1.0000000000000003e-05,317.0,11.0
2026-12-18,0.5260273972602739,puts,910.0,4.472401596106749,203.4701,0.0047999998,0.04,147.8,141.55,145.2,1.0000000000000003e-05,107.0,2.0
2026-12-18,0.5260273972602739,puts,920.0,4.521548866393637,203.4701,0.0047999998,0.04,152.0,145.5,149.0,1.0000000000000003e-05,111.0,1.0
2026-12-18,0.5260273972602739,puts,930.0,4.5706961366805245,203.4701,0.0047999998,0.04,154.25,149.65,152.9,1.0000000000000003e-05,127.0,32.0
2026-12-18,0.5260273972602739,puts,940.0,4.619843406967412,203.4701,0.0047999998,0.04,161.0,153.45,157.5,1.0000000000000003e-05,59.0,1.0
2026-12-18,0.5260273972602739,puts,950.0,4.668990677254299,203.4701,0.0047999998,0.04,160.28,157.8,161.5,1.0000000000000003e-05,148.0,1.0
2026-12-18,0.5260273972602739,puts,960.0,4.718137947541186,203.4701,0.0047999998,0.04,164.74,161.95,165.95,1.0000000000000003e-05,44.0,1.0
2026-12-18,0.5260273972602739,puts,970.0,4.767285217828074,203.4701,0.0047999998,0.04,172.5,166.15,170.3,1.0000000000000003e-05,70.0,53.0
2026-12-18,0.5260273972602739,puts,980.0,4.816432488114962,203.4701,0.0047999998,0.04,174.74,170.4,174.65,1.0000000000000003e-05,30.0,2.0
2026-12-18,0.5260273972602739,puts,990.0,4.865579758401848,203.4701,0.0047999998,0.04,178.45,174.75,179.0,1.0000000000000003e-05,133.0,2.0
2026-12-18,0.5260273972602739,puts,1000.0,4.914727028688736,203.4701,0.0047999998,0.04,182.0,179.25,182.65,1.0000000000000003e-05,444.0,12.0
2026-12-18,0.5260273972602739,puts,1010.0,4.9638742989756235,203.4701,0.0047999998,0.04,190.0,183.75,188.0,1.0000000000000003e-05,28.0,2.0
2026-12-18,0.5260273972602739,puts,1020.0,5.013021569262511,203.4701,0.0047999998,0.04,194.0,188.25,192.25,1.0000000000000003e-05,18.0,2.0
2026-12-18,0.5260273972602739,puts,1030.0,5.062168839549398,203.4701,0.0047999998,0.04,197.8,192.7,197.25,1.0000000000000003e-05,19.0,1.0
2026-12-18,0.5260273972602739,puts,1040.0,5.111316109836285,203.4701,0.0047999998,0.04,200.62,197.2,201.9,1.0000000000000003e-05,33.0,2.0
2026-12-18,0.5260273972602739,puts,1050.0,5.160463380123173,203.4701,0.0047999998,0.04,204.22,202.2,206.15,1.0000000000000003e-05,95.0,4.0
2026-12-18,0.5260273972602739,puts,1060.0,5.2096106504100606,203.4701,0.0047999998,0.04,234.33,206.8,211.3,1.0000000000000003e-05,20.0,1.0
2026-12-18,0.5260273972602739,puts,1070.0,5.258757920696947,203.4701,0.0047999998,0.04,214.95,211.5,216.2,1.0000000000000003e-05,7.0,5.0
2026-12-18,0.5260273972602739,puts,1080.0,5.307905190983835,203.4701,0.0047999998,0.04,212.8,216.4,221.1,1.0000000000000003e-05,16.0,1.0
2026-12-18,0.5260273972602739,puts,1090.0,5.357052461270722,203.4701,0.0047999998,0.04,224.53,221.2,225.65,1.0000000000000003e-05,6.0,3.0
2026-12-18,0.5260273972602739,puts,1100.0,5.40619973155761,203.4701,0.0047999998,0.04,229.6,226.35,230.75,1.0000000000000003e-05,336.0,2.0
2026-12-18,0.5260273972602739,puts,1110.0,5.455347001844497,203.4701,0.0047999998,0.04,234.0,231.25,236.0,1.0000000000000003e-05,37.0,6.0
2026-12-18,0.5260273972602739,puts,1120.0,5.504494272131384,203.4701,0.0047999998,0.04,231.27,236.15,240.65,1.0000000000000003e-05,194.0,1.0
2026-12-18,0.5260273972602739,puts,1130.0,5.553641542418272,203.4701,0.0047999998,0.04,245.58,241.15,245.55,1.0000000000000003e-05,254.0,2.0
2026-12-18,0.5260273972602739,puts,1140.0,5.6027888127051595,203.4701,0.0047999998,0.04,249.98,246.1,250.8,1.0000000000000003e-05,29.0,4.0
2026-12-18,0.5260273972602739,puts,1150.0,5.651936082992046,203.4701,0.0047999998,0.04,254.66,251.7,255.55,1.0000000000000003e-05,119.0,8.0
2026-12-18,0.5260273972602739,puts,1160.0,5.701083353278934,203.4701,0.0047999998,0.04,260.37,256.7,259.7,1.0000000000000003e-05,5.0,3.0
2026-12-18,0.5260273972602739,puts,1170.0,5.750230623565821,203.4701,0.0047999998,0.04,271.37,262.05,266.5,1.0000000000000003e-05,4.0,1.0
2026-12-18,0.5260273972602739,puts,1180.0,5.799377893852708,203.4701,0.0047999998,0.04,276.73,267.25,271.95,1.0000000000000003e-05,240.0,1.0
2026-12-18,0.5260273972602739,puts,1190.0,5.848525164139596,203.4701,0.0047999998,0.04,272.8,272.4,277.25,1.0000000000000003e-05,8.0,14.0
2026-12-18,0.5260273972602739,puts,1200.0,5.897672434426483,203.4701,0.0047999998,0.04,280.36,274.65,287.8,1.0000000000000003e-05,238.0,26.0
2026-12-18,0.5260273972602739,puts,1210.0,5.946819704713371,203.4701,0.0047999998,0.04,285.37,278.0,288.8,1.0000000000000003e-05,41.0,1.0
2026-12-18,0.5260273972602739,puts,1220.0,5.9959669750002575,203.4701,0.0047999998,0.04,294.0,282.8,295.4,1.0000000000000003e-05,104.0,1.0
2026-12-18,0.5260273972602739,puts,1230.0,6.045114245287145,203.4701,0.0047999998,0.04,296.85,288.7,301.05,1.0000000000000003e-05,8.0,1.0
2026-12-18,0.5260273972602739,puts,1240.0,6.094261515574033,203.4701,0.0047999998,0.04,293.1,294.8,309.3,1.0000000000000003e-05,30.0,1.0
2026-12-18,0.5260273972602739,puts,1250.0,6.14340878586092,203.4701,0.0047999998,0.04,316.94,300.7,315.85,1.0000000000000003e-05,32.0,2.0
2026-12-18,0.5260273972602739,puts,1260.0,6.192556056147807,203.4701,0.0047999998,0.04,324.9,306.7,318.2,1.0000000000000003e-05,68.0,1.0
2026-12-18,0.5260273972602739,puts,1270.0,6.241703326434695,203.4701,0.0047999998,0.04,344.51,312.45,324.55,1.0000000000000003e-05,66.0,1.0
2026-12-18,0.5260273972602739,puts,1280.0,6.290850596721582,203.4701,0.0047999998,0.04,337.0,318.5,329.1,1.0000000000000003e-05,4.0,38.0
2026-12-18,0.5260273972602739,puts,1290.0,6.33999786700847,203.4701,0.0047999998,0.04,335.3,324.65,336.2,1.0000000000000003e-05,7.0,2.0
2026-12-18,0.5260273972602739,puts,1300.0,6.3891451372953565,203.4701,0.0047999998,0.04,348.5,328.85,343.2,1.0000000000000003e-05,69.0,8.0
2026-12-18,0.5260273972602739,puts,1320.0,6.487439677869132,203.4701,0.0047999998,0.04,373.72,340.7,354.15,1.0000000000000003e-05,25.0,1.0
2026-12-18,0.5260273972602739,puts,1340.0,6.585734218442906,203.4701,0.0047999998,0.04,369.0,354.1,366.6,1.0000000000000003e-05,51.0,40.0
2026-12-18,0.5260273972602739,puts,1360.0,6.684028759016681,203.4701,0.0047999998,0.04,396.7,366.55,379.85,1.0000000000000003e-05,41.0,1.0
2026-12-18,0.5260273972602739,puts,1380.0,6.782323299590455,203.4701,0.0047999998,0.04,412.78,378.7,395.2,1.0000000000000003e-05,219.0,1.0
2026-12-18,0.5260273972602739,puts,1400.0,6.880617840164231,203.4701,0.0047999998,0.04,397.0,390.65,407.15,1.0000000000000003e-05,80.0,38.0
2026-12-18,0.5260273972602739,puts,1420.0,6.978912380738005,203.4701,0.0047999998,0.04,425.0,404.55,420.85,1.0000000000000003e-05,37.0,18.0
2026-12-18,0.5260273972602739,puts,1440.0,7.07720692131178,203.4701,0.0047999998,0.04,454.22,416.55,433.1,1.0000000000000003e-05,3.0,2.0
2026-12-18,0.5260273972602739,puts,1460.0,7.175501461885554,203.4701,0.0047999998,0.04,511.29,430.4,446.9,1.0000000000000003e-05,104.0,2.0
2026-12-18,0.5260273972602739,puts,1480.0,7.27379600245933,203.4701,0.0047999998,0.04,460.85,442.7,459.25,1.0000000000000003e-05,206.0,1.0
2026-12-18,0.5260273972602739,puts,1500.0,7.372090543033104,203.4701,0.0047999998,0.04,475.43,456.4,473.4,1.0000000000000003e-05,70.0,26.0
2026-12-18,0.5260273972602739,puts,1520.0,7.470385083606879,203.4701,0.0047999998,0.04,489.0,470.35,487.05,1.0000000000000003e-05,16.0,14.0
2026-12-18,0.5260273972602739,puts,1540.0,7.568679624180653,203.4701,0.0047999998,0.04,677.55,684.0,702.0,1.0000000000000003e-05,0.0,2.0
2026-12-18,0.5260273972602739,puts,1560.0,7.6669741647544285,203.4701,0.0047999998,0.04,496.98,496.25,515.2,1.0000000000000003e-05,7.0,100.0
2026-12-18,0.5260273972602739,puts,1580.0,7.765268705328203,203.4701,0.0047999998,0.04,510.82,512.05,528.8,1.0000000000000003e-05,12.0,100.0
2026-12-18,0.5260273972602739,puts,1600.0,7.863563245901978,203.4701,0.0047999998,0.04,540.0,526.0,543.15,1.0000000000000003e-05,101.0,6.0
2026-12-18,0.5260273972602739,puts,1620.0,7.961857786475752,203.4701,0.0047999998,0.04,634.81,540.1,557.1,1.0000000000000003e-05,3.0,6.0
2026-12-18,0.5260273972602739,puts,1640.0,8.060152327049527,203.4701,0.0047999998,0.04,558.06,554.05,571.4,1.0000000000000003e-05,25.0,2.0
2026-12-18,0.5260273972602739,puts,1650.0,8.109299597336415,203.4701,0.0047999998,0.04,565.33,562.05,579.2,1.0000000000000003e-05,2.0,2.0
2026-12-18,0.5260273972602739,puts,1660.0,8.158446867623303,203.4701,0.0047999998,0.04,667.03,568.1,587.1,1.0000000000000003e-05,3.0,6.0
2026-12-18,0.5260273972602739,puts,1670.0,8.207594137910188,203.4701,0.0047999998,0.04,675.3,576.0,593.7,1.0000000000000003e-05,0.0,1.0
2026-12-18,0.5260273972602739,puts,1700.0,8.355035948770851,203.4701,0.0047999998,0.04,607.33,598.0,618.0,1.0000000000000003e-05,30.0,1.0
2026-12-18,0.5260273972602739,puts,1710.0,8.404183219057739,203.4701,0.0047999998,0.04,612.54,606.0,623.7,1.0000000000000003e-05,59.0,10.0
2026-12-18,0.5260273972602739,puts,1720.0,8.453330489344626,203.4701,0.0047999998,0.04,716.7,614.0,632.0,1.0000000000000003e-05,2.0,4.0
2026-12-18,0.5260273972602739,puts,1740.0,8.551625029918402,203.4701,0.0047999998,0.04,668.85,628.0,647.3,1.0000000000000003e-05,73.0,5.0
2026-12-18,0.5260273972602739,puts,1750.0,8.600772300205287,203.4701,0.0047999998,0.04,642.94,636.0,655.8,1.0000000000000003e-05,59.0,10.0
2026-12-18,0.5260273972602739,puts,1760.0,8.649919570492175,203.4701,0.0047999998,0.04,750.22,644.0,661.85,1.0000000000000003e-05,2.0,4.0
2026-12-18,0.5260273972602739,puts,1770.0,8.699066840779063,203.4701,0.0047999998,0.04,917.64,852.35,870.0,1.0000000000000003e-05,0.0,0.0
2026-12-18,0.5260273972602739,puts,1780.0,8.74821411106595,203.4701,0.0047999998,0.04,700.85,660.0,674.9,1.0000000000000003e-05,72.0,5.0
2026-12-18,0.5260273972602739,puts,1790.0,8.797361381352838,203.4701,0.0047999998,0.04,899.7,884.0,904.0,1.0000000000000003e-05,1.0,2.0
2026-12-18,0.5260273972602739,puts,1800.0,8.846508651639725,203.4701,0.0047999998,0.04,718.0,675.0,694.0,1.0000000000000003e-05,3.0,1.0
2026-12-18,0.5260273972602739,puts,1840.0,9.043097732787274,203.4701,0.0047999998,0.04,759.1,706.0,724.0,1.0000000000000003e-05,1.0,1.0
2026-12-18,0.5260273972602739,puts,1850.0,9.092245003074162,203.4701,0.0047999998,0.04,720.0,714.0,732.0,1.0000000000000003e-05,5.0,3.0
2026-12-18,0.5260273972602739,puts,1860.0,9.141392273361049,203.4701,0.0047999998,0.04,974.0,970.1,983.9,1.0000000000000003e-05,3.0,1.0
2026-12-18,0.5260273972602739,puts,1870.0,9.190539543647937,203.4701,0.0047999998,0.04,791.76,730.0,748.0,1.0000000000000003e-05,1.0,1.0
2026-12-18,0.5260273972602739,puts,1880.0,9.239686813934824,203.4701,0.0047999998,0.04,1019.0,1002.0,1021.95,1.0000000000000003e-05,3.0,3.0
2026-12-18,0.5260273972602739,puts,1890.0,9.288834084221712,203.4701,0.0047999998,0.04,999.0,746.0,766.0,1.0000000000000003e-05,2.0,2.0
2026-12-18,0.5260273972602739,puts,1900.0,9.337981354508598,203.4701,0.0047999998,0.04,1064.0,0.0,0.0,1.0000000000000003e-05,0.0,10.0
2026-12-18,0.5260273972602739,puts,1910.0,9.387128624795485,203.4701,0.0047999998,0.04,1053.0,984.15,1002.0,1.0000000000000003e-05,0.0,2.0
2026-12-18,0.5260273972602739,puts,1920.0,9.436275895082373,203.4701,0.0047999998,0.04,1043.9,1042.0,1059.8,1.0000000000000003e-05,3.0,3.0
2026-12-18,0.5260273972602739,puts,1930.0,9.48542316536926,203.4701,0.0047999998,0.04,1060.61,1025.3,1039.7,1.0000000000000003e-05,0.0,2.0
2026-12-18,0.5260273972602739,puts,1940.0,9.534570435656148,203.4701,0.0047999998,0.04,778.86,788.0,806.0,1.0000000000000003e-05,0.0,1.0
2026-12-18,0.5260273972602739,puts,1950.0,9.583717705943036,203.4701,0.0047999998,0.04,806.05,796.0,813.95,1.0000000000000003e-05,0.0,2.0
2026-12-18,0.5260273972602739,puts,2000.0,9.829454057377472,203.4701,0.0047999998,0.04,821.1,836.0,856.0,1.0000000000000003e-05,16.0,1.0
2026-12-18,0.5260273972602739,puts,2160.0,10.61581038196767,203.4701,0.0047999998,0.04,1001.03,974.0,994.0,1.0000000000000003e-05,1.0,0.0
2026-12-18,0.5260273972602739,puts,2260.0,11.107283084836544,203.4701,0.0047999998,0.04,1082.97,1064.0,1084.0,1.0000000000000003e-05,102.0,0.0
2026-12-18,0.5260273972602739,puts,2270.0,11.156430355123431,203.4701,0.0047999998,0.04,1091.72,1072.0,1092.0,1.0000000000000003e-05,2.0,0.0
2026-12-18,0.5260273972602739,puts,2280.0,11.205577625410319,203.4701,0.0047999998,0.04,1083.0,1082.0,1100.0,1.0000000000000003e-05,101.0,0.0
2026-12-18,0.5260273972602739,puts,2300.0,11.303872165984092,203.4701,0.0047999998,0.04,1117.23,1100.0,1118.0,1.0000000000000003e-05,1.0,0.0
2026-12-18,0.5260273972602739,puts,2400.0,11.795344868852967,203.4701,0.0047999998,0.04,1209.78,1192.0,1212.0,1.0000000000000003e-05,1.0,0.0
2027-01-15,0.6027397260273972,calls,5.0,0.02457363514344368,203.4701,0.0047999998,0.04,214.12,196.9,201.7,2.798831127929688,556.0,10.0
2027-01-15,0.6027397260273972,calls,10.0,0.04914727028688736,203.4701,0.0047999998,0.04,208.0,192.25,196.55,2.1953170117187497,559.0,20.0
2027-01-15,0.6027397260273972,calls,15.0,0.07372090543033104,203.4701,0.0047999998,0.04,193.75,187.15,191.65,1.853516357421875,571.0,2.0
2027-01-15,0.6027397260273972,calls,20.0,0.09829454057377472,203.4701,0.0047999998,0.04,186.48,182.85,187.75,1.873047509765625,3172.0,1.0
2027-01-15,0.6027397260273972,calls,25.0,0.1228681757172184,203.4701,0.0047999998,0.04,184.18,177.95,182.0,1.6064472802734375,555.0,3.0
2027-01-15,0.6027397260273972,calls,30.0,0.14744181086066208,203.4701,0.0047999998,0.04,193.43,172.75,177.1,1.4492215039062502,447.0,5.0
2027-01-15,0.6027397260273972,calls,35.0,0.17201544600410576,203.4701,0.0047999998,0.04,177.94,168.05,172.0,1.3476595117187498,1886.0,10.0
2027-01-15,0.6027397260273972,calls,40.0,0.19658908114754944,203.4701,0.0047999998,0.04,169.85,163.35,167.35,1.2954136791992186,633.0,48.0
2027-01-15,0.6027397260273972,calls,45.0,0.22116271629099313,203.4701,0.0047999998,0.04,164.35,157.95,162.35,1.174076395263672,1381.0,25.0
2027-01-15,0.6027397260273972,calls,50.0,0.2457363514344368,203.4701,0.0047999998,0.04,157.5,153.4,157.75,1.1485638275146484,1738.0,2.0
2027-01-15,0.6027397260273972,calls,55.0,0.27030998657788047,203.4701,0.0047999998,0.04,166.5,149.25,152.6,1.111820847167969,2444.0,29.0
2027-01-15,0.6027397260273972,calls,60.0,0.29488362172132415,203.4701,0.0047999998,0.04,148.89,144.85,148.15,1.0954635070800784,2574.0,38.0
2027-01-15,0.6027397260273972,calls,65.0,0.31945725686476784,203.4701,0.0047999998,0.04,152.35,139.65,142.95,1.0116016217041015,734.0,2.0
2027-01-15,0.6027397260273972,calls,70.0,0.3440308920082115,203.4701,0.0047999998,0.04,140.85,134.3,138.4,0.9552006433105469,4924.0,4.0
2027-01-15,0.6027397260273972,calls,75.0,0.3686045271516552,203.4701,0.0047999998,0.04,143.1,129.75,133.45,0.9179695703125,3361.0,50.0
2027-01-15,0.6027397260273972,calls,80.0,0.3931781622950989,203.4701,0.0047999998,0.04,130.0,125.15,128.6,0.883668155517578,15320.0,1.0
2027-01-15,0.6027397260273972,calls,85.0,0.41775179743854257,203.4701,0.0047999998,0.04,123.55,120.6,122.7,0.8184832604980468,1770.0,11.0
2027-01-15,0.6027397260273972,calls,90.0,0.44232543258198626,203.4701,0.0047999998,0.04,121.72,115.9,117.9,0.78711150390625,7610.0,5.0
2027-01-15,0.6027397260273972,calls,95.0,0.46689906772542994,203.4701,0.0047999998,0.04,121.55,111.15,112.6,0.7407252490234374,3115.0,41.0
2027-01-15,0.6027397260273972,calls,100.0,0.4914727028688736,203.4701,0.0047999998,0.04,109.5,106.5,108.15,0.7224148852539063,33659.0,3.0
2027-01-15,0.6027397260273972,calls,105.0,0.5160463380123173,203.4701,0.0047999998,0.04,107.07,102.05,104.25,0.7203397106933593,8137.0,1.0
2027-01-15,0.6027397260273972,calls,110.0,0.5406199731557609,203.4701,0.0047999998,0.04,99.6,97.45,99.85,0.7005034832763672,3890.0,3.0
2027-01-15,0.6027397260273972,calls,115.0,0.5651936082992046,203.4701,0.0047999998,0.04,100.0,93.0,94.5,0.6640048248291017,6110.0,2.0
2027-01-15,0.6027397260273972,calls,120.0,0.5897672434426483,203.4701,0.0047999998,0.04,95.2,88.55,89.7,0.6391637646484375,9139.0,1.0
2027-01-15,0.6027397260273972,calls,125.0,0.614340878586092,203.4701,0.0047999998,0.04,89.0,84.15,85.5,0.6255530609130859,7204.0,3.0
2027-01-15,0.6027397260273972,calls,130.0,0.6389145137295357,203.4701,0.0047999998,0.04,85.03,79.9,80.8,0.6047402807617189,14720.0,55.0
2027-01-15,0.6027397260273972,calls,135.0,0.6634881488729794,203.4701,0.0047999998,0.04,76.05,75.6,76.55,0.5893595751953126,18987.0,3.0
2027-01-15,0.6027397260273972,calls,140.0,0.688061784016423,203.4701,0.0047999998,0.04,74.0,71.4,72.15,0.5719647296142578,12393.0,75.0
2027-01-15,0.6027397260273972,calls,145.0,0.7126354191598667,203.4701,0.0047999998,0.04,69.8,67.7,68.3,0.567265069580078,3905.0,2.0
2027-01-15,0.6027397260273972,calls,150.0,0.7372090543033104,203.4701,0.0047999998,0.04,67.2,63.5,64.15,0.5502974658203126,27187.0,57.0
2027-01-15,0.6027397260273972,calls,155.0,0.7617826894467541,203.4701,0.0047999998,0.04,64.1,59.75,60.3,0.5408371112060548,6871.0,4.0
2027-01-15,0.6027397260273972,calls,160.0,0.7863563245901978,203.4701,0.0047999998,0.04,57.25,56.1,56.45,0.5305833074951172,114043.0,318.0
2027-01-15,0.6027397260273972,calls,165.0,0.8109299597336415,203.4701,0.0047999998,0.04,53.75,52.45,53.05,0.5231370928955077,7795.0,39.0
2027-01-15,0.6027397260273972,calls,170.0,0.8355035948770851,203.4701,0.0047999998,0.04,49.9,49.35,49.75,0.5200548483276367,15421.0,334.0
2027-01-15,0.6027397260273972,calls,175.0,0.8600772300205288,203.4701,0.0047999998,0.04,47.09,45.9,46.25,0.5094348373413086,17479.0,57.0
2027-01-15,0.6027397260273972,calls,180.0,0.8846508651639725,203.4701,0.0047999998,0.04,43.1,42.85,43.2,0.5047962118530273,49780.0,151.0
2027-01-15,0.6027397260273972,calls,185.0,0.9092245003074162,203.4701,0.0047999998,0.04,40.85,40.0,40.3,0.5010425872802735,16021.0,13.0
2027-01-15,0.6027397260273972,calls,190.0,0.9337981354508599,203.4701,0.0047999998,0.04,37.85,37.05,37.3,0.49564102996826176,23590.0,33.0
2027-01-15,0.6027397260273972,calls,195.0,0.9583717705943036,203.4701,0.0047999998,0.04,36.0,34.3,34.65,0.4915211981201172,18489.0,5.0
2027-01-15,0.6027397260273972,calls,200.0,0.9829454057377472,203.4701,0.0047999998,0.04,32.11,32.05,32.3,0.49030050720214846,82210.0,480.0
2027-01-15,0.6027397260273972,calls,205.0,1.007519040881191,203.4701,0.0047999998,0.04,30.37,29.55,29.9,0.48624170989990234,3068.0,90.0
2027-01-15,0.6027397260273972,calls,210.0,1.0320926760246345,203.4701,0.0047999998,0.04,27.61,27.4,27.65,0.4826711889648438,31702.0,421.0
2027-01-15,0.6027397260273972,calls,215.0,1.0566663111680783,203.4701,0.0047999998,0.04,26.6,25.25,25.5,0.47876497802734375,6905.0,32.0
2027-01-15,0.6027397260273972,calls,220.0,1.0812399463115219,203.4701,0.0047999998,0.04,23.4,23.3,23.45,0.47461462890625,26794.0,423.0
2027-01-15,0.6027397260273972,calls,225.0,1.1058135814549657,203.4701,0.0047999998,0.04,22.4,21.7,21.95,0.4773917007446289,4157.0,51.0
2027-01-15,0.6027397260273972,calls,230.0,1.1303872165984092,203.4701,0.0047999998,0.04,20.1,19.95,20.15,0.4736991107177735,29103.0,163.0
2027-01-15,0.6027397260273972,calls,235.0,1.154960851741853,203.4701,0.0047999998,0.04,18.65,18.4,18.65,0.47308876525878907,5148.0,47.0
2027-01-15,0.6027397260273972,calls,240.0,1.1795344868852966,203.4701,0.0047999998,0.04,17.55,17.05,17.25,0.4725089370727539,40228.0,121.0
2027-01-15,0.6027397260273972,calls,245.0,1.2041081220287404,203.4701,0.0047999998,0.04,16.91,15.7,15.95,0.4720511779785156,2535.0,5.0
2027-01-15,0.6027397260273972,calls,250.0,1.228681757172184,203.4701,0.0047999998,0.04,14.47,14.5,14.65,0.47009807250976565,40168.0,664.0
2027-01-15,0.6027397260273972,calls,255.0,1.2532553923156278,203.4701,0.0047999998,0.04,14.45,13.3,13.5,0.4692130715942383,4652.0,15.0
2027-01-15,0.6027397260273972,calls,260.0,1.2778290274590713,203.4701,0.0047999998,0.04,12.45,12.3,12.5,0.4695792788696289,18320.0,133.0
2027-01-15,0.6027397260273972,calls,265.0,1.3024026626025151,203.4701,0.0047999998,0.04,12.15,11.3,11.55,0.4695487615966797,3306.0,5.0
2027-01-15,0.6027397260273972,calls,270.0,1.3269762977459587,203.4701,0.0047999998,0.04,10.6,10.5,10.65,0.46915203704833985,23733.0,110.0
2027-01-15,0.6027397260273972,calls,275.0,1.3515499328894025,203.4701,0.0047999998,0.04,10.1,9.7,9.9,0.4704032452392578,4290.0,25.0
2027-01-15,0.6027397260273972,calls,280.0,1.376123568032846,203.4701,0.0047999998,0.04,9.0,9.0,9.15,0.47055583160400394,23290.0,321.0
2027-01-15,0.6027397260273972,calls,285.0,1.4006972031762899,203.4701,0.0047999998,0.04,8.95,8.35,8.6,0.4736991107177735,2685.0,8.0
2027-01-15,0.6027397260273972,calls,290.0,1.4252708383197334,203.4701,0.0047999998,0.04,8.0,7.65,7.85,0.47165445343017576,37855.0,27.0
2027-01-15,0.6027397260273972,calls,295.0,1.449844473463177,203.4701,0.0047999998,0.04,7.7,7.15,7.35,0.4739432489013672,2386.0,9.0
2027-01-15,0.6027397260273972,calls,300.0,1.4744181086066208,203.4701,0.0047999998,0.04,6.62,6.6,6.7,0.47192910888671874,70756.0,393.0
2027-01-15,0.6027397260273972,calls,310.0,1.5235653788935082,203.4701,0.0047999998,0.04,5.86,5.6,5.8,0.4742484216308594,8923.0,17.0
2027-01-15,0.6027397260273972,calls,320.0,1.5727126491803955,203.4701,0.0047999998,0.04,5.35,4.9,5.05,0.4771780798339844,5323.0,61.0
2027-01-15,0.6027397260273972,calls,330.0,1.621859919467283,203.4701,0.0047999998,0.04,4.6,4.2,4.35,0.4783377362060547,5410.0,29.0
2027-01-15,0.6027397260273972,calls,340.0,1.6710071897541703,203.4701,0.0047999998,0.04,3.69,3.65,3.8,0.48114532531738285,70131.0,418.0
2027-01-15,0.6027397260273972,calls,350.0,1.7201544600410577,203.4701,0.0047999998,0.04,3.22,3.15,3.3,0.48291532714843755,8639.0,412.0
2027-01-15,0.6027397260273972,calls,360.0,1.769301730327945,203.4701,0.0047999998,0.04,2.94,2.81,2.9,0.4858449853515625,6385.0,13.0
2027-01-15,0.6027397260273972,calls,370.0,1.8184490006148324,203.4701,0.0047999998,0.04,2.68,2.47,2.59,0.4901174035644532,1999.0,4.0
2027-01-15,0.6027397260273972,calls,380.0,1.8675962709017198,203.4701,0.0047999998,0.04,2.4,2.12,2.25,0.4912770599365235,3153.0,26.0
2027-01-15,0.6027397260273972,calls,390.0,1.9167435411886071,203.4701,0.0047999998,0.04,1.94,1.93,1.98,0.4935353381347657,3691.0,65.0
2027-01-15,0.6027397260273972,calls,400.0,1.9658908114754945,203.4701,0.0047999998,0.04,1.88,1.71,1.8,0.4985401708984375,6114.0,205.0
2027-01-15,0.6027397260273972,calls,410.0,2.015038081762382,203.4701,0.0047999998,0.04,1.66,1.54,1.65,0.5008594836425782,2290.0,57.0
2027-01-15,0.6027397260273972,calls,420.0,2.064185352049269,203.4701,0.0047999998,0.04,1.42,1.33,1.42,0.5006153454589843,11608.0,451.0
2027-01-15,0.6027397260273972,calls,430.0,2.1133326223361566,203.4701,0.0047999998,0.04,1.43,1.23,1.31,0.5061084545898438,1666.0,116.0
2027-01-15,0.6027397260273972,calls,440.0,2.1624798926230437,203.4701,0.0047999998,0.04,1.17,1.09,1.17,0.5081836291503907,815.0,3.0
2027-01-15,0.6027397260273972,calls,450.0,2.2116271629099313,203.4701,0.0047999998,0.04,1.11,1.01,1.08,0.5131884619140624,1760.0,14.0
2027-01-15,0.6027397260273972,calls,455.0,2.2362007980533747,203.4701,0.0047999998,0.04,1.12,0.94,1.02,0.513554669189453,217.0,3.0
2027-01-15,0.6027397260273972,calls,460.0,2.2607744331968185,203.4701,0.0047999998,0.04,0.95,0.89,0.95,0.5139208764648437,8076.0,366.0
2027-01-15,0.6027397260273972,puts,5.0,0.02457363514344368,203.4701,0.0047999998,0.04,0.01,0.0,0.01,1.46875265625,9176.0,4.0
2027-01-15,0.6027397260273972,puts,10.0,0.04914727028688736,203.4701,0.0047999998,0.04,0.01,0.0,0.01,1.1875040625,3240.0,1.0
2027-01-15,0.6027397260273972,puts,15.0,0.07372090543033104,203.4701,0.0047999998,0.04,0.02,0.0,0.01,1.000005,31174.0,33.0
2027-01-15,0.6027397260273972,puts,20.0,0.09829454057377472,203.4701,0.0047999998,0.04,0.02,0.0,0.08,1.0703171484375003,11955.0,400.0
2027-01-15,0.6027397260273972,puts,25.0,0.1228681757172184,203.4701,0.0047999998,0.04,0.03,0.02,0.03,0.92187578125,17831.0,100.0
2027-01-15,0.6027397260273972,puts,30.0,0.14744181086066208,203.4701,0.0047999998,0.04,0.03,0.02,0.08,0.9023447265625,3028.0,20.0
2027-01-15,0.6027397260273972,puts,35.0,0.17201544600410576,203.4701,0.0047999998,0.04,0.05,0.04,0.16,0.89257919921875,6574.0,30.0
2027-01-15,0.6027397260273972,puts,40.0,0.19658908114754944,203.4701,0.0047999998,0.04,0.07,0.03,0.09,0.7812521875,2335.0,20.0
2027-01-15,0.6027397260273972,puts,45.0,0.22116271629099313,203.4701,0.0047999998,0.04,0.08,0.07,0.2,0.7929708203125,7250.0,1.0
2027-01-15,0.6027397260273972,puts,50.0,0.2457363514344368,203.4701,0.0047999998,0.04,0.12,0.09,0.18,0.7392604199218749,11846.0,10.0
2027-01-15,0.6027397260273972,puts,55.0,0.27030998657788047,203.4701,0.0047999998,0.04,0.12,0.1,0.2,0.6992217578125001,3420.0,1.0
2027-01-15,0.6027397260273972,puts,60.0,0.29488362172132415,203.4701,0.0047999998,0.04,0.16,0.16,0.24,0.6787141503906251,15723.0,1.0
2027-01-15,0.6027397260273972,puts,65.0,0.31945725686476784,203.4701,0.0047999998,0.04,0.23,0.18,0.25,0.6420934228515626,6375.0,5.0
2027-01-15,0.6027397260273972,puts,70.0,0.3440308920082115,203.4701,0.0047999998,0.04,0.29,0.23,0.31,0.6210975390625001,13043.0,2.0
2027-01-15,0.6027397260273972,puts,75.0,0.3686045271516552,203.4701,0.0047999998,0.04,0.35,0.28,0.35,0.5961954443359375,10803.0,2.0
2027-01-15,0.6027397260273972,puts,80.0,0.3931781622950989,203.4701,0.0047999998,0.04,0.4,0.37,0.45,0.5825237060546875,26847.0,49.0
2027-01-15,0.6027397260273972,puts,85.0,0.41775179743854257,203.4701,0.0047999998,0.04,0.53,0.48,0.58,0.570316796875,13572.0,1.0
2027-01-15,0.6027397260273972,puts,90.0,0.44232543258198626,203.4701,0.0047999998,0.04,0.63,0.64,0.69,0.5566450585937501,27107.0,12.0
2027-01-15,0.6027397260273972,puts,95.0,0.46689906772542994,203.4701,0.0047999998,0.04,0.82,0.77,0.85,0.5419967675781252,22518.0,24.0
2027-01-15,0.6027397260273972,puts,100.0,0.4914727028688736,203.4701,0.0047999998,0.04,1.01,0.99,1.05,0.5318650329589845,49752.0,912.0
2027-01-15,0.6027397260273972,puts,105.0,0.5160463380123173,203.4701,0.0047999998,0.04,1.16,1.2,1.27,0.5190477783203125,15348.0,1.0
2027-01-15,0.6027397260273972,puts,110.0,0.5406199731557609,203.4701,0.0047999998,0.04,1.5,1.5,1.6,0.5116015637207032,23096.0,5.0
2027-01-15,0.6027397260273972,puts,115.0,0.5651936082992046,203.4701,0.0047999998,0.04,1.82,1.83,1.95,0.5022022436523439,17296.0,18.0
2027-01-15,0.6027397260273972,puts,120.0,0.5897672434426483,203.4701,0.0047999998,0.04,2.25,2.24,2.33,0.4954884436035156,32814.0,3.0
2027-01-15,0.6027397260273972,puts,125.0,0.614340878586092,203.4701,0.0047999998,0.04,2.75,2.69,2.81,0.4874929180908204,18937.0,58.0
2027-01-15,0.6027397260273972,puts,130.0,0.6389145137295357,203.4701,0.0047999998,0.04,3.15,3.2,3.35,0.4791922198486328,27060.0,86.0
2027-01-15,0.6027397260273972,puts,135.0,0.6634881488729794,203.4701,0.0047999998,0.04,3.78,3.9,4.0,0.4722953161621094,12206.0,6.0
2027-01-15,0.6027397260273972,puts,140.0,0.688061784016423,203.4701,0.0047999998,0.04,4.38,4.6,4.75,0.4660087579345704,27802.0,7.0
2027-01-15,0.6027397260273972,puts,145.0,0.7126354191598667,203.4701,0.0047999998,0.04,5.15,5.45,5.6,0.4598442687988281,11564.0,6.0
2027-01-15,0.6027397260273972,puts,150.0,0.7372090543033104,203.4701,0.0047999998,0.04,6.07,6.4,6.55,0.4536492623901367,41709.0,4.0
2027-01-15,0.6027397260273972,puts,155.0,0.7617826894467541,203.4701,0.0047999998,0.04,7.5,7.5,7.55,0.44605046142578125,12551.0,1256.0
2027-01-15,0.6027397260273972,puts,160.0,0.7863563245901978,203.4701,0.0047999998,0.04,8.7,8.6,8.8,0.4419001123046875,25494.0,129.0
2027-01-15,0.6027397260273972,puts,165.0,0.8109299597336415,203.4701,0.0047999998,0.04,9.5,9.95,10.1,0.435979761352539,16492.0,21.0
2027-01-15,0.6027397260273972,puts,170.0,0.8355035948770851,203.4701,0.0047999998,0.04,10.95,11.35,11.6,0.43164630859375,31932.0,24.0
2027-01-15,0.6027397260273972,puts,175.0,0.8600772300205288,203.4701,0.0047999998,0.04,12.45,13.0,13.25,0.4275264767456055,18958.0,5.0
2027-01-15,0.6027397260273972,puts,180.0,0.8846508651639725,203.4701,0.0047999998,0.04,14.79,14.75,15.0,0.4226437130737304,40318.0,125.0
2027-01-15,0.6027397260273972,puts,185.0,0.9092245003074162,203.4701,0.0047999998,0.04,16.66,16.8,17.0,0.41968353759765625,18356.0,17.0
2027-01-15,0.6027397260273972,puts,190.0,0.9337981354508599,203.4701,0.0047999998,0.04,18.4,18.85,19.1,0.41583836120605466,17907.0,217.0
2027-01-15,0.6027397260273972,puts,195.0,0.9583717705943036,203.4701,0.0047999998,0.04,20.45,21.05,21.35,0.4120542193603516,9809.0,30.0
2027-01-15,0.6027397260273972,puts,200.0,0.9829454057377472,203.4701,0.0047999998,0.04,23.59,23.45,23.75,0.4082700775146484,55665.0,113.0
2027-01-15,0.6027397260273972,puts,205.0,1.007519040881191,203.4701,0.0047999998,0.04,25.2,26.1,26.4,0.4061338684082031,4548.0,15.0
2027-01-15,0.6027397260273972,puts,210.0,1.0320926760246345,203.4701,0.0047999998,0.04,29.0,28.75,29.1,0.40241076110839846,7998.0,8.0
2027-01-15,0.6027397260273972,puts,215.0,1.0566663111680783,203.4701,0.0047999998,0.04,30.7,31.6,31.95,0.3987792056274414,3828.0,69.0
2027-01-15,0.6027397260273972,puts,220.0,1.0812399463115219,203.4701,0.0047999998,0.04,34.12,34.9,35.15,0.39847403289794925,5143.0,655.0
2027-01-15,0.6027397260273972,puts,225.0,1.1058135814549657,203.4701,0.0047999998,0.04,37.44,38.05,38.4,0.396765065612793,6418.0,201.0
2027-01-15,0.6027397260273972,puts,230.0,1.1303872165984092,203.4701,0.0047999998,0.04,39.7,41.25,41.6,0.3921264401245117,5253.0,3.0
2027-01-15,0.6027397260273972,puts,235.0,1.154960851741853,203.4701,0.0047999998,0.04,44.25,44.55,45.0,0.38864747100830077,1594.0,1.0
2027-01-15,0.6027397260273972,puts,240.0,1.1795344868852966,203.4701,0.0047999998,0.04,44.51,48.05,48.7,0.38812867736816403,7798.0,2.0
2027-01-15,0.6027397260273972,puts,245.0,1.2041081220287404,203.4701,0.0047999998,0.04,48.1,51.8,52.35,0.3848022946166991,1727.0,1.0
2027-01-15,0.6027397260273972,puts,250.0,1.228681757172184,203.4701,0.0047999998,0.04,53.3,55.5,56.15,0.3821472918701171,1803.0,2.0
2027-01-15,0.6027397260273972,puts,255.0,1.2532553923156278,203.4701,0.0047999998,0.04,49.7,59.4,60.1,0.38031625549316406,263.0,30.0
2027-01-15,0.6027397260273972,puts,260.0,1.2778290274590713,203.4701,0.0047999998,0.04,61.5,63.35,64.45,0.38458867370605465,2330.0,10.0
2027-01-15,0.6027397260273972,puts,265.0,1.3024026626025151,203.4701,0.0047999998,0.04,65.84,67.3,68.1,0.37293107543945314,53.0,2.0
2027-01-15,0.6027397260273972,puts,270.0,1.3269762977459587,203.4701,0.0047999998,0.04,68.4,71.45,72.75,0.38049935913085936,808.0,5.0
2027-01-15,0.6027397260273972,puts,275.0,1.3515499328894025,203.4701,0.0047999998,0.04,75.15,75.55,76.6,0.3685976226806641,242.0,70.0
2027-01-15,0.6027397260273972,puts,280.0,1.376123568032846,203.4701,0.0047999998,0.04,77.04,80.0,81.3,0.3749146981811523,1891.0,21.0
2027-01-15,0.6027397260273972,puts,285.0,1.4006972031762899,203.4701,0.0047999998,0.04,81.05,84.4,85.5,0.367193828125,9.0,3.0
2027-01-15,0.6027397260273972,puts,290.0,1.4252708383197334,203.4701,0.0047999998,0.04,87.92,88.85,90.1,0.3683534844970704,208.0,2.0
2027-01-15,0.6027397260273972,puts,295.0,1.449844473463177,203.4701,0.0047999998,0.04,89.9,93.4,94.55,0.36365382446289063,36.0,20.0
2027-01-15,0.6027397260273972,puts,300.0,1.4744181086066208,203.4701,0.0047999998,0.04,94.8,98.05,99.3,0.3668276208496094,1137.0,78.0
2027-01-15,0.6027397260273972,puts,310.0,1.5235653788935082,203.4701,0.0047999998,0.04,105.1,107.1,108.3,0.350470362548828,93.0,10.0
2027-01-15,0.6027397260273972,puts,320.0,1.5727126491803955,203.4701,0.0047999998,0.04,113.65,116.15,118.1,0.36072416625976556,33.0,9.0
2027-01-15,0.6027397260273972,puts,330.0,1.621859919467283,203.4701,0.0047999998,0.04,123.0,125.85,127.45,0.34314621704101556,20.0,19.0
2027-01-15,0.6027397260273972,puts,340.0,1.6710071897541703,203.4701,0.0047999998,0.04,131.48,135.2,137.95,0.3888000573730469,20.0,5.0
2027-01-15,0.6027397260273972,puts,350.0,1.7201544600410577,203.4701,0.0047999998,0.04,137.49,145.15,148.0,0.40808697387695314,33.0,25.0
2027-01-15,0.6027397260273972,puts,360.0,1.769301730327945,203.4701,0.0047999998,0.04,176.6,158.2,158.5,0.44885805053710937,0.0,20.0
2027-01-15,0.6027397260273972,puts,370.0,1.8184490006148324,203.4701,0.0047999998,0.04,150.97,165.1,167.65,0.4188290539550781,0.0,260.0
2027-01-15,0.6027397260273972,puts,380.0,1.8675962709017198,203.4701,0.0047999998,0.04,164.5,175.1,177.7,0.4364070031738281,0.0,1.0
2027-01-15,0.6027397260273972,puts,390.0,1.9167435411886071,203.4701,0.0047999998,0.04,222.05,0.0,0.0,1.0000000000000003e-05,0.0,1.0
2027-01-15,0.6027397260273972,puts,400.0,1.9658908114754945,203.4701,0.0047999998,0.04,181.37,195.1,197.7,0.4639946179199219,0.0,15.0
2027-01-15,0.6027397260273972,puts,410.0,2.015038081762382,203.4701,0.0047999998,0.04,187.4,205.05,207.95,0.4929249926757813,0.0,1.0
2027-01-15,0.6027397260273972,puts,420.0,2.064185352049269,203.4701,0.0047999998,0.04,197.35,215.05,217.65,0.48633326171875,0.0,1.0
2027-01-15,0.6027397260273972,puts,460.0,2.2607744331968185,203.4701,0.0047999998,0.04,254.23,254.85,257.95,0.5540816076660158,0.0,3.0
2027-03-19,0.7753424657534247,calls,50.0,0.2457363514344368,203.4701,0.0047999998,0.04,180.0,153.5,159.2,1.0896041613769532,45.0,1.0
2027-03-19,0.7753424657534247,calls,55.0,0.27030998657788047,203.4701,0.0047999998,0.04,170.5,148.15,154.45,1.0141650854492186,19.0,1.0
2027-03-19,0.7753424657534247,calls,60.0,0.29488362172132415,203.4701,0.0047999998,0.04,157.73,142.05,149.6,0.9101571484375,195.0,1.0
2027-03-19,0.7753424657534247,calls,65.0,0.31945725686476784,203.4701,0.0047999998,0.04,165.24,140.05,144.85,0.9732668688964843,26.0,1.0
2027-03-19,0.7753424657534247,calls,70.0,0.3440308920082115,203.4701,0.0047999998,0.04,145.8,134.0,140.05,0.888428850097656,289.0,60.0
2027-03-19,0.7753424657534247,calls,75.0,0.3686045271516552,203.4701,0.0047999998,0.04,143.54,131.15,135.8,0.9191902612304688,3408.0,2.0
2027-03-19,0.7753424657534247,calls,80.0,0.3931781622950989,203.4701,0.0047999998,0.04,140.95,126.05,129.35,0.8261736132812498,78.0,1.0
2027-03-19,0.7753424657534247,calls,85.0,0.41775179743854257,203.4701,0.0047999998,0.04,134.3,121.35,123.75,0.7713645910644531,144.0,2.0
2027-03-19,0.7753424657534247,calls,90.0,0.44232543258198626,203.4701,0.0047999998,0.04,134.0,116.5,119.6,0.751833536376953,401.0,19.0
2027-03-19,0.7753424657534247,calls,95.0,0.46689906772542994,203.4701,0.0047999998,0.04,118.5,112.45,114.85,0.7358424853515625,85.0,1.0
2027-03-19,0.7753424657534247,calls,100.0,0.4914727028688736,203.4701,0.0047999998,0.04,110.25,107.4,109.75,0.6914093359375001,488.0,3.0
2027-03-19,0.7753424657534247,calls,105.0,0.5160463380123173,203.4701,0.0047999998,0.04,108.0,103.35,105.65,0.6875031250000001,119.0,10.0
2027-03-19,0.7753424657534247,calls,110.0,0.5406199731557609,203.4701,0.0047999998,0.04,104.15,98.8,100.65,0.6565586102294922,406.0,1.0
2027-03-19,0.7753424657534247,calls,115.0,0.5651936082992046,203.4701,0.0047999998,0.04,99.2,94.3,96.15,0.6355016918945313,79.0,17.0
2027-03-19,0.7753424657534247,calls,120.0,0.5897672434426483,203.4701,0.0047999998,0.04,93.85,90.3,91.45,0.6188087435913087,550.0,4.0
2027-03-19,0.7753424657534247,calls,125.0,0.614340878586092,203.4701,0.0047999998,0.04,91.29,86.1,87.45,0.6083413189697267,354.0,2.0
2027-03-19,0.7753424657534247,calls,130.0,0.6389145137295357,203.4701,0.0047999998,0.04,84.31,81.9,82.9,0.5890849197387696,613.0,14.0
2027-03-19,0.7753424657534247,calls,135.0,0.6634881488729794,203.4701,0.0047999998,0.04,82.35,77.95,78.85,0.5786480123901367,254.0,2.0
2027-03-19,0.7753424657534247,calls,140.0,0.688061784016423,203.4701,0.0047999998,0.04,77.3,74.25,74.85,0.5701947277832031,485.0,11.0
2027-03-19,0.7753424657534247,calls,145.0,0.7126354191598667,203.4701,0.0047999998,0.04,74.26,70.2,70.8,0.555790574951172,209.0,13.0
2027-03-19,0.7753424657534247,calls,150.0,0.7372090543033104,203.4701,0.0047999998,0.04,69.27,66.6,67.2,0.5496260858154298,1576.0,14.0
2027-03-19,0.7753424657534247,calls,155.0,0.7617826894467541,203.4701,0.0047999998,0.04,67.0,62.85,63.45,0.5387619366455079,366.0,13.0
2027-03-19,0.7753424657534247,calls,160.0,0.7863563245901978,203.4701,0.0047999998,0.04,62.0,59.35,60.05,0.5321702056884765,2955.0,5.0
2027-03-19,0.7753424657534247,calls,165.0,0.8109299597336415,203.4701,0.0047999998,0.04,61.07,55.95,56.6,0.5243577838134765,967.0,35.0
2027-03-19,0.7753424657534247,calls,170.0,0.8355035948770851,203.4701,0.0047999998,0.04,53.05,52.85,53.3,0.5188951919555663,4422.0,2.0
2027-03-19,0.7753424657534247,calls,175.0,0.8600772300205288,203.4701,0.0047999998,0.04,52.52,49.8,50.2,0.5137988073730468,2114.0,3.0
2027-03-19,0.7753424657534247,calls,180.0,0.8846508651639725,203.4701,0.0047999998,0.04,48.8,46.9,47.0,0.5074512145996093,3617.0,23.0
2027-03-19,0.7753424657534247,calls,185.0,0.9092245003074162,203.4701,0.0047999998,0.04,48.01,43.9,44.45,0.5038196591186525,2880.0,3.0
2027-03-19,0.7753424657534247,calls,190.0,0.9337981354508599,203.4701,0.0047999998,0.04,42.72,41.45,41.8,0.5019428468322755,4115.0,10.0
2027-03-19,0.7753424657534247,calls,195.0,0.9583717705943036,203.4701,0.0047999998,0.04,40.45,38.9,39.25,0.5009815527343751,4084.0,6.0
2027-03-19,0.7753424657534247,calls,200.0,0.9829454057377472,203.4701,0.0047999998,0.04,36.7,36.35,36.7,0.4958546508789063,22527.0,3137.0
2027-03-19,0.7753424657534247,calls,205.0,1.007519040881191,203.4701,0.0047999998,0.04,35.6,33.95,34.4,0.49286395812988293,1785.0,48.0
2027-03-19,0.7753424657534247,calls,210.0,1.0320926760246345,203.4701,0.0047999998,0.04,32.5,31.9,32.2,0.48978171356201183,11673.0,82.0
2027-03-19,0.7753424657534247,calls,215.0,1.0566663111680783,203.4701,0.0047999998,0.04,30.06,30.0,30.3,0.48950705810546885,3141.0,24.0
2027-03-19,0.7753424657534247,calls,220.0,1.0812399463115219,203.4701,0.0047999998,0.04,28.3,28.0,28.25,0.4857229162597656,8778.0,53.0
2027-03-19,0.7753424657534247,calls,225.0,1.1058135814549657,203.4701,0.0047999998,0.04,27.35,26.2,26.5,0.48474636352539063,5544.0,15.0
2027-03-19,0.7753424657534247,calls,230.0,1.1303872165984092,203.4701,0.0047999998,0.04,25.87,24.6,24.9,0.48459377716064456,8850.0,103.0
2027-03-19,0.7753424657534247,calls,235.0,1.154960851741853,203.4701,0.0047999998,0.04,24.1,22.95,23.3,0.4831594653320313,2403.0,10.0
2027-03-19,0.7753424657534247,calls,240.0,1.1795344868852966,203.4701,0.0047999998,0.04,22.65,21.45,21.75,0.48120635986328125,4471.0,34.0
2027-03-19,0.7753424657534247,calls,245.0,1.2041081220287404,203.4701,0.0047999998,0.04,21.0,20.05,20.25,0.47876497802734375,2206.0,49.0
2027-03-19,0.7753424657534247,calls,250.0,1.228681757172184,203.4701,0.0047999998,0.04,19.25,18.85,19.05,0.47948213394165035,14067.0,653.0
2027-03-19,0.7753424657534247,calls,255.0,1.2532553923156278,203.4701,0.0047999998,0.04,20.63,17.6,17.85,0.47913118530273435,1153.0,2.0
2027-03-19,0.7753424657534247,calls,260.0,1.2778290274590713,203.4701,0.0047999998,0.04,17.45,16.45,16.7,0.4784903225708008,13143.0,25.0
2027-03-19,0.7753424657534247,calls,265.0,1.3024026626025151,203.4701,0.0047999998,0.04,16.81,15.4,15.7,0.4790701507568359,2005.0,11.0
2027-03-19,0.7753424657534247,calls,270.0,1.3269762977459587,203.4701,0.0047999998,0.04,14.55,14.4,14.55,0.47638463073730464,8517.0,532.0
2027-03-19,0.7753424657534247,calls,275.0,1.3515499328894025,203.4701,0.0047999998,0.04,15.3,13.5,13.8,0.4789785989379882,2381.0,40.0
2027-03-19,0.7753424657534247,calls,280.0,1.376123568032846,203.4701,0.0047999998,0.04,13.5,12.75,12.95,0.4791617025756836,4788.0,17.0
2027-03-19,0.7753424657534247,calls,285.0,1.4006972031762899,203.4701,0.0047999998,0.04,13.05,12.0,12.3,0.4817861880493164,1413.0,3.0
2027-03-19,0.7753424657534247,calls,290.0,1.4252708383197334,203.4701,0.0047999998,0.04,11.9,11.1,11.3,0.4777579080200196,2476.0,10.0
2027-03-19,0.7753424657534247,calls,295.0,1.449844473463177,203.4701,0.0047999998,0.04,11.55,10.6,10.85,0.4823049816894531,858.0,3.0
2027-03-19,0.7753424657534247,calls,300.0,1.4744181086066208,203.4701,0.0047999998,0.04,10.0,9.8,10.1,0.48090118713378904,8212.0,32.0
2027-03-19,0.7753424657534247,calls,305.0,1.4989917437500644,203.4701,0.0047999998,0.04,10.1,9.15,9.45,0.48053497985839844,985.0,1.0
2027-03-19,0.7753424657534247,calls,310.0,1.5235653788935082,203.4701,0.0047999998,0.04,9.47,8.65,8.85,0.48032135894775385,3653.0,1.0
2027-03-19,0.7753424657534247,calls,315.0,1.5481390140369518,203.4701,0.0047999998,0.04,9.35,8.15,8.4,0.4823049816894531,1363.0,19.0
2027-03-19,0.7753424657534247,calls,320.0,1.5727126491803955,203.4701,0.0047999998,0.04,8.12,7.75,8.0,0.48471584625244146,1131.0,3.0
2027-03-19,0.7753424657534247,calls,325.0,1.5972862843238391,203.4701,0.0047999998,0.04,8.31,7.15,7.4,0.4824880853271485,649.0,1.0
2027-03-19,0.7753424657534247,calls,330.0,1.621859919467283,203.4701,0.0047999998,0.04,7.0,6.75,6.95,0.4826711889648438,5499.0,15.0
2027-03-19,0.7753424657534247,calls,335.0,1.6464335546107265,203.4701,0.0047999998,0.04,8.0,6.4,6.6,0.4844411907958984,209.0,1.0
2027-03-19,0.7753424657534247,calls,340.0,1.6710071897541703,203.4701,0.0047999998,0.04,6.45,6.05,6.25,0.4856923989868164,572.0,15.0
2027-03-19,0.7753424657534247,calls,345.0,1.6955808248976139,203.4701,0.0047999998,0.04,6.3,5.7,5.95,0.4876149871826172,325.0,3.0
2027-03-19,0.7753424657534247,calls,350.0,1.7201544600410577,203.4701,0.0047999998,0.04,5.8,5.4,5.55,0.4866994689941406,5221.0,8.0
2027-03-19,0.7753424657534247,calls,360.0,1.769301730327945,203.4701,0.0047999998,0.04,5.15,4.75,5.0,0.489384989013672,1868.0,1.0
2027-03-19,0.7753424657534247,calls,370.0,1.8184490006148324,203.4701,0.0047999998,0.04,5.25,4.25,4.45,0.49030050720214846,2111.0,8.0
2027-03-19,0.7753424657534247,calls,380.0,1.8675962709017198,203.4701,0.0047999998,0.04,4.1,3.9,4.1,0.4951832708740235,175.0,2.0
2027-03-19,0.7753424657534247,calls,390.0,1.9167435411886071,203.4701,0.0047999998,0.04,3.62,3.5,3.65,0.49573258178710944,407.0,11.0
2027-03-19,0.7753424657534247,calls,400.0,1.9658908114754945,203.4701,0.0047999998,0.04,3.27,3.1,3.25,0.4961598236083985,2031.0,116.0
2027-03-19,0.7753424657534247,calls,410.0,2.015038081762382,203.4701,0.0047999998,0.04,3.1,2.8,2.95,0.49860120544433595,78.0,2.0
2027-03-19,0.7753424657534247,calls,420.0,2.064185352049269,203.4701,0.0047999998,0.04,2.8,2.53,2.61,0.4981739636230469,780.0,21.0
2027-03-19,0.7753424657534247,calls,430.0,2.1133326223361566,203.4701,0.0047999998,0.04,2.96,2.3,2.43,0.500005,22.0,1.0
2027-03-19,0.7753424657534247,calls,440.0,2.1624798926230437,203.4701,0.0047999998,0.04,2.5,2.03,2.17,0.5029346582031251,810.0,5.0
2027-03-19,0.7753424657534247,calls,450.0,2.2116271629099313,203.4701,0.0047999998,0.04,2.36,1.9,1.97,0.5029346582031251,294.0,14.0
2027-03-19,0.7753424657534247,calls,455.0,2.2362007980533747,203.4701,0.0047999998,0.04,2.19,1.76,1.88,0.5025684509277344,140.0,20.0
2027-03-19,0.7753424657534247,calls,460.0,2.2607744331968185,203.4701,0.0047999998,0.04,1.89,1.7,1.84,0.5052539709472657,1511.0,17.0
2027-03-19,0.7753424657534247,puts,50.0,0.2457363514344368,203.4701,0.0047999998,0.04,0.2,0.12,0.27,0.6826203613281252,369.0,10.0
2027-03-19,0.7753424657534247,puts,55.0,0.27030998657788047,203.4701,0.0047999998,0.04,0.24,0.16,0.31,0.6533237792968751,74.0,5.0
2027-03-19,0.7753424657534247,puts,60.0,0.29488362172132415,203.4701,0.0047999998,0.04,0.26,0.21,0.37,0.6289099609375001,102.0,5.0
2027-03-19,0.7753424657534247,puts,65.0,0.31945725686476784,203.4701,0.0047999998,0.04,0.33,0.33,0.42,0.6118202880859377,324.0,15.0
2027-03-19,0.7753424657534247,puts,70.0,0.3440308920082115,203.4701,0.0047999998,0.04,0.48,0.41,0.49,0.5903361279296876,313.0,16.0
2027-03-19,0.7753424657534247,puts,75.0,0.3686045271516552,203.4701,0.0047999998,0.04,0.64,0.5,0.65,0.5766643896484375,3481.0,91.0
2027-03-19,0.7753424657534247,puts,80.0,0.3931781622950989,203.4701,0.0047999998,0.04,0.68,0.66,0.81,0.5649457568359376,478.0,3.0
2027-03-19,0.7753424657534247,puts,85.0,0.41775179743854257,203.4701,0.0047999998,0.04,0.85,0.83,0.92,0.5481002221679689,203.0,20.0
2027-03-19,0.7753424657534247,puts,90.0,0.44232543258198626,203.4701,0.0047999998,0.04,1.09,1.01,1.11,0.5344284838867188,3264.0,5.0
2027-03-19,0.7753424657534247,puts,95.0,0.46689906772542994,203.4701,0.0047999998,0.04,1.25,1.3,1.42,0.5283250292968751,991.0,1.0
2027-03-19,0.7753424657534247,puts,100.0,0.4914727028688736,203.4701,0.0047999998,0.04,1.54,1.55,1.64,0.5141650146484374,3477.0,12.0
2027-03-19,0.7753424657534247,puts,105.0,0.5160463380123173,203.4701,0.0047999998,0.04,1.81,1.94,2.04,0.5081836291503907,787.0,1.0
2027-03-19,0.7753424657534247,puts,110.0,0.5406199731557609,203.4701,0.0047999998,0.04,2.29,2.32,2.46,0.5028125891113282,2294.0,2.0
2027-03-19,0.7753424657534247,puts,115.0,0.5651936082992046,203.4701,0.0047999998,0.04,2.76,2.79,2.87,0.49158223266601564,4342.0,195.0
2027-03-19,0.7753424657534247,puts,120.0,0.5897672434426483,203.4701,0.0047999998,0.04,3.27,3.25,3.4,0.4834646380615235,2066.0,16.0
2027-03-19,0.7753424657534247,puts,125.0,0.614340878586092,203.4701,0.0047999998,0.04,3.8,3.85,4.0,0.4756522161865234,9330.0,17.0
2027-03-19,0.7753424657534247,puts,130.0,0.6389145137295357,203.4701,0.0047999998,0.04,4.55,4.55,4.7,0.4688163470458985,15457.0,2.0
2027-03-19,0.7753424657534247,puts,135.0,0.6634881488729794,203.4701,0.0047999998,0.04,5.2,5.3,5.5,0.46259082336425783,5805.0,1.0
2027-03-19,0.7753424657534247,puts,140.0,0.688061784016423,203.4701,0.0047999998,0.04,6.15,6.15,6.3,0.454107021484375,18578.0,2.0
2027-03-19,0.7753424657534247,puts,145.0,0.7126354191598667,203.4701,0.0047999998,0.04,6.95,7.2,7.4,0.45099425964355466,9766.0,17.0
2027-03-19,0.7753424657534247,puts,150.0,0.7372090543033104,203.4701,0.0047999998,0.04,8.3,8.25,8.45,0.44421942504882805,22001.0,2.0
2027-03-19,0.7753424657534247,puts,155.0,0.7617826894467541,203.4701,0.0047999998,0.04,9.0,9.6,9.75,0.44061838684082033,3603.0,5.0
2027-03-19,0.7753424657534247,puts,160.0,0.7863563245901978,203.4701,0.0047999998,0.04,10.59,10.9,11.2,0.4376276940917969,16628.0,4.0
2027-03-19,0.7753424657534247,puts,165.0,0.8109299597336415,203.4701,0.0047999998,0.04,12.01,12.4,12.6,0.4313411358642578,6654.0,1.0
2027-03-19,0.7753424657534247,puts,170.0,0.8355035948770851,203.4701,0.0047999998,0.04,13.82,14.05,14.35,0.429265961303711,9499.0,91.0
2027-03-19,0.7753424657534247,puts,175.0,0.8600772300205288,203.4701,0.0047999998,0.04,14.7,15.8,16.1,0.4249325085449219,3875.0,4.0
2027-03-19,0.7753424657534247,puts,180.0,0.8846508651639725,203.4701,0.0047999998,0.04,17.0,17.7,17.95,0.42017181396484377,13333.0,22.0
2027-03-19,0.7753424657534247,puts,185.0,0.9092245003074162,203.4701,0.0047999998,0.04,19.15,19.75,20.0,0.4165707757568359,7258.0,1.0
2027-03-19,0.7753424657534247,puts,190.0,0.9337981354508599,203.4701,0.0047999998,0.04,21.5,21.9,22.2,0.4132443930053711,6726.0,7.0
2027-03-19,0.7753424657534247,puts,195.0,0.9583717705943036,203.4701,0.0047999998,0.04,23.37,24.35,24.65,0.41165749481201175,4114.0,2.0
2027-03-19,0.7753424657534247,puts,200.0,0.9829454057377472,203.4701,0.0047999998,0.04,26.03,26.75,27.1,0.40811749114990237,9016.0,213.0
2027-03-19,0.7753424657534247,puts,205.0,1.007519040881191,203.4701,0.0047999998,0.04,28.99,29.3,29.7,0.40488266021728514,1317.0,35.0
2027-03-19,0.7753424657534247,puts,210.0,1.0320926760246345,203.4701,0.0047999998,0.04,31.7,32.2,32.45,0.40192248474121095,2932.0,9.0
2027-03-19,0.7753424657534247,puts,215.0,1.0566663111680783,203.4701,0.0047999998,0.04,33.75,34.95,35.35,0.39929799926757814,3047.0,5.0
2027-03-19,0.7753424657534247,puts,220.0,1.0812399463115219,203.4701,0.0047999998,0.04,36.8,38.05,38.4,0.39703972106933594,4714.0,3.0
2027-03-19,0.7753424657534247,puts,225.0,1.1058135814549657,203.4701,0.0047999998,0.04,40.1,41.15,41.6,0.3951781674194337,1643.0,1.0
2027-03-19,0.7753424657534247,puts,230.0,1.1303872165984092,203.4701,0.0047999998,0.04,43.08,44.55,44.95,0.39383540740966794,7306.0,3.0
2027-03-19,0.7753424657534247,puts,235.0,1.154960851741853,203.4701,0.0047999998,0.04,40.41,47.75,48.3,0.39085997329711913,1379.0,122.0
2027-03-19,0.7753424657534247,puts,240.0,1.1795344868852966,203.4701,0.0047999998,0.04,49.0,51.15,51.7,0.3870300555419921,567.0,16.0
2027-03-19,0.7753424657534247,puts,245.0,1.2041081220287404,203.4701,0.0047999998,0.04,52.6,54.65,55.45,0.3867859173583984,477.0,15.0
2027-03-19,0.7753424657534247,puts,250.0,1.228681757172184,203.4701,0.0047999998,0.04,54.61,58.45,59.0,0.3820557400512695,536.0,2.0
2027-03-19,0.7753424657534247,puts,255.0,1.2532553923156278,203.4701,0.0047999998,0.04,58.56,62.1,62.85,0.38043832458496096,348.0,37.0
2027-03-19,0.7753424657534247,puts,260.0,1.2778290274590713,203.4701,0.0047999998,0.04,62.29,65.8,66.7,0.37735608001708976,481.0,37.0
2027-03-19,0.7753424657534247,puts,265.0,1.3024026626025151,203.4701,0.0047999998,0.04,60.27,69.8,70.7,0.37531142272949214,626.0,1.0
2027-03-19,0.7753424657534247,puts,270.0,1.3269762977459587,203.4701,0.0047999998,0.04,72.22,73.9,75.15,0.3797974618530273,143.0,3.0
2027-03-19,0.7753424657534247,puts,275.0,1.3515499328894025,203.4701,0.0047999998,0.04,77.8,78.1,79.35,0.3788514263916015,42.0,10.0
2027-03-19,0.7753424657534247,puts,280.0,1.376123568032846,203.4701,0.0047999998,0.04,81.75,82.25,83.2,0.3698793481445312,1807.0,20.0
2027-03-19,0.7753424657534247,puts,285.0,1.4006972031762899,203.4701,0.0047999998,0.04,82.9,86.45,87.3,0.363836928100586,72.0,10.0
2027-03-19,0.7753424657534247,puts,290.0,1.4252708383197334,203.4701,0.0047999998,0.04,89.3,90.6,92.15,0.3722596954345704,104.0,1.0
2027-03-19,0.7753424657534247,puts,295.0,1.449844473463177,203.4701,0.0047999998,0.04,81.9,95.05,96.3,0.36463037719726565,66.0,63.0
2027-03-19,0.7753424657534247,puts,300.0,1.4744181086066208,203.4701,0.0047999998,0.04,97.79,99.45,100.35,0.3522403643798828,317.0,23.0
2027-03-19,0.7753424657534247,puts,305.0,1.4989917437500644,203.4701,0.0047999998,0.04,95.75,104.0,105.2,0.358404853515625,56.0,10.0
2027-03-19,0.7753424657534247,puts,310.0,1.5235653788935082,203.4701,0.0047999998,0.04,123.95,109.6,109.95,0.3613955462646484,0.0,3.0
2027-03-19,0.7753424657534247,puts,315.0,1.5481390140369518,203.4701,0.0047999998,0.04,103.13,112.75,114.0,0.3424748370361328,42.0,1.0
2027-03-19,0.7753424657534247,puts,320.0,1.5727126491803955,203.4701,0.0047999998,0.04,103.75,117.05,118.7,0.34113207702636716,5.0,2.0
2027-03-19,0.7753424657534247,puts,325.0,1.5972862843238391,203.4701,0.0047999998,0.04,115.2,122.05,123.3,0.3347234497070312,11.0,10.0
2027-03-19,0.7753424657534247,puts,330.0,1.621859919467283,203.4701,0.0047999998,0.04,114.55,127.0,129.2,0.3748841809082031,7.0,1.0
2027-03-19,0.7753424657534247,puts,340.0,1.6710071897541703,203.4701,0.0047999998,0.04,127.29,135.6,137.55,0.3232489550781249,82.0,2.0
2027-03-19,0.7753424657534247,puts,345.0,1.6955808248976139,203.4701,0.0047999998,0.04,126.7,140.5,142.5,0.3275213732910156,21.0,20.0
2027-03-19,0.7753424657534247,puts,350.0,1.7201544600410577,203.4701,0.0047999998,0.04,128.9,145.2,147.4,0.3284979260253906,1.0,1.0
2027-03-19,0.7753424657534247,puts,360.0,1.769301730327945,203.4701,0.0047999998,0.04,191.93,0.0,0.0,1.0000000000000003e-05,0.0,35.0
2027-03-19,0.7753424657534247,puts,370.0,1.8184490006148324,203.4701,0.0047999998,0.04,137.85,165.25,167.75,0.37525038818359374,5.0,1.0
2027-03-19,0.7753424657534247,puts,400.0,1.9658908114754945,203.4701,0.0047999998,0.04,190.0,194.65,196.95,0.35278967529296873,0.0,1.0
2027-03-19,0.7753424657534247,puts,460.0,2.2607744331968185,203.4701,0.0047999998,0.04,253.5,254.8,258.1,0.4974415490722657,0.0,1.0
2027-06-17,1.021917808219178,calls,5.0,0.02457363514344368,203.4701,0.0047999998,0.04,224.63,195.6,202.05,1.8125009374999999,2274.0,1.0
2027-06-17,1.021917808219178,calls,10.0,0.04914727028688736,203.4701,0.0047999998,0.04,202.55,191.9,197.75,1.8325203686523435,236.0,10.0
2027-06-17,1.021917808219178,calls,15.0,0.07372090543033104,203.4701,0.0047999998,0.04,195.1,187.1,193.0,1.5922871948242183,290.0,1.0
2027-06-17,1.021917808219178,calls,20.0,0.09829454057377472,203.4701,0.0047999998,0.04,192.29,181.0,187.7,1.2382850585937497,958.0,1.0
2027-06-17,1.021917808219178,calls,25.0,0.1228681757172184,203.4701,0.0047999998,0.04,184.57,177.65,183.35,1.3183627832031248,429.0,1.0
2027-06-17,1.021917808219178,calls,30.0,0.14744181086066208,203.4701,0.0047999998,0.04,189.1,172.95,178.1,1.199711032714844,289.0,1.0
2027-06-17,1.021917808219178,calls,35.0,0.17201544600410576,203.4701,0.0047999998,0.04,182.14,168.2,173.5,1.137211345214844,837.0,11.0
2027-06-17,1.021917808219178,calls,40.0,0.19658908114754944,203.4701,0.0047999998,0.04,175.64,162.9,168.7,1.0444383715820313,294.0,1.0
2027-06-17,1.021917808219178,calls,45.0,0.22116271629099313,203.4701,0.0047999998,0.04,173.0,158.55,164.4,1.0296679376220703,220.0,2.0
2027-06-17,1.021917808219178,calls,50.0,0.2457363514344368,203.4701,0.0047999998,0.04,158.08,153.9,159.45,0.9748537670898438,487.0,5.0
2027-06-17,1.021917808219178,calls,55.0,0.27030998657788047,203.4701,0.0047999998,0.04,165.54,149.1,154.95,0.935425450439453,741.0,6.0
2027-06-17,1.021917808219178,calls,60.0,0.29488362172132415,203.4701,0.0047999998,0.04,172.31,144.4,149.9,0.8845226391601562,309.0,1.0
2027-06-17,1.021917808219178,calls,65.0,0.31945725686476784,203.4701,0.0047999998,0.04,145.0,139.8,145.45,0.8579115771484375,977.0,10.0
2027-06-17,1.021917808219178,calls,70.0,0.3440308920082115,203.4701,0.0047999998,0.04,140.98,136.2,139.95,0.8303239624023437,515.0,5.0
2027-06-17,1.021917808219178,calls,75.0,0.3686045271516552,203.4701,0.0047999998,0.04,142.0,130.95,135.05,0.7784445983886719,486.0,70.0
2027-06-17,1.021917808219178,calls,80.0,0.3931781622950989,203.4701,0.0047999998,0.04,140.09,126.55,130.4,0.7551294018554688,767.0,8.0
2027-06-17,1.021917808219178,calls,85.0,0.41775179743854257,203.4701,0.0047999998,0.04,122.93,122.85,124.95,0.7298610998535155,565.0,24.0
2027-06-17,1.021917808219178,calls,90.0,0.44232543258198626,203.4701,0.0047999998,0.04,121.64,118.3,121.0,0.7171659143066407,772.0,3.0
2027-06-17,1.021917808219178,calls,95.0,0.46689906772542994,203.4701,0.0047999998,0.04,119.99,113.85,115.9,0.6851227777099609,583.0,1.0
2027-06-17,1.021917808219178,calls,100.0,0.4914727028688736,203.4701,0.0047999998,0.04,115.4,109.05,111.55,0.6609530975341797,2872.0,1.0
2027-06-17,1.021917808219178,calls,105.0,0.5160463380123173,203.4701,0.0047999998,0.04,108.0,104.8,106.95,0.6416661810302735,20374.0,10.0
2027-06-17,1.021917808219178,calls,110.0,0.5406199731557609,203.4701,0.0047999998,0.04,107.4,101.2,102.95,0.6395910064697266,7066.0,5.0
2027-06-17,1.021917808219178,calls,115.0,0.5651936082992046,203.4701,0.0047999998,0.04,100.35,96.9,98.45,0.6196021926879884,637.0,93.0
2027-06-17,1.021917808219178,calls,120.0,0.5897672434426483,203.4701,0.0047999998,0.04,96.24,92.8,94.0,0.6026040716552736,2278.0,18.0
2027-06-17,1.021917808219178,calls,125.0,0.614340878586092,203.4701,0.0047999998,0.04,91.75,88.85,89.75,0.5891764715576173,828.0,34.0
2027-06-17,1.021917808219178,calls,130.0,0.6389145137295357,203.4701,0.0047999998,0.04,90.5,84.05,86.25,0.5739178350830079,1277.0,80.0
2027-06-17,1.021917808219178,calls,135.0,0.6634881488729794,203.4701,0.0047999998,0.04,86.9,81.05,81.9,0.5676923114013672,8448.0,32.0
2027-06-17,1.021917808219178,calls,140.0,0.688061784016423,203.4701,0.0047999998,0.04,79.55,77.7,78.35,0.5642438595581055,3635.0,23.0
2027-06-17,1.021917808219178,calls,145.0,0.7126354191598667,203.4701,0.0047999998,0.04,76.08,73.9,74.5,0.5523421231079101,891.0,2.0
2027-06-17,1.021917808219178,calls,150.0,0.7372090543033104,203.4701,0.0047999998,0.04,72.0,70.35,71.05,0.5451705639648439,9302.0,61.0
2027-06-17,1.021917808219178,calls,155.0,0.7617826894467541,203.4701,0.0047999998,0.04,69.9,66.95,67.8,0.5396469375610352,3204.0,1.0
2027-06-17,1.021917808219178,calls,160.0,0.7863563245901978,203.4701,0.0047999998,0.04,64.65,63.7,64.4,0.5327805511474608,5198.0,16.0
2027-06-17,1.021917808219178,calls,165.0,0.8109299597336415,203.4701,0.0047999998,0.04,63.45,60.7,61.2,0.5281419256591797,2102.0,4.0
2027-06-17,1.021917808219178,calls,170.0,0.8355035948770851,203.4701,0.0047999998,0.04,59.35,57.65,58.15,0.5229234719848632,6490.0,4.0
2027-06-17,1.021917808219178,calls,175.0,0.8600772300205288,203.4701,0.0047999998,0.04,57.25,54.7,55.2,0.5179033805847169,7277.0,5.0
2027-06-17,1.021917808219178,calls,180.0,0.8846508651639725,203.4701,0.0047999998,0.04,53.37,51.95,52.4,0.5140734628295899,12055.0,44.0
2027-06-17,1.021917808219178,calls,185.0,0.9092245003074162,203.4701,0.0047999998,0.04,50.0,49.35,49.75,0.5110522528076171,4868.0,22.0
2027-06-17,1.021917808219178,calls,190.0,0.9337981354508599,203.4701,0.0047999998,0.04,49.35,46.7,47.15,0.5067798345947265,10093.0,6.0
2027-06-17,1.021917808219178,calls,195.0,0.9583717705943036,203.4701,0.0047999998,0.04,45.9,44.3,44.7,0.5039417282104492,5862.0,22.0
2027-06-17,1.021917808219178,calls,200.0,0.9829454057377472,203.4701,0.0047999998,0.04,42.45,42.0,42.35,0.5012256909179689,23006.0,3237.0
2027-06-17,1.021917808219178,calls,205.0,1.007519040881191,203.4701,0.0047999998,0.04,41.0,39.85,40.2,0.5017750018310547,2363.0,160.0
2027-06-17,1.021917808219178,calls,210.0,1.0320926760246345,203.4701,0.0047999998,0.04,38.0,37.7,38.05,0.49898267135620117,7928.0,135.0
2027-06-17,1.021917808219178,calls,215.0,1.0566663111680783,203.4701,0.0047999998,0.04,35.84,35.7,36.05,0.4969837899780274,4941.0,28.0
2027-06-17,1.021917808219178,calls,220.0,1.0812399463115219,203.4701,0.0047999998,0.04,34.15,33.85,34.05,0.49396257995605475,9561.0,41.0
2027-06-17,1.021917808219178,calls,225.0,1.1058135814549657,203.4701,0.0047999998,0.04,32.0,31.9,32.1,0.4905751626586915,2568.0,15.0
2027-06-17,1.021917808219178,calls,230.0,1.1303872165984092,203.4701,0.0047999998,0.04,30.5,30.4,30.65,0.49228412994384774,6169.0,211.0
2027-06-17,1.021917808219178,calls,235.0,1.154960851741853,203.4701,0.0047999998,0.04,29.65,28.6,28.9,0.4894155062866212,1574.0,9.0
2027-06-17,1.021917808219178,calls,240.0,1.1795344868852966,203.4701,0.0047999998,0.04,27.85,27.25,27.5,0.48988852401733407,4628.0,68.0
2027-06-17,1.021917808219178,calls,245.0,1.2041081220287404,203.4701,0.0047999998,0.04,26.7,25.8,26.05,0.4888967126464845,1548.0,7.0
2027-06-17,1.021917808219178,calls,250.0,1.228681757172184,203.4701,0.0047999998,0.04,24.52,24.4,24.6,0.4870504176330567,16109.0,122.0
2027-06-17,1.021917808219178,calls,255.0,1.2532553923156278,203.4701,0.0047999998,0.04,24.05,23.05,23.35,0.48685205535888676,1450.0,3.0
2027-06-17,1.021917808219178,calls,260.0,1.2778290274590713,203.4701,0.0047999998,0.04,22.45,21.85,22.0,0.4846242944335938,9581.0,67.0
2027-06-17,1.021917808219178,calls,265.0,1.3024026626025151,203.4701,0.0047999998,0.04,21.61,20.7,20.9,0.4847768807983398,2493.0,32.0
2027-06-17,1.021917808219178,calls,270.0,1.3269762977459587,203.4701,0.0047999998,0.04,19.73,19.55,19.85,0.4848684326171875,5425.0,23.0
2027-06-17,1.021917808219178,calls,275.0,1.3515499328894025,203.4701,0.0047999998,0.04,20.9,18.55,18.85,0.4848836912536621,2472.0,1.0
2027-06-17,1.021917808219178,calls,280.0,1.376123568032846,203.4701,0.0047999998,0.04,18.2,17.65,17.8,0.4835867071533204,4235.0,47.0
2027-06-17,1.021917808219178,calls,285.0,1.4006972031762899,203.4701,0.0047999998,0.04,17.3,16.7,17.0,0.48492946716308594,1169.0,15.0
2027-06-17,1.021917808219178,calls,290.0,1.4252708383197334,203.4701,0.0047999998,0.04,17.8,15.85,16.1,0.48431912170410163,5405.0,48.0
2027-06-17,1.021917808219178,calls,295.0,1.449844473463177,203.4701,0.0047999998,0.04,17.5,15.0,15.35,0.48517360534667964,1448.0,2.0
2027-06-17,1.021917808219178,calls,300.0,1.4744181086066208,203.4701,0.0047999998,0.04,14.45,14.2,14.45,0.4833425689697266,21640.0,178.0
2027-06-17,1.021917808219178,calls,310.0,1.5235653788935082,203.4701,0.0047999998,0.04,13.6,12.85,13.15,0.48511257080078124,2745.0,2.0
2027-06-17,1.021917808219178,calls,320.0,1.5727126491803955,203.4701,0.0047999998,0.04,12.39,11.65,11.9,0.48560084716796875,4015.0,76.0
2027-06-17,1.021917808219178,calls,330.0,1.621859919467283,203.4701,0.0047999998,0.04,10.7,10.5,10.8,0.48648584808349615,2934.0,9.0
2027-06-17,1.021917808219178,calls,340.0,1.6710071897541703,203.4701,0.0047999998,0.04,10.7,9.5,9.7,0.48550929534912113,4142.0,8.0
2027-06-17,1.021917808219178,calls,350.0,1.7201544600410577,203.4701,0.0047999998,0.04,9.18,8.8,9.0,0.4896291271972657,7833.0,32.0
2027-06-17,1.021917808219178,calls,360.0,1.769301730327945,203.4701,0.0047999998,0.04,8.6,7.9,8.2,0.4905751626586915,1877.0,20.0
2027-06-17,1.021917808219178,calls,370.0,1.8184490006148324,203.4701,0.0047999998,0.04,8.3,7.2,7.4,0.49002585174560553,5102.0,1.0
2027-06-17,1.021917808219178,calls,380.0,1.8675962709017198,203.4701,0.0047999998,0.04,6.6,6.55,6.7,0.48993429992675785,4334.0,7.0
2027-06-17,1.021917808219178,calls,390.0,1.9167435411886071,203.4701,0.0047999998,0.04,6.6,6.0,6.3,0.4947255117797852,961.0,1.0
2027-06-17,1.021917808219178,calls,400.0,1.9658908114754945,203.4701,0.0047999998,0.04,5.9,5.55,5.75,0.4953053399658204,1717.0,2.0
2027-06-17,1.021917808219178,calls,410.0,2.015038081762382,203.4701,0.0047999998,0.04,5.75,5.0,5.2,0.49469499450683596,736.0,1.0
2027-06-17,1.021917808219178,calls,420.0,2.064185352049269,203.4701,0.0047999998,0.04,5.08,4.6,4.85,0.49768568725585943,4728.0,2.0
2027-06-17,1.021917808219178,calls,430.0,2.1133326223361566,203.4701,0.0047999998,0.04,4.85,4.25,4.45,0.4985401708984375,23.0,6.0
2027-06-17,1.021917808219178,calls,440.0,2.1624798926230437,203.4701,0.0047999998,0.04,4.64,3.85,4.15,0.501103621826172,266.0,11.0
2027-06-17,1.021917808219178,calls,450.0,2.2116271629099313,203.4701,0.0047999998,0.04,3.82,3.65,3.85,0.500005,744.0,2.0
2027-06-17,1.021917808219178,calls,455.0,2.2362007980533747,203.4701,0.0047999998,0.04,4.05,3.55,3.75,0.5020191400146485,248.0,3.0
2027-06-17,1.021917808219178,calls,460.0,2.2607744331968185,203.4701,0.0047999998,0.04,3.45,3.35,3.55,0.5008594836425782,1178.0,27.0
2027-06-17,1.021917808219178,puts,5.0,0.02457363514344368,203.4701,0.0047999998,0.04,0.01,0.0,0.02,1.1875040625,4361.0,21.0
2027-06-17,1.021917808219178,puts,10.0,0.04914727028688736,203.4701,0.0047999998,0.04,0.03,0.0,0.0,0.500005,0.0,1.0
2027-06-17,1.021917808219178,puts,15.0,0.07372090543033104,203.4701,0.0047999998,0.04,0.05,0.01,0.12,0.9785158398437501,427.0,11.0
2027-06-17,1.021917808219178,puts,20.0,0.09829454057377472,203.4701,0.0047999998,0.04,0.05,0.01,0.18,0.9023447265625,542.0,1.0
2027-06-17,1.021917808219178,puts,25.0,0.1228681757172184,203.4701,0.0047999998,0.04,0.07,0.03,0.21,0.8359391406249999,858.0,1.0
2027-06-17,1.021917808219178,puts,30.0,0.14744181086066208,203.4701,0.0047999998,0.04,0.13,0.08,0.21,0.77929908203125,11283.0,100.0
2027-06-17,1.021917808219178,puts,35.0,0.17201544600410576,203.4701,0.0047999998,0.04,0.15,0.1,0.25,0.7334011035156249,521.0,1.0
2027-06-17,1.021917808219178,puts,40.0,0.19658908114754944,203.4701,0.0047999998,0.04,0.22,0.14,0.3,0.6982452050781252,1292.0,12.0
2027-06-17,1.021917808219178,puts,45.0,0.22116271629099313,203.4701,0.0047999998,0.04,0.28,0.21,0.35,0.6694368994140626,1369.0,1.0
2027-06-17,1.021917808219178,puts,50.0,0.2457363514344368,203.4701,0.0047999998,0.04,0.36,0.26,0.41,0.639652041015625,4922.0,100.0
2027-06-17,1.021917808219178,puts,55.0,0.27030998657788047,203.4701,0.0047999998,0.04,0.59,0.37,0.46,0.6167030517578126,2633.0,4.0
2027-06-17,1.021917808219178,puts,60.0,0.29488362172132415,203.4701,0.0047999998,0.04,0.56,0.48,0.56,0.5976602734375001,2058.0,1.0
2027-06-17,1.021917808219178,puts,65.0,0.31945725686476784,203.4701,0.0047999998,0.04,0.66,0.54,0.68,0.5749554223632812,1216.0,4.0
2027-06-17,1.021917808219178,puts,70.0,0.3440308920082115,203.4701,0.0047999998,0.04,0.8,0.75,0.89,0.5676312768554688,3165.0,20.0
2027-06-17,1.021917808219178,puts,75.0,0.3686045271516552,203.4701,0.0047999998,0.04,0.96,0.93,1.05,0.5520064331054688,8102.0,11.0
2027-06-17,1.021917808219178,puts,80.0,0.3931781622950989,203.4701,0.0047999998,0.04,1.2,1.12,1.2,0.5351608984375,5537.0,4.0
2027-06-17,1.021917808219178,puts,85.0,0.41775179743854257,203.4701,0.0047999998,0.04,1.49,1.35,1.5,0.5246629565429688,8625.0,11.0
2027-06-17,1.021917808219178,puts,90.0,0.44232543258198626,203.4701,0.0047999998,0.04,1.65,1.65,1.75,0.5127001855468749,3570.0,20.0
2027-06-17,1.021917808219178,puts,95.0,0.46689906772542994,203.4701,0.0047999998,0.04,1.86,2.03,2.12,0.504765694580078,4201.0,5.0
2027-06-17,1.021917808219178,puts,100.0,0.4914727028688736,203.4701,0.0047999998,0.04,2.44,2.39,2.5,0.4968312036132813,15878.0,19.0
2027-06-17,1.021917808219178,puts,105.0,0.5160463380123173,203.4701,0.0047999998,0.04,2.71,2.83,2.97,0.4885915399169922,4582.0,1.0
2027-06-17,1.021917808219178,puts,110.0,0.5406199731557609,203.4701,0.0047999998,0.04,3.32,3.3,3.5,0.4805960144042969,8505.0,20.0
2027-06-17,1.021917808219178,puts,115.0,0.5651936082992046,203.4701,0.0047999998,0.04,3.88,4.0,4.15,0.4747977325439453,5679.0,1.0
2027-06-17,1.021917808219178,puts,120.0,0.5897672434426483,203.4701,0.0047999998,0.04,4.61,4.65,4.85,0.4682670361328125,8568.0,60.0
2027-06-17,1.021917808219178,puts,125.0,0.614340878586092,203.4701,0.0047999998,0.04,5.45,5.45,5.65,0.46252978881835943,9346.0,87.0
2027-06-17,1.021917808219178,puts,130.0,0.6389145137295357,203.4701,0.0047999998,0.04,6.25,6.25,6.5,0.4559990924072266,10945.0,28.0
2027-06-17,1.021917808219178,puts,135.0,0.6634881488729794,203.4701,0.0047999998,0.04,6.9,7.25,7.45,0.45001770690917964,4067.0,80.0
2027-06-17,1.021917808219178,puts,140.0,0.688061784016423,203.4701,0.0047999998,0.04,8.2,8.25,8.5,0.4443720114135742,16356.0,95.0
2027-06-17,1.021917808219178,puts,145.0,0.7126354191598667,203.4701,0.0047999998,0.04,9.2,9.55,9.75,0.4409235595703125,3760.0,4.0
2027-06-17,1.021917808219178,puts,150.0,0.7372090543033104,203.4701,0.0047999998,0.04,10.15,10.85,11.1,0.4372920040893554,34339.0,1.0
2027-06-17,1.021917808219178,puts,155.0,0.7617826894467541,203.4701,0.0047999998,0.04,11.85,12.3,12.5,0.43268389587402345,4009.0,9.0
2027-06-17,1.021917808219178,puts,160.0,0.7863563245901978,203.4701,0.0047999998,0.04,13.5,13.75,13.95,0.42719078674316413,9881.0,5.0
2027-06-17,1.021917808219178,puts,165.0,0.8109299597336415,203.4701,0.0047999998,0.04,15.1,15.5,15.75,0.4256038885498047,4929.0,3.0
2027-06-17,1.021917808219178,puts,170.0,0.8355035948770851,203.4701,0.0047999998,0.04,17.35,17.25,17.5,0.42139250488281255,8045.0,15.0
2027-06-17,1.021917808219178,puts,175.0,0.8600772300205288,203.4701,0.0047999998,0.04,18.79,19.3,19.45,0.4184933639526367,5546.0,102.0
2027-06-17,1.021917808219178,puts,180.0,0.8846508651639725,203.4701,0.0047999998,0.04,20.6,21.2,21.45,0.41464818756103516,16808.0,51.0
2027-06-17,1.021917808219178,puts,185.0,0.9092245003074162,203.4701,0.0047999998,0.04,22.75,23.3,23.6,0.41129128753662114,7008.0,234.0
2027-06-17,1.021917808219178,puts,190.0,0.9337981354508599,203.4701,0.0047999998,0.04,25.35,25.6,25.95,0.40903300933837883,7911.0,5.0
2027-06-17,1.021917808219178,puts,195.0,0.9583717705943036,203.4701,0.0047999998,0.04,27.35,27.95,28.35,0.4059202474975586,2658.0,1.0
2027-06-17,1.021917808219178,puts,200.0,0.9829454057377472,203.4701,0.0047999998,0.04,30.8,30.55,30.8,0.4019835192871094,9174.0,12.0
2027-06-17,1.021917808219178,puts,205.0,1.007519040881191,203.4701,0.0047999998,0.04,32.5,33.2,33.55,0.40039662109375,1606.0,2.0
2027-06-17,1.021917808219178,puts,210.0,1.0320926760246345,203.4701,0.0047999998,0.04,35.1,35.95,36.35,0.39801627380371096,8020.0,26.0
2027-06-17,1.021917808219178,puts,215.0,1.0566663111680783,203.4701,0.0047999998,0.04,38.85,38.85,39.25,0.39549859878540045,1571.0,3.0
2027-06-17,1.021917808219178,puts,220.0,1.0812399463115219,203.4701,0.0047999998,0.04,41.6,41.85,42.25,0.39288937194824214,2491.0,143.0
2027-06-17,1.021917808219178,puts,225.0,1.1058135814549657,203.4701,0.0047999998,0.04,44.0,44.85,45.3,0.3896240237426758,2042.0,7.0
2027-06-17,1.021917808219178,puts,230.0,1.1303872165984092,203.4701,0.0047999998,0.04,48.15,48.15,48.55,0.3875183319091796,2801.0,60.0
2027-06-17,1.021917808219178,puts,235.0,1.154960851741853,203.4701,0.0047999998,0.04,51.47,51.4,51.95,0.3860535028076171,714.0,2.0
2027-06-17,1.021917808219178,puts,240.0,1.1795344868852966,203.4701,0.0047999998,0.04,54.6,54.8,55.3,0.3827576373291015,1627.0,11.0
2027-06-17,1.021917808219178,puts,245.0,1.2041081220287404,203.4701,0.0047999998,0.04,58.5,58.25,58.8,0.38019418640136715,484.0,4.0
2027-06-17,1.021917808219178,puts,250.0,1.228681757172184,203.4701,0.0047999998,0.04,59.42,61.8,62.45,0.378363150024414,1871.0,53.0
2027-06-17,1.021917808219178,puts,255.0,1.2532553923156278,203.4701,0.0047999998,0.04,56.8,65.1,66.7,0.3833069482421875,143.0,2.0
2027-06-17,1.021917808219178,puts,260.0,1.2778290274590713,203.4701,0.0047999998,0.04,66.5,68.95,69.85,0.3726564199829102,1130.0,40.0
2027-06-17,1.021917808219178,puts,265.0,1.3024026626025151,203.4701,0.0047999998,0.04,66.8,72.95,73.7,0.3701692622375488,322.0,2.0
2027-06-17,1.021917808219178,puts,270.0,1.3269762977459587,203.4701,0.0047999998,0.04,70.0,76.9,77.65,0.3679872772216797,2009.0,13.0
2027-06-17,1.021917808219178,puts,275.0,1.3515499328894025,203.4701,0.0047999998,0.04,78.0,80.85,82.15,0.3728700408935547,316.0,27.0
2027-06-17,1.021917808219178,puts,280.0,1.376123568032846,203.4701,0.0047999998,0.04,82.34,84.7,85.95,0.3664919308471679,2724.0,10.0
2027-06-17,1.021917808219178,puts,285.0,1.4006972031762899,203.4701,0.0047999998,0.04,85.93,88.7,89.8,0.35953399261474606,268.0,15.0
2027-06-17,1.021917808219178,puts,290.0,1.4252708383197334,203.4701,0.0047999998,0.04,91.49,93.15,93.95,0.3561160580444336,967.0,30.0
2027-06-17,1.021917808219178,puts,295.0,1.449844473463177,203.4701,0.0047999998,0.04,86.37,97.4,98.2,0.3533084689331054,79.0,1.0
2027-06-17,1.021917808219178,puts,300.0,1.4744181086066208,203.4701,0.0047999998,0.04,99.8,101.7,102.55,0.35123329437255857,1036.0,31.0
2027-06-17,1.021917808219178,puts,310.0,1.5235653788935082,203.4701,0.0047999998,0.04,90.0,110.2,111.85,0.35608554077148435,496.0,3.0
2027-06-17,1.021917808219178,puts,320.0,1.5727126491803955,203.4701,0.0047999998,0.04,113.65,119.2,120.85,0.35217932983398437,265.0,6.0
2027-06-17,1.021917808219178,puts,330.0,1.621859919467283,203.4701,0.0047999998,0.04,122.9,127.75,129.5,0.3351201742553711,22.0,2.0
2027-06-17,1.021917808219178,puts,340.0,1.6710071897541703,203.4701,0.0047999998,0.04,133.65,136.9,139.15,0.33978931701660153,59.0,20.0
2027-06-17,1.021917808219178,puts,350.0,1.7201544600410577,203.4701,0.0047999998,0.04,131.44,146.7,148.4,0.3292913751220703,75.0,5.0
2027-06-17,1.021917808219178,puts,360.0,1.769301730327945,203.4701,0.0047999998,0.04,148.95,155.75,158.0,0.32660585510253903,20.0,15.0
2027-06-17,1.021917808219178,puts,370.0,1.8184490006148324,203.4701,0.0047999998,0.04,142.5,165.0,168.85,0.36975727905273437,3.0,3.0
2027-06-17,1.021917808219178,puts,380.0,1.8675962709017198,203.4701,0.0047999998,0.04,171.89,175.35,177.15,0.3045723840332031,9.0,3.0
2027-06-17,1.021917808219178,puts,390.0,1.9167435411886071,203.4701,0.0047999998,0.04,171.9,185.05,187.05,0.30725790405273434,5.0,3.0
2027-06-17,1.021917808219178,puts,400.0,1.9658908114754945,203.4701,0.0047999998,0.04,176.47,194.75,198.2,0.38019418640136715,0.0,33.0
2027-06-17,1.021917808219178,puts,410.0,2.015038081762382,203.4701,0.0047999998,0.04,196.7,200.0,202.95,1.0000000000000003e-05,0.0,3.0
2027-06-17,1.021917808219178,puts,420.0,2.064185352049269,203.4701,0.0047999998,0.04,223.0,0.0,0.0,1.0000000000000003e-05,0.0,10.0
2027-06-17,1.021917808219178,puts,440.0,2.1624798926230437,203.4701,0.0047999998,0.04,222.0,234.3,238.05,0.413519048461914,0.0,1.0
2027-06-17,1.021917808219178,puts,450.0,2.2116271629099313,203.4701,0.0047999998,0.04,224.54,244.5,247.15,0.36963520996093746,0.0,0.0
2027-06-17,1.021917808219178,puts,460.0,2.2607744331968185,203.4701,0.0047999998,0.04,254.0,254.65,258.5,0.4514215014648438,0.0,1.0
2027-09-17,1.273972602739726,calls,55.0,0.27030998657788047,203.4701,0.0047999998,0.04,167.28,148.1,155.7,0.8303239624023437,175.0,1.0
2027-09-17,1.273972602739726,calls,60.0,0.29488362172132415,203.4701,0.0047999998,0.04,157.07,143.5,151.1,0.8007832421875,44.0,1.0
2027-09-17,1.273972602739726,calls,65.0,0.31945725686476784,203.4701,0.0047999998,0.04,147.73,139.2,146.55,0.7810080493164062,77.0,2.0
2027-09-17,1.273972602739726,calls,70.0,0.3440308920082115,203.4701,0.0047999998,0.04,143.0,136.9,140.95,0.7811301184082031,88.0,1.0
2027-09-17,1.273972602739726,calls,75.0,0.3686045271516552,203.4701,0.0047999998,0.04,138.58,131.9,136.25,0.7418238708496092,21.0,1.0
2027-09-17,1.273972602739726,calls,80.0,0.3931781622950989,203.4701,0.0047999998,0.04,146.62,127.9,132.55,0.7415186981201172,83.0,2.0
2027-09-17,1.273972602739726,calls,85.0,0.41775179743854257,203.4701,0.0047999998,0.04,142.22,123.15,127.75,0.7074614215087891,45.0,2.0
2027-09-17,1.273972602739726,calls,90.0,0.44232543258198626,203.4701,0.0047999998,0.04,137.81,119.8,122.9,0.6960479614257813,205.0,2.0
2027-09-17,1.273972602739726,calls,95.0,0.46689906772542994,203.4701,0.0047999998,0.04,117.66,115.25,117.8,0.6628451684570313,126.0,1.0
2027-09-17,1.273972602739726,calls,100.0,0.4914727028688736,203.4701,0.0047999998,0.04,117.0,111.5,113.35,0.6507603283691408,81.0,8.0
2027-09-17,1.273972602739726,calls,105.0,0.5160463380123173,203.4701,0.0047999998,0.04,113.05,107.4,109.0,0.6346472082519532,37.0,1.0
2027-09-17,1.273972602739726,calls,110.0,0.5406199731557609,203.4701,0.0047999998,0.04,106.99,103.2,105.05,0.6217078845214845,281.0,46.0
2027-09-17,1.273972602739726,calls,115.0,0.5651936082992046,203.4701,0.0047999998,0.04,105.25,99.45,101.45,0.6167335690307618,218.0,1.0
2027-09-17,1.273972602739726,calls,120.0,0.5897672434426483,203.4701,0.0047999998,0.04,100.81,95.35,96.45,0.592350267944336,293.0,1.0
2027-09-17,1.273972602739726,calls,125.0,0.614340878586092,203.4701,0.0047999998,0.04,96.43,91.6,93.0,0.5869792279052735,107.0,13.0
2027-09-17,1.273972602739726,calls,130.0,0.6389145137295357,203.4701,0.0047999998,0.04,91.9,86.95,89.9,0.5752300778198242,461.0,36.0
2027-09-17,1.273972602739726,calls,135.0,0.6634881488729794,203.4701,0.0047999998,0.04,87.35,83.95,85.8,0.5684247259521484,534.0,2.0
2027-09-17,1.273972602739726,calls,140.0,0.688061784016423,203.4701,0.0047999998,0.04,83.6,80.75,82.05,0.5617719604492188,735.0,50.0
2027-09-17,1.273972602739726,calls,145.0,0.7126354191598667,203.4701,0.0047999998,0.04,81.1,78.0,79.1,0.5638166177368166,115.0,1.0
2027-09-17,1.273972602739726,calls,150.0,0.7372090543033104,203.4701,0.0047999998,0.04,76.75,73.95,75.5,0.5495040167236329,898.0,1.0
2027-09-17,1.273972602739726,calls,155.0,0.7617826894467541,203.4701,0.0047999998,0.04,74.0,71.0,72.3,0.545628323059082,410.0,7.0
2027-09-17,1.273972602739726,calls,160.0,0.7863563245901978,203.4701,0.0047999998,0.04,72.06,67.9,69.0,0.5388534884643555,387.0,3.0
2027-09-17,1.273972602739726,calls,165.0,0.8109299597336415,203.4701,0.0047999998,0.04,66.05,65.0,65.85,0.5335282243347168,256.0,1.0
2027-09-17,1.273972602739726,calls,170.0,0.8355035948770851,203.4701,0.0047999998,0.04,63.81,61.95,63.2,0.5295152029418947,448.0,1.0
2027-09-17,1.273972602739726,calls,175.0,0.8600772300205288,203.4701,0.0047999998,0.04,63.5,59.15,60.3,0.524495111541748,611.0,4.0
2027-09-17,1.273972602739726,calls,180.0,0.8846508651639725,203.4701,0.0047999998,0.04,58.32,56.65,57.45,0.5207109696960448,685.0,4.0
2027-09-17,1.273972602739726,calls,185.0,0.9092245003074162,203.4701,0.0047999998,0.04,55.5,54.05,54.85,0.516881051940918,873.0,1.0
2027-09-17,1.273972602739726,calls,190.0,0.9337981354508599,203.4701,0.0047999998,0.04,53.99,51.45,52.35,0.5127001855468749,1477.0,2.0
2027-09-17,1.273972602739726,calls,195.0,0.9583717705943036,203.4701,0.0047999998,0.04,51.43,49.1,50.05,0.5102740623474122,900.0,9.0
2027-09-17,1.273972602739726,calls,200.0,0.9829454057377472,203.4701,0.0047999998,0.04,47.56,47.2,47.85,0.5100757000732423,1819.0,9.0
2027-09-17,1.273972602739726,calls,205.0,1.007519040881191,203.4701,0.0047999998,0.04,49.1,45.0,45.7,0.5075275077819823,2021.0,176.0
2027-09-17,1.273972602739726,calls,210.0,1.0320926760246345,203.4701,0.0047999998,0.04,44.5,42.75,43.45,0.503285606842041,2549.0,40.0
2027-09-17,1.273972602739726,calls,215.0,1.0566663111680783,203.4701,0.0047999998,0.04,43.1,40.9,41.6,0.5026905200195313,714.0,15.0
2027-09-17,1.273972602739726,calls,220.0,1.0812399463115219,203.4701,0.0047999998,0.04,40.4,39.0,39.4,0.5012562081909181,3100.0,254.0
2027-09-17,1.273972602739726,calls,225.0,1.1058135814549657,203.4701,0.0047999998,0.04,39.53,37.2,37.8,0.501805519104004,3269.0,2.0
2027-09-17,1.273972602739726,calls,230.0,1.1303872165984092,203.4701,0.0047999998,0.04,36.35,35.4,36.05,0.49991344818115235,1045.0,5.0
2027-09-17,1.273972602739726,calls,235.0,1.154960851741853,203.4701,0.0047999998,0.04,36.2,33.95,34.55,0.5000355172729493,370.0,7.0
2027-09-17,1.273972602739726,calls,240.0,1.1795344868852966,203.4701,0.0047999998,0.04,33.65,32.3,32.75,0.4961750822448731,2481.0,2.0
2027-09-17,1.273972602739726,calls,245.0,1.2041081220287404,203.4701,0.0047999998,0.04,33.93,30.9,31.3,0.4954426676940918,508.0,21.0
2027-09-17,1.273972602739726,calls,250.0,1.228681757172184,203.4701,0.0047999998,0.04,30.8,29.5,29.95,0.49513749496459963,2631.0,81.0
2027-09-17,1.273972602739726,calls,255.0,1.2532553923156278,203.4701,0.0047999998,0.04,30.95,28.15,28.55,0.4936574072265626,595.0,21.0
2027-09-17,1.273972602739726,calls,260.0,1.2778290274590713,203.4701,0.0047999998,0.04,28.2,26.85,27.3,0.4931996481323243,1135.0,6.0
2027-09-17,1.273972602739726,calls,265.0,1.3024026626025151,203.4701,0.0047999998,0.04,28.6,25.65,26.0,0.49158223266601564,1031.0,6.0
2027-09-17,1.273972602739726,calls,270.0,1.3269762977459587,203.4701,0.0047999998,0.04,27.0,24.45,24.85,0.4910634390258789,1810.0,3.0
2027-09-17,1.273972602739726,calls,275.0,1.3515499328894025,203.4701,0.0047999998,0.04,24.7,23.4,23.85,0.4916737844848633,1058.0,33.0
2027-09-17,1.273972602739726,calls,280.0,1.376123568032846,203.4701,0.0047999998,0.04,25.0,22.3,22.75,0.4906209385681153,1625.0,29.0
2027-09-17,1.273972602739726,calls,285.0,1.4006972031762899,203.4701,0.0047999998,0.04,23.95,21.5,21.95,0.4924977508544922,1206.0,4.0
2027-09-17,1.273972602739726,calls,290.0,1.4252708383197334,203.4701,0.0047999998,0.04,22.6,20.55,20.9,0.49100240447998045,1175.0,80.0
2027-09-17,1.273972602739726,calls,295.0,1.449844473463177,203.4701,0.0047999998,0.04,21.3,19.6,19.95,0.49016317947387705,1240.0,1.0
2027-09-17,1.273972602739726,calls,300.0,1.4744181086066208,203.4701,0.0047999998,0.04,19.8,18.75,19.1,0.49004111038208015,5596.0,4.0
2027-09-17,1.273972602739726,calls,310.0,1.5235653788935082,203.4701,0.0047999998,0.04,18.07,17.2,17.55,0.49026998992919923,1289.0,42.0
2027-09-17,1.273972602739726,calls,320.0,1.5727126491803955,203.4701,0.0047999998,0.04,17.7,15.8,16.3,0.4925893026733399,1441.0,16.0
2027-09-17,1.273972602739726,calls,330.0,1.621859919467283,203.4701,0.0047999998,0.04,15.85,14.45,14.75,0.489537575378418,1340.0,22.0
2027-09-17,1.273972602739726,calls,340.0,1.6710071897541703,203.4701,0.0047999998,0.04,14.9,13.4,13.8,0.4928334408569337,1957.0,2.0
2027-09-17,1.273972602739726,calls,350.0,1.7201544600410577,203.4701,0.0047999998,0.04,13.17,12.35,12.75,0.4935353381347657,919.0,3.0
2027-09-17,1.273972602739726,calls,360.0,1.769301730327945,203.4701,0.0047999998,0.04,12.35,11.4,11.8,0.4943593045043946,360.0,53.0
2027-09-17,1.273972602739726,calls,370.0,1.8184490006148324,203.4701,0.0047999998,0.04,12.8,10.4,10.75,0.49252826812744144,2224.0,1.0
2027-09-17,1.273972602739726,calls,380.0,1.8675962709017198,203.4701,0.0047999998,0.04,11.5,9.75,10.1,0.49551896087646485,388.0,9.0
2027-09-17,1.273972602739726,calls,390.0,1.9167435411886071,203.4701,0.0047999998,0.04,9.05,8.95,9.15,0.49277240631103525,1021.0,2.0
2027-09-17,1.273972602739726,calls,400.0,1.9658908114754945,203.4701,0.0047999998,0.04,9.5,8.3,8.6,0.4954579263305664,257.0,1.0
2027-09-17,1.273972602739726,calls,410.0,2.015038081762382,203.4701,0.0047999998,0.04,8.69,7.7,7.9,0.49469499450683596,48.0,11.0
2027-09-17,1.273972602739726,calls,420.0,2.064185352049269,203.4701,0.0047999998,0.04,8.25,7.2,7.55,0.4992420681762696,346.0,1.0
2027-09-17,1.273972602739726,calls,430.0,2.1133326223361566,203.4701,0.0047999998,0.04,10.75,6.65,6.9,0.4975636181640626,45.0,1.0
2027-09-17,1.273972602739726,calls,440.0,2.1624798926230437,203.4701,0.0047999998,0.04,7.3,6.25,6.55,0.5007984490966797,168.0,45.0
2027-09-17,1.273972602739726,calls,450.0,2.2116271629099313,203.4701,0.0047999998,0.04,6.7,5.8,6.0,0.49933361999511716,1772.0,30.0
2027-09-17,1.273972602739726,calls,455.0,2.2362007980533747,203.4701,0.0047999998,0.04,8.38,5.7,5.95,0.5003406900024415,88.0,11.0
2027-09-17,1.273972602739726,calls,460.0,2.2607744331968185,203.4701,0.0047999998,0.04,6.25,5.4,5.75,0.5033313827514648,421.0,1.0
2027-09-17,1.273972602739726,puts,55.0,0.27030998657788047,203.4701,0.0047999998,0.04,0.67,0.56,0.79,0.5961954443359375,1690.0,4.0
2027-09-17,1.273972602739726,puts,60.0,0.29488362172132415,203.4701,0.0047999998,0.04,0.82,0.7,0.84,0.5708050732421875,209.0,5.0
2027-09-17,1.273972602739726,puts,65.0,0.31945725686476784,203.4701,0.0047999998,0.04,0.9,0.87,1.05,0.5568891967773439,192.0,20.0
2027-09-17,1.273972602739726,puts,70.0,0.3440308920082115,203.4701,0.0047999998,0.04,1.08,1.09,1.31,0.5454147021484376,389.0,2.0
2027-09-17,1.273972602739726,puts,75.0,0.3686045271516552,203.4701,0.0047999998,0.04,1.4,1.32,1.45,0.5275926147460939,114.0,2.0
2027-09-17,1.273972602739726,puts,80.0,0.3931781622950989,203.4701,0.0047999998,0.04,1.77,1.64,1.82,0.5199022619628906,166.0,21.0
2027-09-17,1.273972602739726,puts,85.0,0.41775179743854257,203.4701,0.0047999998,0.04,1.93,1.96,2.17,0.5090381127929688,532.0,1.0
2027-09-17,1.273972602739726,puts,90.0,0.44232543258198626,203.4701,0.0047999998,0.04,2.5,2.36,2.47,0.500005,559.0,5.0
2027-09-17,1.273972602739726,puts,95.0,0.46689906772542994,203.4701,0.0047999998,0.04,2.89,2.8,2.92,0.4910329217529297,959.0,10.0
2027-09-17,1.273972602739726,puts,100.0,0.4914727028688736,203.4701,0.0047999998,0.04,3.25,3.2,3.45,0.48340360351562506,1792.0,1.0
2027-09-17,1.273972602739726,puts,105.0,0.5160463380123173,203.4701,0.0047999998,0.04,3.85,3.8,4.05,0.47626256164550784,508.0,1.0
2027-09-17,1.273972602739726,puts,110.0,0.5406199731557609,203.4701,0.0047999998,0.04,4.53,4.45,4.75,0.4704032452392578,862.0,7.0
2027-09-17,1.273972602739726,puts,115.0,0.5651936082992046,203.4701,0.0047999998,0.04,5.1,5.2,5.5,0.46393358337402346,731.0,5.0
2027-09-17,1.273972602739726,puts,120.0,0.5897672434426483,203.4701,0.0047999998,0.04,6.15,6.0,6.3,0.45703667968750006,1995.0,4.0
2027-09-17,1.273972602739726,puts,125.0,0.614340878586092,203.4701,0.0047999998,0.04,7.02,7.0,7.35,0.45432064239501957,1817.0,20.0
2027-09-17,1.273972602739726,puts,130.0,0.6389145137295357,203.4701,0.0047999998,0.04,8.27,8.0,8.25,0.4463861514282227,3424.0,29.0
2027-09-17,1.273972602739726,puts,135.0,0.6634881488729794,203.4701,0.0047999998,0.04,9.42,9.2,9.5,0.4440058041381836,2499.0,4.0
2027-09-17,1.273972602739726,puts,140.0,0.688061784016423,203.4701,0.0047999998,0.04,10.12,10.45,10.75,0.43970286865234376,3947.0,74.0
2027-09-17,1.273972602739726,puts,145.0,0.7126354191598667,203.4701,0.0047999998,0.04,12.12,11.8,12.1,0.43555251953125,1610.0,2.0
2027-09-17,1.273972602739726,puts,150.0,0.7372090543033104,203.4701,0.0047999998,0.04,13.0,13.25,13.55,0.4314326876831055,3682.0,15.0
2027-09-17,1.273972602739726,puts,155.0,0.7617826894467541,203.4701,0.0047999998,0.04,15.01,14.8,15.1,0.4274044076538086,658.0,2.0
2027-09-17,1.273972602739726,puts,160.0,0.7863563245901978,203.4701,0.0047999998,0.04,15.95,16.4,16.75,0.4233761276245117,764.0,9.0
2027-09-17,1.273972602739726,puts,165.0,0.8109299597336415,203.4701,0.0047999998,0.04,17.8,18.25,18.6,0.4207211248779297,795.0,2.0
2027-09-17,1.273972602739726,puts,170.0,0.8355035948770851,203.4701,0.0047999998,0.04,20.09,20.2,20.55,0.41797457031249996,1180.0,13.0
2027-09-17,1.273972602739726,puts,175.0,0.8600772300205288,203.4701,0.0047999998,0.04,21.45,22.2,22.55,0.41449560119628903,839.0,27.0
2027-09-17,1.273972602739726,puts,180.0,0.8846508651639725,203.4701,0.0047999998,0.04,23.64,24.3,24.65,0.4110013734436035,5491.0,1529.0
2027-09-17,1.273972602739726,puts,185.0,0.9092245003074162,203.4701,0.0047999998,0.04,25.93,26.55,26.9,0.4080564566040039,1393.0,1.0
2027-09-17,1.273972602739726,puts,190.0,0.9337981354508599,203.4701,0.0047999998,0.04,27.3,28.95,29.25,0.405081022491455,1057.0,4.0
2027-09-17,1.273972602739726,puts,195.0,0.9583717705943036,203.4701,0.0047999998,0.04,30.82,31.45,31.8,0.40320421020507813,626.0,2.0
2027-09-17,1.273972602739726,puts,200.0,0.9829454057377472,203.4701,0.0047999998,0.04,33.3,34.0,34.4,0.4007017938232422,2831.0,3.0
2027-09-17,1.273972602739726,puts,205.0,1.007519040881191,203.4701,0.0047999998,0.04,35.47,36.55,36.95,0.3965209274291992,511.0,27.0
2027-09-17,1.273972602739726,puts,210.0,1.0320926760246345,203.4701,0.0047999998,0.04,38.6,39.4,39.8,0.39456782196044926,1070.0,3.0
2027-09-17,1.273972602739726,puts,215.0,1.0566663111680783,203.4701,0.0047999998,0.04,40.82,42.25,42.7,0.3920959228515625,558.0,1.0
2027-09-17,1.273972602739726,puts,220.0,1.0812399463115219,203.4701,0.0047999998,0.04,43.35,45.25,45.65,0.38910523010253906,582.0,150.0
2027-09-17,1.273972602739726,puts,225.0,1.1058135814549657,203.4701,0.0047999998,0.04,42.77,48.35,48.75,0.38672488281249995,333.0,2.0
2027-09-17,1.273972602739726,puts,230.0,1.1303872165984092,203.4701,0.0047999998,0.04,51.5,51.4,51.85,0.3833374655151367,123.0,3.0
2027-09-17,1.273972602739726,puts,235.0,1.154960851741853,203.4701,0.0047999998,0.04,51.03,54.75,55.25,0.3822541023254394,146.0,1.0
2027-09-17,1.273972602739726,puts,240.0,1.1795344868852966,203.4701,0.0047999998,0.04,56.85,58.0,58.55,0.37912608184814456,242.0,13.0
2027-09-17,1.273972602739726,puts,245.0,1.2041081220287404,203.4701,0.0047999998,0.04,58.02,61.25,62.15,0.378363150024414,199.0,74.0
2027-09-17,1.273972602739726,puts,250.0,1.228681757172184,203.4701,0.0047999998,0.04,61.39,64.6,65.35,0.37219866088867193,1422.0,74.0
2027-09-17,1.273972602739726,puts,255.0,1.2532553923156278,203.4701,0.0047999998,0.04,63.19,68.2,69.0,0.3701845208740234,97.0,10.0
2027-09-17,1.273972602739726,puts,260.0,1.2778290274590713,203.4701,0.0047999998,0.04,62.15,72.1,73.65,0.3789429782104492,52.0,1.0
2027-09-17,1.273972602739726,puts,265.0,1.3024026626025151,203.4701,0.0047999998,0.04,74.7,75.75,77.55,0.3783326327514648,45.0,30.0
2027-09-17,1.273972602739726,puts,270.0,1.3269762977459587,203.4701,0.0047999998,0.04,77.65,79.6,80.5,0.3653933090209961,123.0,40.0
2027-09-17,1.273972602739726,puts,275.0,1.3515499328894025,203.4701,0.0047999998,0.04,82.2,83.4,85.05,0.37103900451660154,81.0,22.0
2027-09-17,1.273972602739726,puts,280.0,1.376123568032846,203.4701,0.0047999998,0.04,84.9,87.45,88.3,0.35962554443359374,551.0,30.0
2027-09-17,1.273972602739726,puts,285.0,1.4006972031762899,203.4701,0.0047999998,0.04,88.05,91.5,92.35,0.35736726623535153,106.0,2.0
2027-09-17,1.273972602739726,puts,290.0,1.4252708383197334,203.4701,0.0047999998,0.04,92.53,95.6,96.8,0.35977813079833976,205.0,81.0
2027-09-17,1.273972602739726,puts,295.0,1.449844473463177,203.4701,0.0047999998,0.04,90.4,99.65,101.2,0.36096830444335937,958.0,46.0
2027-09-17,1.273972602739726,puts,300.0,1.4744181086066208,203.4701,0.0047999998,0.04,102.65,104.1,105.25,0.3564822653198242,898.0,2.0
2027-09-17,1.273972602739726,puts,310.0,1.5235653788935082,203.4701,0.0047999998,0.04,105.4,111.95,114.15,0.35712312805175783,909.0,37.0
2027-09-17,1.273972602739726,puts,320.0,1.5727126491803955,203.4701,0.0047999998,0.04,111.15,120.8,122.3,0.34256638885498036,2693.0,21.0
2027-09-17,1.273972602739726,puts,330.0,1.621859919467283,203.4701,0.0047999998,0.04,125.0,129.45,131.2,0.3368901760864258,1270.0,15.0
2027-09-17,1.273972602739726,puts,340.0,1.6710071897541703,203.4701,0.0047999998,0.04,146.29,121.65,125.05,1.0000000000000003e-05,2.0,1.0
2027-09-17,1.273972602739726,puts,350.0,1.7201544600410577,203.4701,0.0047999998,0.04,145.1,146.85,149.8,0.3332586206054688,4.0,2.0
2027-09-17,1.273972602739726,puts,360.0,1.769301730327945,203.4701,0.0047999998,0.04,155.47,156.4,159.3,0.3327093096923829,106.0,3.0
2027-09-17,1.273972602739726,puts,370.0,1.8184490006148324,203.4701,0.0047999998,0.04,163.25,165.8,168.7,0.3270330969238281,1.0,2.0
2027-09-17,1.273972602739726,puts,380.0,1.8675962709017198,203.4701,0.0047999998,0.04,153.2,175.6,177.9,0.3099434240722656,0.0,3.0
2027-09-17,1.273972602739726,puts,390.0,1.9167435411886071,203.4701,0.0047999998,0.04,162.3,185.35,187.75,0.313483427734375,0.0,3.0
2027-09-17,1.273972602739726,puts,400.0,1.9658908114754945,203.4701,0.0047999998,0.04,180.31,194.95,197.2,0.2946847875976562,19.0,3.0
2027-09-17,1.273972602739726,puts,410.0,2.015038081762382,203.4701,0.0047999998,0.04,191.37,205.0,207.2,0.30322962402343745,3.0,3.0
2027-09-17,1.273972602739726,puts,460.0,2.2607744331968185,203.4701,0.0047999998,0.04,245.85,254.2,258.45,0.40296007202148443,0.0,0.0
2027-12-17,1.5232876712328767,calls,5.0,0.02457363514344368,203.4701,0.0047999998,0.04,201.38,195.75,202.65,1.712892060546875,15802.0,36.0
2027-12-17,1.5232876712328767,calls,10.0,0.04914727028688736,203.4701,0.0047999998,0.04,200.0,190.4,197.85,1.2905308911132813,409.0,40.0
2027-12-17,1.5232876712328767,calls,15.0,0.07372090543033104,203.4701,0.0047999998,0.04,196.64,185.2,193.1,1.1005904345703126,520.0,50.0
2027-12-17,1.5232876712328767,calls,20.0,0.09829454057377472,203.4701,0.0047999998,0.04,205.35,181.55,188.45,1.1335492541503909,1081.0,1.0
2027-12-17,1.5232876712328767,calls,25.0,0.1228681757172184,203.4701,0.0047999998,0.04,189.85,181.2,187.95,1.4704616320800783,725.0,2.0
2027-12-17,1.5232876712328767,calls,30.0,0.14744181086066208,203.4701,0.0047999998,0.04,179.73,171.5,179.15,0.9606937524414061,791.0,2.0
2027-12-17,1.5232876712328767,calls,35.0,0.17201544600410576,203.4701,0.0047999998,0.04,175.77,168.05,174.55,0.9711916943359374,1085.0,5.0
2027-12-17,1.5232876712328767,calls,40.0,0.19658908114754944,203.4701,0.0047999998,0.04,188.25,163.5,170.0,0.929688203125,814.0,31.0
2027-12-17,1.5232876712328767,calls,45.0,0.22116271629099313,203.4701,0.0047999998,0.04,163.63,158.35,165.4,0.8706067626953125,451.0,2.0
2027-12-17,1.5232876712328767,calls,50.0,0.2457363514344368,203.4701,0.0047999998,0.04,173.95,153.5,160.85,0.8288591333007811,1178.0,2.0
2027-12-17,1.5232876712328767,calls,55.0,0.27030998657788047,203.4701,0.0047999998,0.04,155.5,149.35,156.45,0.8129291168212891,1434.0,95.0
2027-12-17,1.5232876712328767,calls,60.0,0.29488362172132415,203.4701,0.0047999998,0.04,152.0,145.1,151.8,0.7873556420898438,1650.0,2.0
2027-12-17,1.5232876712328767,calls,65.0,0.31945725686476784,203.4701,0.0047999998,0.04,155.32,140.5,145.05,0.7097196997070312,806.0,1.0
2027-12-17,1.5232876712328767,calls,70.0,0.3440308920082115,203.4701,0.0047999998,0.04,155.35,136.2,140.55,0.6925689923095704,4709.0,6.0
2027-12-17,1.5232876712328767,calls,75.0,0.3686045271516552,203.4701,0.0047999998,0.04,147.37,133.65,136.4,0.7121610815429689,1708.0,3.0
2027-12-17,1.5232876712328767,calls,80.0,0.3931781622950989,203.4701,0.0047999998,0.04,134.05,129.25,133.1,0.7081938360595703,2112.0,1.0
2027-12-17,1.5232876712328767,calls,85.0,0.41775179743854257,203.4701,0.0047999998,0.04,129.9,125.35,127.7,0.6788972540283205,1068.0,35.0
2027-12-17,1.5232876712328767,calls,90.0,0.44232543258198626,203.4701,0.0047999998,0.04,127.4,121.0,124.35,0.6724886267089845,3573.0,1.0
2027-12-17,1.5232876712328767,calls,95.0,0.46689906772542994,203.4701,0.0047999998,0.04,122.55,117.15,119.6,0.6532932620239259,4408.0,2.0
2027-12-17,1.5232876712328767,calls,100.0,0.4914727028688736,203.4701,0.0047999998,0.04,118.37,112.85,115.3,0.6342810009765626,16171.0,114.0
2027-12-17,1.5232876712328767,calls,105.0,0.5160463380123173,203.4701,0.0047999998,0.04,111.53,109.3,111.75,0.6316565155029297,7369.0,6.0
2027-12-17,1.5232876712328767,calls,110.0,0.5406199731557609,203.4701,0.0047999998,0.04,112.57,105.4,107.45,0.6161537408447266,9494.0,4.0
2027-12-17,1.5232876712328767,calls,115.0,0.5651936082992046,203.4701,0.0047999998,0.04,107.5,101.8,103.15,0.6033059689331056,3708.0,6.0
2027-12-17,1.5232876712328767,calls,120.0,0.5897672434426483,203.4701,0.0047999998,0.04,100.5,98.05,98.95,0.589573196105957,7246.0,15.0
2027-12-17,1.5232876712328767,calls,125.0,0.614340878586092,203.4701,0.0047999998,0.04,97.2,94.45,95.8,0.5857585369873046,4186.0,37.0
2027-12-17,1.5232876712328767,calls,130.0,0.6389145137295357,203.4701,0.0047999998,0.04,96.0,90.5,92.05,0.5729717996215821,7488.0,137.0
2027-12-17,1.5232876712328767,calls,135.0,0.6634881488729794,203.4701,0.0047999998,0.04,93.05,87.35,88.8,0.5698590377807617,4579.0,2.0
2027-12-17,1.5232876712328767,calls,140.0,0.688061784016423,203.4701,0.0047999998,0.04,86.52,84.2,84.95,0.5611005804443359,5253.0,1.0
2027-12-17,1.5232876712328767,calls,145.0,0.7126354191598667,203.4701,0.0047999998,0.04,82.18,80.9,82.2,0.5583540258789064,4960.0,1.0
2027-12-17,1.5232876712328767,calls,150.0,0.7372090543033104,203.4701,0.0047999998,0.04,79.89,77.85,78.7,0.5511214321899415,12779.0,17.0
2027-12-17,1.5232876712328767,calls,155.0,0.7617826894467541,203.4701,0.0047999998,0.04,79.53,74.7,75.6,0.5450942707824709,9970.0,1.0
2027-12-17,1.5232876712328767,calls,160.0,0.7863563245901978,203.4701,0.0047999998,0.04,72.26,71.7,72.75,0.5408065939331056,4627.0,2.0
2027-12-17,1.5232876712328767,calls,165.0,0.8109299597336415,203.4701,0.0047999998,0.04,73.07,69.0,69.75,0.5365646929931642,2332.0,1.0
2027-12-17,1.5232876712328767,calls,170.0,0.8355035948770851,203.4701,0.0047999998,0.04,68.35,66.25,66.9,0.5320786538696288,4381.0,10.0
2027-12-17,1.5232876712328767,calls,175.0,0.8600772300205288,203.4701,0.0047999998,0.04,65.31,63.55,64.3,0.5285386502075197,6022.0,3.0
2027-12-17,1.5232876712328767,calls,180.0,0.8846508651639725,203.4701,0.0047999998,0.04,63.8,61.1,61.85,0.5264634756469727,7895.0,2.0
2027-12-17,1.5232876712328767,calls,185.0,0.9092245003074162,203.4701,0.0047999998,0.04,60.05,58.65,59.35,0.5232591619873046,4995.0,11.0
2027-12-17,1.5232876712328767,calls,190.0,0.9337981354508599,203.4701,0.0047999998,0.04,58.2,56.25,56.85,0.5195360546875,6795.0,3.0
2027-12-17,1.5232876712328767,calls,195.0,0.9583717705943036,203.4701,0.0047999998,0.04,56.26,54.0,54.35,0.515904499206543,4687.0,25.0
2027-12-17,1.5232876712328767,calls,200.0,0.9829454057377472,203.4701,0.0047999998,0.04,52.0,51.8,52.4,0.5147448428344726,36165.0,139.0
2027-12-17,1.5232876712328767,calls,205.0,1.007519040881191,203.4701,0.0047999998,0.04,51.57,49.85,50.3,0.5133410482788084,563.0,24.0
2027-12-17,1.5232876712328767,calls,210.0,1.0320926760246345,203.4701,0.0047999998,0.04,49.83,47.7,48.5,0.5117388914489747,23323.0,20.0
2027-12-17,1.5232876712328767,calls,215.0,1.0566663111680783,203.4701,0.0047999998,0.04,48.4,45.75,46.4,0.5089465609741212,2298.0,58.0
2027-12-17,1.5232876712328767,calls,220.0,1.0812399463115219,203.4701,0.0047999998,0.04,44.38,44.05,44.4,0.5072681109619142,7701.0,28.0
2027-12-17,1.5232876712328767,calls,225.0,1.1058135814549657,203.4701,0.0047999998,0.04,44.2,42.15,42.75,0.5057269886779785,3345.0,2574.0
2027-12-17,1.5232876712328767,calls,230.0,1.1303872165984092,203.4701,0.0047999998,0.04,42.15,40.4,40.9,0.5033008654785156,17465.0,38.0
2027-12-17,1.5232876712328767,calls,235.0,1.154960851741853,203.4701,0.0047999998,0.04,40.13,38.8,39.35,0.5025379336547852,485.0,4.0
2027-12-17,1.5232876712328767,calls,240.0,1.1795344868852966,203.4701,0.0047999998,0.04,38.83,37.3,37.7,0.5011951736450196,6518.0,13.0
2027-12-17,1.5232876712328767,calls,245.0,1.2041081220287404,203.4701,0.0047999998,0.04,37.87,35.7,36.15,0.5015308636474609,258.0,3.0
2027-12-17,1.5232876712328767,calls,250.0,1.228681757172184,203.4701,0.0047999998,0.04,34.5,34.3,34.8,0.5013172427368165,7238.0,21.0
2027-12-17,1.5232876712328767,calls,255.0,1.2532553923156278,203.4701,0.0047999998,0.04,33.84,32.85,33.3,0.49908948181152346,1186.0,19.0
2027-12-17,1.5232876712328767,calls,260.0,1.2778290274590713,203.4701,0.0047999998,0.04,33.75,31.6,32.1,0.49933361999511716,3251.0,5.0
2027-12-17,1.5232876712328767,calls,265.0,1.3024026626025151,203.4701,0.0047999998,0.04,32.12,30.35,30.8,0.49811292907714844,751.0,1.0
2027-12-17,1.5232876712328767,calls,270.0,1.3269762977459587,203.4701,0.0047999998,0.04,30.45,29.2,29.65,0.49789930816650396,11406.0,11.0
2027-12-17,1.5232876712328767,calls,275.0,1.3515499328894025,203.4701,0.0047999998,0.04,29.2,28.0,28.35,0.49573258178710944,1122.0,1.0
2027-12-17,1.5232876712328767,calls,280.0,1.376123568032846,203.4701,0.0047999998,0.04,28.9,27.05,27.5,0.49768568725585943,6872.0,2.0
2027-12-17,1.5232876712328767,calls,285.0,1.4006972031762899,203.4701,0.0047999998,0.04,27.05,25.85,26.25,0.495122236328125,1017.0,1.0
2027-12-17,1.5232876712328767,calls,290.0,1.4252708383197334,203.4701,0.0047999998,0.04,27.93,24.95,25.35,0.49573258178710944,5385.0,1.0
2027-12-17,1.5232876712328767,calls,295.0,1.449844473463177,203.4701,0.0047999998,0.04,25.3,24.0,24.35,0.49493913269042966,1361.0,3.0
2027-12-17,1.5232876712328767,calls,300.0,1.4744181086066208,203.4701,0.0047999998,0.04,24.4,23.1,23.45,0.494771287689209,10878.0,23.0
2027-12-17,1.5232876712328767,calls,310.0,1.5235653788935082,203.4701,0.0047999998,0.04,22.5,21.4,21.85,0.4954884436035156,3674.0,2.0
2027-12-17,1.5232876712328767,calls,320.0,1.5727126491803955,203.4701,0.0047999998,0.04,21.0,19.85,20.25,0.49481706359863287,4904.0,21.0
2027-12-17,1.5232876712328767,calls,330.0,1.621859919467283,203.4701,0.0047999998,0.04,20.65,18.4,18.7,0.49336749313354505,4436.0,2.0
2027-12-17,1.5232876712328767,calls,340.0,1.6710071897541703,203.4701,0.0047999998,0.04,18.1,17.15,17.5,0.4946187013244629,4796.0,2.0
2027-12-17,1.5232876712328767,calls,350.0,1.7201544600410577,203.4701,0.0047999998,0.04,18.02,15.95,16.3,0.4947560290527344,4054.0,1.0
2027-12-17,1.5232876712328767,calls,360.0,1.769301730327945,203.4701,0.0047999998,0.04,16.85,14.85,15.2,0.4950001672363281,9954.0,1.0
2027-12-17,1.5232876712328767,calls,380.0,1.8675962709017198,203.4701,0.0047999998,0.04,14.2,13.05,13.45,0.49814344635009766,1484.0,2.0
2027-12-17,1.5232876712328767,calls,390.0,1.9167435411886071,203.4701,0.0047999998,0.04,13.25,12.2,12.55,0.4980824118041992,4513.0,13.0
2027-12-17,1.5232876712328767,calls,400.0,1.9658908114754945,203.4701,0.0047999998,0.04,12.1,11.35,11.75,0.49850965362548827,3020.0,1.0
2027-12-17,1.5232876712328767,calls,410.0,2.015038081762382,203.4701,0.0047999998,0.04,13.24,10.75,11.1,0.5001881036376954,860.0,1.0
2027-12-17,1.5232876712328767,calls,420.0,2.064185352049269,203.4701,0.0047999998,0.04,11.31,9.95,10.3,0.4989979299926758,4400.0,2.0
2027-12-17,1.5232876712328767,calls,430.0,2.1133326223361566,203.4701,0.0047999998,0.04,10.5,9.35,9.65,0.4992420681762696,569.0,1.0
2027-12-17,1.5232876712328767,calls,440.0,2.1624798926230437,203.4701,0.0047999998,0.04,12.97,8.75,9.0,0.49872327453613285,340.0,254.0
2027-12-17,1.5232876712328767,calls,450.0,2.2116271629099313,203.4701,0.0047999998,0.04,9.2,8.2,8.55,0.500706897277832,169.0,87.0
2027-12-17,1.5232876712328767,calls,455.0,2.2362007980533747,203.4701,0.0047999998,0.04,8.75,8.0,8.25,0.5002796554565431,311.0,15.0
2027-12-17,1.5232876712328767,calls,460.0,2.2607744331968185,203.4701,0.0047999998,0.04,8.4,7.75,8.05,0.5013172427368165,542.0,1.0
2027-12-17,1.5232876712328767,puts,5.0,0.02457363514344368,203.4701,0.0047999998,0.04,0.01,0.01,0.02,1.015629921875,29949.0,1.0
2027-12-17,1.5232876712328767,puts,10.0,0.04914727028688736,203.4701,0.0047999998,0.04,0.04,0.01,0.06,0.87500125,1087.0,31.0
2027-12-17,1.5232876712328767,puts,15.0,0.07372090543033104,203.4701,0.0047999998,0.04,0.1,0.03,0.12,0.81445498046875,23775.0,5001.0
2027-12-17,1.5232876712328767,puts,20.0,0.09829454057377472,203.4701,0.0047999998,0.04,0.14,0.01,0.14,0.72070591796875,2670.0,10.0
2027-12-17,1.5232876712328767,puts,25.0,0.1228681757172184,203.4701,0.0047999998,0.04,0.16,0.1,0.22,0.70898728515625,1405.0,52.0
2027-12-17,1.5232876712328767,puts,30.0,0.14744181086066208,203.4701,0.0047999998,0.04,0.2,0.1,0.38,0.6806672558593752,994.0,1.0
2027-12-17,1.5232876712328767,puts,35.0,0.17201544600410576,203.4701,0.0047999998,0.04,0.35,0.18,0.47,0.6523472265625001,2238.0,90.0
2027-12-17,1.5232876712328767,puts,40.0,0.19658908114754944,203.4701,0.0047999998,0.04,0.43,0.39,0.46,0.6269568554687501,4240.0,4.0
2027-12-17,1.5232876712328767,puts,45.0,0.22116271629099313,203.4701,0.0047999998,0.04,0.53,0.5,0.68,0.6125527026367189,5137.0,5.0
2027-12-17,1.5232876712328767,puts,50.0,0.2457363514344368,203.4701,0.0047999998,0.04,0.71,0.64,0.83,0.5918009570312501,9627.0,51.0
2027-12-17,1.5232876712328767,puts,55.0,0.27030998657788047,203.4701,0.0047999998,0.04,0.82,0.8,0.88,0.5659223095703125,4112.0,2.0
2027-12-17,1.5232876712328767,puts,60.0,0.29488362172132415,203.4701,0.0047999998,0.04,1.02,1.01,1.08,0.5512740185546876,16762.0,240.0
2027-12-17,1.5232876712328767,puts,65.0,0.31945725686476784,203.4701,0.0047999998,0.04,1.31,1.22,1.41,0.5404098693847659,854.0,2.0
2027-12-17,1.5232876712328767,puts,70.0,0.3440308920082115,203.4701,0.0047999998,0.04,1.57,1.5,1.66,0.5268602001953125,7625.0,7.0
2027-12-17,1.5232876712328767,puts,75.0,0.3686045271516552,203.4701,0.0047999998,0.04,1.85,1.81,2.03,0.516606396484375,11079.0,4.0
2027-12-17,1.5232876712328767,puts,80.0,0.3931781622950989,203.4701,0.0047999998,0.04,2.3,2.19,2.35,0.5050098327636718,9156.0,15.0
2027-12-17,1.5232876712328767,puts,85.0,0.41775179743854257,203.4701,0.0047999998,0.04,2.58,2.63,2.81,0.5006763800048828,9683.0,19.0
2027-12-17,1.5232876712328767,puts,90.0,0.44232543258198626,203.4701,0.0047999998,0.04,3.1,3.05,3.2,0.48767602172851565,26368.0,62.0
2027-12-17,1.5232876712328767,puts,95.0,0.46689906772542994,203.4701,0.0047999998,0.04,3.65,3.55,3.8,0.48138946350097656,5762.0,1.0
2027-12-17,1.5232876712328767,puts,100.0,0.4914727028688736,203.4701,0.0047999998,0.04,4.25,4.15,4.4,0.4731497998046875,24573.0,5.0
2027-12-17,1.5232876712328767,puts,105.0,0.5160463380123173,203.4701,0.0047999998,0.04,4.89,4.9,5.15,0.46771772521972654,2861.0,10.0
2027-12-17,1.5232876712328767,puts,110.0,0.5406199731557609,203.4701,0.0047999998,0.04,5.56,5.7,5.95,0.46179737426757816,11281.0,25.0
2027-12-17,1.5232876712328767,puts,115.0,0.5651936082992046,203.4701,0.0047999998,0.04,6.55,6.55,6.9,0.4577690942382813,6265.0,42.0
2027-12-17,1.5232876712328767,puts,120.0,0.5897672434426483,203.4701,0.0047999998,0.04,7.6,7.55,7.85,0.4519097778320313,16562.0,20.0
2027-12-17,1.5232876712328767,puts,125.0,0.614340878586092,203.4701,0.0047999998,0.04,8.65,8.65,9.0,0.4485833950805663,9600.0,4.0
2027-12-17,1.5232876712328767,puts,130.0,0.6389145137295357,203.4701,0.0047999998,0.04,9.6,9.85,10.15,0.44360907958984375,5070.0,3.0
2027-12-17,1.5232876712328767,puts,135.0,0.6634881488729794,203.4701,0.0047999998,0.04,10.95,11.05,11.3,0.4372309695434571,4221.0,12.0
2027-12-17,1.5232876712328767,puts,140.0,0.688061784016423,203.4701,0.0047999998,0.04,12.3,12.5,12.75,0.4345149322509766,15195.0,1.0
2027-12-17,1.5232876712328767,puts,145.0,0.7126354191598667,203.4701,0.0047999998,0.04,13.7,14.0,14.25,0.4310664804077149,1933.0,1.0
2027-12-17,1.5232876712328767,puts,150.0,0.7372090543033104,203.4701,0.0047999998,0.04,15.4,15.5,15.75,0.42627526855468756,13958.0,18.0
2027-12-17,1.5232876712328767,puts,155.0,0.7617826894467541,203.4701,0.0047999998,0.04,16.92,17.1,17.45,0.42304043762207033,4440.0,1.0
2027-12-17,1.5232876712328767,puts,160.0,0.7863563245901978,203.4701,0.0047999998,0.04,18.77,19.0,19.35,0.4211483666992188,5408.0,51.0
2027-12-17,1.5232876712328767,puts,165.0,0.8109299597336415,203.4701,0.0047999998,0.04,19.82,20.95,21.25,0.41794405303955073,4024.0,1.0
2027-12-17,1.5232876712328767,puts,170.0,0.8355035948770851,203.4701,0.0047999998,0.04,22.3,22.9,23.2,0.4141904284667969,7445.0,1.0
2027-12-17,1.5232876712328767,puts,175.0,0.8600772300205288,203.4701,0.0047999998,0.04,24.27,25.15,25.4,0.41228309890747067,2837.0,20.0
2027-12-17,1.5232876712328767,puts,180.0,0.8846508651639725,203.4701,0.0047999998,0.04,26.69,27.3,27.6,0.4092161129760742,3712.0,3.0
2027-12-17,1.5232876712328767,puts,185.0,0.9092245003074162,203.4701,0.0047999998,0.04,28.75,29.45,29.85,0.4056608506774902,2953.0,13.0
2027-12-17,1.5232876712328767,puts,190.0,0.9337981354508599,203.4701,0.0047999998,0.04,31.11,31.9,32.25,0.40273119247436523,2755.0,38.0
2027-12-17,1.5232876712328767,puts,195.0,0.9583717705943036,203.4701,0.0047999998,0.04,33.5,34.4,34.75,0.3998625688171387,1106.0,77.0
2027-12-17,1.5232876712328767,puts,200.0,0.9829454057377472,203.4701,0.0047999998,0.04,35.96,37.0,37.35,0.39707023834228516,7233.0,1.0
2027-12-17,1.5232876712328767,puts,205.0,1.007519040881191,203.4701,0.0047999998,0.04,39.25,39.7,40.05,0.3943847183227539,518.0,9.0
2027-12-17,1.5232876712328767,puts,210.0,1.0320926760246345,203.4701,0.0047999998,0.04,41.3,42.45,42.9,0.39227902648925783,3042.0,13.0
2027-12-17,1.5232876712328767,puts,215.0,1.0566663111680783,203.4701,0.0047999998,0.04,44.31,45.25,45.65,0.38826600509643555,693.0,62.0
2027-12-17,1.5232876712328767,puts,220.0,1.0812399463115219,203.4701,0.0047999998,0.04,46.92,48.25,48.7,0.3864044514465332,3575.0,85.0
2027-12-17,1.5232876712328767,puts,225.0,1.1058135814549657,203.4701,0.0047999998,0.04,49.8,51.35,51.8,0.3841766905212402,1093.0,1.0
2027-12-17,1.5232876712328767,puts,230.0,1.1303872165984092,203.4701,0.0047999998,0.04,54.42,54.4,54.85,0.3806214282226562,1369.0,41.0
2027-12-17,1.5232876712328767,puts,235.0,1.154960851741853,203.4701,0.0047999998,0.04,50.65,57.65,58.15,0.3787293572998046,125.0,8.0
2027-12-17,1.5232876712328767,puts,240.0,1.1795344868852966,203.4701,0.0047999998,0.04,56.48,61.0,61.45,0.37604383728027346,5928.0,5.0
2027-12-17,1.5232876712328767,puts,245.0,1.2041081220287404,203.4701,0.0047999998,0.04,58.13,64.25,65.0,0.37509780181884766,103.0,3.0
2027-12-17,1.5232876712328767,puts,250.0,1.228681757172184,203.4701,0.0047999998,0.04,66.04,67.75,68.45,0.3723817645263672,1583.0,4.0
2027-12-17,1.5232876712328767,puts,255.0,1.2532553923156278,203.4701,0.0047999998,0.04,64.0,71.1,71.95,0.3694063304138184,861.0,150.0
2027-12-17,1.5232876712328767,puts,260.0,1.2778290274590713,203.4701,0.0047999998,0.04,70.01,74.6,75.65,0.3677736563110352,830.0,203.0
2027-12-17,1.5232876712328767,puts,265.0,1.3024026626025151,203.4701,0.0047999998,0.04,77.72,78.45,79.3,0.3648745153808594,23.0,40.0
2027-12-17,1.5232876712328767,puts,270.0,1.3269762977459587,203.4701,0.0047999998,0.04,81.4,81.85,82.8,0.35962554443359374,1901.0,10.0
2027-12-17,1.5232876712328767,puts,275.0,1.3515499328894025,203.4701,0.0047999998,0.04,83.65,85.9,86.75,0.3584964053344727,91.0,45.0
2027-12-17,1.5232876712328767,puts,280.0,1.376123568032846,203.4701,0.0047999998,0.04,84.05,89.8,90.7,0.3567264035034179,821.0,151.0
2027-12-17,1.5232876712328767,puts,285.0,1.4006972031762899,203.4701,0.0047999998,0.04,85.95,93.6,94.6,0.353674676208496,51.0,20.0
2027-12-17,1.5232876712328767,puts,290.0,1.4252708383197334,203.4701,0.0047999998,0.04,95.15,97.85,99.25,0.35880157806396484,1163.0,60.0
2027-12-17,1.5232876712328767,puts,295.0,1.449844473463177,203.4701,0.0047999998,0.04,93.25,101.55,102.65,0.3484257052612304,601.0,25.0
2027-12-17,1.5232876712328767,puts,300.0,1.4744181086066208,203.4701,0.0047999998,0.04,105.16,105.45,106.6,0.3437565625,1421.0,123.0
2027-12-17,1.5232876712328767,puts,310.0,1.5235653788935082,203.4701,0.0047999998,0.04,110.4,114.05,116.2,0.35468174621582027,3323.0,1.0
2027-12-17,1.5232876712328767,puts,320.0,1.5727126491803955,203.4701,0.0047999998,0.04,106.2,119.9,124.6,0.34799846343994134,3057.0,2.0
2027-12-17,1.5232876712328767,puts,330.0,1.621859919467283,203.4701,0.0047999998,0.04,122.45,131.2,132.7,0.3334722415161133,2567.0,4.0
2027-12-17,1.5232876712328767,puts,340.0,1.6710071897541703,203.4701,0.0047999998,0.04,131.01,139.7,141.7,0.3297796514892578,3800.0,52.0
2027-12-17,1.5232876712328767,puts,350.0,1.7201544600410577,203.4701,0.0047999998,0.04,145.42,148.95,150.4,0.31757274230957033,564.0,2.0
2027-12-17,1.5232876712328767,puts,360.0,1.769301730327945,203.4701,0.0047999998,0.04,154.75,157.6,160.2,0.32474430145263666,170.0,2.0
2027-12-17,1.5232876712328767,puts,380.0,1.8675962709017198,203.4701,0.0047999998,0.04,169.85,176.05,178.8,0.31201859863281245,298.0,10.0
2027-12-17,1.5232876712328767,puts,390.0,1.9167435411886071,203.4701,0.0047999998,0.04,171.06,184.65,188.35,0.3081734222412109,25.0,3.0
2027-12-17,1.5232876712328767,puts,400.0,1.9658908114754945,203.4701,0.0047999998,0.04,184.12,195.2,198.0,0.30524376403808595,78.0,5.0
2027-12-17,1.5232876712328767,puts,410.0,2.015038081762382,203.4701,0.0047999998,0.04,202.65,204.55,208.1,0.317389638671875,5.0,2.0
2027-12-17,1.5232876712328767,puts,420.0,2.064185352049269,203.4701,0.0047999998,0.04,204.6,214.85,218.25,0.3308782733154296,25.0,3.0
2028-01-21,1.6191780821917807,calls,5.0,0.02457363514344368,203.4701,0.0047999998,0.04,215.5,196.0,202.7,1.7333997705078126,1264.0,132.0
2028-01-21,1.6191780821917807,calls,10.0,0.04914727028688736,203.4701,0.0047999998,0.04,208.0,190.55,197.85,1.2778356420898436,284.0,44.0
2028-01-21,1.6191780821917807,calls,15.0,0.07372090543033104,203.4701,0.0047999998,0.04,199.19,185.35,193.1,1.087895185546875,92.0,5.0
2028-01-21,1.6191780821917807,calls,20.0,0.09829454057377472,203.4701,0.0047999998,0.04,193.55,182.05,188.6,1.1477093395996092,3106.0,12.0
2028-01-21,1.6191780821917807,calls,25.0,0.1228681757172184,203.4701,0.0047999998,0.04,183.0,176.65,183.75,1.0109912731933592,817.0,1.0
2028-01-21,1.6191780821917807,calls,30.0,0.14744181086066208,203.4701,0.0047999998,0.04,186.24,172.9,179.55,1.0219775463867187,503.0,1.0
2028-01-21,1.6191780821917807,calls,35.0,0.17201544600410576,203.4701,0.0047999998,0.04,187.78,167.15,174.75,0.9124764611816407,492.0,3.0
2028-01-21,1.6191780821917807,calls,40.0,0.19658908114754944,203.4701,0.0047999998,0.04,176.4,163.75,170.0,0.9104012866210938,248.0,20.0
2028-01-21,1.6191780821917807,calls,45.0,0.22116271629099313,203.4701,0.0047999998,0.04,164.38,158.15,165.75,0.8491226025390625,130.0,2.0
2028-01-21,1.6191780821917807,calls,50.0,0.2457363514344368,203.4701,0.0047999998,0.04,161.39,154.15,161.15,0.8303239624023437,429.0,1.0
2028-01-21,1.6191780821917807,calls,55.0,0.27030998657788047,203.4701,0.0047999998,0.04,154.72,148.85,156.55,0.7785666674804688,334.0,30.0
2028-01-21,1.6191780821917807,calls,60.0,0.29488362172132415,203.4701,0.0047999998,0.04,150.53,144.65,152.1,0.7603783728027345,177.0,50.0
2028-01-21,1.6191780821917807,calls,65.0,0.31945725686476784,203.4701,0.0047999998,0.04,150.5,140.9,145.95,0.7161893615722656,651.0,1.0
2028-01-21,1.6191780821917807,calls,70.0,0.3440308920082115,203.4701,0.0047999998,0.04,143.92,137.35,140.85,0.6995269305419922,512.0,1.0
2028-01-21,1.6191780821917807,calls,75.0,0.3686045271516552,203.4701,0.0047999998,0.04,140.87,132.9,137.25,0.692385888671875,396.0,2.0
2028-01-21,1.6191780821917807,calls,80.0,0.3931781622950989,203.4701,0.0047999998,0.04,134.88,130.05,132.8,0.6944000286865235,818.0,2.0
2028-01-21,1.6191780821917807,calls,85.0,0.41775179743854257,203.4701,0.0047999998,0.04,130.1,125.1,128.55,0.6668734484863283,434.0,1.0
2028-01-21,1.6191780821917807,calls,90.0,0.44232543258198626,203.4701,0.0047999998,0.04,125.16,121.9,124.1,0.6605868902587892,1483.0,17.0
2028-01-21,1.6191780821917807,calls,95.0,0.46689906772542994,203.4701,0.0047999998,0.04,121.55,117.95,120.3,0.651492742919922,132.0,2.0
2028-01-21,1.6191780821917807,calls,100.0,0.4914727028688736,203.4701,0.0047999998,0.04,115.99,113.95,116.05,0.6358068646240236,3222.0,3.0
2028-01-21,1.6191780821917807,calls,105.0,0.5160463380123173,203.4701,0.0047999998,0.04,119.94,110.05,112.05,0.6235694381713868,1007.0,1.0
2028-01-21,1.6191780821917807,calls,110.0,0.5406199731557609,203.4701,0.0047999998,0.04,108.25,106.1,108.05,0.6103249417114259,758.0,6.0
2028-01-21,1.6191780821917807,calls,115.0,0.5651936082992046,203.4701,0.0047999998,0.04,107.54,101.85,104.25,0.5957682025146485,1257.0,2.0
2028-01-21,1.6191780821917807,calls,120.0,0.5897672434426483,203.4701,0.0047999998,0.04,102.55,98.6,100.5,0.5901530242919923,1669.0,22.0
2028-01-21,1.6191780821917807,calls,125.0,0.614340878586092,203.4701,0.0047999998,0.04,102.25,95.5,97.35,0.5895426788330078,627.0,10.0
2028-01-21,1.6191780821917807,calls,130.0,0.6389145137295357,203.4701,0.0047999998,0.04,94.1,91.85,93.0,0.573795765991211,3108.0,14.0
2028-01-21,1.6191780821917807,calls,135.0,0.6634881488729794,203.4701,0.0047999998,0.04,93.35,88.6,90.55,0.5751080087280273,713.0,1.0
2028-01-21,1.6191780821917807,calls,140.0,0.688061784016423,203.4701,0.0047999998,0.04,85.6,85.35,86.4,0.5628095477294923,3933.0,1.0
2028-01-21,1.6191780821917807,calls,145.0,0.7126354191598667,203.4701,0.0047999998,0.04,86.65,82.1,83.55,0.5590559231567384,1520.0,4.0
2028-01-21,1.6191780821917807,calls,150.0,0.7372090543033104,203.4701,0.0047999998,0.04,79.65,79.15,80.35,0.5540205731201173,6057.0,8.0
2028-01-21,1.6191780821917807,calls,155.0,0.7617826894467541,203.4701,0.0047999998,0.04,81.7,76.05,77.25,0.5477950494384767,975.0,6.0
2028-01-21,1.6191780821917807,calls,160.0,0.7863563245901978,203.4701,0.0047999998,0.04,76.0,73.3,74.55,0.5454909953308105,2118.0,1.0
2028-01-21,1.6191780821917807,calls,165.0,0.8109299597336415,203.4701,0.0047999998,0.04,75.2,70.4,71.6,0.5398605584716798,1072.0,4.0
2028-01-21,1.6191780821917807,calls,170.0,0.8355035948770851,203.4701,0.0047999998,0.04,68.8,67.8,68.4,0.5338028797912597,3890.0,12.0
2028-01-21,1.6191780821917807,calls,175.0,0.8600772300205288,203.4701,0.0047999998,0.04,71.11,65.25,66.0,0.5318955502319337,8051.0,2.0
2028-01-21,1.6191780821917807,calls,180.0,0.8846508651639725,203.4701,0.0047999998,0.04,63.1,62.6,63.1,0.5258531301879883,12506.0,14.0
2028-01-21,1.6191780821917807,calls,185.0,0.9092245003074162,203.4701,0.0047999998,0.04,65.5,60.2,60.75,0.5235033001708984,9182.0,17.0
2028-01-21,1.6191780821917807,calls,190.0,0.9337981354508599,203.4701,0.0047999998,0.04,60.1,58.1,58.4,0.5219926951599121,8364.0,4.0
2028-01-21,1.6191780821917807,calls,195.0,0.9583717705943036,203.4701,0.0047999998,0.04,57.48,55.6,56.15,0.5181627774047851,6315.0,3.0
2028-01-21,1.6191780821917807,calls,200.0,0.9829454057377472,203.4701,0.0047999998,0.04,55.87,53.4,54.0,0.5157366542053223,26547.0,170.0
2028-01-21,1.6191780821917807,calls,205.0,1.007519040881191,203.4701,0.0047999998,0.04,52.7,51.4,52.05,0.5146838082885742,449.0,13.0
2028-01-21,1.6191780821917807,calls,210.0,1.0320926760246345,203.4701,0.0047999998,0.04,49.75,49.45,50.0,0.5126849269104004,9473.0,160.0
2028-01-21,1.6191780821917807,calls,215.0,1.0566663111680783,203.4701,0.0047999998,0.04,47.95,47.4,48.05,0.5100604414367678,884.0,58.0
2028-01-21,1.6191780821917807,calls,220.0,1.0812399463115219,203.4701,0.0047999998,0.04,45.55,45.55,46.0,0.5073291455078125,8558.0,67.0
2028-01-21,1.6191780821917807,calls,225.0,1.1058135814549657,203.4701,0.0047999998,0.04,44.0,43.75,44.0,0.5044910391235352,3840.0,10.0
2028-01-21,1.6191780821917807,calls,230.0,1.1303872165984092,203.4701,0.0047999998,0.04,42.6,42.1,42.45,0.5040332800292968,12586.0,33.0
2028-01-21,1.6191780821917807,calls,235.0,1.154960851741853,203.4701,0.0047999998,0.04,42.28,40.5,41.0,0.5037281072998048,422.0,32.0
2028-01-21,1.6191780821917807,calls,240.0,1.1795344868852966,203.4701,0.0047999998,0.04,39.27,38.9,39.45,0.5023700886535647,6563.0,210.0
2028-01-21,1.6191780821917807,calls,245.0,1.2041081220287404,203.4701,0.0047999998,0.04,40.9,37.4,37.95,0.5012256909179689,1991.0,2.0
2028-01-21,1.6191780821917807,calls,250.0,1.228681757172184,203.4701,0.0047999998,0.04,36.05,36.0,36.4,0.5017444845581055,34761.0,41.0
2028-01-21,1.6191780821917807,calls,255.0,1.2532553923156278,203.4701,0.0047999998,0.04,38.52,34.6,35.05,0.5010425872802735,348.0,6.0
2028-01-21,1.6191780821917807,calls,260.0,1.2778290274590713,203.4701,0.0047999998,0.04,34.95,33.3,33.6,0.4989063781738281,8252.0,340.0
2028-01-21,1.6191780821917807,calls,265.0,1.3024026626025151,203.4701,0.0047999998,0.04,35.25,32.05,32.35,0.49823499816894534,599.0,9.0
2028-01-21,1.6191780821917807,calls,270.0,1.3269762977459587,203.4701,0.0047999998,0.04,32.37,30.85,31.3,0.49907422317504885,8183.0,21.0
2028-01-21,1.6191780821917807,calls,275.0,1.3515499328894025,203.4701,0.0047999998,0.04,30.93,29.7,30.15,0.49850965362548827,390.0,2.0
2028-01-21,1.6191780821917807,calls,280.0,1.376123568032846,203.4701,0.0047999998,0.04,29.8,28.55,29.0,0.49753310089111336,7339.0,3.0
2028-01-21,1.6191780821917807,calls,285.0,1.4006972031762899,203.4701,0.0047999998,0.04,36.45,27.45,27.85,0.4961598236083985,334.0,8.0
2028-01-21,1.6191780821917807,calls,290.0,1.4252708383197334,203.4701,0.0047999998,0.04,27.62,26.5,26.9,0.4963581858825684,5343.0,5.0
2028-01-21,1.6191780821917807,calls,295.0,1.449844473463177,203.4701,0.0047999998,0.04,25.9,25.45,25.9,0.4957020645141602,1734.0,2.0
2028-01-21,1.6191780821917807,calls,300.0,1.4744181086066208,203.4701,0.0047999998,0.04,24.95,24.55,24.95,0.49516801223754886,91195.0,376.0
2028-01-21,1.6191780821917807,calls,310.0,1.5235653788935082,203.4701,0.0047999998,0.04,23.87,22.9,23.25,0.4950917190551758,9889.0,1.0
2028-01-21,1.6191780821917807,calls,320.0,1.5727126491803955,203.4701,0.0047999998,0.04,22.25,21.3,21.65,0.4947560290527344,6850.0,499.0
2028-01-21,1.6191780821917807,calls,330.0,1.621859919467283,203.4701,0.0047999998,0.04,20.0,19.85,20.15,0.49422197677612306,3705.0,20.0
2028-01-21,1.6191780821917807,calls,340.0,1.6710071897541703,203.4701,0.0047999998,0.04,19.65,18.65,19.05,0.4968922381591797,2979.0,206.0
2028-01-21,1.6191780821917807,calls,350.0,1.7201544600410577,203.4701,0.0047999998,0.04,17.45,17.25,17.5,0.4935200794982911,27523.0,93.0
2028-01-21,1.6191780821917807,calls,360.0,1.769301730327945,203.4701,0.0047999998,0.04,17.05,16.3,16.6,0.4964039617919922,7006.0,2.0
2028-01-21,1.6191780821917807,calls,370.0,1.8184490006148324,203.4701,0.0047999998,0.04,16.02,15.1,15.4,0.49493913269042966,5212.0,1.0
2028-01-21,1.6191780821917807,calls,380.0,1.8675962709017198,203.4701,0.0047999998,0.04,15.1,14.15,14.5,0.49608353042602543,8250.0,104.0
2028-01-21,1.6191780821917807,calls,390.0,1.9167435411886071,203.4701,0.0047999998,0.04,14.35,13.25,13.65,0.49702956588745123,8063.0,348.0
2028-01-21,1.6191780821917807,calls,400.0,1.9658908114754945,203.4701,0.0047999998,0.04,12.71,12.5,12.8,0.497197410888672,50151.0,26.0
2028-01-21,1.6191780821917807,calls,410.0,2.015038081762382,203.4701,0.0047999998,0.04,12.0,11.7,11.85,0.4952443054199219,19417.0,29.0
2028-01-21,1.6191780821917807,calls,420.0,2.064185352049269,203.4701,0.0047999998,0.04,11.6,11.0,11.2,0.4964955136108399,23739.0,33.0
2028-01-21,1.6191780821917807,calls,430.0,2.1133326223361566,203.4701,0.0047999998,0.04,11.6,10.3,10.55,0.4971058590698243,719.0,2.0
2028-01-21,1.6191780821917807,calls,440.0,2.1624798926230437,203.4701,0.0047999998,0.04,11.1,9.75,10.0,0.4985401708984375,2469.0,1.0
2028-01-21,1.6191780821917807,calls,450.0,2.2116271629099313,203.4701,0.0047999998,0.04,10.0,9.2,9.4,0.4986317227172852,3382.0,1.0
2028-01-21,1.6191780821917807,calls,455.0,2.2362007980533747,203.4701,0.0047999998,0.04,10.25,8.85,9.1,0.49841810180664065,223.0,4.0
2028-01-21,1.6191780821917807,calls,460.0,2.2607744331968185,203.4701,0.0047999998,0.04,8.95,8.65,8.85,0.49884534362792965,1238.0,27.0
2028-01-21,1.6191780821917807,puts,5.0,0.02457363514344368,203.4701,0.0047999998,0.04,0.03,0.01,0.03,1.0078174609375,6074.0,8.0
2028-01-21,1.6191780821917807,puts,10.0,0.04914727028688736,203.4701,0.0047999998,0.04,0.06,0.04,0.07,0.8906260937499999,5255.0,2.0
2028-01-21,1.6191780821917807,puts,15.0,0.07372090543033104,203.4701,0.0047999998,0.04,0.1,0.01,0.22,0.8300798242187499,1907.0,5.0
2028-01-21,1.6191780821917807,puts,20.0,0.09829454057377472,203.4701,0.0047999998,0.04,0.1,0.1,0.21,0.7607445800781252,2731.0,1.0
2028-01-21,1.6191780821917807,puts,25.0,0.1228681757172184,203.4701,0.0047999998,0.04,0.16,0.08,0.33,0.709963837890625,581.0,11.0
2028-01-21,1.6191780821917807,puts,30.0,0.14744181086066208,203.4701,0.0047999998,0.04,0.27,0.25,0.31,0.6743196630859377,510.0,20.0
2028-01-21,1.6191780821917807,puts,35.0,0.17201544600410576,203.4701,0.0047999998,0.04,0.38,0.2,0.5,0.639652041015625,677.0,1.0
2028-01-21,1.6191780821917807,puts,40.0,0.19658908114754944,203.4701,0.0047999998,0.04,0.45,0.41,0.53,0.6174354663085939,756.0,1.0
2028-01-21,1.6191780821917807,puts,45.0,0.22116271629099313,203.4701,0.0047999998,0.04,0.58,0.55,0.67,0.5974161352539062,2216.0,3.0
2028-01-21,1.6191780821917807,puts,50.0,0.2457363514344368,203.4701,0.0047999998,0.04,0.71,0.69,0.85,0.5786174951171875,7243.0,31.0
2028-01-21,1.6191780821917807,puts,55.0,0.27030998657788047,203.4701,0.0047999998,0.04,0.97,0.87,1.0,0.559574716796875,365.0,1.0
2028-01-21,1.6191780821917807,puts,60.0,0.29488362172132415,203.4701,0.0047999998,0.04,1.1,1.07,1.26,0.5456588403320313,1722.0,10.0
2028-01-21,1.6191780821917807,puts,65.0,0.31945725686476784,203.4701,0.0047999998,0.04,1.34,1.3,1.42,0.5277146838378908,186.0,1.0
2028-01-21,1.6191780821917807,puts,70.0,0.3440308920082115,203.4701,0.0047999998,0.04,1.62,1.63,1.81,0.5202684692382812,1236.0,30.0
2028-01-21,1.6191780821917807,puts,75.0,0.3686045271516552,203.4701,0.0047999998,0.04,2.0,1.96,2.07,0.5064746618652343,665.0,1.0
2028-01-21,1.6191780821917807,puts,80.0,0.3931781622950989,203.4701,0.0047999998,0.04,2.4,2.35,2.51,0.5015308636474609,7946.0,6.0
2028-01-21,1.6191780821917807,puts,85.0,0.41775179743854257,203.4701,0.0047999998,0.04,2.8,2.82,3.05,0.495671547241211,651.0,1.0
2028-01-21,1.6191780821917807,puts,90.0,0.44232543258198626,203.4701,0.0047999998,0.04,3.35,3.25,3.5,0.4842580871582032,1908.0,3.0
2028-01-21,1.6191780821917807,puts,95.0,0.46689906772542994,203.4701,0.0047999998,0.04,3.95,3.85,4.1,0.47687290710449215,1612.0,58.0
2028-01-21,1.6191780821917807,puts,100.0,0.4914727028688736,203.4701,0.0047999998,0.04,4.6,4.55,4.8,0.47083048706054687,8118.0,1.0
2028-01-21,1.6191780821917807,puts,105.0,0.5160463380123173,203.4701,0.0047999998,0.04,5.2,5.25,5.55,0.4643608251953125,4703.0,1.0
2028-01-21,1.6191780821917807,puts,110.0,0.5406199731557609,203.4701,0.0047999998,0.04,5.96,6.15,6.4,0.458837198791504,8389.0,6.0
2028-01-21,1.6191780821917807,puts,115.0,0.5651936082992046,203.4701,0.0047999998,0.04,7.0,7.0,7.3,0.45285581329345703,2838.0,1.0
2028-01-21,1.6191780821917807,puts,120.0,0.5897672434426483,203.4701,0.0047999998,0.04,7.77,8.0,8.3,0.44751529052734373,10182.0,5.0
2028-01-21,1.6191780821917807,puts,125.0,0.614340878586092,203.4701,0.0047999998,0.04,8.95,9.15,9.45,0.4435785623168945,3826.0,31.0
2028-01-21,1.6191780821917807,puts,130.0,0.6389145137295357,203.4701,0.0047999998,0.04,10.18,10.25,10.6,0.43814648773193365,11314.0,28.0
2028-01-21,1.6191780821917807,puts,135.0,0.6634881488729794,203.4701,0.0047999998,0.04,11.6,11.7,11.95,0.4347590704345704,4264.0,1.0
2028-01-21,1.6191780821917807,puts,140.0,0.688061784016423,203.4701,0.0047999998,0.04,12.87,13.1,13.4,0.4314632049560547,22082.0,9.0
2028-01-21,1.6191780821917807,puts,145.0,0.7126354191598667,203.4701,0.0047999998,0.04,14.29,14.65,14.9,0.42755699401855474,6355.0,8.0
2028-01-21,1.6191780821917807,puts,150.0,0.7372090543033104,203.4701,0.0047999998,0.04,16.07,16.25,16.5,0.42380336944580077,22459.0,5.0
2028-01-21,1.6191780821917807,puts,155.0,0.7617826894467541,203.4701,0.0047999998,0.04,17.72,17.85,18.2,0.42017181396484377,4605.0,405.0
2028-01-21,1.6191780821917807,puts,160.0,0.7863563245901978,203.4701,0.0047999998,0.04,19.52,19.7,20.0,0.41666232757568356,3820.0,305.0
2028-01-21,1.6191780821917807,puts,165.0,0.8109299597336415,203.4701,0.0047999998,0.04,20.64,21.6,21.95,0.4138547384643554,4074.0,2.0
2028-01-21,1.6191780821917807,puts,170.0,0.8355035948770851,203.4701,0.0047999998,0.04,23.06,23.7,24.0,0.41107766662597656,3598.0,19.0
2028-01-21,1.6191780821917807,puts,175.0,0.8600772300205288,203.4701,0.0047999998,0.04,24.57,25.85,26.15,0.40836162933349607,5889.0,2.0
2028-01-21,1.6191780821917807,puts,180.0,0.8846508651639725,203.4701,0.0047999998,0.04,27.5,28.05,28.4,0.40570662658691403,12470.0,1.0
2028-01-21,1.6191780821917807,puts,185.0,0.9092245003074162,203.4701,0.0047999998,0.04,29.45,30.3,30.65,0.40202929519653324,5529.0,37.0
2028-01-21,1.6191780821917807,puts,190.0,0.9337981354508599,203.4701,0.0047999998,0.04,32.65,32.75,33.1,0.3995116201782227,9989.0,55.0
2028-01-21,1.6191780821917807,puts,195.0,0.9583717705943036,203.4701,0.0047999998,0.04,33.59,35.35,35.7,0.3975890319824219,2691.0,2.0
2028-01-21,1.6191780821917807,puts,200.0,0.9829454057377472,203.4701,0.0047999998,0.04,36.85,37.9,38.25,0.3942321319580079,21278.0,34.0
2028-01-21,1.6191780821917807,puts,205.0,1.007519040881191,203.4701,0.0047999998,0.04,38.93,40.6,40.95,0.39148557739257805,2033.0,10.0
2028-01-21,1.6191780821917807,puts,210.0,1.0320926760246345,203.4701,0.0047999998,0.04,42.49,43.4,43.75,0.38887635055541997,3580.0,54.0
2028-01-21,1.6191780821917807,puts,215.0,1.0566663111680783,203.4701,0.0047999998,0.04,45.1,46.2,46.6,0.38590091644287106,3399.0,26.0
2028-01-21,1.6191780821917807,puts,220.0,1.0812399463115219,203.4701,0.0047999998,0.04,47.0,49.25,49.7,0.3845276391601562,3934.0,2.0
2028-01-21,1.6191780821917807,puts,225.0,1.1058135814549657,203.4701,0.0047999998,0.04,46.1,52.2,52.65,0.38089608367919914,1484.0,1.0
2028-01-21,1.6191780821917807,puts,230.0,1.1303872165984092,203.4701,0.0047999998,0.04,54.6,55.5,55.9,0.37937022003173826,6093.0,26.0
2028-01-21,1.6191780821917807,puts,235.0,1.154960851741853,203.4701,0.0047999998,0.04,54.79,58.55,59.05,0.3761048718261719,179.0,1.0
2028-01-21,1.6191780821917807,puts,240.0,1.1795344868852966,203.4701,0.0047999998,0.04,55.44,61.9,62.35,0.37354142089843745,910.0,25.0
2028-01-21,1.6191780821917807,puts,245.0,1.2041081220287404,203.4701,0.0047999998,0.04,65.0,65.25,65.8,0.3716951258850098,234.0,1.0
2028-01-21,1.6191780821917807,puts,250.0,1.228681757172184,203.4701,0.0047999998,0.04,67.0,68.6,69.25,0.3691316749572754,978.0,1.0
2028-01-21,1.6191780821917807,puts,255.0,1.2532553923156278,203.4701,0.0047999998,0.04,63.1,72.1,72.8,0.3668276208496094,300.0,3.0
2028-01-21,1.6191780821917807,puts,260.0,1.2778290274590713,203.4701,0.0047999998,0.04,70.5,75.75,76.35,0.363836928100586,1483.0,1.0
2028-01-21,1.6191780821917807,puts,265.0,1.3024026626025151,203.4701,0.0047999998,0.04,72.0,79.25,80.1,0.3621889953613281,102.0,31.0
2028-01-21,1.6191780821917807,puts,270.0,1.3269762977459587,203.4701,0.0047999998,0.04,82.75,83.05,83.7,0.3582827844238281,426.0,2.0
2028-01-21,1.6191780821917807,puts,275.0,1.3515499328894025,203.4701,0.0047999998,0.04,85.94,86.8,87.55,0.35631442031860344,122.0,66.0
2028-01-21,1.6191780821917807,puts,280.0,1.376123568032846,203.4701,0.0047999998,0.04,84.95,90.65,91.4,0.35368993484497063,962.0,1.0
2028-01-21,1.6191780821917807,puts,285.0,1.4006972031762899,203.4701,0.0047999998,0.04,92.24,94.5,95.3,0.3509281216430663,418.0,1.0
2028-01-21,1.6191780821917807,puts,290.0,1.4252708383197334,203.4701,0.0047999998,0.04,96.6,98.35,99.25,0.3480594979858398,238.0,2.0
2028-01-21,1.6191780821917807,puts,295.0,1.449844473463177,203.4701,0.0047999998,0.04,95.5,102.35,103.3,0.3456791506958008,132.0,16.0
2028-01-21,1.6191780821917807,puts,300.0,1.4744181086066208,203.4701,0.0047999998,0.04,105.5,106.4,107.35,0.34264268203735343,1256.0,36.0
2028-01-21,1.6191780821917807,puts,310.0,1.5235653788935082,203.4701,0.0047999998,0.04,107.0,114.65,115.7,0.33765310791015624,829.0,1.0
2028-01-21,1.6191780821917807,puts,320.0,1.5727126491803955,203.4701,0.0047999998,0.04,114.25,122.85,125.2,0.34570966796874997,726.0,2.0
2028-01-21,1.6191780821917807,puts,330.0,1.621859919467283,203.4701,0.0047999998,0.04,112.2,130.9,133.9,0.3414067324829102,1314.0,15.0
2028-01-21,1.6191780821917807,puts,340.0,1.6710071897541703,203.4701,0.0047999998,0.04,119.45,140.1,142.2,0.3282232705688476,851.0,11.0
2028-01-21,1.6191780821917807,puts,350.0,1.7201544600410577,203.4701,0.0047999998,0.04,141.0,149.45,151.7,0.3318243087768554,551.0,1.0
2028-01-21,1.6191780821917807,puts,360.0,1.769301730327945,203.4701,0.0047999998,0.04,146.5,158.2,160.1,0.3129951513671875,14.0,3.0
2028-01-21,1.6191780821917807,puts,370.0,1.8184490006148324,203.4701,0.0047999998,0.04,150.3,166.6,169.85,0.3181220532226562,49.0,3.0
2028-01-21,1.6191780821917807,puts,380.0,1.8675962709017198,203.4701,0.0047999998,0.04,173.55,176.75,180.05,0.3324956887817383,17.0,3.0
2028-01-21,1.6191780821917807,puts,390.0,1.9167435411886071,203.4701,0.0047999998,0.04,176.25,185.95,189.6,0.3320379296875,3.0,5.0
2028-01-21,1.6191780821917807,puts,400.0,1.9658908114754945,203.4701,0.0047999998,0.04,193.2,195.65,198.35,0.30774618041992186,13.0,2.0
2028-01-21,1.6191780821917807,puts,410.0,2.015038081762382,203.4701,0.0047999998,0.04,203.3,205.0,208.0,0.30445031494140623,3.0,3.0
2028-01-21,1.6191780821917807,puts,420.0,2.064185352049269,203.4701,0.0047999998,0.04,199.17,214.8,217.4,0.2877268493652343,23.0,6.0
2028-01-21,1.6191780821917807,puts,430.0,2.1133326223361566,203.4701,0.0047999998,0.04,221.18,224.45,228.4,0.33386896606445315,4.0,1.0
2028-01-21,1.6191780821917807,puts,440.0,2.1624798926230437,203.4701,0.0047999998,0.04,231.24,234.35,238.3,0.338324487915039,2.0,2.0
2028-01-21,1.6191780821917807,puts,450.0,2.2116271629099313,203.4701,0.0047999998,0.04,241.01,244.05,248.45,0.35071450073242183,0.0,1.0
2028-01-21,1.6191780821917807,puts,460.0,2.2607744331968185,203.4701,0.0047999998,0.04,234.38,253.75,258.55,0.3612734771728515,0.0,0.0
2028-06-16,2.021917808219178,calls,5.0,0.02457363514344368,203.4701,0.0047999998,0.04,202.0,195.25,198.7,1.1982461962890625,1.0,1.0
2028-06-16,2.021917808219178,calls,10.0,0.04914727028688736,203.4701,0.0047999998,0.04,210.45,190.0,197.9,1.059086735839844,4.0,4.0
2028-06-16,2.021917808219178,calls,15.0,0.07372090543033104,203.4701,0.0047999998,0.04,201.48,185.8,193.2,1.0336962377929688,7.0,7.0
2028-06-16,2.021917808219178,calls,20.0,0.09829454057377472,203.4701,0.0047999998,0.04,200.75,181.2,188.6,0.9697268652343749,113.0,2.0
2028-06-16,2.021917808219178,calls,25.0,0.1228681757172184,203.4701,0.0047999998,0.04,195.45,176.7,184.1,0.9270026831054687,71.0,7.0
2028-06-16,2.021917808219178,calls,30.0,0.14744181086066208,203.4701,0.0047999998,0.04,182.03,172.15,179.6,0.8850109155273438,45.0,2.0
2028-06-16,2.021917808219178,calls,35.0,0.17201544600410576,203.4701,0.0047999998,0.04,190.82,167.15,175.1,0.8300798242187499,16.0,1.0
2028-06-16,2.021917808219178,calls,40.0,0.19658908114754944,203.4701,0.0047999998,0.04,187.47,163.3,171.1,0.8344743115234373,48.0,4.0
2028-06-16,2.021917808219178,calls,45.0,0.22116271629099313,203.4701,0.0047999998,0.04,179.0,158.8,166.3,0.7927266821289063,114.0,80.0
2028-06-16,2.021917808219178,calls,50.0,0.2457363514344368,203.4701,0.0047999998,0.04,160.83,154.55,162.25,0.778322529296875,110.0,2.0
2028-06-16,2.021917808219178,calls,55.0,0.27030998657788047,203.4701,0.0047999998,0.04,155.85,151.05,157.6,0.7652001019287109,126.0,10.0
2028-06-16,2.021917808219178,calls,60.0,0.29488362172132415,203.4701,0.0047999998,0.04,165.9,147.15,151.6,0.7188138470458985,255.0,80.0
2028-06-16,2.021917808219178,calls,65.0,0.31945725686476784,203.4701,0.0047999998,0.04,150.6,143.15,146.95,0.6981231359863282,193.0,1.0
2028-06-16,2.021917808219178,calls,70.0,0.3440308920082115,203.4701,0.0047999998,0.04,146.15,139.1,143.0,0.6877472631835939,195.0,2.0
2028-06-16,2.021917808219178,calls,75.0,0.3686045271516552,203.4701,0.0047999998,0.04,144.75,134.5,139.0,0.6677279321289065,152.0,2.0
2028-06-16,2.021917808219178,calls,80.0,0.3931781622950989,203.4701,0.0047999998,0.04,137.0,131.05,135.5,0.669070692138672,316.0,1.0
2028-06-16,2.021917808219178,calls,85.0,0.41775179743854257,203.4701,0.0047999998,0.04,144.85,126.9,131.75,0.6566196447753907,57.0,84.0
2028-06-16,2.021917808219178,calls,90.0,0.44232543258198626,203.4701,0.0047999998,0.04,131.79,124.1,127.4,0.6516758465576173,69.0,3.0
2028-06-16,2.021917808219178,calls,95.0,0.46689906772542994,203.4701,0.0047999998,0.04,136.95,120.35,123.2,0.6373022109985352,38.0,42.0
2028-06-16,2.021917808219178,calls,100.0,0.4914727028688736,203.4701,0.0047999998,0.04,122.3,116.65,118.7,0.6204566763305664,355.0,63.0
2028-06-16,2.021917808219178,calls,105.0,0.5160463380123173,203.4701,0.0047999998,0.04,119.1,112.95,114.8,0.6090737335205079,92.0,2.0
2028-06-16,2.021917808219178,calls,110.0,0.5406199731557609,203.4701,0.0047999998,0.04,113.8,108.75,111.95,0.6019021743774416,200.0,61.0
2028-06-16,2.021917808219178,calls,115.0,0.5651936082992046,203.4701,0.0047999998,0.04,111.4,106.05,109.0,0.6049844189453126,64.0,14.0
2028-06-16,2.021917808219178,calls,120.0,0.5897672434426483,203.4701,0.0047999998,0.04,106.18,102.6,105.55,0.5969278588867188,152.0,4.0
2028-06-16,2.021917808219178,calls,125.0,0.614340878586092,203.4701,0.0047999998,0.04,100.0,99.2,100.35,0.576099820098877,116.0,14.0
2028-06-16,2.021917808219178,calls,130.0,0.6389145137295357,203.4701,0.0047999998,0.04,101.5,96.55,97.6,0.5777324942016601,392.0,50.0
2028-06-16,2.021917808219178,calls,135.0,0.6634881488729794,203.4701,0.0047999998,0.04,95.1,93.0,94.15,0.5675092077636719,147.0,3.0
2028-06-16,2.021917808219178,calls,140.0,0.688061784016423,203.4701,0.0047999998,0.04,91.75,89.7,91.0,0.5604139418029785,269.0,5.0
2028-06-16,2.021917808219178,calls,145.0,0.7126354191598667,203.4701,0.0047999998,0.04,89.7,86.85,88.15,0.5573164385986329,101.0,7.0
2028-06-16,2.021917808219178,calls,150.0,0.7372090543033104,203.4701,0.0047999998,0.04,86.15,82.85,85.4,0.5472609971618654,286.0,30.0
2028-06-16,2.021917808219178,calls,155.0,0.7617826894467541,203.4701,0.0047999998,0.04,87.0,81.15,82.35,0.5482528085327151,42.0,1.0
2028-06-16,2.021917808219178,calls,160.0,0.7863563245901978,203.4701,0.0047999998,0.04,83.65,78.4,79.55,0.5438583212280274,199.0,10.0
2028-06-16,2.021917808219178,calls,165.0,0.8109299597336415,203.4701,0.0047999998,0.04,78.5,75.65,76.75,0.5388534884643555,101.0,1.0
2028-06-16,2.021917808219178,calls,170.0,0.8355035948770851,203.4701,0.0047999998,0.04,75.0,73.4,74.7,0.5398147825622559,131.0,1.0
2028-06-16,2.021917808219178,calls,175.0,0.8600772300205288,203.4701,0.0047999998,0.04,76.05,70.95,72.0,0.5356186575317383,310.0,1.0
2028-06-16,2.021917808219178,calls,180.0,0.8846508651639725,203.4701,0.0047999998,0.04,70.0,68.5,69.4,0.5313614979553223,326.0,29.0
2028-06-16,2.021917808219178,calls,185.0,0.9092245003074162,203.4701,0.0047999998,0.04,70.24,66.15,66.95,0.5278062356567383,392.0,36.0
2028-06-16,2.021917808219178,calls,190.0,0.9337981354508599,203.4701,0.0047999998,0.04,69.92,64.0,64.85,0.5263414065551758,179.0,1.0
2028-06-16,2.021917808219178,calls,195.0,0.9583717705943036,203.4701,0.0047999998,0.04,63.9,61.9,62.95,0.5254869229125977,53.0,1.0
2028-06-16,2.021917808219178,calls,200.0,0.9829454057377472,203.4701,0.0047999998,0.04,62.8,59.85,60.6,0.5221757987976072,632.0,7.0
2028-06-16,2.021917808219178,calls,205.0,1.007519040881191,203.4701,0.0047999998,0.04,59.53,57.8,58.6,0.5199938137817383,331.0,4.0
2028-06-16,2.021917808219178,calls,210.0,1.0320926760246345,203.4701,0.0047999998,0.04,56.14,56.0,56.65,0.5186663124084474,1117.0,13.0
2028-06-16,2.021917808219178,calls,215.0,1.0566663111680783,203.4701,0.0047999998,0.04,55.96,54.0,54.8,0.5163775169372558,4246.0,7.0
2028-06-16,2.021917808219178,calls,220.0,1.0812399463115219,203.4701,0.0047999998,0.04,53.0,52.2,52.95,0.514531221923828,3099.0,16.0
2028-06-16,2.021917808219178,calls,225.0,1.1058135814549657,203.4701,0.0047999998,0.04,51.98,50.5,51.05,0.512425530090332,1493.0,5.0
2028-06-16,2.021917808219178,calls,230.0,1.1303872165984092,203.4701,0.0047999998,0.04,52.98,48.9,49.4,0.5114337187194824,2368.0,3.0
2028-06-16,2.021917808219178,calls,235.0,1.154960851741853,203.4701,0.0047999998,0.04,50.8,47.1,47.8,0.5093280268859863,268.0,36.0
2028-06-16,2.021917808219178,calls,240.0,1.1795344868852966,203.4701,0.0047999998,0.04,47.54,45.75,46.45,0.5098773377990724,1041.0,1.0
2028-06-16,2.021917808219178,calls,245.0,1.2041081220287404,203.4701,0.0047999998,0.04,46.02,44.1,44.95,0.5080463014221193,938.0,7.0
2028-06-16,2.021917808219178,calls,250.0,1.228681757172184,203.4701,0.0047999998,0.04,44.0,42.8,43.3,0.5066882827758789,1599.0,8.0
2028-06-16,2.021917808219178,calls,255.0,1.2532553923156278,203.4701,0.0047999998,0.04,44.92,41.25,42.1,0.5058032818603515,518.0,10.0
2028-06-16,2.021917808219178,calls,260.0,1.2778290274590713,203.4701,0.0047999998,0.04,43.51,40.15,40.75,0.5058490577697754,371.0,23.0
2028-06-16,2.021917808219178,calls,265.0,1.3024026626025151,203.4701,0.0047999998,0.04,41.9,38.8,39.75,0.5059711268615723,263.0,1.0
2028-06-16,2.021917808219178,calls,270.0,1.3269762977459587,203.4701,0.0047999998,0.04,39.32,37.55,38.2,0.5037891418457032,195.0,1.0
2028-06-16,2.021917808219178,calls,275.0,1.3515499328894025,203.4701,0.0047999998,0.04,40.37,36.45,36.9,0.5030109513854981,406.0,1.0
2028-06-16,2.021917808219178,calls,280.0,1.376123568032846,203.4701,0.0047999998,0.04,36.0,35.3,35.7,0.5021106918334962,201.0,6.0
2028-06-16,2.021917808219178,calls,285.0,1.4006972031762899,203.4701,0.0047999998,0.04,37.5,34.2,34.65,0.5017750018310547,159.0,1.0
2028-06-16,2.021917808219178,calls,290.0,1.4252708383197334,203.4701,0.0047999998,0.04,35.52,33.15,33.55,0.5011341390991212,158.0,4.0
2028-06-16,2.021917808219178,calls,295.0,1.449844473463177,203.4701,0.0047999998,0.04,34.7,32.1,32.7,0.5012867254638673,84.0,3.0
2028-06-16,2.021917808219178,calls,300.0,1.4744181086066208,203.4701,0.0047999998,0.04,32.65,31.1,31.6,0.5002643968200684,1216.0,27.0
2028-06-16,2.021917808219178,calls,305.0,1.4989917437500644,203.4701,0.0047999998,0.04,35.1,30.1,30.45,0.5002949140930177,141.0,1.0
2028-06-16,2.021917808219178,calls,310.0,1.5235653788935082,203.4701,0.0047999998,0.04,30.1,29.3,29.7,0.5013935359191897,1978.0,7.0
2028-06-16,2.021917808219178,calls,315.0,1.5481390140369518,203.4701,0.0047999998,0.04,30.42,28.45,28.95,0.500005,124.0,4.0
2028-06-16,2.021917808219178,calls,320.0,1.5727126491803955,203.4701,0.0047999998,0.04,30.12,27.55,28.15,0.5024158645629884,326.0,2.0
2028-06-16,2.021917808219178,calls,325.0,1.5972862843238391,203.4701,0.0047999998,0.04,32.02,26.8,27.2,0.5009815527343751,383.0,2.0
2028-06-16,2.021917808219178,calls,330.0,1.621859919467283,203.4701,0.0047999998,0.04,27.2,26.0,26.3,0.49974560317993166,1857.0,3.0
2028-06-16,2.021917808219178,calls,335.0,1.6464335546107265,203.4701,0.0047999998,0.04,27.35,25.2,25.6,0.5000965518188477,81.0,1.0
2028-06-16,2.021917808219178,calls,340.0,1.6710071897541703,203.4701,0.0047999998,0.04,26.84,24.5,24.95,0.500706897277832,348.0,1.0
2028-06-16,2.021917808219178,calls,345.0,1.6955808248976139,203.4701,0.0047999998,0.04,30.93,23.75,24.2,0.5001728450012208,252.0,2.0
2028-06-16,2.021917808219178,calls,350.0,1.7201544600410577,203.4701,0.0047999998,0.04,25.37,23.15,23.65,0.5013019841003419,5381.0,2.0
2028-06-16,2.021917808219178,calls,360.0,1.769301730327945,203.4701,0.0047999998,0.04,24.22,21.85,22.3,0.5006153454589843,81.0,1.0
2028-06-16,2.021917808219178,calls,370.0,1.8184490006148324,203.4701,0.0047999998,0.04,22.14,20.6,21.1,0.5006000868225098,68.0,2.0
2028-06-16,2.021917808219178,calls,380.0,1.8675962709017198,203.4701,0.0047999998,0.04,25.21,19.45,19.95,0.5003406900024415,58.0,9.0
2028-06-16,2.021917808219178,calls,390.0,1.9167435411886071,203.4701,0.0047999998,0.04,20.4,18.55,18.8,0.4993641372680664,160.0,11.0
2028-06-16,2.021917808219178,calls,400.0,1.9658908114754945,203.4701,0.0047999998,0.04,18.49,17.5,17.9,0.5002643968200684,3054.0,2.0
2028-06-16,2.021917808219178,calls,410.0,2.015038081762382,203.4701,0.0047999998,0.04,18.37,16.6,17.05,0.501103621826172,97.0,3.0
2028-06-16,2.021917808219178,calls,420.0,2.064185352049269,203.4701,0.0047999998,0.04,17.56,15.95,16.3,0.5005848281860351,132.0,2.0
2028-06-16,2.021917808219178,calls,430.0,2.1133326223361566,203.4701,0.0047999998,0.04,16.4,15.15,15.8,0.5024768991088868,163.0,2.0
2028-06-16,2.021917808219178,calls,440.0,2.1624798926230437,203.4701,0.0047999998,0.04,15.73,14.3,14.55,0.5008289663696289,225.0,1.0
2028-06-16,2.021917808219178,calls,450.0,2.2116271629099313,203.4701,0.0047999998,0.04,14.16,13.65,14.05,0.5011646563720704,1658.0,1.0
2028-06-16,2.021917808219178,calls,460.0,2.2607744331968185,203.4701,0.0047999998,0.04,14.57,12.9,13.3,0.5004322418212892,34.0,1.0
2028-06-16,2.021917808219178,puts,5.0,0.02457363514344368,203.4701,0.0047999998,0.04,0.01,0.0,0.25,1.109379453125,1.0,0.0
2028-06-16,2.021917808219178,puts,10.0,0.04914727028688736,203.4701,0.0047999998,0.04,0.06,0.01,0.13,0.8203142968749999,12.0,2.0
2028-06-16,2.021917808219178,puts,15.0,0.07372090543033104,203.4701,0.0047999998,0.04,0.15,0.01,0.27,0.7607445800781252,49.0,5.0
2028-06-16,2.021917808219178,puts,20.0,0.09829454057377472,203.4701,0.0047999998,0.04,0.2,0.07,0.33,0.70312796875,404.0,400.0
2028-06-16,2.021917808219178,puts,25.0,0.1228681757172184,203.4701,0.0047999998,0.04,0.3,0.11,0.3,0.6352575537109376,7.0,1.0
2028-06-16,2.021917808219178,puts,30.0,0.14744181086066208,203.4701,0.0047999998,0.04,0.5,0.22,0.53,0.6289099609375001,1.0,3.0
2028-06-16,2.021917808219178,puts,35.0,0.17201544600410576,203.4701,0.0047999998,0.04,0.53,0.36,0.67,0.6064492480468751,9.0,5.0
2028-06-16,2.021917808219178,puts,40.0,0.19658908114754944,203.4701,0.0047999998,0.04,0.7,0.6,0.72,0.5832561206054687,387.0,5.0
2028-06-16,2.021917808219178,puts,45.0,0.22116271629099313,203.4701,0.0047999998,0.04,0.83,0.78,0.9,0.5642133422851563,37.0,3.0
2028-06-16,2.021917808219178,puts,50.0,0.2457363514344368,203.4701,0.0047999998,0.04,1.09,0.99,1.12,0.5476119458007813,123.0,5.0
2028-06-16,2.021917808219178,puts,55.0,0.27030998657788047,203.4701,0.0047999998,0.04,1.19,1.16,1.4,0.5308884802246094,214.0,11.0
2028-06-16,2.021917808219178,puts,60.0,0.29488362172132415,203.4701,0.0047999998,0.04,1.52,1.52,1.78,0.523320196533203,28.0,1.0
2028-06-16,2.021917808219178,puts,65.0,0.31945725686476784,203.4701,0.0047999998,0.04,1.84,1.89,2.05,0.5100146655273439,4.0,1.0
2028-06-16,2.021917808219178,puts,70.0,0.3440308920082115,203.4701,0.0047999998,0.04,2.14,2.2,2.44,0.503056727294922,563.0,1.0
2028-06-16,2.021917808219178,puts,75.0,0.3686045271516552,203.4701,0.0047999998,0.04,2.67,2.73,2.86,0.491765336303711,1127.0,572.0
2028-06-16,2.021917808219178,puts,80.0,0.3931781622950989,203.4701,0.0047999998,0.04,3.15,3.15,3.45,0.4857229162597656,1007.0,1.0
2028-06-16,2.021917808219178,puts,85.0,0.41775179743854257,203.4701,0.0047999998,0.04,4.05,3.75,4.05,0.4779715289306641,835.0,17.0
2028-06-16,2.021917808219178,puts,90.0,0.44232543258198626,203.4701,0.0047999998,0.04,4.65,4.4,4.7,0.470281176147461,205.0,1.0
2028-06-16,2.021917808219178,puts,95.0,0.46689906772542994,203.4701,0.0047999998,0.04,4.83,5.1,5.45,0.46393358337402346,94.0,42.0
2028-06-16,2.021917808219178,puts,100.0,0.4914727028688736,203.4701,0.0047999998,0.04,6.0,5.95,6.3,0.4585015087890626,317.0,1.0
2028-06-16,2.021917808219178,puts,105.0,0.5160463380123173,203.4701,0.0047999998,0.04,6.2,6.9,7.25,0.45380184875488283,796.0,10.0
2028-06-16,2.021917808219178,puts,110.0,0.5406199731557609,203.4701,0.0047999998,0.04,7.0,7.9,8.25,0.44861391235351555,368.0,1.0
2028-06-16,2.021917808219178,puts,115.0,0.5651936082992046,203.4701,0.0047999998,0.04,8.8,9.0,9.35,0.44397528686523435,86.0,10.0
2028-06-16,2.021917808219178,puts,120.0,0.5897672434426483,203.4701,0.0047999998,0.04,9.92,10.15,10.45,0.4380854531860352,3851.0,1.0
2028-06-16,2.021917808219178,puts,125.0,0.614340878586092,203.4701,0.0047999998,0.04,11.57,11.45,11.8,0.435125277709961,161.0,1.0
2028-06-16,2.021917808219178,puts,130.0,0.6389145137295357,203.4701,0.0047999998,0.04,12.66,12.8,13.1,0.4301204449462891,3204.0,52.0
2028-06-16,2.021917808219178,puts,135.0,0.6634881488729794,203.4701,0.0047999998,0.04,14.66,14.3,14.6,0.426885614013672,229.0,31.0
2028-06-16,2.021917808219178,puts,140.0,0.688061784016423,203.4701,0.0047999998,0.04,15.57,15.8,16.15,0.4231625067138671,271.0,1.0
2028-06-16,2.021917808219178,puts,145.0,0.7126354191598667,203.4701,0.0047999998,0.04,16.83,17.45,17.8,0.41968353759765625,686.0,1.0
2028-06-16,2.021917808219178,puts,150.0,0.7372090543033104,203.4701,0.0047999998,0.04,19.12,19.3,19.6,0.4169827589416503,2302.0,42.0
2028-06-16,2.021917808219178,puts,155.0,0.7617826894467541,203.4701,0.0047999998,0.04,20.87,21.1,21.45,0.41383947982788083,6546.0,42.0
2028-06-16,2.021917808219178,puts,160.0,0.7863563245901978,203.4701,0.0047999998,0.04,22.65,23.05,23.35,0.4102994761657715,1152.0,7.0
2028-06-16,2.021917808219178,puts,165.0,0.8109299597336415,203.4701,0.0047999998,0.04,24.73,25.05,25.4,0.4074766284179688,269.0,6.0
2028-06-16,2.021917808219178,puts,170.0,0.8355035948770851,203.4701,0.0047999998,0.04,27.03,27.2,27.55,0.4048216256713867,230.0,3.0
2028-06-16,2.021917808219178,puts,175.0,0.8600772300205288,203.4701,0.0047999998,0.04,28.97,29.45,29.8,0.40228869201660156,554.0,6.0
2028-06-16,2.021917808219178,puts,180.0,0.8846508651639725,203.4701,0.0047999998,0.04,31.4,31.7,32.0,0.3984282569885254,767.0,13.0
2028-06-16,2.021917808219178,puts,185.0,0.9092245003074162,203.4701,0.0047999998,0.04,33.11,34.1,34.4,0.39572747833251964,884.0,9.0
2028-06-16,2.021917808219178,puts,190.0,0.9337981354508599,203.4701,0.0047999998,0.04,35.68,36.55,36.9,0.3931945446777344,272.0,1.0
2028-06-16,2.021917808219178,puts,195.0,0.9583717705943036,203.4701,0.0047999998,0.04,38.05,39.05,39.45,0.3903716969299316,262.0,1.0
2028-06-16,2.021917808219178,puts,200.0,0.9829454057377472,203.4701,0.0047999998,0.04,40.94,41.75,42.2,0.38863221237182616,1919.0,2.0
2028-06-16,2.021917808219178,puts,205.0,1.007519040881191,203.4701,0.0047999998,0.04,43.9,44.5,44.9,0.3857178128051757,75.0,3.0
2028-06-16,2.021917808219178,puts,210.0,1.0320926760246345,203.4701,0.0047999998,0.04,46.78,47.35,47.75,0.3834290173339844,798.0,6.0
2028-06-16,2.021917808219178,puts,215.0,1.0566663111680783,203.4701,0.0047999998,0.04,49.41,50.1,50.55,0.3800263414001465,539.0,1.0
2028-06-16,2.021917808219178,puts,220.0,1.0812399463115219,203.4701,0.0047999998,0.04,52.3,53.1,53.6,0.3781647877502441,5677.0,3.0
2028-06-16,2.021917808219178,puts,225.0,1.1058135814549657,203.4701,0.0047999998,0.04,55.34,56.1,56.55,0.37477737045288084,197.0,1.0
2028-06-16,2.021917808219178,puts,230.0,1.1303872165984092,203.4701,0.0047999998,0.04,57.85,59.3,59.7,0.3725038336181641,1481.0,10.0
2028-06-16,2.021917808219178,puts,235.0,1.154960851741853,203.4701,0.0047999998,0.04,60.95,62.45,62.9,0.3700319345092773,2616.0,13.0
2028-06-16,2.021917808219178,puts,240.0,1.1795344868852966,203.4701,0.0047999998,0.04,61.58,65.75,66.25,0.3682619326782227,38.0,1.0
2028-06-16,2.021917808219178,puts,245.0,1.2041081220287404,203.4701,0.0047999998,0.04,64.4,68.9,69.45,0.3645998599243164,19.0,35.0
2028-06-16,2.021917808219178,puts,250.0,1.228681757172184,203.4701,0.0047999998,0.04,70.05,72.45,72.95,0.36295192718505864,41.0,5.0
2028-06-16,2.021917808219178,puts,255.0,1.2532553923156278,203.4701,0.0047999998,0.04,69.95,75.55,76.5,0.36118192535400384,25.0,20.0
2028-06-16,2.021917808219178,puts,260.0,1.2778290274590713,203.4701,0.0047999998,0.04,73.82,78.75,79.7,0.35574985076904286,74.0,1.0
2028-06-16,2.021917808219178,puts,265.0,1.3024026626025151,203.4701,0.0047999998,0.04,81.05,82.6,83.65,0.35642123077392573,31.0,39.0
2028-06-16,2.021917808219178,puts,270.0,1.3269762977459587,203.4701,0.0047999998,0.04,85.65,85.9,86.9,0.35025674163818354,73.0,1.0
2028-06-16,2.021917808219178,puts,275.0,1.3515499328894025,203.4701,0.0047999998,0.04,89.2,89.9,91.05,0.3517368293762207,28.0,10.0
2028-06-16,2.021917808219178,puts,280.0,1.376123568032846,203.4701,0.0047999998,0.04,93.0,93.65,94.75,0.34857829162597653,2004.0,21.0
2028-06-16,2.021917808219178,puts,285.0,1.4006972031762899,203.4701,0.0047999998,0.04,92.05,97.25,98.4,0.344382166595459,2001.0,54.0
2028-06-16,2.021917808219178,puts,290.0,1.4252708383197334,203.4701,0.0047999998,0.04,91.55,100.9,102.1,0.34006397247314457,103.0,1.0
2028-06-16,2.021917808219178,puts,295.0,1.449844473463177,203.4701,0.0047999998,0.04,98.78,105.4,106.45,0.34158983612060545,45.0,2.0
2028-06-16,2.021917808219178,puts,300.0,1.4744181086066208,203.4701,0.0047999998,0.04,108.9,109.75,111.0,0.34477889114379884,136.0,1.0
2028-06-16,2.021917808219178,puts,305.0,1.4989917437500644,203.4701,0.0047999998,0.04,109.7,113.35,114.5,0.33685965881347657,56.0,25.0
2028-06-16,2.021917808219178,puts,310.0,1.5235653788935082,203.4701,0.0047999998,0.04,115.3,117.25,119.25,0.341376215209961,55.0,2.0
2028-06-16,2.021917808219178,puts,315.0,1.5481390140369518,203.4701,0.0047999998,0.04,113.85,121.0,123.45,0.33978931701660153,50.0,50.0
2028-06-16,2.021917808219178,puts,320.0,1.5727126491803955,203.4701,0.0047999998,0.04,124.45,125.5,127.8,0.3393925924682617,172.0,1.0
2028-06-16,2.021917808219178,puts,325.0,1.5972862843238391,203.4701,0.0047999998,0.04,124.3,129.45,131.9,0.33579155426025387,99.0,2.0
2028-06-16,2.021917808219178,puts,330.0,1.621859919467283,203.4701,0.0047999998,0.04,128.8,133.55,136.05,0.33219051605224614,142.0,30.0
2028-06-16,2.021917808219178,puts,335.0,1.6464335546107265,203.4701,0.0047999998,0.04,133.15,136.3,140.4,0.33045103149414057,49.0,20.0
2028-06-16,2.021917808219178,puts,340.0,1.6710071897541703,203.4701,0.0047999998,0.04,140.5,142.45,144.6,0.32637697555541995,210.0,2.0
2028-06-16,2.021917808219178,puts,345.0,1.6955808248976139,203.4701,0.0047999998,0.04,144.26,146.5,149.05,0.3249579223632812,14.0,20.0
2028-06-16,2.021917808219178,puts,350.0,1.7201544600410577,203.4701,0.0047999998,0.04,150.4,150.8,153.9,0.3284979260253906,66.0,1.0
2028-06-16,2.021917808219178,puts,360.0,1.769301730327945,203.4701,0.0047999998,0.04,153.8,159.8,162.15,0.3143073941040039,6.0,2.0
2028-06-16,2.021917808219178,puts,370.0,1.8184490006148324,203.4701,0.0047999998,0.04,158.2,168.8,172.0,0.3219061950683593,3.0,1.0
2028-06-16,2.021917808219178,puts,380.0,1.8675962709017198,203.4701,0.0047999998,0.04,176.69,177.65,179.7,0.29099219757080075,2.0,2.0
2028-06-16,2.021917808219178,puts,390.0,1.9167435411886071,203.4701,0.0047999998,0.04,186.03,187.15,189.75,0.30060513854980464,23.0,2.0
2028-06-16,2.021917808219178,puts,400.0,1.9658908114754945,203.4701,0.0047999998,0.04,190.05,196.5,199.45,0.3025887612915039,15.0,15.0
2028-06-16,2.021917808219178,puts,410.0,2.015038081762382,203.4701,0.0047999998,0.04,202.2,205.65,209.15,0.3037789349365234,22.0,3.0
2028-06-16,2.021917808219178,puts,430.0,2.1133326223361566,203.4701,0.0047999998,0.04,199.51,224.65,229.2,0.31995308959960933,20.0,0.0
2028-06-16,2.021917808219178,puts,440.0,2.1624798926230437,203.4701,0.0047999998,0.04,215.31,234.1,237.55,0.2775951147460937,1.0,0.0
2028-12-15,2.5205479452054793,calls,5.0,0.02457363514344368,203.4701,0.0047999998,0.04,198.8,195.4,202.75,1.2793004785156248,381.0,3.0
2028-12-15,2.5205479452054793,calls,10.0,0.04914727028688736,203.4701,0.0047999998,0.04,196.0,194.0,198.05,1.3813507495117183,67.0,1.0
2028-12-15,2.5205479452054793,calls,15.0,0.07372090543033104,203.4701,0.0047999998,0.04,193.67,185.5,193.25,0.9025888647460938,46.0,1.0
2028-12-15,2.5205479452054793,calls,20.0,0.09829454057377472,203.4701,0.0047999998,0.04,188.84,180.8,188.7,0.848634326171875,462.0,6.0
2028-12-15,2.5205479452054793,calls,25.0,0.1228681757172184,203.4701,0.0047999998,0.04,185.84,176.85,184.3,0.8469253588867187,400.0,1.0
2028-12-15,2.5205479452054793,calls,30.0,0.14744181086066208,203.4701,0.0047999998,0.04,187.73,172.55,180.0,0.8228777478027343,674.0,420.0
2028-12-15,2.5205479452054793,calls,35.0,0.17201544600410576,203.4701,0.0047999998,0.04,176.84,168.3,175.65,0.7973653076171875,1013.0,5.0
2028-12-15,2.5205479452054793,calls,40.0,0.19658908114754944,203.4701,0.0047999998,0.04,171.65,163.5,171.4,0.7606225109863283,503.0,2.0
2028-12-15,2.5205479452054793,calls,45.0,0.22116271629099313,203.4701,0.0047999998,0.04,179.1,163.0,167.1,0.8176898114013671,645.0,22.0
2028-12-15,2.5205479452054793,calls,50.0,0.2457363514344368,203.4701,0.0047999998,0.04,166.1,155.6,163.0,0.7326076544189453,618.0,1.0
2028-12-15,2.5205479452054793,calls,55.0,0.27030998657788047,203.4701,0.0047999998,0.04,158.0,151.35,158.85,0.7123441851806642,507.0,1.0
2028-12-15,2.5205479452054793,calls,60.0,0.29488362172132415,203.4701,0.0047999998,0.04,157.32,148.05,154.4,0.7024565887451173,1729.0,1.0
2028-12-15,2.5205479452054793,calls,65.0,0.31945725686476784,203.4701,0.0047999998,0.04,150.0,145.1,149.4,0.6882965740966798,613.0,16.0
2028-12-15,2.5205479452054793,calls,70.0,0.3440308920082115,203.4701,0.0047999998,0.04,143.65,141.25,144.9,0.6687044848632814,812.0,16.0
2028-12-15,2.5205479452054793,calls,75.0,0.3686045271516552,203.4701,0.0047999998,0.04,143.29,137.35,141.25,0.6589694747924805,761.0,29.0
2028-12-15,2.5205479452054793,calls,80.0,0.3931781622950989,203.4701,0.0047999998,0.04,141.2,131.85,137.65,0.6317175500488281,1038.0,1.0
2028-12-15,2.5205479452054793,calls,85.0,0.41775179743854257,203.4701,0.0047999998,0.04,138.45,130.2,133.4,0.6381261773681641,494.0,2.0
2028-12-15,2.5205479452054793,calls,90.0,0.44232543258198626,203.4701,0.0047999998,0.04,131.1,126.9,129.5,0.6296423754882813,5553.0,2.0
2028-12-15,2.5205479452054793,calls,95.0,0.46689906772542994,203.4701,0.0047999998,0.04,127.91,122.6,126.3,0.6178627081298829,2249.0,11.0
2028-12-15,2.5205479452054793,calls,100.0,0.4914727028688736,203.4701,0.0047999998,0.04,120.63,120.5,122.3,0.6172218453979493,4451.0,3.0
2028-12-15,2.5205479452054793,calls,105.0,0.5160463380123173,203.4701,0.0047999998,0.04,119.95,116.9,119.1,0.6097756307983401,723.0,30.0
2028-12-15,2.5205479452054793,calls,110.0,0.5406199731557609,203.4701,0.0047999998,0.04,115.7,112.8,115.45,0.5948221670532227,914.0,7.0
2028-12-15,2.5205479452054793,calls,115.0,0.5651936082992046,203.4701,0.0047999998,0.04,116.06,109.65,112.75,0.5931742343139649,854.0,3.0
2028-12-15,2.5205479452054793,calls,120.0,0.5897672434426483,203.4701,0.0047999998,0.04,113.79,107.1,108.85,0.5865519860839843,6015.0,1.0
2028-12-15,2.5205479452054793,calls,125.0,0.614340878586092,203.4701,0.0047999998,0.04,104.05,104.5,105.1,0.5799907723999024,531.0,8.0
2028-12-15,2.5205479452054793,calls,130.0,0.6389145137295357,203.4701,0.0047999998,0.04,107.17,100.95,103.05,0.5774883560180665,1429.0,2.0
2028-12-15,2.5205479452054793,calls,135.0,0.6634881488729794,203.4701,0.0047999998,0.04,103.28,97.5,98.85,0.5621992022705078,439.0,1.0
2028-12-15,2.5205479452054793,calls,140.0,0.688061784016423,203.4701,0.0047999998,0.04,96.0,94.7,96.35,0.5603376486206054,5546.0,9.0
2028-12-15,2.5205479452054793,calls,145.0,0.7126354191598667,203.4701,0.0047999998,0.04,95.07,92.45,94.1,0.5620923918151854,1160.0,3.0
2028-12-15,2.5205479452054793,calls,150.0,0.7372090543033104,203.4701,0.0047999998,0.04,90.8,90.0,90.9,0.55684342086792,2584.0,12.0
2028-12-15,2.5205479452054793,calls,155.0,0.7617826894467541,203.4701,0.0047999998,0.04,92.27,87.1,88.3,0.5518996226501465,934.0,1.0
2028-12-15,2.5205479452054793,calls,160.0,0.7863563245901978,203.4701,0.0047999998,0.04,86.41,83.8,85.45,0.543247975769043,3039.0,9.0
2028-12-15,2.5205479452054793,calls,165.0,0.8109299597336415,203.4701,0.0047999998,0.04,86.32,82.1,83.05,0.5443313389587403,1232.0,2.0
2028-12-15,2.5205479452054793,calls,170.0,0.8355035948770851,203.4701,0.0047999998,0.04,82.6,79.8,80.6,0.5416153016662599,4065.0,30.0
2028-12-15,2.5205479452054793,calls,175.0,0.8600772300205288,203.4701,0.0047999998,0.04,78.79,77.0,78.5,0.5377090907287598,2383.0,46.0
2028-12-15,2.5205479452054793,calls,180.0,0.8846508651639725,203.4701,0.0047999998,0.04,77.8,75.05,76.1,0.535862795715332,4829.0,14.0
2028-12-15,2.5205479452054793,calls,185.0,0.9092245003074162,203.4701,0.0047999998,0.04,75.74,72.9,73.6,0.5322007229614257,6230.0,9.0
2028-12-15,2.5205479452054793,calls,190.0,0.9337981354508599,203.4701,0.0047999998,0.04,71.2,70.8,71.55,0.5303086520385744,5646.0,33.0
2028-12-15,2.5205479452054793,calls,195.0,0.9583717705943036,203.4701,0.0047999998,0.04,70.75,68.75,69.85,0.5297135652160647,1723.0,3.0
2028-12-15,2.5205479452054793,calls,200.0,0.9829454057377472,203.4701,0.0047999998,0.04,67.52,66.9,67.5,0.5267228724670412,24276.0,99.0
2028-12-15,2.5205479452054793,calls,205.0,1.007519040881191,203.4701,0.0047999998,0.04,66.0,65.2,65.75,0.5265245101928712,2715.0,117.0
2028-12-15,2.5205479452054793,calls,210.0,1.0320926760246345,203.4701,0.0047999998,0.04,65.0,63.1,64.25,0.5252427847290039,6096.0,87.0
2028-12-15,2.5205479452054793,calls,215.0,1.0566663111680783,203.4701,0.0047999998,0.04,63.13,61.15,62.2,0.5219316606140136,2520.0,65.0
2028-12-15,2.5205479452054793,calls,220.0,1.0812399463115219,203.4701,0.0047999998,0.04,61.36,59.55,60.2,0.5199022619628906,6713.0,84.0
2028-12-15,2.5205479452054793,calls,225.0,1.1058135814549657,203.4701,0.0047999998,0.04,59.69,57.85,58.65,0.5189409678649901,6472.0,28.0
2028-12-15,2.5205479452054793,calls,230.0,1.1303872165984092,203.4701,0.0047999998,0.04,56.54,56.25,56.75,0.5166216551208496,4272.0,64.0
2028-12-15,2.5205479452054793,calls,235.0,1.154960851741853,203.4701,0.0047999998,0.04,56.8,54.6,55.45,0.5161486373901367,2893.0,20.0
2028-12-15,2.5205479452054793,calls,240.0,1.1795344868852966,203.4701,0.0047999998,0.04,55.0,53.15,53.8,0.5147601014709473,3893.0,4.0
2028-12-15,2.5205479452054793,calls,245.0,1.2041081220287404,203.4701,0.0047999998,0.04,54.55,51.7,52.25,0.5134478587341307,1828.0,3.0
2028-12-15,2.5205479452054793,calls,250.0,1.228681757172184,203.4701,0.0047999998,0.04,50.55,50.15,50.85,0.5120135469055176,16944.0,130.0
2028-12-15,2.5205479452054793,calls,255.0,1.2532553923156278,203.4701,0.0047999998,0.04,50.75,48.9,49.5,0.5116473396301271,938.0,1.0
2028-12-15,2.5205479452054793,calls,260.0,1.2778290274590713,203.4701,0.0047999998,0.04,51.25,47.5,48.2,0.5106097523498536,3462.0,2.0
2028-12-15,2.5205479452054793,calls,265.0,1.3024026626025151,203.4701,0.0047999998,0.04,51.0,46.25,46.9,0.5098773377990724,631.0,4.0
2028-12-15,2.5205479452054793,calls,270.0,1.3269762977459587,203.4701,0.0047999998,0.04,46.4,45.05,45.65,0.5092517337036133,2846.0,28.0
2028-12-15,2.5205479452054793,calls,275.0,1.3515499328894025,203.4701,0.0047999998,0.04,45.58,43.8,44.6,0.5089313023376465,2498.0,2.0
2028-12-15,2.5205479452054793,calls,280.0,1.376123568032846,203.4701,0.0047999998,0.04,44.2,42.55,43.25,0.5072070764160157,2853.0,28.0
2028-12-15,2.5205479452054793,calls,285.0,1.4006972031762899,203.4701,0.0047999998,0.04,44.82,41.4,42.3,0.5071613005065918,2682.0,18.0
2028-12-15,2.5205479452054793,calls,290.0,1.4252708383197334,203.4701,0.0047999998,0.04,40.75,40.5,41.0,0.5065051791381835,6414.0,24.0
2028-12-15,2.5205479452054793,calls,295.0,1.449844473463177,203.4701,0.0047999998,0.04,40.95,39.55,40.05,0.506764575958252,1010.0,10.0
2028-12-15,2.5205479452054793,calls,300.0,1.4744181086066208,203.4701,0.0047999998,0.04,40.0,38.75,39.0,0.5069934555053711,17389.0,76.0
2028-12-15,2.5205479452054793,calls,310.0,1.5235653788935082,203.4701,0.0047999998,0.04,40.0,36.8,37.05,0.5060474200439453,1954.0,1.0
2028-12-15,2.5205479452054793,calls,320.0,1.5727126491803955,203.4701,0.0047999998,0.04,35.02,34.8,35.45,0.5054370745849608,2167.0,5.0
2028-12-15,2.5205479452054793,calls,330.0,1.621859919467283,203.4701,0.0047999998,0.04,36.5,33.1,33.6,0.5042469009399414,7253.0,17.0
2028-12-15,2.5205479452054793,calls,340.0,1.6710071897541703,203.4701,0.0047999998,0.04,34.0,31.5,32.0,0.5036975900268555,4386.0,51.0
2028-12-15,2.5205479452054793,calls,350.0,1.7201544600410577,203.4701,0.0047999998,0.04,31.75,30.1,30.65,0.5042774182128906,8949.0,86.0
2028-12-15,2.5205479452054793,calls,360.0,1.769301730327945,203.4701,0.0047999998,0.04,30.0,28.75,29.25,0.5042163836669922,3152.0,10.0
2028-12-15,2.5205479452054793,calls,370.0,1.8184490006148324,203.4701,0.0047999998,0.04,28.95,27.35,27.9,0.5035450036621094,5656.0,18.0
2028-12-15,2.5205479452054793,calls,380.0,1.8675962709017198,203.4701,0.0047999998,0.04,27.2,26.2,26.7,0.5039417282104492,19198.0,4.0
2028-12-15,2.5205479452054793,calls,390.0,1.9167435411886071,203.4701,0.0047999998,0.04,27.14,25.0,25.45,0.503361900024414,756.0,51.0
2028-12-15,2.5205479452054793,calls,400.0,1.9658908114754945,203.4701,0.0047999998,0.04,24.9,23.95,24.4,0.503758624572754,5565.0,25.0
2028-12-15,2.5205479452054793,calls,410.0,2.015038081762382,203.4701,0.0047999998,0.04,25.11,22.85,23.4,0.5036518141174318,418.0,6.0
2028-12-15,2.5205479452054793,calls,420.0,2.064185352049269,203.4701,0.0047999998,0.04,22.0,21.9,22.35,0.5035144863891602,1237.0,12.0
2028-12-15,2.5205479452054793,calls,430.0,2.1133326223361566,203.4701,0.0047999998,0.04,23.09,21.05,21.45,0.5040332800292968,163.0,23.0
2028-12-15,2.5205479452054793,calls,440.0,2.1624798926230437,203.4701,0.0047999998,0.04,20.83,20.1,20.5,0.5034534518432617,442.0,4.0
2028-12-15,2.5205479452054793,calls,450.0,2.2116271629099313,203.4701,0.0047999998,0.04,20.0,19.2,19.7,0.5033771586608886,5027.0,58.0
2028-12-15,2.5205479452054793,calls,460.0,2.2607744331968185,203.4701,0.0047999998,0.04,18.8,18.45,18.8,0.503133020477295,262.0,31.0
2028-12-15,2.5205479452054793,puts,5.0,0.02457363514344368,203.4701,0.0047999998,0.04,0.05,0.03,0.06,0.8789074609374999,3025.0,2.0
2028-12-15,2.5205479452054793,puts,10.0,0.04914727028688736,203.4701,0.0047999998,0.04,0.09,0.09,0.16,0.7851583984375,2671.0,15.0
2028-12-15,2.5205479452054793,puts,15.0,0.07372090543033104,203.4701,0.0047999998,0.04,0.19,0.06,0.25,0.6904327832031252,1182.0,9.0
2028-12-15,2.5205479452054793,puts,20.0,0.09829454057377472,203.4701,0.0047999998,0.04,0.3,0.2,0.4,0.6660189648437502,1914.0,1.0
2028-12-15,2.5205479452054793,puts,25.0,0.1228681757172184,203.4701,0.0047999998,0.04,0.37,0.33,0.64,0.6433141137695313,899.0,3.0
2028-12-15,2.5205479452054793,puts,30.0,0.14744181086066208,203.4701,0.0047999998,0.04,0.53,0.49,0.71,0.6059609716796877,1403.0,100.0
2028-12-15,2.5205479452054793,puts,35.0,0.17201544600410576,203.4701,0.0047999998,0.04,0.73,0.67,0.9,0.5820354296875,421.0,1.0
2028-12-15,2.5205479452054793,puts,40.0,0.19658908114754944,203.4701,0.0047999998,0.04,0.91,0.85,1.0,0.5534712622070312,299.0,6.0
2028-12-15,2.5205479452054793,puts,45.0,0.22116271629099313,203.4701,0.0047999998,0.04,1.21,1.08,1.29,0.5378464184570313,185.0,2.0
2028-12-15,2.5205479452054793,puts,50.0,0.2457363514344368,203.4701,0.0047999998,0.04,1.53,1.45,1.59,0.526371923828125,3458.0,1.0
2028-12-15,2.5205479452054793,puts,55.0,0.27030998657788047,203.4701,0.0047999998,0.04,1.85,1.79,1.98,0.514531221923828,254.0,1.0
2028-12-15,2.5205479452054793,puts,60.0,0.29488362172132415,203.4701,0.0047999998,0.04,2.32,2.06,2.45,0.5014698291015626,185.0,6.0
2028-12-15,2.5205479452054793,puts,65.0,0.31945725686476784,203.4701,0.0047999998,0.04,2.83,2.63,2.86,0.49768568725585943,165.0,7.0
2028-12-15,2.5205479452054793,puts,70.0,0.3440308920082115,203.4701,0.0047999998,0.04,3.25,3.05,3.3,0.4848684326171875,791.0,5.0
2028-12-15,2.5205479452054793,puts,75.0,0.3686045271516552,203.4701,0.0047999998,0.04,4.0,3.65,4.0,0.4801077380371094,1476.0,17.0
2028-12-15,2.5205479452054793,puts,80.0,0.3931781622950989,203.4701,0.0047999998,0.04,4.45,4.35,4.7,0.4732718688964844,960.0,2.0
2028-12-15,2.5205479452054793,puts,85.0,0.41775179743854257,203.4701,0.0047999998,0.04,5.2,5.05,5.4,0.4650322052001954,658.0,4.0
2028-12-15,2.5205479452054793,puts,90.0,0.44232543258198626,203.4701,0.0047999998,0.04,6.0,5.9,6.25,0.45929495788574226,1658.0,1.0
2028-12-15,2.5205479452054793,puts,95.0,0.46689906772542994,203.4701,0.0047999998,0.04,6.92,6.8,7.15,0.4532830551147461,1762.0,6.0
2028-12-15,2.5205479452054793,puts,100.0,0.4914727028688736,203.4701,0.0047999998,0.04,8.01,7.9,8.15,0.4480951187133788,2360.0,7.0
2028-12-15,2.5205479452054793,puts,105.0,0.5160463380123173,203.4701,0.0047999998,0.04,9.0,8.85,9.2,0.4426020095825196,1810.0,35.0
2028-12-15,2.5205479452054793,puts,110.0,0.5406199731557609,203.4701,0.0047999998,0.04,10.05,10.05,10.4,0.4385737295532227,1934.0,3.0
2028-12-15,2.5205479452054793,puts,115.0,0.5651936082992046,203.4701,0.0047999998,0.04,11.03,11.35,11.65,0.434148724975586,5314.0,1.0
2028-12-15,2.5205479452054793,puts,120.0,0.5897672434426483,203.4701,0.0047999998,0.04,12.85,12.6,13.0,0.4301509622192383,9258.0,8.0
2028-12-15,2.5205479452054793,puts,125.0,0.614340878586092,203.4701,0.0047999998,0.04,13.95,14.1,14.45,0.42648888946533214,1540.0,11.0
2028-12-15,2.5205479452054793,puts,130.0,0.6389145137295357,203.4701,0.0047999998,0.04,15.55,15.6,15.95,0.42249112670898437,13756.0,71.0
2028-12-15,2.5205479452054793,puts,135.0,0.6634881488729794,203.4701,0.0047999998,0.04,16.87,17.25,17.55,0.41881379531860347,2279.0,13.0
2028-12-15,2.5205479452054793,puts,140.0,0.688061784016423,203.4701,0.0047999998,0.04,18.8,18.95,19.3,0.41600620620727535,4393.0,2.0
2028-12-15,2.5205479452054793,puts,145.0,0.7126354191598667,203.4701,0.0047999998,0.04,20.51,20.65,21.0,0.41173378799438476,2727.0,5.0
2028-12-15,2.5205479452054793,puts,150.0,0.7372090543033104,203.4701,0.0047999998,0.04,22.51,22.5,22.85,0.40833111206054684,10985.0,25.0
2028-12-15,2.5205479452054793,puts,155.0,0.7617826894467541,203.4701,0.0047999998,0.04,24.48,24.55,24.9,0.40619490295410154,1426.0,23.0
2028-12-15,2.5205479452054793,puts,160.0,0.7863563245901978,203.4701,0.0047999998,0.04,26.2,26.55,26.9,0.4027159338378906,3489.0,2.0
2028-12-15,2.5205479452054793,puts,165.0,0.8109299597336415,203.4701,0.0047999998,0.04,27.85,28.7,29.0,0.3995116201782227,4556.0,3.0
2028-12-15,2.5205479452054793,puts,170.0,0.8355035948770851,203.4701,0.0047999998,0.04,30.7,30.9,31.3,0.3974822215270996,2113.0,1.0
2028-12-15,2.5205479452054793,puts,175.0,0.8600772300205288,203.4701,0.0047999998,0.04,33.04,33.15,33.65,0.39516290878295907,3506.0,1.0
2028-12-15,2.5205479452054793,puts,180.0,0.8846508651639725,203.4701,0.0047999998,0.04,34.28,35.55,35.9,0.3912719564819336,9017.0,10.0
2028-12-15,2.5205479452054793,puts,185.0,0.9092245003074162,203.4701,0.0047999998,0.04,37.49,37.95,38.45,0.38939514419555665,3273.0,31.0
2028-12-15,2.5205479452054793,puts,190.0,0.9337981354508599,203.4701,0.0047999998,0.04,39.9,40.5,41.1,0.387701435546875,3648.0,2.0
2028-12-15,2.5205479452054793,puts,195.0,0.9583717705943036,203.4701,0.0047999998,0.04,42.0,43.1,43.5,0.38329168960571286,3818.0,7.0
2028-12-15,2.5205479452054793,puts,200.0,0.9829454057377472,203.4701,0.0047999998,0.04,44.95,45.65,46.1,0.3799958241271973,6834.0,42.0
2028-12-15,2.5205479452054793,puts,205.0,1.007519040881191,203.4701,0.0047999998,0.04,47.84,48.55,49.0,0.3785767709350586,2183.0,26.0
2028-12-15,2.5205479452054793,puts,210.0,1.0320926760246345,203.4701,0.0047999998,0.04,51.0,51.35,51.75,0.3753724572753906,4010.0,10.0
2028-12-15,2.5205479452054793,puts,215.0,1.0566663111680783,203.4701,0.0047999998,0.04,53.14,54.1,54.55,0.3720308158874512,694.0,5.0
2028-12-15,2.5205479452054793,puts,220.0,1.0812399463115219,203.4701,0.0047999998,0.04,55.75,57.05,57.5,0.36936055450439453,2841.0,34.0
2028-12-15,2.5205479452054793,puts,225.0,1.1058135814549657,203.4701,0.0047999998,0.04,57.0,60.2,60.6,0.36734641448974614,1116.0,2.0
2028-12-15,2.5205479452054793,puts,230.0,1.1303872165984092,203.4701,0.0047999998,0.04,62.09,63.3,63.75,0.36519494674682623,6768.0,5.0
2028-12-15,2.5205479452054793,puts,235.0,1.154960851741853,203.4701,0.0047999998,0.04,65.15,66.35,66.95,0.36293666854858403,528.0,26.0
2028-12-15,2.5205479452054793,puts,240.0,1.1795344868852966,203.4701,0.0047999998,0.04,67.95,69.55,70.1,0.359808648071289,1062.0,25.0
2028-12-15,2.5205479452054793,puts,245.0,1.2041081220287404,203.4701,0.0047999998,0.04,66.49,72.95,73.8,0.36048002807617185,1264.0,2.0
2028-12-15,2.5205479452054793,puts,250.0,1.228681757172184,203.4701,0.0047999998,0.04,75.53,76.25,76.75,0.3548495912170409,1377.0,11.0
2028-12-15,2.5205479452054793,puts,255.0,1.2532553923156278,203.4701,0.0047999998,0.04,75.45,79.7,80.25,0.3530338134765625,342.0,20.0
2028-12-15,2.5205479452054793,puts,260.0,1.2778290274590713,203.4701,0.0047999998,0.04,81.26,83.25,83.85,0.35155372573852534,1484.0,1.0
2028-12-15,2.5205479452054793,puts,265.0,1.3024026626025151,203.4701,0.0047999998,0.04,82.79,86.15,87.6,0.35082131118774407,188.0,1.0
2028-12-15,2.5205479452054793,puts,270.0,1.3269762977459587,203.4701,0.0047999998,0.04,82.0,90.3,91.2,0.34847148117065424,651.0,1.0
2028-12-15,2.5205479452054793,puts,275.0,1.3515499328894025,203.4701,0.0047999998,0.04,84.22,93.45,94.35,0.34206285385131835,388.0,2.0
2028-12-15,2.5205479452054793,puts,280.0,1.376123568032846,203.4701,0.0047999998,0.04,96.1,97.65,98.7,0.34491621887207036,1648.0,4.0
2028-12-15,2.5205479452054793,puts,285.0,1.4006972031762899,203.4701,0.0047999998,0.04,100.45,100.45,101.8,0.3371648315429688,354.0,8.0
2028-12-15,2.5205479452054793,puts,290.0,1.4252708383197334,203.4701,0.0047999998,0.04,104.25,104.95,106.45,0.34178819839477537,1234.0,42.0
2028-12-15,2.5205479452054793,puts,295.0,1.449844473463177,203.4701,0.0047999998,0.04,103.1,108.65,109.75,0.3347539669799804,485.0,4.0
2028-12-15,2.5205479452054793,puts,300.0,1.4744181086066208,203.4701,0.0047999998,0.04,109.65,112.3,114.1,0.3362187960815429,4415.0,1.0
2028-12-15,2.5205479452054793,puts,310.0,1.5235653788935082,203.4701,0.0047999998,0.04,118.08,119.65,121.6,0.32755189056396483,1108.0,29.0
2028-12-15,2.5205479452054793,puts,320.0,1.5727126491803955,203.4701,0.0047999998,0.04,126.05,127.8,129.45,0.32012093460082996,1198.0,5.0
2028-12-15,2.5205479452054793,puts,330.0,1.621859919467283,203.4701,0.0047999998,0.04,135.6,136.25,137.95,0.3171760177612304,2993.0,2.0
2028-12-15,2.5205479452054793,puts,340.0,1.6710071897541703,203.4701,0.0047999998,0.04,144.07,144.8,146.4,0.3122017022705078,731.0,6.0
2028-12-15,2.5205479452054793,puts,350.0,1.7201544600410577,203.4701,0.0047999998,0.04,151.75,153.35,155.6,0.3138648936462402,5172.0,571.0
2028-12-15,2.5205479452054793,puts,360.0,1.769301730327945,203.4701,0.0047999998,0.04,161.2,161.85,163.4,0.29788910125732415,7400.0,22.0
2028-12-15,2.5205479452054793,puts,370.0,1.8184490006148324,203.4701,0.0047999998,0.04,170.0,170.3,174.7,0.3227454200744628,912.0,4.0
2028-12-15,2.5205479452054793,puts,380.0,1.8675962709017198,203.4701,0.0047999998,0.04,178.74,179.45,184.4,0.3281012014770508,1154.0,6.0
2028-12-15,2.5205479452054793,puts,390.0,1.9167435411886071,203.4701,0.0047999998,0.04,186.9,189.1,192.35,0.31021807952880853,1153.0,20.0
2028-12-15,2.5205479452054793,puts,400.0,1.9658908114754945,203.4701,0.0047999998,0.04,196.9,197.15,200.75,0.2942575457763671,1597.0,18.0
2028-12-15,2.5205479452054793,puts,410.0,2.015038081762382,203.4701,0.0047999998,0.04,206.02,206.25,210.1,0.2906565075683593,9.0,2.0
2028-12-15,2.5205479452054793,puts,420.0,2.064185352049269,203.4701,0.0047999998,0.04,211.05,215.6,219.2,0.28040270385742183,17.0,15.0
2028-12-15,2.5205479452054793,puts,430.0,2.1133326223361566,203.4701,0.0047999998,0.04,210.35,225.2,228.85,0.2794261511230468,26.0,6.0
2028-12-15,2.5205479452054793,puts,440.0,2.1624798926230437,203.4701,0.0047999998,0.04,219.35,234.4,238.6,0.27985339294433587,78.0,1.0
2028-12-15,2.5205479452054793,puts,450.0,2.2116271629099313,203.4701,0.0047999998,0.04,233.0,243.8,248.4,0.28089098022460934,17.0,1.0
