Date,1Y,2Y,3Y,5Y,7Y,10Y,20Y,30Y
1979-01-02,11.45,11.96,12.27,12.56,12.65,12.62,12.48,12.48
1979-01-03,11.52,11.99,12.3,12.6,12.69,12.66,12.51,12.51
1979-01-04,11.52,11.94,12.24,12.56,12.66,12.64,12.5,12.5
1979-01-05,11.46,11.89,12.2,12.54,12.67,12.67,12.53,12.53
1979-01-08,11.38,11.82,12.14,12.5,12.65,12.65,12.52,12.52
1979-01-09,11.43,11.93,12.25,12.58,12.68,12.66,12.53,12.53
1979-01-10,11.46,11.95,12.28,12.61,12.73,12.72,12.57,12.57
1979-01-11,11.48,12,12.31,12.63,12.76,12.76,12.6,12.6
1979-01-12,11.54,12.02,12.32,12.65,12.79,12.84,12.67,12.67
1979-01-15,11.55,12.06,12.37,12.7,12.85,12.9,12.6,12.6
1979-01-16,11.53,12.06,12.38,12.7,12.83,12.87,12.59,12.59
1979-01-17,11.64,12.17,12.48,12.78,12.92,12.97,12.66,12.66
1979-01-18,11.62,12.18,12.48,12.79,12.96,13.05,12.46,12.46
1979-01-19,11.7,12.27,12.57,12.86,13,13.08,12.49,12.49
1979-01-22,11.84,12.47,12.76,13.02,13.16,13.27,12.59,12.59
1979-01-23,11.88,12.52,12.79,13.03,13.15,13.25,12.6,12.6
1979-01-24,12.15,12.79,13.03,13.2,13.29,13.35,12.75,12.75
1979-01-25,12.1,12.75,13,13.19,13.28,13.36,12.76,12.76
1979-01-26,12.04,12.68,12.95,13.15,13.23,13.29,12.71,12.71
1979-01-29,12.1,12.73,13,13.19,13.27,13.33,12.74,12.74
1979-01-30,12.08,12.69,12.97,13.19,13.3,13.4,12.8,12.8
1979-01-31,12.11,12.72,13.01,13.24,13.34,13.42,12.81,12.81
1979-02-01,12.15,12.74,13.04,13.29,13.4,13.49,12.85,12.85
1979-02-02,12.45,12.89,13.16,13.38,13.48,13.54,12.87,12.87
1979-02-05,12.45,12.92,13.18,13.41,13.53,13.62,12.89,12.89
1979-02-06,12.48,12.93,13.18,13.42,13.56,13.69,12.97,12.97
1979-02-07,12.68,13.1,13.31,13.52,13.64,13.75,12.95,12.95
1979-02-08,12.88,13.22,13.47,13.72,13.83,13.86,12.95,12.95
1979-02-09,12.67,13.1,13.4,13.7,13.82,13.85,12.93,12.93
1979-02-12,12.57,12.95,13.29,13.64,13.78,13.82,12.91,12.91
1979-02-13,12.42,12.89,13.23,13.58,13.71,13.74,12.85,12.85
1979-02-14,12.32,12.82,13.19,13.55,13.67,13.67,12.81,12.81
1979-02-15,12.26,12.81,13.19,13.56,13.7,13.74,12.87,12.87
1979-02-16,12.14,12.73,13.09,13.44,13.59,13.67,12.88,12.88
1979-02-19,11.65,12.17,12.58,13.08,13.35,13.56,12.95,12.95
1979-02-20,11.43,11.98,12.4,12.91,13.2,13.43,13.57,13.57
1979-02-21,11.44,12,12.39,12.88,13.17,13.43,13.54,13.54
1979-02-22,11.38,11.9,12.28,12.74,13,13.23,13.41,13.41
1979-02-23,11.34,11.79,12.17,12.62,12.85,13.02,12.97,12.97
1979-02-26,11.37,11.76,12.1,12.54,12.78,12.97,12.96,12.96
1979-02-27,10.98,11.22,11.49,11.94,12.27,12.61,12.81,12.81
1979-02-28,10.84,11.13,11.33,11.63,11.91,12.26,12.66,12.66
1979-03-01,11.12,11.47,11.65,11.89,12.09,12.34,12.62,12.62
1979-03-02,11.06,11.33,11.53,11.79,11.99,12.23,12.38,12.38
1979-03-05,10.96,11.13,11.23,11.4,11.61,11.92,12.29,12.29
1979-03-06,11.01,11.18,11.29,11.52,11.77,12.11,12.4,12.4
1979-03-07,10.73,10.94,11.09,11.34,11.62,11.99,12.39,12.39
1979-03-08,10.27,10.52,10.68,10.93,11.19,11.57,12.18,12.18
1979-03-09,10.39,10.71,10.82,10.98,11.18,11.54,12.18,12.18
1979-03-12,10.44,10.74,10.87,11.03,11.23,11.58,12.16,12.16
1979-03-13,10.5,10.78,10.91,11.1,11.33,11.69,12.11,12.11
1979-03-14,10.52,10.82,10.98,11.2,11.42,11.74,12.12,12.12
1979-03-15,10.83,11.17,11.31,11.5,11.7,11.99,12.26,12.26
1979-03-16,10.8,11.07,11.22,11.42,11.6,11.85,12.13,12.13
1979-03-19,10.79,11,11.15,11.38,11.58,11.86,12.2,12.2
1979-03-20,10.62,10.77,10.9,11.1,11.32,11.67,12.16,12.16
1979-03-21,10.6,10.74,10.85,11.05,11.28,11.61,12.11,12.11
1979-03-22,10.68,10.79,10.89,11.09,11.33,11.68,12.2,12.2
1979-03-23,10.47,10.63,10.74,10.94,11.17,11.51,12.02,12.02
1979-03-26,10.53,10.72,10.81,10.98,11.2,11.56,12.21,12.21
1979-03-27,10.46,10.55,10.61,10.73,10.9,11.22,11.97,11.97
1979-03-28,10.38,10.53,10.62,10.75,10.91,11.22,11.98,11.98
1979-03-29,10.27,10.38,10.41,10.47,10.62,10.93,11.64,11.64
1979-03-30,10.26,10.4,10.41,10.47,10.61,10.92,11.75,11.75
1979-04-02,9.99,10.07,10.13,10.29,10.51,10.89,11.66,11.66
1979-04-03,10.13,10.26,10.3,10.39,10.58,10.95,11.71,11.71
1979-04-04,10.26,10.39,10.41,10.51,10.71,11.1,11.79,11.79
1979-04-05,10.29,10.4,10.39,10.48,10.68,11.06,11.76,11.76
1979-04-06,10.19,10.29,10.3,10.43,10.66,11.06,11.82,11.82
1979-04-09,10.18,10.28,10.27,10.37,10.61,11.02,11.66,11.66
1979-04-10,10.04,10.18,10.18,10.28,10.51,10.91,11.49,11.49
1979-04-11,10.01,10.15,10.14,10.24,10.47,10.88,11.69,11.69
1979-04-12,10.05,10.16,10.2,10.47,10.78,11.07,11.65,11.65
1979-04-13,10.05,10.16,10.2,10.47,10.78,11.07,11.65,11.65
1979-04-16,10.05,10.16,10.2,10.47,10.78,11.07,11.65,11.65
1979-04-17,10.06,10.14,10.21,10.5,10.81,11.09,11.68,11.68
1979-04-18,10.25,10.31,10.38,10.65,10.95,11.25,11.79,11.79
1979-04-19,10.27,10.36,10.43,10.72,11.03,11.35,11.87,11.87
1979-04-20,10.24,10.35,10.43,10.71,10.99,11.28,11.91,11.91
1979-04-23,10.24,10.38,10.46,10.72,10.97,11.23,11.87,11.87
1979-04-24,10.18,10.25,10.34,10.63,10.91,11.2,11.87,11.87
1979-04-25,10.28,10.38,10.45,10.67,10.91,11.17,11.91,11.91
1979-04-26,10.3,10.38,10.45,10.68,10.92,11.19,11.93,11.93
1979-04-27,10.23,10.26,10.34,10.61,10.87,11.15,11.9,11.9
1979-04-30,10.05,9.98,10.08,10.45,10.78,11.1,11.88,11.88
1979-05-01,10.24,10.22,10.27,10.55,10.84,11.15,11.96,11.96
1979-05-02,10.23,10.18,10.22,10.47,10.74,11.05,11.91,11.91
1979-05-03,10.16,10.11,10.14,10.38,10.65,10.96,11.89,11.89
1979-05-04,10.18,10.12,10.13,10.29,10.52,10.81,11.81,11.81
1979-05-07,10.18,10.12,10.13,10.29,10.52,10.81,11.81,11.81
1979-05-08,10.32,10.28,10.26,10.4,10.62,10.93,11.87,11.87
1979-05-09,10.54,10.48,10.45,10.57,10.79,11.1,11.96,11.96
1979-05-10,10.79,10.77,10.74,10.83,11.01,11.26,12.07,12.07
1979-05-11,10.78,10.7,10.69,10.81,10.99,11.24,12.08,12.08
1979-05-14,10.84,10.75,10.75,10.9,11.09,11.34,12.12,12.12
1979-05-15,10.96,10.86,10.87,11,11.17,11.38,12.15,12.15
1979-05-16,10.93,10.87,10.89,10.99,11.12,11.3,12.12,12.12
1979-05-17,11.01,10.86,10.86,10.96,11.08,11.25,12.1,12.1
1979-05-18,11.05,10.99,11,11.09,11.18,11.29,12.09,12.09
1979-05-21,11.11,11.07,11.09,11.2,11.3,11.41,12.24,12.24
1979-05-22,11.1,11.03,11.06,11.19,11.31,11.45,12.3,12.3
1979-05-23,10.92,10.88,10.91,11.04,11.15,11.28,12.2,12.2
1979-05-24,10.93,10.93,10.97,11.08,11.18,11.3,11.3,11.3
1979-05-25,11.03,10.98,11,11.13,11.24,11.37,11.37,11.37
1979-05-28,11.03,10.98,11,11.13,11.24,11.37,11.37,11.37
1979-05-29,10.93,10.88,10.93,11.1,11.25,11.4,11.4,11.4
1979-05-30,10.87,10.77,10.83,11.03,11.21,11.37,11.37,11.37
1979-05-31,10.93,10.81,10.85,11.05,11.23,11.41,11.41,11.41
1979-06-01,10.79,10.72,10.82,11.09,11.31,11.51,11.51,11.51
1979-06-04,10.9,10.88,10.95,11.16,11.34,11.51,11.51,11.51
1979-06-05,10.94,10.9,10.96,11.16,11.34,11.51,11.51,11.51
1979-06-06,11,10.93,10.98,11.18,11.37,11.58,11.58,11.58
1979-06-07,10.83,10.74,10.83,11.15,11.45,11.69,11.69,11.69
1979-06-08,11,10.97,11.01,11.21,11.43,11.64,11.64,11.64
1979-06-11,11.07,10.94,11.01,11.27,11.5,11.69,11.69,11.69
1979-06-12,11.14,11.01,11.07,11.29,11.49,11.65,11.65,11.65
1979-06-13,12,11.79,11.78,11.87,11.97,12.04,12.04,12.04
1979-06-14,12.28,12.03,12.05,12.25,12.41,12.42,12.42,12.42
1979-06-15,12.32,12,12.01,12.23,12.42,12.46,12.46,12.46
1979-06-18,12.12,11.79,11.85,12.15,12.4,12.51,12.51,12.51
1979-06-19,11.95,11.63,11.69,12.03,12.31,12.45,12.45,12.45
1979-06-20,11.87,11.46,11.54,11.95,12.28,12.45,12.45,12.45
1979-06-21,11.91,11.6,11.66,12.03,12.32,12.47,12.47,12.47
1979-06-22,12.01,11.71,11.78,12.11,12.38,12.5,12.5,12.5
1979-06-25,12.09,11.79,11.86,12.18,12.44,12.55,12.55,12.55
1979-06-26,11.97,11.63,11.72,12.11,12.39,12.52,12.52,12.52
1979-06-27,11.94,11.57,11.7,12.11,12.41,12.52,12.52,12.52
1979-06-28,11.92,11.53,11.65,12.07,12.35,12.45,12.45,12.45
1979-06-29,12.08,11.82,11.86,12.07,12.24,12.27,12.27,12.27
1979-07-02,11.76,11.18,11.3,11.74,12.01,12.07,12.07,12.07
1979-07-03,11.71,11.14,11.23,11.62,11.87,11.9,11.9,11.9
1979-07-04,11.91,11.41,11.44,11.73,11.91,11.87,11.87,11.87
1979-07-05,11.92,11.43,11.46,11.73,11.88,11.83,11.83,11.83
1979-07-06,11.85,11.38,11.41,11.7,11.88,11.83,11.83,11.83
1979-07-09,11.96,11.51,11.55,11.84,12.02,12,12,12
1979-07-10,11.87,11.44,11.48,11.76,11.96,11.96,11.96,11.96
1979-07-11,11.96,11.56,11.59,11.85,12.02,12,12,12
1979-07-12,12.06,11.68,11.69,11.91,12.05,12.02,12.02,12.02
1979-07-13,12.25,11.87,11.85,12.04,12.2,12.23,12.23,12.23
1979-07-16,12.15,11.76,11.77,11.97,12.13,12.16,12.16,12.16
1979-07-17,12.06,11.66,11.67,11.88,12.03,12.05,12.05,12.05
1979-07-18,12.01,11.55,11.55,11.76,11.9,11.9,11.9,11.9
1979-07-19,12.22,11.81,11.78,11.89,11.98,11.94,11.94,11.94
1979-07-20,12.28,11.84,11.79,11.86,11.91,11.85,11.85,11.85
1979-07-23,12.17,11.7,11.66,11.78,11.86,11.81,11.81,11.81
1979-07-24,12.14,11.62,11.58,11.67,11.75,11.71,11.71,11.71
1979-07-25,12.24,11.73,11.67,11.76,11.84,11.85,11.85,11.85
1979-07-26,12.31,11.9,11.82,11.86,11.93,11.94,11.94,11.94
1979-07-27,12.29,11.92,11.84,11.88,11.97,12.02,12.02,12.02
1979-07-30,12.37,11.99,11.9,11.95,12.06,12.13,12.13,12.13
1979-07-31,12.47,12.06,11.96,11.99,12.1,12.18,12.18,12.18
1979-08-01,12.41,11.98,11.89,11.9,11.98,12.04,12.04,12.04
1979-08-02,12.3,11.84,11.79,11.88,12,12.07,12.07,12.07
1979-08-03,12.24,11.74,11.7,11.81,11.95,12.04,12.04,12.04
1979-08-06,12.26,11.77,11.72,11.82,11.96,12.06,12.06,12.06
1979-08-07,12.12,11.65,11.62,11.74,11.88,12,12,12
1979-08-08,12.11,11.7,11.63,11.62,11.72,11.86,11.86,11.86
1979-08-09,11.98,11.51,11.42,11.47,11.63,11.82,11.82,11.82
1979-08-10,11.99,11.53,11.43,11.5,11.67,11.86,11.86,11.86
1979-08-13,12.06,11.61,11.51,11.57,11.74,11.93,11.93,11.93
1979-08-14,12.05,11.54,11.42,11.48,11.65,11.85,11.85,11.85
1979-08-15,11.89,11.36,11.24,11.34,11.55,11.8,11.8,11.8
1979-08-16,11.93,11.5,11.36,11.38,11.55,11.77,11.77,11.77
1979-08-17,12.04,11.65,11.52,11.55,11.66,11.81,11.81,11.81
1979-08-20,12.04,11.7,11.58,11.58,11.67,11.79,11.79,11.79
1979-08-21,12,11.55,11.43,11.49,11.62,11.78,11.78,11.78
1979-08-22,12.04,11.58,11.47,11.53,11.65,11.79,11.79,11.79
1979-08-23,12.06,11.62,11.5,11.53,11.63,11.76,11.76,11.76
1979-08-24,12.1,11.67,11.56,11.61,11.7,11.81,11.81,11.81
1979-08-27,12.1,11.67,11.56,11.61,11.7,11.81,11.81,11.81
1979-08-28,12.1,11.65,11.54,11.56,11.65,11.77,11.77,11.77
1979-08-29,12.14,11.64,11.52,11.56,11.66,11.78,11.78,11.78
1979-08-30,12.19,11.78,11.65,11.64,11.7,11.8,11.8,11.8
1979-08-31,12.25,11.83,11.69,11.66,11.72,11.81,11.81,11.81
1979-09-03,12.28,11.84,11.71,11.69,11.76,11.87,11.87,11.87
1979-09-04,12.17,11.68,11.57,11.61,11.72,11.87,11.87,11.87
1979-09-05,12.12,11.6,11.48,11.53,11.66,11.83,11.83,11.83
1979-09-06,12.12,11.6,11.49,11.53,11.64,11.8,11.8,11.8
1979-09-07,12.18,11.71,11.57,11.54,11.62,11.78,11.78,11.78
1979-09-10,12.2,11.69,11.55,11.54,11.65,11.82,11.82,11.82
1979-09-11,12.27,11.77,11.61,11.58,11.67,11.83,11.83,11.83
1979-09-12,12.44,11.95,11.76,11.69,11.75,11.89,11.89,11.89
1979-09-13,12.43,11.91,11.74,11.68,11.74,11.89,11.89,11.89
1979-09-14,12.52,12.04,11.85,11.75,11.79,11.91,11.91,11.91
1979-09-17,12.58,12.15,11.98,11.89,11.94,12.09,12.09,12.09
1979-09-18,12.55,12.05,11.88,11.82,11.88,12.03,12.03,12.03
1979-09-19,12.55,12.06,11.89,11.81,11.84,11.96,11.96,11.96
1979-09-20,12.6,12.06,11.89,11.83,11.89,12.03,12.03,12.03
1979-09-21,12.45,11.87,11.74,11.74,11.82,11.97,11.97,11.97
1979-09-24,12.46,11.94,11.83,11.82,11.88,12,12,12
1979-09-25,12.42,11.89,11.79,11.78,11.85,12,12,12
1979-09-26,12.48,11.89,11.76,11.73,11.77,11.91,11.91,11.91
1979-09-27,12.4,11.83,11.72,11.7,11.75,11.89,11.89,11.89
1979-09-28,12.44,11.86,11.74,11.71,11.74,11.86,11.86,11.86
1979-10-01,12.47,11.86,11.74,11.72,11.76,11.88,11.88,11.88
1979-10-02,12.56,11.97,11.83,11.77,11.81,11.94,11.94,11.94
1979-10-03,12.43,11.82,11.71,11.72,11.77,11.91,11.91,11.91
1979-10-04,12.44,11.81,11.7,11.72,11.78,11.93,11.93,11.93
1979-10-05,12.28,11.8,11.7,11.7,11.77,11.93,11.93,11.93
1979-10-08,12.49,12,11.88,11.82,11.85,12.01,12.01,12.01
1979-10-09,12.68,12.15,11.99,11.91,11.94,12.1,12.1,12.1
1979-10-10,12.97,12.48,12.28,12.1,12.08,12.25,12.25,12.25
1979-10-11,12.75,12.3,12.13,12.01,12.03,12.23,12.23,12.23
1979-10-12,12.65,12.22,12.07,11.95,11.95,12.13,12.13,12.13
1979-10-15,12.9,12.46,12.34,12.3,12.28,12.27,12.27,12.27
1979-10-16,12.72,12.31,12.23,12.26,12.3,12.34,12.34,12.34
1979-10-17,12.53,12.14,12.08,12.17,12.22,12.28,12.28,12.28
1979-10-18,12.44,12.08,12.06,12.16,12.22,12.28,12.28,12.28
1979-10-19,12.58,12.28,12.25,12.31,12.35,12.41,12.41,12.41
1979-10-22,12.68,12.44,12.4,12.44,12.46,12.5,12.5,12.5
1979-10-23,12.71,12.49,12.44,12.45,12.46,12.5,12.5,12.5
1979-10-24,13.15,12.9,12.79,12.75,12.75,12.79,12.79,12.79
1979-10-25,13.42,13.13,12.96,12.8,12.71,12.68,12.68,12.68
1979-10-26,13.48,13.22,13.06,12.9,12.78,12.7,12.7,12.7
1979-10-29,13.18,12.86,12.76,12.72,12.68,12.62,12.62,12.62
1979-10-30,13.29,12.95,12.83,12.76,12.7,12.63,12.63,12.63
1979-10-31,13.14,12.79,12.72,12.71,12.67,12.61,12.61,12.61
1979-11-01,13.09,12.75,12.7,12.71,12.68,12.62,12.62,12.62
1979-11-02,13.33,13.05,13.01,12.98,12.88,12.74,12.74,12.74
1979-11-05,13.48,13.2,13.18,13.14,13.01,12.82,12.82,12.82
1979-11-06,13.62,13.41,13.41,13.37,13.22,13,13,13
1979-11-07,13.89,13.74,13.76,13.69,13.49,13.21,13.21,13.21
1979-11-08,13.96,13.8,13.84,13.8,13.63,13.35,13.35,13.35
1979-11-09,14.12,13.94,13.98,13.97,13.8,13.52,13.52,13.52
1979-11-12,14.31,14.02,14.05,14.04,13.88,13.59,13.59,13.59
1979-11-13,14.08,13.87,13.94,13.91,13.7,13.36,13.36,13.36
1979-11-14,14.51,14.3,14.33,14.25,13.98,13.58,13.58,13.58
1979-11-15,14.99,14.69,14.71,14.68,14.46,14.1,14.1,14.1
1979-11-16,14.58,14.35,14.46,14.44,14.15,13.69,13.69,13.69
1979-11-19,14.23,13.98,14.13,14.16,13.9,13.45,13.45,13.45
1979-11-20,14.47,14.29,14.41,14.36,14.05,13.58,13.58,13.58
1979-11-21,14.53,14.38,14.51,14.47,14.15,13.66,13.66,13.66
1979-11-22,14.58,14.46,14.6,14.56,14.21,13.66,13.66,13.66
1979-11-23,14.51,14.35,14.51,14.5,14.17,13.63,13.63,13.63
1979-11-26,14.71,14.59,14.73,14.7,14.36,13.81,13.81,13.81
1979-11-27,14.56,14.44,14.6,14.57,14.23,13.68,13.68,13.68
1979-11-28,14.43,14.34,14.54,14.56,14.24,13.69,13.69,13.69
1979-11-29,14.28,14.23,14.45,14.51,14.23,13.71,13.71,13.71
1979-11-30,14.38,14.33,14.52,14.54,14.23,13.71,13.71,13.71
1979-12-03,14.29,14.21,14.42,14.52,14.3,13.85,13.85,13.85
1979-12-04,14.41,14.32,14.5,14.55,14.29,13.81,13.81,13.81
1979-12-05,14.51,14.47,14.63,14.61,14.32,13.83,13.83,13.83
1979-12-06,14.7,14.64,14.74,14.68,14.38,13.91,13.91,13.91
1979-12-07,14.63,14.72,14.91,14.9,14.63,14.19,14.19,14.19
1979-12-10,14.87,14.91,15.02,14.94,14.66,14.22,14.22,14.22
1979-12-11,14.62,14.55,14.67,14.64,14.42,14.02,14.02,14.02
1979-12-12,14.46,14.47,14.59,14.54,14.31,13.93,13.93,13.93
1979-12-13,14.33,14.37,14.47,14.4,14.19,13.84,13.84,13.84
1979-12-14,14.13,14.07,14.22,14.4,14.36,14.04,14.04,14.04
1979-12-17,14.21,14.09,14.21,14.36,14.32,14.03,14.03,14.03
1979-12-18,14.27,14.21,14.34,14.46,14.41,14.12,14.12,14.12
1979-12-19,14.08,14.02,14.14,14.29,14.27,14.05,14.05,14.05
1979-12-20,14.05,14,14.13,14.27,14.27,14.06,14.06,14.06
1979-12-21,14.03,13.94,14.05,14.17,14.16,13.97,13.97,13.97
1979-12-24,14.02,13.94,14.04,14.17,14.16,13.97,13.97,13.97
1979-12-25,14.02,13.94,14.04,14.17,14.16,13.97,13.97,13.97
1979-12-26,14.02,13.94,14.04,14.17,14.16,13.97,13.97,13.97
1979-12-27,14.07,14.01,14.09,14.16,14.13,13.94,13.94,13.94
1979-12-28,14.04,13.98,14.07,14.15,14.1,13.91,13.91,13.91
1979-12-31,14.33,14.34,14.37,14.31,14.18,13.92,13.92,13.92
1980-01-01,14.33,14.34,14.37,14.31,14.18,13.92,13.92,13.92
1980-01-02,14.64,14.7,14.7,14.53,14.33,14,14,14
1980-01-03,14.57,14.58,14.63,14.58,14.42,14.09,14.09,14.09
1980-01-04,14.29,14.28,14.32,14.29,14.17,13.91,13.91,13.91
1980-01-07,14.33,14.36,14.41,14.37,14.22,13.9,13.9,13.9
1980-01-08,14.16,14.25,14.35,14.33,14.17,13.84,13.84,13.84
1980-01-09,14.23,14.29,14.36,14.33,14.16,13.82,13.82,13.82
1980-01-10,14.03,14.11,14.23,14.26,14.09,13.72,13.72,13.72
1980-01-11,13.86,14.01,14.14,14.1,13.86,13.41,13.41,13.41
1980-01-14,13.9,13.96,14.04,13.96,13.71,13.24,13.24,13.24
1980-01-15,13.89,13.94,14.04,14.05,13.86,13.38,13.38,13.38
1980-01-16,13.88,13.94,14,13.96,13.74,13.24,13.24,13.24
1980-01-17,13.94,14.02,14.08,14.02,13.78,13.28,13.28,13.28
1980-01-18,13.83,13.82,13.88,13.89,13.73,13.31,13.31,13.31
1980-01-21,13.82,13.86,13.87,13.73,13.46,13.01,13.01,13.01
1980-01-22,14.03,14.02,14.03,13.9,13.63,13.16,13.16,13.16
1980-01-23,13.97,13.92,13.95,13.85,13.61,13.18,13.18,13.18
1980-01-24,14.04,14,14.06,13.99,13.78,13.38,13.38,13.38
1980-01-25,14.14,14.08,14.13,14.08,13.89,13.51,13.51,13.51
1980-01-28,14.15,14.09,14.14,14.1,13.91,13.53,13.53,13.53
1980-01-29,14.1,14.04,14.1,14.06,13.87,13.5,13.5,13.5
1980-01-30,14.1,14.03,14.09,14.04,13.85,13.48,13.48,13.48
1980-01-31,14.41,14.34,14.35,14.21,13.96,13.54,13.54,13.54
1980-02-01,14.79,14.7,14.62,14.39,14.12,13.71,13.71,13.71
1980-02-04,14.99,14.9,14.84,14.58,14.26,13.8,13.8,13.8
1980-02-05,15.01,15.04,14.95,14.64,14.29,13.83,13.83,13.83
1980-02-06,14.88,14.94,14.91,14.66,14.36,13.92,13.92,13.92
1980-02-07,14.69,14.69,14.71,14.54,14.24,13.77,13.77,13.77
1980-02-08,14.71,14.6,14.58,14.39,14.09,13.65,13.65,13.65
1980-02-11,14.84,14.81,14.76,14.48,14.1,13.61,13.61,13.61
1980-02-12,15,14.94,14.86,14.56,14.2,13.73,13.73,13.73
1980-02-13,14.61,14.48,14.42,14.18,13.87,13.46,13.46,13.46
1980-02-14,14.58,14.48,14.43,14.21,13.92,13.52,13.52,13.52
1980-02-15,14.87,14.79,14.7,14.4,14.06,13.63,13.63,13.63
1980-02-18,14.85,14.83,14.71,14.41,14.1,13.71,13.71,13.71
1980-02-19,14.77,14.73,14.63,14.34,14.02,13.64,13.64,13.64
1980-02-20,14.75,14.65,14.52,14.23,13.94,13.6,13.6,13.6
1980-02-21,14.69,14.53,14.42,14.19,13.93,13.63,13.63,13.63
1980-02-22,14.68,14.55,14.44,14.22,13.97,13.68,13.68,13.68
1980-02-25,14.57,14.43,14.36,14.19,13.97,13.71,13.71,13.71
1980-02-26,14.65,14.48,14.38,14.19,13.97,13.72,13.72,13.72
1980-02-27,14.71,14.58,14.48,14.24,13.99,13.7,13.7,13.7
1980-02-28,14.73,14.58,14.49,14.24,13.96,13.65,13.65,13.65
1980-02-29,14.95,14.85,14.7,14.37,14.03,13.68,13.68,13.68
1980-03-03,14.98,14.79,14.66,14.37,14.06,13.72,13.72,13.72
1980-03-04,15.38,15.13,14.95,14.59,14.25,13.88,13.88,13.88
1980-03-05,15.13,14.87,14.72,14.42,14.12,13.8,13.8,13.8
1980-03-06,15.23,14.84,14.7,14.46,14.19,13.88,13.88,13.88
1980-03-07,15.17,14.87,14.72,14.45,14.17,13.88,13.88,13.88
1980-03-10,15.05,14.68,14.56,14.33,14.09,13.83,13.83,13.83
1980-03-11,14.93,14.56,14.46,14.27,14.06,13.84,13.84,13.84
1980-03-12,14.98,14.64,14.5,14.27,14.05,13.82,13.82,13.82
1980-03-13,14.94,14.6,14.49,14.28,14.06,13.81,13.81,13.81
1980-03-14,14.93,14.6,14.49,14.25,13.99,13.73,13.73,13.73
1980-03-17,14.98,14.67,14.56,14.29,14.01,13.71,13.71,13.71
1980-03-18,14.97,14.61,14.5,14.27,14.05,13.83,13.83,13.83
1980-03-19,15,14.65,14.52,14.24,13.97,13.72,13.72,13.72
1980-03-20,15.02,14.69,14.56,14.26,13.98,13.71,13.71,13.71
1980-03-21,15.16,14.78,14.64,14.31,14.02,13.75,13.75,13.75
1980-03-24,15.08,14.69,14.56,14.27,14,13.74,13.74,13.74
1980-03-25,14.94,14.6,14.49,14.2,13.92,13.67,13.67,13.67
1980-03-26,14.91,14.55,14.43,14.14,13.88,13.67,13.67,13.67
1980-03-27,15.05,14.75,14.61,14.25,13.93,13.69,13.69,13.69
1980-03-28,15.03,14.75,14.63,14.29,14,13.78,13.78,13.78
1980-03-31,14.94,14.62,14.5,14.16,13.86,13.66,13.66,13.66
1980-04-01,14.84,14.58,14.49,14.12,13.78,13.54,13.54,13.54
1980-04-02,14.79,14.49,14.4,14.06,13.73,13.51,13.51,13.51
1980-04-03,14.79,14.47,14.38,14.05,13.76,13.62,13.62,13.62
1980-04-04,14.79,14.47,14.38,14.05,13.76,13.62,13.62,13.62
1980-04-07,14.79,14.47,14.38,14.05,13.76,13.62,13.62,13.62
1980-04-08,14.69,14.37,14.28,13.96,13.68,13.56,13.56,13.56
1980-04-09,14.59,14.28,14.19,13.87,13.59,13.49,13.49,13.49
1980-04-10,14.46,14.14,14.05,13.71,13.43,13.36,13.36,13.36
1980-04-11,14.52,14.15,14.03,13.63,13.33,13.26,13.26,13.26
1980-04-14,14.5,14.05,13.93,13.63,13.29,13.06,13.06,13.06
1980-04-15,14.51,14.15,14.09,13.81,13.48,13.27,13.27,13.27
1980-04-16,14.4,14,13.97,13.76,13.47,13.26,13.26,13.26
1980-04-17,14.33,13.93,13.87,13.66,13.4,13.23,13.23,13.23
1980-04-18,14.35,13.98,13.92,13.68,13.39,13.19,13.19,13.19
1980-04-21,14.27,13.93,13.88,13.63,13.33,13.14,13.14,13.14
1980-04-22,14.33,14.02,13.96,13.71,13.42,13.24,13.24,13.24
1980-04-23,14.25,13.94,13.85,13.61,13.35,13.21,13.21,13.21
1980-04-24,14.3,14.04,13.98,13.72,13.45,13.3,13.3,13.3
1980-04-25,14.6,14.35,14.22,13.89,13.59,13.46,13.46,13.46
1980-04-28,14.29,14.03,13.94,13.7,13.45,13.32,13.32,13.32
1980-04-29,14.1,13.88,13.79,13.54,13.29,13.18,13.18,13.18
1980-04-30,13.88,13.66,13.61,13.41,13.19,13.11,13.11,13.11
1980-05-01,13.91,13.72,13.65,13.4,13.16,13.07,13.07,13.07
1980-05-02,13.63,13.57,13.54,13.31,13.06,12.97,12.97,12.97
1980-05-05,13.63,13.57,13.54,13.31,13.06,12.97,12.97,12.97
1980-05-06,13.48,13.38,13.34,13.15,12.95,12.9,12.9,12.9
1980-05-07,13.62,13.52,13.49,13.29,13.09,13.02,13.02,13.02
1980-05-08,13.71,13.71,13.68,13.42,13.16,13.05,13.05,13.05
1980-05-09,13.73,13.75,13.71,13.43,13.16,13.04,13.04,13.04
1980-05-12,13.58,13.62,13.6,13.36,13.12,13.03,13.03,13.03
1980-05-13,13.57,13.44,13.42,13.23,13.01,12.92,12.92,12.92
1980-05-14,13.67,13.58,13.55,13.31,13.07,12.97,12.97,12.97
1980-05-15,13.68,13.62,13.59,13.35,13.09,12.98,12.98,12.98
1980-05-16,13.72,13.59,13.56,13.33,13.08,12.97,12.97,12.97
1980-05-19,13.76,13.6,13.58,13.35,13.1,12.99,12.99,12.99
1980-05-20,13.81,13.63,13.62,13.4,13.16,13.05,13.05,13.05
1980-05-21,13.65,13.54,13.51,13.3,13.07,13,13,13
1980-05-22,13.75,13.63,13.58,13.29,13.02,12.94,12.94,12.94
1980-05-23,13.66,13.49,13.42,13.13,12.87,12.79,12.79,12.79
1980-05-26,13.66,13.49,13.42,13.13,12.87,12.79,12.79,12.79
1980-05-27,13.68,13.49,13.4,13.09,12.8,12.7,12.7,12.7
1980-05-28,13.83,13.68,13.56,13.19,12.86,12.73,12.73,12.73
1980-05-29,13.74,13.59,13.5,13.16,12.86,12.75,12.75,12.75
1980-05-30,13.76,13.62,13.54,13.21,12.9,12.79,12.79,12.79
1980-06-02,13.99,13.86,13.73,13.39,13.13,13.06,13.06,13.06
1980-06-03,13.86,13.69,13.58,13.27,13.03,12.98,12.98,12.98
1980-06-04,13.69,13.56,13.49,13.22,13.01,12.97,12.97,12.97
1980-06-05,13.62,13.43,13.35,13.1,12.89,12.86,12.86,12.86
1980-06-06,13.55,13.47,13.39,13.18,13.05,13.07,13.07,13.07
1980-06-09,13.35,13.23,13.17,13.02,12.95,13,13,13
1980-06-10,13.34,13.31,13.26,13.1,12.99,13.01,13.01,13.01
1980-06-11,13.48,13.4,13.32,13.12,12.98,13,13,13
1980-06-12,13.24,13.22,13.19,13.02,12.92,12.96,12.96,12.96
1980-06-13,13.19,13.11,13.12,13.16,13.19,13.21,13.21,13.21
1980-06-16,12.93,12.7,12.64,12.67,12.8,13.02,13.02,13.02
1980-06-17,13.02,12.77,12.62,12.51,12.58,12.83,12.83,12.83
1980-06-18,12.85,12.56,12.45,12.38,12.46,12.69,12.69,12.69
1980-06-19,13.04,12.77,12.64,12.53,12.58,12.78,12.78,12.78
1980-06-20,13.06,12.82,12.7,12.58,12.6,12.78,12.78,12.78
1980-06-23,12.96,12.58,12.45,12.42,12.54,12.76,12.76,12.76
1980-06-24,13.04,12.7,12.55,12.49,12.58,12.8,12.8,12.8
1980-06-25,13.08,12.7,12.51,12.43,12.53,12.79,12.91,12.91
1980-06-26,13.2,12.83,12.62,12.49,12.57,12.82,12.94,12.94
1980-06-27,13.28,12.9,12.68,12.53,12.6,12.86,12.96,12.96
1980-06-30,13.43,13.05,12.82,12.63,12.67,12.9,12.98,12.98
1980-07-01,13.41,13,12.75,12.57,12.63,12.89,13.05,13.05
1980-07-02,13.16,12.71,12.51,12.43,12.55,12.83,12.99,12.99
1980-07-03,13.01,12.5,12.31,12.28,12.45,12.76,12.87,12.87
1980-07-04,13.03,12.49,12.33,12.32,12.46,12.72,12.8,12.8
1980-07-07,12.87,12.33,12.25,12.32,12.43,12.61,12.44,12.44
1980-07-08,12.86,12.4,12.32,12.34,12.42,12.58,12.44,12.44
1980-07-09,12.83,12.39,12.32,12.31,12.36,12.47,12.3,12.3
1980-07-10,12.9,12.44,12.33,12.29,12.34,12.48,12.15,12.15
1980-07-11,12.99,12.51,12.36,12.26,12.29,12.44,12.32,12.32
1980-07-14,13.05,12.56,12.4,12.31,12.36,12.53,12.12,12.12
1980-07-15,12.98,12.49,12.34,12.29,12.39,12.52,11.79,11.79
1980-07-16,12.75,12.25,12.11,12.09,12.2,12.36,11.75,11.75
1980-07-17,12.78,12.23,12.05,12.03,12.16,12.34,11.65,11.65
1980-07-18,12.79,12.23,12.05,12.03,12.18,12.38,12.38,12.38
1980-07-21,12.78,12.22,12.06,12.03,12.15,12.27,12.27,12.27
1980-07-22,12.88,12.3,12.12,12.07,12.16,12.29,12.29,12.29
1980-07-23,12.88,12.35,12.17,12.08,12.14,12.23,12.23,12.23
1980-07-24,12.87,12.37,12.19,12.11,12.18,12.28,12.28,12.28
1980-07-25,12.81,12.36,12.2,12.13,12.23,12.39,12.39,12.39
1980-07-28,12.58,12.2,12.08,12.08,12.21,12.38,12.38,12.38
1980-07-29,12.76,12.39,12.26,12.22,12.34,12.51,12.51,12.51
1980-07-30,12.8,12.47,12.35,12.27,12.36,12.52,12.52,12.52
1980-07-31,13,12.71,12.55,12.44,12.53,12.72,12.72,12.72
1980-08-01,13.43,12.9,12.65,12.45,12.49,12.65,12.65,12.65
1980-08-04,13.42,13.14,12.9,12.61,12.59,12.71,12.71,12.71
1980-08-05,13.58,13.27,13.02,12.7,12.64,12.74,12.74,12.74
1980-08-06,13.83,13.63,13.41,13.11,13.05,13.12,13.12,13.12
1980-08-07,13.59,13.34,13.15,12.87,12.8,12.86,12.86,12.86
1980-08-08,13.4,12.99,12.82,12.67,12.69,12.84,12.84,12.84
1980-08-11,13.58,13.18,12.97,12.76,12.77,12.9,12.9,12.9
1980-08-12,13.6,13.21,13.01,12.82,12.83,12.94,12.94,12.94
1980-08-13,13.55,13.17,12.96,12.78,12.81,12.95,12.95,12.95
1980-08-14,13.67,13.28,13.07,12.86,12.86,12.97,12.97,12.97
1980-08-15,13.58,13.1,12.91,12.78,12.83,12.97,12.97,12.97
1980-08-18,13.56,13.11,12.94,12.83,12.87,13.01,13.01,13.01
1980-08-19,13.5,13.03,12.88,12.82,12.9,13.05,13.05,13.05
1980-08-20,13.47,12.99,12.87,12.81,12.87,13,13,13
1980-08-21,13.46,12.94,12.83,12.79,12.86,12.98,12.98,12.98
1980-08-22,13.54,13.07,12.95,12.86,12.88,12.96,12.96,12.96
1980-08-25,13.54,13.07,12.95,12.86,12.88,12.96,12.96,12.96
1980-08-26,13.57,13.18,13.06,12.93,12.92,12.99,12.99,12.99
1980-08-27,13.72,13.32,13.19,13.05,13.04,13.12,13.12,13.12
1980-08-28,13.85,13.43,13.3,13.18,13.2,13.29,13.29,13.29
1980-08-29,13.9,13.5,13.34,13.17,13.14,13.2,13.2,13.2
1980-09-01,13.83,13.39,13.25,13.09,13.05,13.1,13.1,13.1
1980-09-02,13.66,13.18,13.03,12.93,12.95,13.05,13.05,13.05
1980-09-03,13.32,12.76,12.66,12.66,12.76,12.95,12.95,12.95
1980-09-04,13.4,12.86,12.73,12.68,12.79,12.99,12.99,12.99
1980-09-05,13.14,12.73,12.65,12.62,12.71,12.87,12.87,12.87
1980-09-08,13.12,12.71,12.63,12.59,12.67,12.82,12.82,12.82
1980-09-09,12.67,12.26,12.2,12.23,12.39,12.64,12.64,12.64
1980-09-10,12.56,12.26,12.21,12.21,12.31,12.5,12.5,12.5
1980-09-11,12.72,12.41,12.36,12.37,12.47,12.64,12.64,12.64
1980-09-12,12.58,12.22,12.19,12.24,12.4,12.62,12.62,12.62
1980-09-15,12.6,12.18,12.13,12.19,12.38,12.63,12.63,12.63
1980-09-16,12.79,12.38,12.31,12.33,12.47,12.68,12.68,12.68
1980-09-17,12.71,12.36,12.29,12.3,12.46,12.71,12.71,12.71
1980-09-18,12.6,12.24,12.16,12.15,12.31,12.56,12.56,12.56
1980-09-19,12.75,12.43,12.33,12.27,12.4,12.67,12.67,12.67
1980-09-22,12.85,12.58,12.49,12.42,12.54,12.79,12.79,12.79
1980-09-23,12.75,12.46,12.39,12.37,12.53,12.81,12.81,12.81
1980-09-24,12.8,12.47,12.35,12.31,12.48,12.79,12.79,12.79
1980-09-25,12.79,12.42,12.29,12.26,12.46,12.78,12.78,12.78
1980-09-26,12.98,12.6,12.44,12.38,12.55,12.84,12.84,12.84
1980-09-29,13.01,12.65,12.5,12.44,12.62,12.91,12.91,12.91
1980-09-30,12.86,12.5,12.37,12.35,12.54,12.82,12.82,12.82
1980-10-01,12.75,12.37,12.24,12.22,12.4,12.67,12.67,12.67
1980-10-02,12.85,12.48,12.3,12.23,12.37,12.63,12.63,12.63
1980-10-03,12.85,12.46,12.28,12.2,12.35,12.61,12.61,12.61
1980-10-06,12.75,12.37,12.2,12.13,12.26,12.52,12.52,12.52
1980-10-07,12.69,12.41,12.28,12.15,12.24,12.47,12.47,12.47
1980-10-08,12.59,12.36,12.26,12.19,12.3,12.6,12.6,12.6
1980-10-09,12.59,12.38,12.28,12.18,12.27,12.56,12.56,12.56
1980-10-10,12.69,12.49,12.38,12.25,12.32,12.6,12.6,12.6
1980-10-13,12.61,12.36,12.26,12.17,12.25,12.53,12.53,12.53
1980-10-14,12.55,12.31,12.2,12.1,12.19,12.48,12.48,12.48
1980-10-15,12.47,12.27,12.27,12.29,12.32,12.43,12.43,12.43
1980-10-16,12.53,12.45,12.46,12.48,12.5,12.6,12.6,12.6
1980-10-17,12.32,12.43,12.51,12.52,12.52,12.61,12.61,12.61
1980-10-20,12.7,12.54,12.53,12.52,12.53,12.64,12.64,12.64
1980-10-21,12.61,12.45,12.45,12.45,12.45,12.55,12.55,12.55
1980-10-22,12.59,12.4,12.41,12.41,12.42,12.51,12.51,12.51
1980-10-23,12.58,12.4,12.42,12.42,12.42,12.5,12.5,12.5
1980-10-24,12.66,12.46,12.47,12.41,12.36,12.4,12.4,12.4
1980-10-27,12.61,12.43,12.43,12.36,12.3,12.35,12.35,12.35
1980-10-28,12.62,12.46,12.46,12.38,12.33,12.39,12.39,12.39
1980-10-29,12.71,12.56,12.54,12.44,12.36,12.41,12.41,12.41
1980-10-30,12.76,12.54,12.52,12.43,12.37,12.42,12.42,12.42
1980-10-31,12.92,12.66,12.61,12.5,12.44,12.51,12.51,12.51
1980-11-03,13.12,12.88,12.78,12.59,12.5,12.57,12.57,12.57
1980-11-04,13.21,13,12.87,12.63,12.52,12.57,12.57,12.57
1980-11-05,13.1,12.82,12.73,12.58,12.52,12.58,12.58,12.58
1980-11-06,13.16,12.89,12.79,12.62,12.54,12.6,12.6,12.6
1980-11-07,13.36,13.06,12.92,12.72,12.64,12.7,12.7,12.7
1980-11-10,13.3,12.98,12.84,12.66,12.59,12.66,12.66,12.66
1980-11-11,13.3,12.96,12.82,12.6,12.5,12.55,12.55,12.55
1980-11-12,13.3,12.92,12.77,12.56,12.47,12.51,12.51,12.51
1980-11-13,13.14,12.69,12.51,12.33,12.26,12.32,12.32,12.32
1980-11-14,13.26,12.85,12.64,12.38,12.27,12.31,12.31,12.31
1980-11-17,13.25,12.82,12.64,12.4,12.3,12.35,12.35,12.35
1980-11-18,13.15,12.72,12.53,12.31,12.22,12.27,12.27,12.27
1980-11-19,12.94,12.56,12.42,12.23,12.15,12.2,12.2,12.2
1980-11-20,13.16,12.79,12.55,12.27,12.17,12.23,12.23,12.23
1980-11-21,12.94,12.61,12.46,12.23,12.14,12.21,12.21,12.21
1980-11-24,12.91,12.67,12.54,12.31,12.22,12.3,12.3,12.3
1980-11-25,12.78,12.6,12.48,12.31,12.31,12.47,12.47,12.47
1980-11-26,12.76,12.56,12.44,12.27,12.26,12.42,12.42,12.42
1980-11-27,12.77,12.59,12.47,12.31,12.32,12.5,12.5,12.5
1980-11-28,12.73,12.53,12.44,12.32,12.33,12.52,12.52,12.52
1980-12-01,12.61,12.52,12.44,12.29,12.27,12.43,12.43,12.43
1980-12-02,12.55,12.49,12.43,12.3,12.27,12.41,12.41,12.41
1980-12-03,12.6,12.55,12.49,12.38,12.41,12.57,12.57,12.57
1980-12-04,12.77,12.64,12.52,12.38,12.41,12.6,12.6,12.6
1980-12-05,12.69,12.59,12.53,12.43,12.46,12.65,12.65,12.65
1980-12-08,12.72,12.59,12.54,12.49,12.57,12.72,12.72,12.72
1980-12-09,12.83,12.78,12.73,12.67,12.74,12.89,12.89,12.89
1980-12-10,13.05,13.05,13.01,12.93,12.96,13.07,13.07,13.07
1980-12-11,13.04,13.03,13.01,13.03,13.15,13.29,13.29,13.29
1980-12-12,12.98,12.94,12.92,12.95,13.09,13.28,13.28,13.28
1980-12-15,12.99,12.98,13.02,13.2,13.39,13.5,13.5,13.5
1980-12-16,12.96,13.01,13.05,13.19,13.35,13.44,13.44,13.44
1980-12-17,13.01,13.05,13.1,13.28,13.46,13.57,13.57,13.57
1980-12-18,13,12.95,12.97,13.15,13.38,13.58,13.58,13.58
1980-12-19,12.82,12.71,12.82,13.19,13.45,13.49,13.49,13.49
1980-12-22,12.74,12.58,12.6,12.82,13.08,13.3,13.3,13.3
1980-12-23,12.79,12.59,12.6,12.8,13.06,13.29,13.29,13.29
1980-12-24,12.7,12.59,12.6,12.79,13.04,13.27,13.27,13.27
1980-12-25,12.7,12.59,12.6,12.79,13.04,13.27,13.27,13.27
1980-12-26,12.7,12.59,12.6,12.79,13.04,13.27,13.27,13.27
1980-12-29,12.77,12.71,12.73,12.88,13.1,13.33,13.33,13.33
1980-12-30,12.9,12.8,12.8,12.92,13.12,13.33,13.33,13.33
1980-12-31,12.81,12.72,12.74,12.88,13.09,13.31,13.31,13.31
1981-01-01,12.81,12.72,12.74,12.88,13.09,13.31,13.31,13.31
1981-01-02,12.75,12.66,12.7,12.86,13.07,13.3,13.3,13.3
1981-01-05,12.63,12.54,12.6,12.78,13.01,13.27,13.27,13.27
1981-01-06,12.58,12.51,12.57,12.74,12.96,13.21,13.21,13.21
1981-01-07,12.67,12.59,12.64,12.8,13.01,13.24,13.24,13.24
1981-01-08,12.75,12.67,12.7,12.85,13.06,13.31,13.31,13.31
1981-01-09,12.74,12.66,12.69,12.82,13.02,13.28,13.28,13.28
1981-01-12,12.76,12.72,12.76,12.9,13.11,13.36,13.36,13.36
1981-01-13,12.78,12.76,12.79,12.9,13.08,13.32,13.32,13.32
1981-01-14,12.77,12.74,12.75,12.87,13.08,13.38,13.38,13.38
1981-01-15,12.8,12.78,12.81,13.02,13.33,13.63,13.63,13.63
1981-01-16,12.84,12.8,12.86,13.13,13.44,13.7,13.7,13.7
1981-01-19,12.6,12.56,12.66,12.98,13.32,13.6,13.6,13.6
1981-01-20,12.57,12.54,12.61,12.92,13.28,13.59,13.59,13.59
1981-01-21,12.56,12.54,12.61,12.91,13.23,13.53,13.53,13.53
1981-01-22,12.52,12.49,12.57,12.86,13.2,13.57,13.57,13.57
1981-01-23,12.58,12.49,12.54,12.8,13.13,13.48,13.48,13.48
1981-01-26,12.63,12.59,12.65,12.91,13.22,13.52,13.52,13.52
1981-01-27,12.58,12.59,12.65,12.88,13.16,13.44,13.44,13.44
1981-01-28,12.6,12.66,12.73,12.95,13.22,13.48,13.48,13.48
1981-01-29,12.48,12.54,12.62,12.87,13.16,13.46,13.46,13.46
1981-01-30,12.4,12.51,12.61,12.85,13.13,13.4,13.4,13.4
1981-02-02,12.37,12.52,12.61,12.82,13.08,13.36,13.36,13.36
1981-02-03,12.32,12.49,12.58,12.79,13.06,13.34,13.34,13.34
1981-02-04,12.25,12.41,12.51,12.72,12.98,13.27,13.27,13.27
1981-02-05,12.28,12.5,12.61,12.79,13.02,13.31,13.31,13.31
1981-02-06,12.24,12.49,12.62,12.79,13.01,13.31,13.31,13.31
1981-02-09,12.28,12.56,12.71,12.88,13.07,13.32,13.32,13.32
1981-02-10,12.26,12.54,12.7,12.89,13.09,13.35,13.35,13.35
1981-02-11,12.15,12.38,12.55,12.81,13.07,13.37,13.37,13.37
1981-02-12,12.15,12.4,12.59,12.86,13.13,13.46,13.46,13.46
1981-02-13,12.13,12.38,12.59,12.86,13.14,13.46,13.46,13.46
1981-02-16,12.13,12.33,12.54,12.83,13.11,13.44,13.44,13.44
1981-02-17,11.98,12.22,12.47,12.79,13.07,13.4,13.4,13.4
1981-02-18,11.93,12.16,12.42,12.75,13.03,13.36,13.36,13.36
1981-02-19,11.81,12.04,12.33,12.72,13.02,13.36,13.36,13.36
1981-02-20,11.84,12.12,12.4,12.75,13.03,13.37,13.37,13.37
1981-02-23,11.66,11.94,12.23,12.61,12.92,13.33,13.33,13.33
1981-02-24,11.64,11.92,12.2,12.55,12.84,13.24,13.24,13.24
1981-02-25,11.67,11.97,12.22,12.51,12.78,13.18,13.18,13.18
1981-02-26,11.73,12.05,12.29,12.56,12.81,13.19,13.19,13.19
1981-02-27,11.74,12.07,12.31,12.58,12.84,13.23,13.23,13.23
1981-03-02,11.8,12.11,12.32,12.58,12.84,13.25,13.25,13.25
1981-03-03,11.83,12.17,12.39,12.63,12.89,13.3,13.3,13.3
1981-03-04,11.79,12.15,12.38,12.62,12.87,13.27,13.27,13.27
1981-03-05,11.86,12.25,12.44,12.64,12.86,13.25,13.25,13.25
1981-03-06,11.88,12.28,12.48,12.68,12.91,13.31,13.31,13.31
1981-03-09,11.81,12.22,12.43,12.64,12.87,13.26,13.26,13.26
1981-03-10,11.71,12.18,12.42,12.62,12.83,13.21,13.21,13.21
1981-03-11,11.61,12.01,12.24,12.41,12.6,12.96,12.96,12.96
1981-03-12,11.65,11.99,12.21,12.42,12.65,13,13,13
1981-03-13,11.71,12.05,12.26,12.47,12.69,13.03,13.03,13.03
1981-03-16,11.66,11.99,12.18,12.38,12.61,12.98,12.98,12.98
1981-03-17,11.71,12.05,12.21,12.38,12.6,12.95,12.95,12.95
1981-03-18,11.69,12.01,12.18,12.37,12.62,12.98,12.98,12.98
1981-03-19,11.7,12,12.16,12.33,12.54,12.84,12.84,12.84
1981-03-20,11.71,12.04,12.19,12.33,12.53,12.83,12.83,12.83
1981-03-23,11.83,12.08,12.2,12.36,12.59,12.9,12.9,12.9
1981-03-24,11.77,12.11,12.23,12.37,12.58,12.89,12.89,12.89
1981-03-25,11.8,12.17,12.3,12.43,12.64,12.97,12.97,12.97
1981-03-26,11.77,12.12,12.29,12.53,12.76,12.97,12.97,12.97
1981-03-27,11.81,12.15,12.32,12.54,12.76,12.95,12.95,12.95
1981-03-30,11.91,12.28,12.45,12.69,12.9,13.08,13.08,13.08
1981-03-31,11.86,12.18,12.36,12.6,12.83,13.01,13.01,13.01
1981-04-01,11.7,12.05,12.24,12.52,12.77,12.97,12.97,12.97
1981-04-02,11.69,12.05,12.25,12.53,12.77,12.96,12.96,12.96
1981-04-03,11.69,12.05,12.24,12.52,12.76,12.96,12.96,12.96
1981-04-06,11.68,12.1,12.32,12.58,12.8,12.99,12.99,12.99
1981-04-07,11.75,12.19,12.4,12.67,12.93,13.18,13.18,13.18
1981-04-08,11.73,12.16,12.36,12.62,12.88,13.15,13.15,13.15
1981-04-09,11.7,12.13,12.34,12.6,12.86,13.17,13.17,13.17
1981-04-10,11.64,12.05,12.25,12.49,12.74,13.06,13.06,13.06
1981-04-13,11.82,12.23,12.41,12.63,12.88,13.19,13.19,13.19
1981-04-14,11.75,12.13,12.32,12.57,12.83,13.17,13.17,13.17
1981-04-15,11.63,12.14,12.32,12.56,12.85,13.25,13.25,13.25
1981-04-16,11.62,12.16,12.34,12.55,12.82,13.21,13.21,13.21
1981-04-17,11.62,12.16,12.34,12.55,12.82,13.21,13.21,13.21
1981-04-20,11.62,12.16,12.34,12.55,12.82,13.21,13.21,13.21
1981-04-21,11.62,12.12,12.29,12.48,12.75,13.12,13.12,13.12
1981-04-22,11.56,12.1,12.27,12.45,12.7,13.08,13.08,13.08
1981-04-23,11.58,12.16,12.3,12.47,12.71,13.09,13.09,13.09
1981-04-24,11.67,12.27,12.4,12.51,12.72,13.06,13.06,13.06
1981-04-27,11.77,12.37,12.46,12.55,12.76,13.13,13.13,13.13
1981-04-28,11.92,12.51,12.58,12.64,12.85,13.22,13.22,13.22
1981-04-29,11.9,12.48,12.57,12.64,12.86,13.23,13.23,13.23
1981-04-30,11.79,12.39,12.5,12.61,12.82,13.19,13.19,13.19
1981-05-01,11.83,12.49,12.6,12.69,12.9,13.25,13.25,13.25
1981-05-04,11.83,12.49,12.6,12.69,12.9,13.25,13.25,13.25
1981-05-05,12.15,12.97,13.15,13.23,13.37,13.61,13.61,13.61
1981-05-06,12.18,12.98,13.2,13.36,13.52,13.74,13.74,13.74
1981-05-07,12.07,12.86,13.12,13.34,13.53,13.76,13.76,13.76
1981-05-08,11.93,12.71,12.97,13.22,13.44,13.7,13.7,13.7
1981-05-11,12.17,12.84,13.02,13.21,13.4,13.66,13.66,13.66
1981-05-12,12.16,12.91,13.12,13.34,13.54,13.8,13.8,13.8
1981-05-13,12.11,12.84,13.1,13.36,13.56,13.81,13.81,13.81
1981-05-14,12.17,12.87,13.11,13.38,13.59,13.8,13.8,13.8
1981-05-15,12.18,12.84,13.04,13.27,13.47,13.7,13.7,13.7
1981-05-18,12.08,12.73,12.96,13.17,13.35,13.58,13.58,13.58
1981-05-19,12.13,12.72,12.92,13.13,13.32,13.55,13.55,13.55
1981-05-20,12.21,12.84,13.06,13.28,13.47,13.69,13.69,13.69
1981-05-21,12.2,12.83,13.05,13.27,13.46,13.69,13.69,13.69
1981-05-22,12.34,12.92,13.12,13.34,13.56,13.81,13.81,13.81
1981-05-25,12.34,12.92,13.12,13.34,13.56,13.81,13.81,13.81
1981-05-26,12.31,12.89,13.08,13.26,13.44,13.68,13.68,13.68
1981-05-27,12.34,12.88,13.03,13.17,13.33,13.56,13.56,13.56
1981-05-28,12.34,12.87,13.01,13.12,13.25,13.48,13.48,13.48
1981-05-29,12.1,12.75,12.95,13.08,13.18,13.38,13.38,13.38
1981-06-01,12.01,12.67,12.9,13.01,13.12,13.34,13.34,13.34
1981-06-02,12.08,12.77,13.02,13.2,13.38,13.6,13.6,13.6
1981-06-03,12.14,12.81,13.03,13.22,13.41,13.65,13.65,13.65
1981-06-04,12.67,13.29,13.46,13.57,13.74,13.97,13.97,13.97
1981-06-05,13.1,13.59,13.73,13.9,14.11,14.28,14.28,14.28
1981-06-08,13.18,13.73,13.87,13.93,14.02,14.1,14.1,14.1
1981-06-09,13.03,13.55,13.7,13.78,13.89,13.99,13.99,13.99
1981-06-10,12.6,13.19,13.46,13.69,13.84,13.94,13.94,13.94
1981-06-11,12.66,13.27,13.56,13.79,13.94,14.01,14.01,14.01
1981-06-12,12.5,13.14,13.51,13.9,14.1,14.16,14.16,14.16
1981-06-15,12.03,12.66,13.1,13.58,13.81,13.92,13.92,13.92
1981-06-16,12.29,12.87,13.23,13.63,13.86,14,14,14
1981-06-17,12.31,12.9,13.26,13.67,13.91,14.06,14.06,14.06
1981-06-18,12.42,13.06,13.41,13.8,14.04,14.19,14.19,14.19
1981-06-19,12.51,13.12,13.48,13.87,14.11,14.26,14.26,14.26
1981-06-22,12.29,12.93,13.32,13.75,14.01,14.17,14.17,14.17
1981-06-23,12.15,12.76,13.17,13.64,13.92,14.09,14.09,14.09
1981-06-24,12.08,12.79,13.22,13.69,13.97,14.14,14.14,14.14
1981-06-25,12.14,12.86,13.29,13.75,14.02,14.19,14.19,14.19
1981-06-26,12.19,12.88,13.29,13.76,14.04,14.22,14.22,14.22
1981-06-29,12.12,12.74,13.15,13.65,13.95,14.15,14.15,14.15
1981-06-30,12.11,12.78,13.18,13.66,13.96,14.15,14.15,14.15
1981-07-01,12.25,12.93,13.33,13.8,14.09,14.28,14.28,14.28
1981-07-02,12.42,13.07,13.43,13.85,14.11,14.3,14.3,14.3
1981-07-03,12.29,12.98,13.38,13.81,14.06,14.23,14.23,14.23
1981-07-06,12.66,13.37,13.72,14.06,14.26,14.4,14.4,14.4
1981-07-07,12.63,13.33,13.69,14.04,14.25,14.38,14.38,14.38
1981-07-08,12.74,13.46,13.83,14.16,14.34,14.44,14.44,14.44
1981-07-09,12.86,13.59,13.95,14.28,14.46,14.56,14.56,14.56
1981-07-10,12.85,13.35,13.73,14.11,14.29,14.4,14.4,14.4
1981-07-13,12.66,13.42,13.79,14.1,14.23,14.31,14.31,14.31
1981-07-14,12.71,13.46,13.84,14.18,14.36,14.51,14.51,14.51
1981-07-15,12.74,13.45,13.84,14.27,14.52,14.65,14.65,14.65
1981-07-16,12.74,13.47,13.88,14.34,14.61,14.76,14.76,14.76
1981-07-17,13.14,13.71,14.05,14.47,14.75,14.9,14.9,14.9
1981-07-20,13.33,13.79,14.1,14.53,14.83,15,15,15
1981-07-21,13.65,13.97,14.21,14.58,14.83,14.96,14.96,14.96
1981-07-22,13.26,13.59,13.93,14.39,14.66,14.78,14.78,14.78
1981-07-23,13.09,13.48,13.84,14.31,14.59,14.72,14.72,14.72
1981-07-24,13.17,13.44,13.77,14.24,14.54,14.74,14.74,14.74
1981-07-27,13.17,13.42,13.69,14.07,14.32,14.51,14.51,14.51
1981-07-28,13.37,13.6,13.83,14.18,14.43,14.61,14.61,14.61
1981-07-29,13.37,13.6,13.83,14.18,14.43,14.61,14.61,14.61
1981-07-30,13.42,13.58,13.83,14.23,14.49,14.67,14.67,14.67
1981-07-31,13.47,13.61,13.84,14.19,14.42,14.58,14.58,14.58
1981-08-03,13.8,13.84,14.02,14.34,14.56,14.71,14.71,14.71
1981-08-04,13.77,13.74,13.95,14.37,14.67,14.87,14.87,14.87
1981-08-05,13.63,13.63,13.84,14.26,14.57,14.78,14.78,14.78
1981-08-06,13.71,13.68,13.86,14.25,14.54,14.73,14.73,14.73
1981-08-07,13.57,13.73,13.9,14.22,14.5,14.73,14.73,14.73
1981-08-10,13.53,13.68,13.87,14.18,14.43,14.62,14.62,14.62
1981-08-11,13.13,13.4,13.69,14.1,14.36,14.55,14.55,14.55
1981-08-12,13.01,13.33,13.62,13.99,14.23,14.43,14.43,14.43
1981-08-13,13.11,13.4,13.67,14.02,14.26,14.45,14.45,14.45
1981-08-14,13.05,13.38,13.69,14.12,14.42,14.6,14.6,14.6
1981-08-17,12.81,13.27,13.63,14.05,14.33,14.51,14.51,14.51
1981-08-18,12.93,13.35,13.68,14.07,14.33,14.49,14.49,14.49
1981-08-19,12.99,13.43,13.77,14.16,14.41,14.58,14.58,14.58
1981-08-20,12.95,13.32,13.68,14.08,14.34,14.51,14.51,14.51
1981-08-21,12.94,13.29,13.63,14.02,14.27,14.47,14.47,14.47
1981-08-24,13,13.38,13.71,14.11,14.37,14.58,14.58,14.58
1981-08-25,13.15,13.52,13.84,14.26,14.56,14.79,14.79,14.79
1981-08-26,12.95,13.37,13.73,14.18,14.48,14.7,14.7,14.7
1981-08-27,13.02,13.42,13.78,14.24,14.56,14.8,14.8,14.8
1981-08-28,12.95,13.36,13.71,14.16,14.47,14.72,14.72,14.72
1981-08-31,12.95,13.36,13.71,14.16,14.47,14.72,14.72,14.72
1981-09-01,12.92,13.35,13.71,14.15,14.46,14.71,14.71,14.71
1981-09-02,12.85,13.29,13.65,14.08,14.37,14.6,14.6,14.6
1981-09-03,12.88,13.33,13.67,14.08,14.37,14.59,14.59,14.59
1981-09-04,12.98,13.41,13.73,14.13,14.43,14.67,14.67,14.67
1981-09-07,13.07,13.48,13.79,14.18,14.47,14.71,14.71,14.71
1981-09-08,13.09,13.55,13.86,14.21,14.47,14.69,14.69,14.69
1981-09-09,13,13.48,13.82,14.2,14.47,14.69,14.69,14.69
1981-09-10,12.8,13.4,13.78,14.14,14.38,14.58,14.58,14.58
1981-09-11,12.83,13.43,13.8,14.13,14.35,14.54,14.54,14.54
1981-09-14,13.32,13.75,14.05,14.35,14.56,14.76,14.76,14.76
1981-09-15,13.55,14.04,14.35,14.62,14.8,14.97,14.97,14.97
1981-09-16,13.5,13.97,14.28,14.57,14.76,14.95,14.95,14.95
1981-09-17,13.54,14.01,14.33,14.65,14.89,15.07,15.07,15.07
1981-09-18,13.7,14.11,14.39,14.7,14.95,15.16,15.16,15.16
1981-09-21,13.92,14.24,14.49,14.75,14.97,15.17,15.17,15.17
1981-09-22,13.7,14.08,14.35,14.64,14.87,15.08,15.08,15.08
1981-09-23,13.98,14.29,14.51,14.74,14.96,15.16,15.16,15.16
1981-09-24,14.68,14.84,14.94,15.03,15.15,15.26,15.26,15.26
1981-09-25,14.81,14.93,15.06,15.22,15.34,15.36,15.36,15.36
1981-09-28,14.99,15.07,15.2,15.38,15.53,15.56,15.56,15.56
1981-09-29,14.88,15.05,15.18,15.31,15.39,15.39,15.39,15.39
1981-09-30,14.96,15.12,15.24,15.36,15.45,15.44,15.44,15.44
1981-10-01,15.16,15.3,15.39,15.41,15.43,15.39,15.39,15.39
1981-10-02,15.14,15.35,15.46,15.45,15.44,15.37,15.37,15.37
1981-10-05,14.93,15.25,15.38,15.36,15.32,15.23,15.23,15.23
1981-10-06,14.89,15.25,15.39,15.37,15.32,15.22,15.22,15.22
1981-10-07,14.59,14.97,15.17,15.22,15.18,15.07,15.07,15.07
1981-10-08,14.45,14.85,15.06,15.13,15.1,15.02,15.02,15.02
1981-10-09,14.09,14.56,14.85,15.03,15.05,15.01,15.01,15.01
1981-10-12,14.17,14.61,14.89,15.04,15.03,14.96,14.96,14.96
1981-10-13,14.27,14.69,14.99,15.15,15.13,15.05,15.05,15.05
1981-10-14,14.58,14.9,15.18,15.29,15.21,15.07,15.07,15.07
1981-10-15,14.57,14.92,15.23,15.4,15.32,15.15,15.15,15.15
1981-10-16,14.68,15.01,15.36,15.57,15.51,15.34,15.34,15.34
1981-10-19,14.43,14.88,15.3,15.55,15.48,15.3,15.3,15.3
1981-10-20,14.43,14.82,15.24,15.51,15.47,15.3,15.3,15.3
1981-10-21,14.7,15.04,15.39,15.6,15.54,15.36,15.36,15.36
1981-10-22,14.92,15.29,15.63,15.8,15.71,15.49,15.49,15.49
1981-10-23,14.99,15.27,15.6,15.8,15.74,15.54,15.54,15.54
1981-10-26,15.17,15.49,15.81,15.94,15.8,15.54,15.54,15.54
1981-10-27,15.01,15.31,15.63,15.78,15.69,15.47,15.47,15.47
1981-10-28,14.87,15.17,15.51,15.71,15.63,15.44,15.44,15.44
1981-10-29,14.76,15.03,15.35,15.53,15.47,15.3,15.3,15.3
1981-10-30,14.72,14.95,15.26,15.44,15.38,15.22,15.22,15.22
1981-11-02,14.19,14.58,14.98,15.24,15.23,15.16,15.16,15.16
1981-11-03,14.06,14.46,14.85,15.12,15.13,15.09,15.09,15.09
1981-11-04,14.07,14.47,14.87,15.13,15.13,15.08,15.08,15.08
1981-11-05,14.1,14.39,14.75,15.01,15.03,15.01,15.01,15.01
1981-11-06,14.14,14.44,14.79,15.04,15.05,15.02,15.02,15.02
1981-11-09,13.72,14.05,14.42,14.69,14.73,14.79,14.79,14.79
1981-11-10,13.87,14.3,14.67,14.89,14.9,14.92,14.92,14.92
1981-11-11,13.74,14.16,14.52,14.76,14.8,14.86,14.86,14.86
1981-11-12,13.62,13.96,14.31,14.56,14.62,14.72,14.72,14.72
1981-11-13,13.59,13.96,14.29,14.52,14.56,14.63,14.63,14.63
1981-11-16,13.53,14.1,14.43,14.52,14.41,14.33,14.33,14.33
1981-11-17,13.67,14.18,14.51,14.62,14.52,14.44,14.44,14.44
1981-11-18,13.73,14.16,14.48,14.61,14.53,14.45,14.45,14.45
1981-11-19,13.56,14.11,14.43,14.48,14.35,14.23,14.23,14.23
1981-11-20,13.69,14.16,14.47,14.52,14.38,14.25,14.25,14.25
1981-11-23,13.8,14.27,14.58,14.65,14.53,14.41,14.41,14.41
1981-11-24,13.73,14.24,14.58,14.65,14.51,14.37,14.37,14.37
1981-11-25,13.6,14.16,14.5,14.54,14.38,14.24,14.24,14.24
1981-11-26,13.66,14.2,14.54,14.6,14.46,14.32,14.32,14.32
1981-11-27,13.66,14.12,14.47,14.56,14.42,14.28,14.28,14.28
1981-11-30,13.42,14.02,14.38,14.49,14.39,14.26,14.26,14.26
1981-12-01,13.67,14.17,14.52,14.64,14.52,14.38,14.38,14.38
1981-12-02,13.57,14.09,14.49,14.63,14.51,14.36,14.36,14.36
1981-12-03,13.58,14.07,14.5,14.76,14.71,14.55,14.55,14.55
1981-12-04,13.43,13.85,14.31,14.61,14.58,14.43,14.43,14.43
1981-12-07,13.38,13.81,14.31,14.68,14.68,14.56,14.56,14.56
1981-12-08,13.4,13.89,14.44,14.9,14.95,14.77,14.77,14.77
1981-12-09,13.7,14.1,14.55,14.91,14.95,14.78,14.78,14.78
1981-12-10,14.01,14.33,14.67,14.93,14.94,14.79,14.79,14.79
1981-12-11,14.5,14.68,14.98,15.17,15.13,14.93,14.93,14.93
1981-12-14,14.71,14.78,15.05,15.25,15.22,15.04,15.04,15.04
1981-12-15,14.51,14.7,15.09,15.46,15.46,15.21,15.21,15.21
1981-12-16,14.38,14.57,14.96,15.34,15.34,15.11,15.11,15.11
1981-12-17,14.4,14.59,15,15.4,15.4,15.14,15.14,15.14
1981-12-18,14.61,14.89,15.29,15.61,15.56,15.29,15.29,15.29
1981-12-21,14.64,14.96,15.39,15.7,15.63,15.33,15.33,15.33
1981-12-22,14.66,14.91,15.32,15.65,15.59,15.32,15.32,15.32
1981-12-23,14.63,14.93,15.33,15.61,15.53,15.25,15.25,15.25
1981-12-24,14.69,14.95,15.34,15.61,15.53,15.24,15.24,15.24
1981-12-25,14.69,14.95,15.34,15.61,15.53,15.24,15.24,15.24
1981-12-28,14.69,14.95,15.34,15.61,15.53,15.24,15.24,15.24
1981-12-29,14.55,14.81,15.19,15.48,15.42,15.15,15.15,15.15
1981-12-30,14.46,14.76,15.15,15.45,15.41,15.17,15.17,15.17
1981-12-31,14.39,14.82,15.26,15.54,15.41,15.07,15.07,15.07
1982-01-01,14.39,14.82,15.26,15.54,15.41,15.07,15.07,15.07
1982-01-04,14.4,14.83,15.28,15.55,15.41,15.06,15.06,15.06
1982-01-05,14.44,14.88,15.33,15.59,15.42,15.05,15.05,15.05
1982-01-06,14.78,15.12,15.57,15.78,15.54,15.1,15.1,15.1
1982-01-07,14.48,14.94,15.43,15.7,15.51,15.1,15.1,15.1
1982-01-08,14.58,15,15.49,15.74,15.52,15.07,15.07,15.07
1982-01-11,14.25,14.78,15.33,15.63,15.42,14.98,14.98,14.98
1982-01-12,14.37,14.88,15.42,15.69,15.46,14.99,14.99,14.99
1982-01-13,14.55,14.97,15.5,15.78,15.55,15.06,15.06,15.06
1982-01-14,14.38,14.84,15.38,15.68,15.45,14.98,14.98,14.98
1982-01-15,14.4,14.8,15.37,15.73,15.55,15.1,15.1,15.1
1982-01-18,14.36,14.71,15.28,15.72,15.6,15.15,15.15,15.15
1982-01-19,14.18,14.51,15.06,15.52,15.47,15.07,15.07,15.07
1982-01-20,14.01,14.37,14.93,15.38,15.29,14.84,14.84,14.84
1982-01-21,13.79,14.17,14.76,15.3,15.27,14.85,14.85,14.85
1982-01-22,13.71,14.07,14.66,15.22,15.21,14.81,14.81,14.81
1982-01-25,13.61,13.86,14.41,15.02,15.12,14.84,14.84,14.84
1982-01-26,13.88,14.21,14.76,15.28,15.3,14.96,14.96,14.96
1982-01-27,13.72,14.07,14.66,15.21,15.21,14.84,14.84,14.84
1982-01-28,13.65,13.9,14.47,15.03,15.06,14.72,14.72,14.72
1982-01-29,13.59,13.77,14.35,14.94,14.98,14.64,14.64,14.64
1982-02-01,13.4,13.57,14.15,14.74,14.77,14.42,14.42,14.42
1982-02-02,13.59,13.79,14.37,14.91,14.9,14.51,14.51,14.51
1982-02-03,13.8,13.88,14.44,14.99,14.99,14.59,14.59,14.59
1982-02-04,13.61,13.8,14.36,14.87,14.83,14.43,14.43,14.43
1982-02-05,13.49,13.67,14.27,14.83,14.81,14.41,14.41,14.41
1982-02-08,13.35,13.59,14.21,14.77,14.76,14.38,14.38,14.38
1982-02-09,13.42,13.67,14.29,14.87,14.86,14.45,14.45,14.45
1982-02-10,13.49,13.79,14.42,14.99,14.97,14.56,14.56,14.56
1982-02-11,13.33,13.58,14.21,14.81,14.85,14.51,14.51,14.51
1982-02-12,13.18,13.5,14.1,14.61,14.6,14.24,14.24,14.24
1982-02-15,13.16,13.57,14.21,14.82,14.87,14.45,14.45,14.45
1982-02-16,13.21,13.65,14.29,14.89,14.93,14.49,14.49,14.49
1982-02-17,13.11,13.62,14.25,14.86,14.9,14.49,14.49,14.49
1982-02-18,13.13,13.49,14.09,14.69,14.73,14.31,14.31,14.31
1982-02-19,13.11,13.42,14.01,14.61,14.67,14.26,14.26,14.26
1982-02-22,13.01,13.37,13.91,14.45,14.47,14.08,14.08,14.08
1982-02-23,12.72,13.1,13.61,14.1,14.11,13.74,13.74,13.74
1982-02-24,12.83,13.22,13.71,14.17,14.16,13.78,13.78,13.78
1982-02-25,12.85,13.29,13.79,14.28,14.31,13.94,13.94,13.94
1982-02-26,12.76,13.18,13.67,14.13,14.13,13.76,13.76,13.76
1982-03-01,12.9,13.3,13.8,14.26,14.28,13.91,13.91,13.91
1982-03-02,12.71,13.11,13.6,14.08,14.11,13.75,13.75,13.75
1982-03-03,12.6,13.02,13.49,13.92,13.93,13.58,13.58,13.58
1982-03-04,12.62,13.05,13.52,13.92,13.91,13.55,13.55,13.55
1982-03-05,12.49,12.91,13.38,13.78,13.76,13.4,13.4,13.4
1982-03-08,12.36,12.8,13.26,13.65,13.64,13.32,13.32,13.32
1982-03-09,12.22,12.65,13.07,13.45,13.48,13.24,13.24,13.24
1982-03-10,12.32,12.75,13.15,13.54,13.61,13.4,13.4,13.4
1982-03-11,12.28,12.62,12.92,13.2,13.26,13.09,13.09,13.09
1982-03-12,12.3,12.62,12.94,13.24,13.29,13.07,13.07,13.07
1982-03-15,12.55,12.84,13.13,13.4,13.42,13.15,13.15,13.15
1982-03-16,12.57,12.82,13.07,13.31,13.34,13.08,13.08,13.08
1982-03-17,12.71,12.93,13.17,13.39,13.39,13.11,13.11,13.11
1982-03-18,12.86,13.07,13.3,13.49,13.46,13.16,13.16,13.16
1982-03-19,12.78,12.99,13.22,13.43,13.44,13.15,13.15,13.15
1982-03-22,12.73,12.97,13.21,13.4,13.42,13.19,13.19,13.19
1982-03-23,12.56,12.8,13.02,13.22,13.26,13.06,13.06,13.06
1982-03-24,12.46,12.65,12.82,13,13.07,12.89,12.89,12.89
1982-03-25,12.45,12.57,12.78,13.05,13.19,13.04,13.04,13.04
1982-03-26,12.47,12.61,12.83,13.11,13.24,13.11,13.11,13.11
1982-03-29,12.55,12.71,12.99,13.35,13.44,13.22,13.22,13.22
1982-03-30,12.75,12.94,13.22,13.54,13.59,13.34,13.34,13.34
1982-03-31,12.53,12.61,12.51,12.63,13.18,13.79,13.79,13.79
1982-04-01,12.45,12.56,12.48,12.59,13.12,13.71,13.71,13.71
1982-04-02,12.38,12.5,12.44,12.58,13.1,13.68,13.68,13.68
1982-04-05,12.98,12.98,12.9,13.06,13.59,14.1,14.1,14.1
1982-04-06,13.31,13.25,13.16,13.3,13.81,14.33,14.33,14.33
1982-04-07,13.19,13.15,13.02,13.13,13.64,14.2,14.2,14.2
1982-04-08,13.25,13.31,13.18,13.2,13.63,14.13,14.13,14.13
1982-04-09,13.25,13.31,13.18,13.2,13.63,14.13,14.13,14.13
1982-04-12,13.25,13.31,13.18,13.2,13.63,14.13,14.13,14.13
1982-04-13,13.15,13.19,13.13,13.25,13.74,14.25,14.25,14.25
1982-04-14,13.03,13.07,13.01,13.16,13.66,14.18,14.18,14.18
1982-04-15,13.19,13.27,13.19,13.31,13.8,14.31,14.31,14.31
1982-04-16,13.18,13.26,13.18,13.31,13.81,14.32,14.32,14.32
1982-04-19,13.14,13.17,13.07,13.23,13.78,14.34,14.34,14.34
1982-04-20,12.86,12.93,12.85,12.99,13.53,14.1,14.1,14.1
1982-04-21,12.75,12.84,12.77,12.93,13.48,14.05,14.05,14.05
1982-04-22,12.88,12.91,12.84,13.02,13.57,14.11,14.11,14.11
1982-04-23,12.96,12.93,12.86,13.03,13.58,14.12,14.12,14.12
1982-04-26,13.05,13.02,12.95,13.11,13.64,14.15,14.15,14.15
1982-04-27,12.92,12.91,12.86,13.04,13.56,14.07,14.07,14.07
1982-04-28,12.91,12.85,12.8,13.01,13.57,14.09,14.09,14.09
1982-04-29,12.8,12.74,12.71,12.97,13.55,14.1,14.1,14.1
1982-04-30,12.81,12.8,12.79,13.04,13.61,14.13,14.13,14.13
1982-05-03,12.81,12.8,12.79,13.04,13.61,14.13,14.13,14.13
1982-05-04,12.62,12.68,12.7,12.96,13.52,14.05,14.05,14.05
1982-05-05,12.7,12.74,12.8,13.1,13.65,14.14,14.14,14.14
1982-05-06,12.3,12.44,12.55,12.89,13.47,14,14,14
1982-05-07,12.26,12.38,12.52,12.88,13.46,13.98,13.98,13.98
1982-05-10,12.12,12.27,12.4,12.74,13.33,13.86,13.86,13.86
1982-05-11,12.17,12.29,12.41,12.76,13.36,13.89,13.89,13.89
1982-05-12,11.95,12.08,12.25,12.64,13.24,13.77,13.77,13.77
1982-05-13,12,12.15,12.33,12.71,13.29,13.81,13.81,13.81
1982-05-14,12.1,12.22,12.36,12.74,13.34,13.86,13.86,13.86
1982-05-17,12.16,12.23,12.33,12.67,13.25,13.79,13.79,13.79
1982-05-18,12.31,12.33,12.4,12.74,13.35,13.89,13.89,13.89
1982-05-19,12.52,12.49,12.56,12.89,13.48,14,14,14
1982-05-20,12.67,12.6,12.65,13.01,13.64,14.18,14.18,14.18
1982-05-21,12.49,12.42,12.51,12.94,13.61,14.17,14.17,14.17
1982-05-24,12.32,12.27,12.35,12.76,13.43,14,14,14
1982-05-25,12.36,12.29,12.37,12.77,13.43,14,14,14
1982-05-26,12.41,12.35,12.41,12.78,13.41,13.95,13.95,13.95
1982-05-27,12.35,12.28,12.35,12.75,13.4,13.95,13.95,13.95
1982-05-28,12.07,12.18,12.26,12.66,13.33,13.91,13.91,13.91
1982-05-31,12.07,12.18,12.26,12.66,13.33,13.91,13.91,13.91
1982-06-01,11.79,12.01,12.12,12.54,13.22,13.82,13.82,13.82
1982-06-02,11.79,12.02,12.13,12.55,13.23,13.83,13.83,13.83
1982-06-03,11.69,11.89,11.98,12.42,13.14,13.79,13.79,13.79
1982-06-04,11.68,11.85,11.92,12.35,13.09,13.75,13.75,13.75
1982-06-07,11.72,11.87,11.9,12.28,12.99,13.65,13.65,13.65
1982-06-08,11.73,11.89,11.92,12.32,13.05,13.71,13.71,13.71
1982-06-09,11.91,12,11.99,12.38,13.13,13.79,13.79,13.79
1982-06-10,11.91,12.1,12.11,12.51,13.26,13.93,13.93,13.93
1982-06-11,11.89,12,11.97,12.35,13.11,13.8,13.8,13.8
1982-06-14,11.99,12.09,12.04,12.39,13.15,13.85,13.85,13.85
1982-06-15,12.03,12.12,12.08,12.46,13.24,13.95,13.95,13.95
1982-06-16,12.04,12.13,12.07,12.46,13.24,13.96,13.96,13.96
1982-06-17,12.13,12.27,12.2,12.57,13.35,14.05,14.05,14.05
1982-06-18,12.34,12.4,12.31,12.67,13.44,14.11,14.11,14.11
1982-06-21,12.47,12.53,12.44,12.77,13.51,14.17,14.17,14.17
1982-06-22,12.31,12.42,12.32,12.63,13.36,14.05,14.05,14.05
1982-06-23,12.34,12.45,12.36,12.7,13.44,14.11,14.11,14.11
1982-06-24,12.28,12.4,12.32,12.63,13.35,14.02,14.02,14.02
1982-06-25,12.41,12.54,12.46,12.76,13.47,14.12,14.12,14.12
1982-06-28,12.42,12.53,12.45,12.76,13.48,14.14,14.14,14.14
1982-06-29,12.32,12.46,12.38,12.67,13.36,14.01,14.01,14.01
1982-06-30,12.14,12.26,12.18,12.5,13.21,13.88,13.88,13.88
1982-07-01,12.08,12.22,12.17,12.51,13.24,13.91,13.91,13.91
1982-07-02,12.09,12.25,12.2,12.54,13.26,13.93,13.93,13.93
1982-07-05,11.92,12.08,12.04,12.4,13.13,13.81,13.81,13.81
1982-07-06,11.83,11.97,11.95,12.37,13.14,13.82,13.82,13.82
1982-07-07,11.84,11.96,11.97,12.42,13.21,13.89,13.89,13.89
1982-07-08,11.7,11.83,11.86,12.34,13.14,13.84,13.84,13.84
1982-07-09,11.69,11.79,11.8,12.24,13.01,13.7,13.7,13.7
1982-07-12,11.57,11.72,11.71,12.08,12.8,13.46,13.46,13.46
1982-07-13,11.63,11.75,11.76,12.18,12.93,13.57,13.57,13.57
1982-07-14,11.63,11.73,11.75,12.2,12.94,13.57,13.57,13.57
1982-07-15,11.59,11.62,11.65,12.11,12.87,13.52,13.52,13.52
1982-07-16,11.58,11.57,11.58,12.04,12.8,13.47,13.47,13.47
1982-07-19,11.44,11.37,11.34,11.79,12.57,13.27,13.27,13.27
1982-07-20,11.31,11.25,11.21,11.67,12.48,13.22,13.22,13.22
1982-07-21,11.22,11.2,11.16,11.63,12.46,13.22,13.22,13.22
1982-07-22,11.22,11.19,11.13,11.59,12.44,13.25,13.25,13.25
1982-07-23,11.11,11.05,11,11.48,12.35,13.18,13.18,13.18
1982-07-26,11.16,11.07,11.02,11.52,12.42,13.29,13.29,13.29
1982-07-27,11.16,11.06,11,11.5,12.39,13.26,13.26,13.26
1982-07-28,11.1,11.02,10.97,11.48,12.39,13.26,13.26,13.26
1982-07-29,11.11,11.02,10.98,11.51,12.43,13.31,13.31,13.31
1982-07-30,11.08,10.98,10.93,11.47,12.39,13.28,13.28,13.28
1982-08-02,10.93,10.82,10.78,11.33,12.27,13.17,13.17,13.17
1982-08-03,10.77,10.73,10.68,11.24,12.19,13.11,13.11,13.11
1982-08-04,10.78,10.73,10.67,11.23,12.18,13.09,13.09,13.09
1982-08-05,10.69,10.71,10.7,11.29,12.24,13.13,13.13,13.13
1982-08-06,10.84,10.85,10.83,11.42,12.36,13.24,13.24,13.24
1982-08-09,10.91,10.94,10.92,11.51,12.44,13.31,13.31,13.31
1982-08-10,10.66,10.82,10.83,11.41,12.34,13.21,13.21,13.21
1982-08-11,10.59,10.7,10.74,11.39,12.33,13.18,13.18,13.18
1982-08-12,10.49,10.61,10.66,11.32,12.26,13.09,13.09,13.09
1982-08-13,10.29,10.43,10.5,11.17,12.1,12.93,12.93,12.93
1982-08-16,9.86,10.01,10.1,10.8,11.76,12.65,12.65,12.65
1982-08-17,9.64,9.86,9.95,10.61,11.56,12.46,12.46,12.46
1982-08-18,8.93,9.23,9.44,10.24,11.22,12.1,12.1,12.1
1982-08-19,9.49,9.53,9.64,10.4,11.38,12.24,12.24,12.24
1982-08-20,9.28,9.33,9.42,10.14,11.08,11.91,11.91,11.91
1982-08-23,9.33,9.36,9.39,10.04,10.94,11.73,11.73,11.73
1982-08-24,9.66,9.65,9.6,10.14,11,11.77,11.77,11.77
1982-08-25,9.8,9.9,9.79,10.22,11.07,11.87,11.87,11.87
1982-08-26,9.76,9.84,9.77,10.25,11.11,11.89,11.89,11.89
1982-08-27,9.88,10.02,9.96,10.42,11.25,12.01,12.01,12.01
1982-08-30,9.88,10.02,9.96,10.42,11.25,12.01,12.01,12.01
1982-08-31,9.98,10.19,10.13,10.55,11.34,12.04,12.04,12.04
1982-09-01,9.96,10.14,10.08,10.51,11.31,12.03,12.03,12.03
1982-09-02,9.76,10.01,9.99,10.46,11.28,11.99,11.99,11.99
1982-09-03,9.63,9.8,9.77,10.29,11.15,11.87,11.87,11.87
1982-09-06,9.72,9.88,9.83,10.34,11.2,11.92,11.92,11.92
1982-09-07,9.69,9.83,9.78,10.31,11.19,11.91,11.91,11.91
1982-09-08,9.75,9.89,9.85,10.39,11.27,11.97,11.97,11.97
1982-09-09,9.73,9.82,9.78,10.37,11.27,11.98,11.98,11.98
1982-09-10,10.14,10.09,10.02,10.59,11.48,12.14,12.14,12.14
1982-09-13,10.4,10.28,10.18,10.76,11.64,12.27,12.27,12.27
1982-09-14,10.06,10.05,10,10.6,11.51,12.18,12.18,12.18
1982-09-15,9.98,9.95,9.95,10.6,11.51,12.16,12.16,12.16
1982-09-16,10.1,10.08,10.1,10.75,11.63,12.24,12.24,12.24
1982-09-17,10.12,10.09,10.09,10.74,11.63,12.24,12.24,12.24
1982-09-20,10,9.98,10,10.65,11.54,12.14,12.14,12.14
1982-09-21,9.89,9.91,9.91,10.54,11.41,12.02,12.02,12.02
1982-09-22,9.73,9.8,9.85,10.47,11.29,11.85,11.85,11.85
1982-09-23,9.82,9.85,9.9,10.51,11.31,11.85,11.85,11.85
1982-09-24,9.99,9.96,9.98,10.58,11.38,11.9,11.9,11.9
1982-09-27,9.93,9.89,9.92,10.52,11.31,11.82,11.82,11.82
1982-09-28,9.82,9.79,9.83,10.44,11.2,11.69,11.69,11.69
1982-09-29,9.75,9.74,9.8,10.41,11.17,11.63,11.63,11.63
1982-09-30,9.78,9.81,9.87,10.47,11.21,11.66,11.66,11.66
1982-10-01,9.77,9.82,9.92,10.56,11.31,11.75,11.75,11.75
1982-10-04,9.82,9.98,10.13,10.79,11.52,11.92,11.92,11.92
1982-10-05,9.8,9.91,10.04,10.7,11.45,11.87,11.87,11.87
1982-10-06,9.68,9.76,9.87,10.53,11.29,11.74,11.74,11.74
1982-10-07,9.66,9.62,9.67,10.3,11.08,11.57,11.57,11.57
1982-10-08,9.52,9.53,9.54,10.1,10.84,11.33,11.33,11.33
1982-10-11,9.23,9.2,9.2,9.7,10.38,10.88,10.88,10.88
1982-10-12,8.9,9.04,9.1,9.61,10.25,10.68,10.68,10.68
1982-10-13,8.98,9.19,9.26,9.73,10.33,10.71,10.71,10.71
1982-10-14,9.02,9.24,9.32,9.8,10.42,10.8,10.8,10.8
1982-10-15,8.97,9.22,9.35,9.87,10.47,10.81,10.81,10.81
1982-10-18,8.89,9.13,9.24,9.76,10.38,10.75,10.75,10.75
1982-10-19,8.75,9,9.09,9.61,10.24,10.62,10.62,10.62
1982-10-20,8.79,9.07,9.2,9.69,10.28,10.62,10.62,10.62
1982-10-21,8.73,9.01,9.14,9.67,10.29,10.66,10.66,10.66
1982-10-22,8.67,9,9.16,9.72,10.35,10.71,10.71,10.71
1982-10-25,8.7,9.1,9.29,9.87,10.49,10.85,10.85,10.85
1982-10-26,8.71,9.08,9.28,9.85,10.47,10.84,10.84,10.84
1982-10-27,8.63,9.01,9.19,9.78,10.41,10.8,10.8,10.8
1982-10-28,8.66,9,9.19,9.8,10.45,10.84,10.84,10.84
1982-10-29,8.61,8.9,9.07,9.68,10.34,10.74,10.74,10.74
1982-11-01,8.36,8.66,8.84,9.48,10.17,10.6,10.6,10.6
1982-11-02,8.37,8.61,8.77,9.4,10.1,10.56,10.56,10.56
1982-11-03,8.41,8.62,8.73,9.34,10.06,10.55,10.55,10.55
1982-11-04,8.47,8.72,8.85,9.47,10.2,10.69,10.69,10.69
1982-11-05,8.44,8.71,8.85,9.51,10.26,10.77,10.77,10.77
1982-11-08,8.45,8.7,8.85,9.53,10.29,10.81,10.81,10.81
1982-11-09,8.4,8.65,8.82,9.52,10.27,10.76,10.76,10.76
1982-11-10,8.35,8.55,8.69,9.38,10.16,10.68,10.68,10.68
1982-11-11,8.35,8.53,8.67,9.37,10.15,10.67,10.67,10.67
1982-11-12,8.34,8.5,8.63,9.36,10.15,10.69,10.69,10.69
1982-11-15,8.54,8.65,8.78,9.52,10.33,10.84,10.84,10.84
1982-11-16,8.92,8.92,9,9.76,10.62,11.17,11.17,11.17
1982-11-17,8.96,9,9.1,9.89,10.74,11.25,11.25,11.25
1982-11-18,9.16,9.2,9.32,10.12,10.96,11.45,11.45,11.45
1982-11-19,9.05,9.09,9.23,10.02,10.85,11.33,11.33,11.33
1982-11-22,9.23,9.41,9.57,10.31,11.1,11.55,11.55,11.55
1982-11-23,9.2,9.44,9.59,10.29,11.06,11.51,11.51,11.51
1982-11-24,9.1,9.32,9.48,10.2,10.97,11.44,11.44,11.44
1982-11-25,9.5,9.75,9.9,10.61,11.37,11.8,11.8,11.8
1982-11-26,9.91,10.19,10.32,10.84,11.43,11.76,11.76,11.76
1982-11-29,10.07,10.17,10.23,10.72,11.33,11.69,11.69,11.69
1982-11-30,10.12,10.23,10.29,10.79,11.38,11.73,11.73,11.73
1982-12-01,9.82,10.04,10.11,10.61,11.23,11.62,11.62,11.62
1982-12-02,9.84,10.06,10.14,10.64,11.25,11.63,11.63,11.63
1982-12-03,9.63,9.91,9.99,10.46,11.04,11.43,11.43,11.43
1982-12-06,9.84,10.11,10.18,10.63,11.17,11.49,11.49,11.49
1982-12-07,10.27,10.36,10.37,10.78,11.32,11.62,11.62,11.62
1982-12-08,10.87,10.78,10.7,11.09,11.62,11.88,11.88,11.88
1982-12-09,10.69,10.63,10.6,11.08,11.66,11.93,11.93,11.93
1982-12-10,10.53,10.64,10.64,11.07,11.6,11.85,11.85,11.85
1982-12-13,10.66,10.77,10.77,11.22,11.74,11.97,11.97,11.97
1982-12-14,10.23,10.33,10.35,10.87,11.46,11.77,11.77,11.77
1982-12-15,10.36,10.57,10.55,10.94,11.44,11.7,11.7,11.7
1982-12-16,10.34,10.55,10.55,10.96,11.47,11.73,11.73,11.73
1982-12-17,10.5,10.7,10.69,11.04,11.48,11.67,11.67,11.67
1982-12-20,10.47,10.66,10.64,10.98,11.44,11.69,11.69,11.69
1982-12-21,10.44,10.63,10.57,10.87,11.31,11.56,11.56,11.56
1982-12-22,10.4,10.55,10.47,10.75,11.18,11.43,11.43,11.43
1982-12-23,10.42,10.52,10.45,10.76,11.2,11.42,11.42,11.42
1982-12-24,10.39,10.49,10.44,10.77,11.21,11.42,11.42,11.42
1982-12-27,10.39,10.49,10.44,10.77,11.21,11.42,11.42,11.42
1982-12-28,10.39,10.49,10.44,10.77,11.21,11.42,11.42,11.42
1982-12-29,10.06,10.1,10.04,10.41,10.9,11.19,11.19,11.19
1982-12-30,10,10.06,10.01,10.4,10.93,11.23,11.23,11.23
1982-12-31,10.09,10.14,10.1,10.52,11.05,11.33,11.33,11.33
1983-01-03,10.09,10.14,10.1,10.52,11.05,11.33,11.33,11.33
1983-01-04,10.04,10.05,9.99,10.41,10.98,11.3,11.3,11.3
1983-01-05,10.06,10.05,10,10.45,11.03,11.34,11.34,11.34
1983-01-06,10.25,10.34,10.33,10.76,11.28,11.51,11.51,11.51
1983-01-07,10.35,10.44,10.4,10.8,11.31,11.55,11.55,11.55
1983-01-10,10.39,10.46,10.41,10.84,11.36,11.6,11.6,11.6
1983-01-11,10.86,10.83,10.77,11.2,11.75,12,12,12
1983-01-12,11.38,11.25,11.14,11.46,11.89,12.04,12.04,12.04
1983-01-13,11.09,11.06,11.04,11.43,11.86,12,12,12
1983-01-14,10.63,10.58,10.62,11.11,11.61,11.82,11.82,11.82
1983-01-17,10.42,10.36,10.42,10.92,11.42,11.63,11.63,11.63
1983-01-18,10.5,10.52,10.59,11.11,11.62,11.83,11.83,11.83
1983-01-19,10.56,10.55,10.55,11.02,11.52,11.75,11.75,11.75
1983-01-20,10.49,10.41,10.44,10.97,11.52,11.77,11.77,11.77
1983-01-21,10.47,10.5,10.52,11.02,11.55,11.83,11.83,11.83
1983-01-24,10.98,10.98,10.95,11.38,11.87,12.14,12.14,12.14
1983-01-25,10.92,10.81,10.75,11.21,11.77,12.12,12.12,12.12
1983-01-26,10.68,10.63,10.59,11.05,11.62,12,12,12
1983-01-27,10.82,10.72,10.68,11.16,11.74,12.1,12.1,12.1
1983-01-28,10.73,10.64,10.6,11.09,11.67,12.04,12.04,12.04
1983-01-31,10.85,10.75,10.72,11.22,11.8,12.13,12.13,12.13
1983-02-01,10.83,10.72,10.69,11.17,11.74,12.09,12.09,12.09
1983-02-02,10.82,10.75,10.68,11.16,11.75,12.11,12.11,12.11
1983-02-03,10.74,10.65,10.58,11.04,11.61,11.96,11.96,11.96
1983-02-04,10.78,10.69,10.62,11.11,11.7,12.06,12.06,12.06
1983-02-07,10.72,10.7,10.63,11.11,11.69,12.05,12.05,12.05
1983-02-08,10.58,10.54,10.47,10.95,11.54,11.89,11.89,11.89
1983-02-09,10.49,10.43,10.39,10.92,11.54,11.9,11.9,11.9
1983-02-10,10.36,10.33,10.33,10.88,11.51,11.88,11.88,11.88
1983-02-11,10.31,10.26,10.24,10.75,11.35,11.74,11.74,11.74
1983-02-14,10.33,10.28,10.26,10.76,11.33,11.67,11.67,11.67
1983-02-15,10.28,10.23,10.21,10.68,11.23,11.54,11.54,11.54
1983-02-16,10.16,10.09,10.14,10.69,11.26,11.56,11.56,11.56
1983-02-17,10.1,10.07,10.17,10.75,11.32,11.61,11.61,11.61
1983-02-18,10.06,10.03,10.13,10.67,11.2,11.48,11.48,11.48
1983-02-21,10.23,10.26,10.36,10.86,11.34,11.56,11.56,11.56
1983-02-22,10.46,10.51,10.57,11.04,11.51,11.75,11.75,11.75
1983-02-23,10.51,10.52,10.55,11.02,11.52,11.77,11.77,11.77
1983-02-24,10.4,10.37,10.41,10.93,11.46,11.72,11.72,11.72
1983-02-25,10.42,10.37,10.4,10.92,11.45,11.72,11.72,11.72
1983-02-28,10.37,10.3,10.35,10.87,11.38,11.58,11.58,11.58
1983-03-01,10.45,10.42,10.48,10.99,11.48,11.65,11.65,11.65
1983-03-02,10.47,10.44,10.49,10.99,11.44,11.57,11.57,11.57
1983-03-03,10.41,10.33,10.38,10.9,11.37,11.52,11.52,11.52
1983-03-04,10.32,10.24,10.31,10.8,11.21,11.32,11.32,11.32
1983-03-07,10.31,10.22,10.3,10.78,11.19,11.28,11.28,11.28
1983-03-08,10.38,10.32,10.39,10.87,11.27,11.35,11.35,11.35
1983-03-09,10.37,10.33,10.42,10.92,11.32,11.39,11.39,11.39
1983-03-10,10.2,10.18,10.29,10.77,11.15,11.21,11.21,11.21
1983-03-11,10.33,10.33,10.43,10.91,11.29,11.34,11.34,11.34
1983-03-14,10.23,10.22,10.31,10.78,11.18,11.26,11.26,11.26
1983-03-15,10.03,10.01,10.09,10.61,11.06,11.19,11.19,11.19
1983-03-16,10.12,10.17,10.25,10.72,11.15,11.26,11.26,11.26
1983-03-17,10.07,10.17,10.24,10.69,11.11,11.24,11.24,11.24
1983-03-18,10.23,10.32,10.37,10.8,11.2,11.34,11.34,11.34
1983-03-21,10.4,10.5,10.58,11.01,11.39,11.48,11.48,11.48
1983-03-22,10.31,10.42,10.48,10.92,11.31,11.42,11.42,11.42
1983-03-23,10.41,10.57,10.66,11.06,11.41,11.48,11.48,11.48
1983-03-24,10.37,10.5,10.57,10.96,11.3,11.38,11.38,11.38
1983-03-25,10.37,10.47,10.54,10.93,11.27,11.34,11.34,11.34
1983-03-28,10.53,10.6,10.67,11.06,11.41,11.47,11.47,11.47
1983-03-29,10.55,10.58,10.64,11.05,11.42,11.48,11.48,11.48
1983-03-30,10.42,10.46,10.54,10.97,11.33,11.39,11.39,11.39
1983-03-31,10.35,10.42,10.5,10.9,11.24,11.28,11.28,11.28
1983-04-01,10.35,10.42,10.5,10.9,11.24,11.28,11.28,11.28
1983-04-04,10.35,10.42,10.5,10.9,11.24,11.28,11.28,11.28
1983-04-05,10.33,10.41,10.48,10.87,11.2,11.24,11.24,11.24
1983-04-06,10.09,10.17,10.23,10.63,10.98,11.03,11.03,11.03
1983-04-07,10.14,10.21,10.27,10.7,11.08,11.13,11.13,11.13
1983-04-08,10.2,10.28,10.31,10.7,11.07,11.12,11.12,11.12
1983-04-11,10.08,10.14,10.19,10.62,10.98,10.97,10.97,10.97
1983-04-12,10.11,10.17,10.23,10.66,11.03,11,11,11
1983-04-13,10.14,10.16,10.24,10.7,11.07,11.03,11.03,11.03
1983-04-14,10.1,10.21,10.3,10.76,11.12,11.08,11.08,11.08
1983-04-15,9.95,10.12,10.24,10.73,11.09,11.04,11.04,11.04
1983-04-18,10,10.15,10.25,10.72,11.08,11.04,11.04,11.04
1983-04-19,9.98,10.16,10.3,10.82,11.18,11.12,11.12,11.12
1983-04-20,10,10.15,10.29,10.82,11.18,11.13,11.13,11.13
1983-04-21,9.97,10.11,10.26,10.8,11.18,11.14,11.14,11.14
1983-04-22,9.96,10.09,10.27,10.85,11.25,11.22,11.22,11.22
1983-04-25,9.88,9.99,10.15,10.73,11.13,11.12,11.12,11.12
1983-04-26,9.86,9.94,10.1,10.67,11.09,11.09,11.09,11.09
1983-04-27,9.88,9.98,10.14,10.72,11.13,11.13,11.13,11.13
1983-04-28,9.89,10.01,10.17,10.74,11.14,11.13,11.13,11.13
1983-04-29,9.86,9.99,10.16,10.76,11.16,11.15,11.15,11.15
1983-05-02,9.86,9.99,10.16,10.76,11.16,11.15,11.15,11.15
1983-05-03,9.86,9.97,10.13,10.71,11.11,11.09,11.09,11.09
1983-05-04,9.85,9.94,10.1,10.65,11.03,11.02,11.02,11.02
1983-05-05,9.81,9.88,10.05,10.66,11.08,11.06,11.06,11.06
1983-05-06,9.86,9.96,10.12,10.71,11.11,11.08,11.08,11.08
1983-05-09,9.88,10.01,10.18,10.79,11.21,11.2,11.2,11.2
1983-05-10,9.92,10.04,10.22,10.84,11.26,11.25,11.25,11.25
1983-05-11,9.91,10.02,10.19,10.8,11.23,11.24,11.24,11.24
1983-05-12,9.91,10.06,10.24,10.85,11.26,11.25,11.25,11.25
1983-05-13,9.96,10.12,10.32,10.92,11.32,11.31,11.31,11.31
1983-05-16,9.96,10.11,10.31,10.93,11.34,11.32,11.32,11.32
1983-05-17,9.97,10.1,10.3,10.93,11.35,11.34,11.34,11.34
1983-05-18,9.99,10.07,10.26,10.9,11.33,11.34,11.34,11.34
1983-05-19,9.97,10.08,10.27,10.9,11.34,11.35,11.35,11.35
1983-05-20,10.02,10.16,10.35,10.94,11.34,11.34,11.34,11.34
1983-05-23,10.05,10.18,10.36,10.96,11.36,11.36,11.36,11.36
1983-05-24,10.04,10.14,10.31,10.9,11.31,11.31,11.31,11.31
1983-05-25,10.04,10.12,10.24,10.72,11.07,11.07,11.07,11.07
1983-05-26,10.03,10.13,10.26,10.75,11.08,11.02,11.02,11.02
1983-05-27,10,10.09,10.23,10.71,11.03,10.95,10.95,10.95
1983-05-30,10,10.09,10.23,10.71,11.03,10.95,10.95,10.95
1983-05-31,10.06,10.19,10.33,10.78,11.07,10.97,10.97,10.97
1983-06-01,10.14,10.22,10.35,10.8,11.09,11.01,11.01,11.01
1983-06-02,10.13,10.21,10.33,10.77,11.05,10.97,10.97,10.97
1983-06-03,10.12,10.23,10.38,10.82,11.09,10.99,10.99,10.99
1983-06-06,10.16,10.26,10.36,10.75,10.99,10.87,10.87,10.87
1983-06-07,10.16,10.25,10.36,10.77,11.02,10.92,10.92,10.92
1983-06-08,10.15,10.25,10.38,10.81,11.08,10.98,10.98,10.98
1983-06-09,10.04,10.21,10.35,10.78,11.04,10.95,10.95,10.95
1983-06-10,10,10.15,10.29,10.74,11.01,10.89,10.89,10.89
1983-06-13,9.81,9.93,10.06,10.56,10.87,10.77,10.77,10.77
1983-06-14,9.83,9.96,10.1,10.64,10.97,10.86,10.86,10.86
1983-06-15,9.93,10.03,10.17,10.7,11.02,10.93,10.93,10.93
1983-06-16,9.92,10.05,10.2,10.71,11.02,10.89,10.89,10.89
1983-06-17,9.9,10.05,10.22,10.75,11.05,10.91,10.91,10.91
1983-06-20,9.9,10.05,10.25,10.83,11.15,11.01,11.01,11.01
1983-06-21,10.01,10.16,10.35,10.93,11.25,11.12,11.12,11.12
1983-06-22,10.02,10.17,10.35,10.9,11.21,11.07,11.07,11.07
1983-06-23,10.01,10.13,10.31,10.86,11.18,11.06,11.06,11.06
1983-06-24,10.01,10.13,10.3,10.84,11.15,11.02,11.02,11.02
1983-06-27,10.05,10.21,10.38,10.89,11.15,11,11,11
1983-06-28,10.1,10.28,10.44,10.93,11.21,11.08,11.08,11.08
1983-06-29,10.05,10.23,10.39,10.9,11.22,11.15,11.15,11.15
1983-06-30,10,10.13,10.28,10.82,11.17,11.12,11.12,11.12
1983-07-01,9.98,10.13,10.28,10.81,11.13,11.08,11.08,11.08
1983-07-04,10.1,10.31,10.47,10.95,11.22,11.15,11.15,11.15
1983-07-05,10.25,10.47,10.62,11.05,11.3,11.23,11.23,11.23
1983-07-06,10.53,10.7,10.77,11.13,11.37,11.31,11.31,11.31
1983-07-07,10.69,10.88,10.91,11.19,11.39,11.32,11.32,11.32
1983-07-08,10.78,10.94,10.95,11.24,11.46,11.41,11.41,11.41
1983-07-11,10.73,10.91,10.94,11.25,11.5,11.48,11.48,11.48
1983-07-12,10.67,10.85,10.87,11.19,11.44,11.42,11.42,11.42
1983-07-13,10.61,10.85,10.89,11.21,11.45,11.42,11.42,11.42
1983-07-14,10.52,10.77,10.81,11.1,11.32,11.28,11.28,11.28
1983-07-15,10.61,10.87,10.92,11.2,11.43,11.4,11.4,11.4
1983-07-18,10.61,10.83,10.86,11.17,11.41,11.36,11.36,11.36
1983-07-19,10.64,10.87,10.9,11.2,11.42,11.36,11.36,11.36
1983-07-20,10.59,10.76,10.8,11.12,11.36,11.31,11.31,11.31
1983-07-21,10.58,10.76,10.8,11.14,11.38,11.33,11.33,11.33
1983-07-22,10.53,10.79,10.86,11.22,11.47,11.41,11.41,11.41
1983-07-25,10.55,10.82,10.94,11.35,11.61,11.55,11.55,11.55
1983-07-26,10.46,10.73,10.86,11.28,11.54,11.48,11.48,11.48
1983-07-27,10.51,10.79,10.94,11.38,11.66,11.6,11.6,11.6
1983-07-28,10.47,10.77,10.93,11.4,11.71,11.67,11.67,11.67
1983-07-29,10.53,10.84,11,11.45,11.72,11.68,11.68,11.68
1983-08-01,10.53,10.85,11.02,11.47,11.75,11.71,11.71,11.71
1983-08-02,10.51,10.81,10.97,11.42,11.7,11.67,11.67,11.67
1983-08-03,10.47,10.8,10.96,11.39,11.66,11.61,11.61,11.61
1983-08-04,10.46,10.79,10.96,11.41,11.67,11.6,11.6,11.6
1983-08-05,10.49,10.84,11.02,11.47,11.72,11.66,11.66,11.66
1983-08-08,10.46,10.8,10.99,11.44,11.69,11.62,11.62,11.62
1983-08-09,10.44,10.81,11,11.45,11.69,11.61,11.61,11.61
1983-08-10,10.52,10.88,11.08,11.53,11.77,11.67,11.67,11.67
1983-08-11,10.68,11.01,11.18,11.57,11.78,11.67,11.67,11.67
1983-08-12,10.61,10.98,11.16,11.54,11.74,11.63,11.63,11.63
1983-08-15,10.52,10.82,10.98,11.37,11.57,11.44,11.44,11.44
1983-08-16,10.56,10.91,11.07,11.42,11.59,11.45,11.45,11.45
1983-08-17,10.46,10.84,11.02,11.4,11.58,11.44,11.44,11.44
1983-08-18,10.36,10.79,11.03,11.49,11.69,11.53,11.53,11.53
1983-08-19,10.42,10.85,11.1,11.52,11.69,11.51,11.51,11.51
1983-08-22,10.33,10.74,10.97,11.41,11.61,11.46,11.46,11.46
1983-08-23,10.33,10.76,11,11.43,11.63,11.5,11.5,11.5
1983-08-24,10.39,10.79,11.02,11.44,11.63,11.5,11.5,11.5
1983-08-25,10.36,10.77,11,11.43,11.63,11.51,11.51,11.51
1983-08-26,10.35,10.79,11.02,11.44,11.63,11.51,11.51,11.51
1983-08-29,10.35,10.79,11.02,11.44,11.63,11.51,11.51,11.51
1983-08-30,10.45,10.85,11.08,11.49,11.68,11.55,11.55,11.55
1983-08-31,10.47,10.88,11.12,11.52,11.71,11.59,11.59,11.59
1983-09-01,10.46,10.84,11.08,11.49,11.67,11.54,11.54,11.54
1983-09-02,10.44,10.82,11.06,11.48,11.67,11.55,11.55,11.55
1983-09-05,10.37,10.75,11,11.43,11.63,11.51,11.51,11.51
1983-09-06,10.3,10.69,10.96,11.42,11.62,11.49,11.49,11.49
1983-09-07,10.17,10.6,10.91,11.4,11.58,11.41,11.41,11.41
1983-09-08,10.08,10.56,10.89,11.41,11.6,11.44,11.44,11.44
1983-09-09,10.02,10.5,10.85,11.39,11.59,11.42,11.42,11.42
1983-09-12,9.78,10.22,10.57,11.14,11.37,11.24,11.24,11.24
1983-09-13,9.81,10.26,10.61,11.17,11.38,11.24,11.24,11.24
1983-09-14,9.79,10.26,10.61,11.16,11.37,11.24,11.24,11.24
1983-09-15,9.78,10.25,10.61,11.17,11.4,11.26,11.26,11.26
1983-09-16,9.75,10.21,10.55,11.1,11.33,11.22,11.22,11.22
1983-09-19,9.63,10.02,10.39,10.97,11.22,11.11,11.11,11.11
1983-09-20,9.63,10.02,10.38,10.96,11.2,11.09,11.09,11.09
1983-09-21,9.63,10,10.34,10.91,11.17,11.07,11.07,11.07
1983-09-22,9.61,10.04,10.4,10.94,11.16,11.06,11.06,11.06
1983-09-23,9.55,9.95,10.3,10.85,11.08,10.99,10.99,10.99
1983-09-26,9.57,9.92,10.25,10.77,10.99,10.9,10.9,10.9
1983-09-27,9.62,10,10.34,10.86,11.07,10.96,10.96,10.96
1983-09-28,9.62,9.98,10.31,10.84,11.06,10.97,10.97,10.97
1983-09-29,9.7,10.06,10.38,10.88,11.09,10.99,10.99,10.99
1983-09-30,9.72,10.06,10.37,10.87,11.08,10.99,10.99,10.99
1983-10-03,9.73,10.08,10.4,10.88,11.07,10.97,10.97,10.97
1983-10-04,9.76,10.12,10.43,10.9,11.08,10.99,10.99,10.99
1983-10-05,9.7,10.05,10.34,10.8,10.99,10.93,10.93,10.93
1983-10-06,9.68,10.05,10.35,10.8,10.99,10.92,10.92,10.92
1983-10-07,9.66,10.04,10.32,10.73,10.92,10.87,10.87,10.87
1983-10-10,9.89,10.21,10.45,10.81,10.97,10.93,10.93,10.93
1983-10-11,9.93,10.26,10.51,10.87,11.02,10.98,10.98,10.98
1983-10-12,9.94,10.33,10.56,10.9,11.07,11.05,11.05,11.05
1983-10-13,9.95,10.37,10.61,10.95,11.11,11.09,11.09,11.09
1983-10-14,9.96,10.44,10.66,10.97,11.11,11.08,11.08,11.08
1983-10-17,9.81,10.37,10.61,10.93,11.08,11.05,11.05,11.05
1983-10-18,9.74,10.32,10.59,10.94,11.1,11.07,11.07,11.07
1983-10-19,9.67,10.27,10.57,10.96,11.13,11.1,11.1,11.1
1983-10-20,9.64,10.22,10.52,10.93,11.1,11.05,11.05,11.05
1983-10-21,9.52,10.13,10.46,10.87,11.04,11,11,11
1983-10-24,9.55,10.17,10.49,10.89,11.06,11.02,11.02,11.02
1983-10-25,9.51,10.11,10.43,10.84,11.03,11.01,11.01,11.01
1983-10-26,9.45,10.04,10.35,10.76,10.95,10.93,10.93,10.93
1983-10-27,9.52,10.11,10.41,10.81,10.99,10.98,10.98,10.98
1983-10-28,9.48,10.1,10.4,10.8,10.99,10.98,10.98,10.98
1983-10-31,9.45,10.05,10.36,10.73,10.9,10.89,10.89,10.89
1983-11-01,9.47,10.05,10.33,10.68,10.83,10.81,10.81,10.81
1983-11-02,9.47,10.06,10.36,10.72,10.86,10.83,10.83,10.83
1983-11-03,9.47,10.04,10.33,10.7,10.86,10.84,10.84,10.84
1983-11-04,9.42,10.02,10.33,10.73,10.9,10.88,10.88,10.88
1983-11-07,9.46,10.06,10.38,10.76,10.92,10.9,10.9,10.9
1983-11-08,9.42,10,10.32,10.71,10.88,10.87,10.87,10.87
1983-11-09,9.42,9.98,10.3,10.7,10.88,10.86,10.86,10.86
1983-11-10,9.38,9.92,10.24,10.67,10.85,10.81,10.81,10.81
1983-11-11,9.32,9.85,10.17,10.56,10.71,10.64,10.64,10.64
1983-11-14,9.34,9.86,10.16,10.53,10.66,10.57,10.57,10.57
1983-11-15,9.37,9.9,10.21,10.58,10.71,10.62,10.62,10.62
1983-11-16,9.43,9.92,10.2,10.56,10.68,10.58,10.58,10.58
1983-11-17,9.45,10.03,10.34,10.67,10.76,10.64,10.64,10.64
1983-11-18,9.48,10.05,10.35,10.68,10.77,10.65,10.65,10.65
1983-11-21,9.47,10.01,10.31,10.65,10.75,10.62,10.62,10.62
1983-11-22,9.46,9.97,10.26,10.59,10.68,10.55,10.55,10.55
1983-11-23,9.52,10.04,10.34,10.68,10.77,10.62,10.62,10.62
1983-11-24,9.5,10.06,10.37,10.71,10.8,10.65,10.65,10.65
1983-11-25,9.55,10.12,10.42,10.75,10.83,10.69,10.69,10.69
1983-11-28,9.54,10.11,10.4,10.72,10.8,10.67,10.67,10.67
1983-11-29,9.55,10.12,10.41,10.72,10.8,10.67,10.67,10.67
1983-11-30,9.53,10.04,10.32,10.64,10.73,10.61,10.61,10.61
1983-12-01,9.58,10.08,10.36,10.66,10.75,10.63,10.63,10.63
1983-12-02,9.6,10.17,10.45,10.73,10.78,10.65,10.65,10.65
1983-12-05,9.67,10.2,10.48,10.75,10.83,10.71,10.71,10.71
1983-12-06,9.62,10.14,10.42,10.73,10.83,10.74,10.74,10.74
1983-12-07,9.58,10.08,10.36,10.67,10.76,10.66,10.66,10.66
1983-12-08,9.56,10.09,10.39,10.7,10.78,10.67,10.67,10.67
1983-12-09,9.66,10.19,10.49,10.79,10.87,10.74,10.74,10.74
1983-12-12,9.67,10.17,10.48,10.83,10.93,10.82,10.82,10.82
1983-12-13,9.68,10.24,10.54,10.85,10.94,10.84,10.84,10.84
1983-12-14,9.75,10.28,10.57,10.86,10.97,10.88,10.88,10.88
1983-12-15,9.71,10.27,10.56,10.88,10.99,10.89,10.89,10.89
1983-12-16,9.68,10.23,10.53,10.85,10.97,10.89,10.89,10.89
1983-12-19,9.65,10.2,10.49,10.8,10.92,10.84,10.84,10.84
1983-12-20,9.6,10.17,10.46,10.78,10.9,10.81,10.81,10.81
1983-12-21,9.6,10.13,10.42,10.75,10.88,10.81,10.81,10.81
1983-12-22,9.51,10.05,10.34,10.7,10.86,10.78,10.78,10.78
1983-12-23,9.49,10.02,10.3,10.66,10.82,10.75,10.75,10.75
1983-12-26,9.49,10.02,10.3,10.66,10.82,10.75,10.75,10.75
1983-12-27,9.49,10.02,10.3,10.66,10.82,10.75,10.75,10.75
1983-12-28,9.5,10,10.29,10.63,10.79,10.72,10.72,10.72
1983-12-29,9.53,10.04,10.33,10.68,10.84,10.76,10.76,10.76
1983-12-30,9.51,10.03,10.32,10.68,10.85,10.77,10.77,10.77
1984-01-02,9.51,10.03,10.32,10.68,10.85,10.77,10.77,10.77
1984-01-03,9.54,10.08,10.36,10.7,10.85,10.76,10.76,10.76
1984-01-04,9.55,10.08,10.36,10.7,10.85,10.77,10.77,10.77
1984-01-05,9.56,10.04,10.31,10.64,10.78,10.7,10.7,10.7
1984-01-06,9.59,10.02,10.29,10.63,10.78,10.7,10.7,10.7
1984-01-09,9.57,10.02,10.29,10.62,10.75,10.65,10.65,10.65
1984-01-10,9.6,10.05,10.32,10.63,10.76,10.65,10.65,10.65
1984-01-11,9.7,10.16,10.43,10.76,10.9,10.8,10.8,10.8
1984-01-12,9.7,10.18,10.47,10.79,10.92,10.82,10.82,10.82
1984-01-13,9.52,10.06,10.38,10.71,10.83,10.72,10.72,10.72
1984-01-16,9.51,10.04,10.36,10.71,10.84,10.73,10.73,10.73
1984-01-17,9.5,10.06,10.39,10.73,10.85,10.75,10.75,10.75
1984-01-18,9.49,10.02,10.38,10.76,10.89,10.77,10.77,10.77
1984-01-19,9.51,10.04,10.39,10.78,10.92,10.8,10.8,10.8
1984-01-20,9.54,10.08,10.44,10.85,11,10.89,10.89,10.89
1984-01-23,9.55,10.09,10.46,10.88,11.04,10.92,10.92,10.92
1984-01-24,9.46,10.04,10.43,10.85,11,10.87,10.87,10.87
1984-01-25,9.45,10.06,10.45,10.87,11,10.87,10.87,10.87
1984-01-26,9.43,10.04,10.44,10.89,11.05,10.94,10.94,10.94
1984-01-27,9.39,10.01,10.42,10.88,11.04,10.92,10.92,10.92
1984-01-30,9.39,9.99,10.38,10.82,10.98,10.87,10.87,10.87
1984-01-31,9.37,9.99,10.4,10.83,10.98,10.86,10.86,10.86
1984-02-01,9.37,9.98,10.39,10.82,10.98,10.88,10.88,10.88
1984-02-02,9.36,9.95,10.36,10.79,10.95,10.85,10.85,10.85
1984-02-03,9.32,9.93,10.34,10.75,10.89,10.79,10.79,10.79
1984-02-06,9.37,10,10.42,10.84,11,10.92,10.92,10.92
1984-02-07,9.39,10.02,10.43,10.86,11.01,10.93,10.93,10.93
1984-02-08,9.43,10.02,10.44,10.87,11.04,10.98,10.98,10.98
1984-02-09,9.44,10.03,10.45,10.89,11.07,11.01,11.01,11.01
1984-02-10,9.43,10.02,10.42,10.83,10.99,10.95,10.95,10.95
1984-02-13,9.44,10.01,10.41,10.81,10.97,10.92,10.92,10.92
1984-02-14,9.42,9.97,10.36,10.76,10.92,10.89,10.89,10.89
1984-02-15,9.4,9.92,10.29,10.7,10.88,10.86,10.86,10.86
1984-02-16,9.39,9.91,10.29,10.67,10.84,10.84,10.84,10.84
1984-02-17,9.34,9.94,10.31,10.69,10.86,10.86,10.86,10.86
1984-02-20,9.34,9.96,10.34,10.7,10.86,10.86,10.86,10.86
1984-02-21,9.27,9.87,10.26,10.64,10.81,10.81,10.81,10.81
1984-02-22,9.28,9.92,10.3,10.65,10.81,10.82,10.82,10.82
1984-02-23,9.31,9.95,10.33,10.67,10.81,10.81,10.81,10.81
1984-02-24,9.45,10.11,10.44,10.73,10.85,10.84,10.84,10.84
1984-02-27,9.38,10.01,10.36,10.69,10.84,10.84,10.84,10.84
1984-02-28,9.27,9.9,10.26,10.61,10.77,10.8,10.8,10.8
1984-02-29,9.24,9.83,10.2,10.59,10.77,10.8,10.8,10.8
1984-03-01,9.21,9.76,10.12,10.51,10.71,10.74,10.74,10.74
1984-03-02,9.06,9.66,10.03,10.43,10.63,10.67,10.67,10.67
1984-03-05,9.05,9.64,10.01,10.43,10.63,10.65,10.65,10.65
1984-03-06,8.98,9.57,9.94,10.38,10.6,10.65,10.65,10.65
1984-03-07,8.96,9.55,9.93,10.37,10.59,10.63,10.63,10.63
1984-03-08,9.09,9.63,10.01,10.45,10.66,10.69,10.69,10.69
1984-03-09,9.1,9.65,10.03,10.46,10.65,10.67,10.67,10.67
1984-03-12,9.01,9.53,9.92,10.38,10.6,10.64,10.64,10.64
1984-03-13,8.98,9.54,9.93,10.38,10.59,10.62,10.62,10.62
1984-03-14,8.98,9.54,9.95,10.4,10.62,10.64,10.64,10.64
1984-03-15,9.05,9.66,10.06,10.49,10.69,10.7,10.7,10.7
1984-03-16,8.99,9.57,9.96,10.4,10.61,10.65,10.65,10.65
1984-03-19,9.02,9.63,10.03,10.46,10.66,10.69,10.69,10.69
1984-03-20,9.02,9.62,10.01,10.44,10.64,10.68,10.68,10.68
1984-03-21,8.99,9.61,10.01,10.43,10.63,10.66,10.66,10.66
1984-03-22,9.07,9.69,10.08,10.5,10.69,10.72,10.72,10.72
1984-03-23,9.02,9.63,10.02,10.45,10.65,10.68,10.68,10.68
1984-03-26,9.03,9.61,9.98,10.4,10.61,10.64,10.64,10.64
1984-03-27,9.07,9.62,9.97,10.4,10.62,10.65,10.65,10.65
1984-03-28,9.11,9.64,9.98,10.4,10.62,10.65,10.65,10.65
1984-03-29,9.1,9.63,9.97,10.39,10.61,10.64,10.64,10.64
1984-03-30,9.1,9.63,9.98,10.41,10.63,10.67,10.67,10.67
1984-04-02,9.18,9.69,10.03,10.45,10.67,10.7,10.7,10.7
1984-04-03,9.24,9.75,10.1,10.53,10.74,10.76,10.76,10.76
1984-04-04,9.28,9.78,10.12,10.54,10.76,10.78,10.78,10.78
1984-04-05,9.23,9.72,10.06,10.49,10.72,10.74,10.74,10.74
1984-04-06,9.2,9.7,10.03,10.47,10.69,10.72,10.72,10.72
1984-04-09,9.16,9.67,10.01,10.43,10.65,10.68,10.68,10.68
1984-04-10,9.14,9.69,10.05,10.48,10.69,10.71,10.71,10.71
1984-04-11,9.18,9.75,10.1,10.52,10.74,10.77,10.77,10.77
1984-04-12,9.13,9.72,10.08,10.52,10.76,10.81,10.81,10.81
1984-04-13,9.1,9.71,10.09,10.56,10.8,10.85,10.85,10.85
1984-04-16,9.17,9.81,10.19,10.64,10.88,10.93,10.93,10.93
1984-04-17,9.13,9.79,10.19,10.67,10.92,10.96,10.96,10.96
1984-04-18,9.11,9.81,10.22,10.71,10.96,11.01,11.01,11.01
1984-04-19,9.13,9.85,10.26,10.75,11,11.04,11.04,11.04
1984-04-20,9.13,9.85,10.26,10.75,11,11.04,11.04,11.04
1984-04-23,9.13,9.85,10.26,10.75,11,11.04,11.04,11.04
1984-04-24,9.17,9.85,10.26,10.74,10.97,11,11,11
1984-04-25,9.15,9.81,10.23,10.71,10.95,10.97,10.97,10.97
1984-04-26,9.12,9.78,10.2,10.7,10.95,10.97,10.97,10.97
1984-04-27,9.11,9.77,10.21,10.73,10.97,10.99,10.99,10.99
1984-04-30,9.22,9.92,10.36,10.84,11.05,11.03,11.03,11.03
1984-05-01,9.21,9.9,10.33,10.82,11.04,11.03,11.03,11.03
1984-05-02,9.26,9.94,10.38,10.86,11.06,11.04,11.04,11.04
1984-05-03,9.45,10.05,10.45,10.9,11.1,11.08,11.08,11.08
1984-05-04,9.6,10.21,10.58,10.99,11.17,11.16,11.16,11.16
1984-05-07,9.6,10.21,10.58,10.99,11.17,11.16,11.16,11.16
1984-05-08,9.84,10.4,10.73,11.09,11.26,11.23,11.23,11.23
1984-05-09,9.87,10.43,10.75,11.1,11.27,11.24,11.24,11.24
1984-05-10,10.09,10.63,10.92,11.22,11.36,11.31,11.31,11.31
1984-05-11,10.16,10.75,11.03,11.33,11.46,11.39,11.39,11.39
1984-05-14,10.19,10.79,11.09,11.37,11.49,11.4,11.4,11.4
1984-05-15,10.14,10.78,11.07,11.37,11.48,11.39,11.39,11.39
1984-05-16,10.07,10.73,11.04,11.34,11.45,11.34,11.34,11.34
1984-05-17,10.09,10.72,11.03,11.34,11.46,11.34,11.34,11.34
1984-05-18,10.14,10.81,11.14,11.46,11.55,11.4,11.4,11.4
1984-05-21,10.1,10.78,11.11,11.43,11.53,11.38,11.38,11.38
1984-05-22,10.04,10.8,11.16,11.51,11.63,11.48,11.48,11.48
1984-05-23,10.04,10.8,11.17,11.52,11.63,11.49,11.49,11.49
1984-05-24,10.37,11.16,11.52,11.84,11.92,11.73,11.73,11.73
1984-05-25,10.36,11.18,11.55,11.85,11.91,11.71,11.71,11.71
1984-05-28,10.36,11.18,11.55,11.85,11.91,11.71,11.71,11.71
1984-05-29,10.35,11.15,11.52,11.83,11.9,11.7,11.7,11.7
1984-05-30,10.41,11.2,11.59,11.94,12.01,11.79,11.79,11.79
1984-05-31,10.43,11.17,11.55,11.89,11.96,11.74,11.74,11.74
1984-06-01,10.41,11.06,11.41,11.75,11.81,11.59,11.59,11.59
1984-06-04,10.33,10.9,11.21,11.55,11.66,11.46,11.46,11.46
1984-06-05,10.33,10.91,11.23,11.56,11.65,11.46,11.46,11.46
1984-06-06,10.25,10.88,11.23,11.58,11.68,11.48,11.48,11.48
1984-06-07,10.2,10.95,11.35,11.73,11.82,11.62,11.62,11.62
1984-06-08,10.15,10.95,11.37,11.75,11.84,11.63,11.63,11.63
1984-06-11,10.12,10.91,11.31,11.68,11.77,11.58,11.58,11.58
1984-06-12,10.14,10.95,11.38,11.77,11.87,11.67,11.67,11.67
1984-06-13,10.1,10.92,11.35,11.77,11.88,11.68,11.68,11.68
1984-06-14,10,10.83,11.28,11.72,11.85,11.68,11.68,11.68
1984-06-15,9.99,10.83,11.27,11.68,11.8,11.63,11.63,11.63
1984-06-18,10.01,10.87,11.3,11.71,11.83,11.67,11.67,11.67
1984-06-19,9.9,10.78,11.21,11.59,11.69,11.54,11.54,11.54
1984-06-20,9.93,10.89,11.34,11.7,11.78,11.61,11.61,11.61
1984-06-21,10,10.92,11.36,11.74,11.84,11.69,11.69,11.69
1984-06-22,10.12,11.04,11.47,11.81,11.89,11.74,11.74,11.74
1984-06-25,10.28,11.11,11.51,11.84,11.93,11.79,11.79,11.79
1984-06-26,10.33,11.16,11.55,11.87,11.95,11.79,11.79,11.79
1984-06-27,10.26,11.12,11.51,11.8,11.87,11.71,11.71,11.71
1984-06-28,10.29,11.16,11.53,11.82,11.88,11.74,11.74,11.74
1984-06-29,10.2,11.09,11.47,11.76,11.82,11.69,11.69,11.69
1984-07-02,10.26,11.16,11.55,11.83,11.88,11.73,11.73,11.73
1984-07-03,10.32,11.21,11.59,11.86,11.92,11.77,11.77,11.77
1984-07-04,10.31,11.19,11.57,11.82,11.86,11.71,11.71,11.71
1984-07-05,10.45,11.32,11.68,11.9,11.93,11.77,11.77,11.77
1984-07-06,10.66,11.4,11.73,11.95,11.97,11.79,11.79,11.79
1984-07-09,10.96,11.66,11.97,12.13,12.08,11.87,11.87,11.87
1984-07-10,11.4,11.96,12.23,12.35,12.27,12.02,12.02,12.02
1984-07-11,11.58,11.95,12.18,12.33,12.26,11.99,11.99,11.99
1984-07-12,11.67,12.04,12.28,12.43,12.35,12.04,12.04,12.04
1984-07-13,11.53,11.97,12.19,12.34,12.29,11.99,11.99,11.99
1984-07-16,11.4,11.93,12.18,12.33,12.26,11.96,11.96,11.96
1984-07-17,11.42,11.95,12.2,12.36,12.3,11.99,11.99,11.99
1984-07-18,11.47,11.98,12.24,12.42,12.36,12.05,12.05,12.05
1984-07-19,11.63,12.09,12.35,12.52,12.44,12.09,12.09,12.09
1984-07-20,11.52,12.06,12.31,12.46,12.39,12.07,12.07,12.07
1984-07-23,11.67,12.3,12.57,12.66,12.53,12.16,12.16,12.16
1984-07-24,11.54,12.19,12.49,12.64,12.53,12.17,12.17,12.17
1984-07-25,11.53,12.17,12.47,12.62,12.52,12.13,12.13,12.13
1984-07-26,11.34,12.03,12.36,12.56,12.49,12.12,12.12,12.12
1984-07-27,11.47,12.14,12.46,12.65,12.57,12.2,12.2,12.2
1984-07-30,11.69,12.32,12.63,12.79,12.7,12.31,12.31,12.31
1984-07-31,11.62,12.25,12.56,12.74,12.64,12.24,12.24,12.24
1984-08-01,11.61,12.22,12.53,12.69,12.59,12.19,12.19,12.19
1984-08-02,11.35,11.94,12.3,12.55,12.48,12.06,12.06,12.06
1984-08-03,11.13,11.65,11.99,12.27,12.22,11.83,11.83,11.83
1984-08-06,11.21,11.74,12.07,12.3,12.21,11.8,11.8,11.8
1984-08-07,11.01,11.52,11.86,12.12,12.07,11.7,11.7,11.7
1984-08-08,10.8,11.36,11.71,11.92,11.85,11.49,11.49,11.49
1984-08-09,10.62,11.22,11.58,11.85,11.82,11.51,11.51,11.51
1984-08-10,10.34,10.87,11.19,11.43,11.44,11.22,11.22,11.22
1984-08-13,10.4,10.94,11.27,11.52,11.52,11.29,11.29,11.29
1984-08-14,10.11,10.69,11.05,11.33,11.34,11.14,11.14,11.14
1984-08-15,10.2,10.85,11.21,11.42,11.39,11.17,11.17,11.17
1984-08-16,10.27,10.91,11.25,11.46,11.44,11.23,11.23,11.23
1984-08-17,10.21,10.87,11.22,11.46,11.46,11.25,11.25,11.25
1984-08-20,10.3,10.95,11.29,11.52,11.51,11.29,11.29,11.29
1984-08-21,10.31,10.93,11.25,11.45,11.43,11.22,11.22,11.22
1984-08-22,10.28,10.96,11.28,11.46,11.43,11.19,11.19,11.19
1984-08-23,10.38,11.06,11.39,11.58,11.54,11.29,11.29,11.29
1984-08-24,10.48,11.16,11.47,11.61,11.54,11.27,11.27,11.27
1984-08-27,10.48,11.16,11.47,11.61,11.54,11.27,11.27,11.27
1984-08-28,10.54,11.18,11.48,11.63,11.57,11.3,11.3,11.3
1984-08-29,10.52,11.19,11.48,11.61,11.53,11.26,11.26,11.26
1984-08-30,10.5,11.18,11.49,11.63,11.57,11.3,11.3,11.3
1984-08-31,10.55,11.21,11.49,11.62,11.57,11.3,11.3,11.3
1984-09-03,10.53,11.19,11.46,11.59,11.52,11.25,11.25,11.25
1984-09-04,10.62,11.29,11.56,11.68,11.62,11.35,11.35,11.35
1984-09-05,11.04,11.57,11.78,11.83,11.74,11.45,11.45,11.45
1984-09-06,10.99,11.51,11.72,11.81,11.73,11.46,11.46,11.46
1984-09-07,10.85,11.35,11.58,11.7,11.64,11.35,11.35,11.35
1984-09-10,10.77,11.29,11.53,11.65,11.59,11.32,11.32,11.32
1984-09-11,10.66,11.16,11.39,11.52,11.47,11.22,11.22,11.22
1984-09-12,10.66,11.2,11.43,11.54,11.49,11.22,11.22,11.22
1984-09-13,10.61,11.13,11.36,11.5,11.46,11.19,11.19,11.19
1984-09-14,10.6,11.1,11.32,11.46,11.43,11.16,11.16,11.16
1984-09-17,10.77,11.33,11.55,11.63,11.55,11.25,11.25,11.25
1984-09-18,10.91,11.45,11.66,11.75,11.65,11.32,11.32,11.32
1984-09-19,10.7,11.25,11.48,11.58,11.49,11.18,11.18,11.18
1984-09-20,10.66,11.22,11.44,11.53,11.46,11.16,11.16,11.16
1984-09-21,10.73,11.29,11.5,11.56,11.46,11.15,11.15,11.15
1984-09-24,10.63,11.19,11.42,11.51,11.43,11.12,11.12,11.12
1984-09-25,10.69,11.24,11.45,11.5,11.4,11.08,11.08,11.08
1984-09-26,10.57,11.13,11.36,11.46,11.38,11.08,11.08,11.08
1984-09-27,10.49,11.03,11.27,11.39,11.32,11.01,11.01,11.01
1984-09-28,10.48,11.04,11.29,11.41,11.33,11.01,11.01,11.01
1984-10-01,10.54,11.08,11.35,11.47,11.38,11.05,11.05,11.05
1984-10-02,10.48,11,11.26,11.38,11.3,10.99,10.99,10.99
1984-10-03,10.4,10.94,11.22,11.38,11.31,11,11,11
1984-10-04,10.46,10.96,11.24,11.41,11.34,11.05,11.05,11.05
1984-10-05,10.45,10.93,11.19,11.35,11.28,10.99,10.99,10.99
1984-10-08,10.56,11,11.22,11.33,11.24,10.95,10.95,10.95
1984-10-09,10.6,11.06,11.28,11.38,11.3,11.02,11.02,11.02
1984-10-10,10.55,11.01,11.24,11.38,11.32,11.07,11.07,11.07
1984-10-11,10.61,11.02,11.25,11.4,11.37,11.13,11.13,11.13
1984-10-12,10.52,10.94,11.17,11.31,11.25,11.01,11.01,11.01
1984-10-15,10.44,10.9,11.14,11.27,11.21,10.96,10.96,10.96
1984-10-16,10.63,11.07,11.31,11.44,11.35,11.09,11.09,11.09
1984-10-17,10.82,11.28,11.49,11.56,11.44,11.17,11.17,11.17
1984-10-18,11.17,11.44,11.6,11.66,11.56,11.27,11.27,11.27
1984-10-19,10.81,11.22,11.41,11.5,11.42,11.17,11.17,11.17
1984-10-22,10.76,11.17,11.39,11.51,11.43,11.16,11.16,11.16
1984-10-23,10.61,11.01,11.22,11.36,11.3,11.06,11.06,11.06
1984-10-24,10.5,11,11.22,11.34,11.29,11.07,11.07,11.07
1984-10-25,10.45,10.89,11.11,11.26,11.24,11.05,11.05,11.05
1984-10-26,10.45,10.89,11.12,11.28,11.25,11.05,11.05,11.05
1984-10-29,10.41,10.85,11.11,11.28,11.25,11.04,11.04,11.04
1984-10-30,10.38,10.8,11.06,11.25,11.24,11.04,11.04,11.04
1984-10-31,10.26,10.73,11,11.19,11.17,10.96,10.96,10.96
1984-11-01,10.34,10.76,11.01,11.2,11.18,10.96,10.96,10.96
1984-11-02,10.06,10.54,10.82,11.02,10.99,10.77,10.77,10.77
1984-11-05,9.84,10.28,10.6,10.87,10.91,10.74,10.74,10.74
1984-11-06,9.85,10.27,10.55,10.81,10.87,10.75,10.75,10.75
1984-11-07,9.91,10.26,10.52,10.74,10.79,10.68,10.68,10.68
1984-11-08,9.92,10.3,10.55,10.79,10.86,10.76,10.76,10.76
1984-11-09,9.88,10.27,10.51,10.74,10.8,10.71,10.71,10.71
1984-11-12,9.69,10.09,10.35,10.59,10.68,10.63,10.63,10.63
1984-11-13,9.54,10.02,10.31,10.57,10.68,10.64,10.64,10.64
1984-11-14,9.6,10.04,10.32,10.57,10.69,10.67,10.67,10.67
1984-11-15,9.63,10.01,10.3,10.6,10.73,10.71,10.71,10.71
1984-11-16,9.52,9.9,10.2,10.55,10.7,10.69,10.69,10.69
1984-11-19,9.56,9.96,10.26,10.59,10.73,10.7,10.7,10.7
1984-11-20,9.5,9.93,10.27,10.63,10.77,10.73,10.73,10.73
1984-11-21,9.56,10.05,10.39,10.74,10.87,10.81,10.81,10.81
1984-11-22,9.55,10.01,10.33,10.68,10.82,10.78,10.78,10.78
1984-11-23,9.53,9.95,10.27,10.64,10.8,10.78,10.78,10.78
1984-11-26,9.62,10.01,10.31,10.66,10.8,10.76,10.76,10.76
1984-11-27,9.66,10.05,10.33,10.65,10.79,10.76,10.76,10.76
1984-11-28,9.64,10.07,10.36,10.68,10.79,10.75,10.75,10.75
1984-11-29,9.63,10.01,10.3,10.64,10.79,10.75,10.75,10.75
1984-11-30,9.62,10.01,10.31,10.67,10.81,10.76,10.76,10.76
1984-12-03,9.65,10.02,10.32,10.67,10.8,10.75,10.75,10.75
1984-12-04,9.62,9.97,10.25,10.59,10.72,10.66,10.66,10.66
1984-12-05,9.62,9.97,10.26,10.58,10.7,10.65,10.65,10.65
1984-12-06,9.66,10.03,10.31,10.62,10.73,10.67,10.67,10.67
1984-12-07,9.7,10.07,10.36,10.66,10.75,10.69,10.69,10.69
1984-12-10,9.66,10.11,10.38,10.67,10.78,10.7,10.7,10.7
1984-12-11,9.64,10.12,10.39,10.69,10.8,10.73,10.73,10.73
1984-12-12,9.74,10.2,10.48,10.77,10.87,10.79,10.79,10.79
1984-12-13,9.76,10.25,10.51,10.81,10.93,10.86,10.86,10.86
1984-12-14,9.85,10.34,10.58,10.86,10.98,10.92,10.92,10.92
1984-12-17,9.87,10.38,10.63,10.88,10.99,10.92,10.92,10.92
1984-12-18,9.9,10.44,10.67,10.9,10.98,10.91,10.91,10.91
1984-12-19,9.93,10.46,10.7,10.95,11.05,10.98,10.98,10.98
1984-12-20,10.1,10.55,10.77,11,11.08,11,11,11
1984-12-21,10.03,10.51,10.74,10.97,11.05,10.98,10.98,10.98
1984-12-24,10.01,10.47,10.69,10.94,11.04,10.96,10.96,10.96
1984-12-25,10.01,10.47,10.69,10.94,11.04,10.96,10.96,10.96
1984-12-26,10.01,10.47,10.69,10.94,11.04,10.96,10.96,10.96
1984-12-27,10.03,10.52,10.75,11.01,11.11,11.03,11.03,11.03
1984-12-28,10.12,10.58,10.8,11.04,11.14,11.06,11.06,11.06
1984-12-31,10.13,10.59,10.81,11.06,11.15,11.07,11.07,11.07
1985-01-01,10.13,10.59,10.81,11.06,11.15,11.07,11.07,11.07
1985-01-02,10.44,10.83,11.02,11.2,11.25,11.13,11.13,11.13
1985-01-03,10.66,10.96,11.11,11.28,11.32,11.18,11.18,11.18
1985-01-04,10.45,10.82,11,11.21,11.29,11.17,11.17,11.17
1985-01-07,10.48,10.8,11,11.26,11.37,11.25,11.25,11.25
1985-01-08,10.18,10.52,10.73,11.05,11.22,11.17,11.17,11.17
1985-01-09,10.14,10.45,10.64,10.93,11.1,11.08,11.08,11.08
1985-01-10,10.29,10.59,10.78,11.03,11.16,11.11,11.11,11.11
1985-01-11,10.65,10.86,10.99,11.16,11.26,11.2,11.2,11.2
1985-01-14,11.43,11.39,11.41,11.46,11.48,11.35,11.35,11.35
1985-01-15,11.29,11.29,11.32,11.41,11.45,11.33,9.4,9.4
1985-01-16,11.2,11.15,11.19,11.35,11.45,11.36,9.4,9.4
1985-01-17,11.22,11.19,11.26,11.42,11.52,11.45,9.54,9.54
1985-01-18,11.07,11.05,11.14,11.33,11.44,11.37,9.47,9.47
1985-01-21,11.03,11.03,11.13,11.32,11.41,11.34,9.46,9.46
1985-01-22,11.05,11.01,11.1,11.3,11.4,11.35,9.48,9.48
1985-01-23,11.13,11.07,11.17,11.37,11.47,11.4,9.52,9.52
1985-01-24,11.54,11.38,11.41,11.54,11.61,11.52,9.58,9.58
1985-01-25,11.35,11.19,11.23,11.42,11.53,11.47,9.53,9.53
1985-01-28,12.27,11.95,11.95,12.03,12.01,11.74,9.52,9.52
1985-01-29,12.19,11.89,11.86,11.9,11.87,11.66,9.61,9.61
1985-01-30,11.44,11.36,11.37,11.45,11.49,11.4,9.55,9.55
1985-01-31,11.23,11.2,11.25,11.36,11.44,11.37,9.47,9.47
1985-02-01,11.38,11.36,11.4,11.48,11.52,11.42,9.51,9.51
1985-02-04,11.68,11.58,11.6,11.65,11.64,11.49,9.6,9.6
1985-02-05,11.54,11.47,11.49,11.56,11.58,11.46,9.54,9.54
1985-02-06,11.65,11.51,11.5,11.54,11.55,11.43,9.52,9.52
1985-02-07,11.59,11.41,11.4,11.45,11.47,11.33,9.41,9.41
1985-02-08,11.5,11.37,11.37,11.45,11.5,11.38,9.36,9.36
1985-02-11,11.93,11.71,11.67,11.67,11.63,11.43,9.4,9.4
1985-02-12,12.15,11.88,11.79,11.72,11.66,11.46,9.5,9.5
1985-02-13,12.13,11.81,11.73,11.7,11.67,11.48,9.41,9.41
1985-02-14,12.04,11.69,11.59,11.58,11.58,11.42,9.31,9.31
1985-02-15,11.79,11.48,11.42,11.46,11.46,11.31,9.31,9.31
1985-02-18,11.91,11.58,11.53,11.56,11.55,11.38,9.36,9.36
1985-02-19,11.93,11.61,11.55,11.57,11.58,11.42,9.37,9.37
1985-02-20,11.95,11.6,11.51,11.52,11.52,11.37,9.34,9.34
1985-02-21,11.98,11.6,11.53,11.56,11.57,11.41,9.41,9.41
1985-02-22,12.3,11.82,11.71,11.66,11.61,11.42,9.43,9.43
1985-02-25,12.29,11.82,11.71,11.68,11.64,11.47,9.46,9.46
1985-02-26,12.3,11.79,11.69,11.65,11.61,11.44,9.44,9.44
1985-02-27,11.99,11.55,11.45,11.41,11.38,11.25,9.36,9.36
1985-02-28,12.14,11.66,11.54,11.48,11.43,11.27,9.35,9.35
1985-03-01,12.24,11.74,11.6,11.53,11.49,11.33,9.36,9.36
1985-03-04,12.23,11.7,11.56,11.49,11.46,11.31,9.32,9.32
1985-03-05,12.24,11.7,11.56,11.49,11.46,11.32,9.32,9.32
1985-03-06,12.25,11.72,11.59,11.52,11.48,11.33,9.37,9.37
1985-03-07,12.13,11.64,11.53,11.5,11.48,11.32,9.33,9.33
1985-03-08,12.09,11.61,11.5,11.46,11.43,11.27,9.29,9.29
1985-03-11,11.81,11.46,11.38,11.36,11.35,11.22,9.24,9.24
1985-03-12,11.91,11.56,11.46,11.41,11.37,11.22,9.26,9.26
1985-03-13,12,11.65,11.58,11.52,11.45,11.28,9.37,9.37
1985-03-14,12,11.65,11.57,11.54,11.5,11.36,9.41,9.41
1985-03-15,11.87,11.53,11.47,11.44,11.42,11.28,9.37,9.37
1985-03-18,11.82,11.52,11.44,11.42,11.41,11.28,9.34,9.34
1985-03-19,11.68,11.42,11.38,11.39,11.39,11.26,9.28,9.28
1985-03-20,11.6,11.45,11.43,11.39,11.32,11.14,9.31,9.31
1985-03-21,11.58,11.42,11.4,11.38,11.31,11.12,9.3,9.3
1985-03-22,11.58,11.41,11.4,11.37,11.31,11.1,9.32,9.32
1985-03-25,11.6,11.44,11.43,11.39,11.31,11.1,9.32,9.32
1985-03-26,11.69,11.48,11.44,11.38,11.3,11.08,9.32,9.32
1985-03-27,11.63,11.41,11.37,11.32,11.24,11.02,9.28,9.28
1985-03-28,11.55,11.37,11.34,11.31,11.24,11.03,9.26,9.26
1985-03-29,11.55,11.39,11.35,11.29,11.2,10.97,9.18,9.18
1985-04-01,11.62,11.38,11.34,11.31,11.26,11.04,9.24,9.24
1985-04-02,11.61,11.39,11.36,11.34,11.28,11.06,9.27,9.27
1985-04-03,11.58,11.37,11.34,11.35,11.31,11.1,9.26,9.26
1985-04-04,11.62,11.38,11.35,11.36,11.34,11.12,9.27,9.27
1985-04-05,11.62,11.38,11.35,11.36,11.34,11.12,9.27,9.27
1985-04-08,11.62,11.38,11.35,11.36,11.34,11.12,9.27,9.27
1985-04-09,11.61,11.37,11.34,11.34,11.3,11.09,9.26,9.26
1985-04-10,11.6,11.35,11.31,11.3,11.26,11.04,9.24,9.24
1985-04-11,11.5,11.27,11.24,11.25,11.21,11,9.25,9.25
1985-04-12,11.38,11.19,11.18,11.17,11.12,10.93,9.28,9.28
1985-04-15,11.32,11.12,11.09,11.07,11,10.82,9.31,9.31
1985-04-16,11.2,11.08,11.08,11.05,10.99,10.82,9.33,9.33
1985-04-17,11.12,11.03,11.05,11.04,10.98,10.84,9.37,9.37
1985-04-18,10.99,10.86,10.88,10.93,10.91,10.8,9.41,9.41
1985-04-19,10.94,10.86,10.89,10.94,10.93,10.82,9.41,9.41
1985-04-22,10.95,10.82,10.83,10.9,10.93,10.84,9.39,9.39
1985-04-23,11.03,10.9,10.9,10.94,10.94,10.83,9.38,9.38
1985-04-24,11.27,11.06,11.04,11.05,11.03,10.91,9.45,9.45
1985-04-25,11.33,11.13,11.09,11.09,11.08,10.97,9.47,9.47
1985-04-26,11.41,11.15,11.1,11.09,11.08,10.97,9.44,9.44
1985-04-29,11.3,11.11,11.08,11.07,11.06,10.93,9.42,9.42
1985-04-30,11.28,11.1,11.07,11.08,11.08,10.95,9.41,9.41
1985-05-01,11.36,11.16,11.13,11.12,11.11,10.98,9.42,9.42
1985-05-02,11.4,11.19,11.16,11.17,11.16,11.03,9.43,9.43
1985-05-03,11.35,11.14,11.12,11.15,11.15,11.02,9.42,9.42
1985-05-06,11.35,11.14,11.12,11.15,11.15,11.02,9.42,9.42
1985-05-07,11.58,11.36,11.31,11.28,11.26,11.11,9.49,9.49
1985-05-08,11.68,11.46,11.38,11.35,11.34,11.23,9.6,9.6
1985-05-09,11.7,11.46,11.38,11.35,11.35,11.26,9.6,9.6
1985-05-10,11.58,11.38,11.31,11.28,11.28,11.2,9.57,9.57
1985-05-13,11.52,11.31,11.25,11.22,11.21,11.13,9.53,9.53
1985-05-14,11.49,11.29,11.24,11.22,11.21,11.12,9.55,9.55
1985-05-15,11.5,11.29,11.24,11.24,11.24,11.15,9.52,9.52
1985-05-16,11.56,11.36,11.31,11.3,11.3,11.21,9.56,9.56
1985-05-17,11.54,11.32,11.28,11.29,11.31,11.23,9.55,9.55
1985-05-20,11.32,11.12,11.1,11.13,11.15,11.08,9.52,9.52
1985-05-21,11.38,11.15,11.11,11.12,11.12,11.05,9.52,9.52
1985-05-22,11.33,11.15,11.11,11.12,11.12,11.04,9.55,9.55
1985-05-23,11.39,11.19,11.15,11.15,11.15,11.07,9.56,9.56
1985-05-24,11.38,11.18,11.15,11.16,11.16,11.07,9.59,9.59
1985-05-27,11.38,11.18,11.15,11.16,11.16,11.07,9.59,9.59
1985-05-28,11.41,11.2,11.16,11.16,11.16,11.08,9.59,9.59
1985-05-29,11.41,11.19,11.13,11.12,11.12,11.04,9.55,9.55
1985-05-30,11.36,11.14,11.08,11.08,11.09,11.02,9.5,9.5
1985-05-31,11.36,11.13,11.05,11.03,11.03,10.96,9.47,9.47
1985-06-03,11.27,11.04,10.95,10.9,10.89,10.82,9.39,9.39
1985-06-04,11.24,11.04,10.96,10.91,10.88,10.8,9.39,9.39
1985-06-05,11.27,11.07,10.99,10.95,10.93,10.85,9.44,9.44
1985-06-06,11.25,11.1,11.04,10.98,10.95,10.86,9.44,9.44
1985-06-07,11.23,11.08,11.02,10.97,10.94,10.86,9.47,9.47
1985-06-10,11.31,11.14,11.08,11.04,11.01,10.92,9.52,9.52
1985-06-11,11.3,11.1,11.04,11.01,11,10.91,9.51,9.51
1985-06-12,11.27,11.07,11.02,11,10.98,10.89,9.46,9.46
1985-06-13,11.3,11.11,11.07,11.06,11.05,10.95,9.48,9.48
1985-06-14,11.22,11.02,10.99,10.98,10.97,10.88,9.45,9.45
1985-06-17,11.2,11.03,11,10.99,10.98,10.89,9.44,9.44
1985-06-18,11.18,10.99,10.96,10.96,10.95,10.86,9.42,9.42
1985-06-19,11.09,10.9,10.88,10.87,10.86,10.79,9.45,9.45
1985-06-20,11.14,10.97,10.95,10.94,10.92,10.82,9.48,9.48
1985-06-21,11.17,11.01,10.99,10.97,10.93,10.83,9.48,9.48
1985-06-24,11.2,11.03,11,10.97,10.93,10.83,9.49,9.49
1985-06-25,11.26,11.06,11.01,11,10.98,10.89,9.51,9.51
1985-06-26,11.25,11.03,10.99,10.98,10.97,10.87,9.47,9.47
1985-06-27,11.25,11.04,10.99,10.98,10.96,10.87,9.47,9.47
1985-06-28,11.3,11.1,11.04,11.01,10.98,10.87,9.46,9.46
1985-07-01,11.22,11,10.95,10.95,10.94,10.84,9.42,9.42
1985-07-02,11.21,11.01,10.97,10.95,10.93,10.82,9.44,9.44
1985-07-03,11.21,11.01,10.98,10.98,10.95,10.83,9.45,9.45
1985-07-04,11.21,11.01,10.98,10.99,10.97,10.86,9.47,9.47
1985-07-05,11.17,10.95,10.92,10.91,10.88,10.77,9.41,9.41
1985-07-08,11.16,10.92,10.89,10.88,10.85,10.74,9.41,9.41
1985-07-09,11.07,10.85,10.83,10.82,10.79,10.68,9.43,9.43
1985-07-10,11.03,10.82,10.8,10.8,10.76,10.65,9.4,9.4
1985-07-11,11,10.83,10.81,10.8,10.76,10.64,9.42,9.42
1985-07-12,10.87,10.76,10.78,10.78,10.72,10.58,9.39,9.39
1985-07-15,10.81,10.7,10.73,10.73,10.67,10.52,9.36,9.36
1985-07-16,10.76,10.67,10.69,10.69,10.64,10.5,9.34,9.34
1985-07-17,10.57,10.52,10.57,10.62,10.6,10.46,9.3,9.3
1985-07-18,10.53,10.48,10.55,10.65,10.65,10.5,9.31,9.31
1985-07-19,10.61,10.53,10.61,10.7,10.71,10.56,9.35,9.35
1985-07-22,10.69,10.63,10.69,10.76,10.74,10.6,9.37,9.37
1985-07-23,10.56,10.5,10.56,10.64,10.64,10.51,9.3,9.3
1985-07-24,10.6,10.51,10.57,10.65,10.66,10.54,9.31,9.31
1985-07-25,10.62,10.55,10.61,10.71,10.72,10.58,9.33,9.33
1985-07-26,10.44,10.42,10.5,10.62,10.65,10.54,9.28,9.28
1985-07-29,10.35,10.32,10.38,10.49,10.55,10.47,9.21,9.21
1985-07-30,10.34,10.3,10.34,10.45,10.52,10.48,9.21,9.21
1985-07-31,10.34,10.37,10.44,10.55,10.61,10.57,9.29,9.29
1985-08-01,10.58,10.54,10.57,10.65,10.69,10.62,9.32,9.32
1985-08-02,10.57,10.63,10.66,10.7,10.72,10.65,9.34,9.34
1985-08-05,10.57,10.59,10.63,10.68,10.7,10.64,9.33,9.33
1985-08-06,10.61,10.6,10.63,10.68,10.71,10.65,9.32,9.32
1985-08-07,10.62,10.58,10.59,10.63,10.66,10.61,9.29,9.29
1985-08-08,10.52,10.52,10.53,10.56,10.58,10.54,9.25,9.25
1985-08-09,10.52,10.54,10.57,10.59,10.61,10.55,9.29,9.29
1985-08-12,10.47,10.44,10.46,10.5,10.53,10.5,9.24,9.24
1985-08-13,10.44,10.43,10.45,10.48,10.51,10.51,9.28,9.28
1985-08-14,10.4,10.41,10.43,10.46,10.5,10.51,9.31,9.31
1985-08-15,10.35,10.37,10.39,10.44,10.48,10.49,9.29,9.29
1985-08-16,10.34,10.35,10.38,10.43,10.49,10.5,9.29,9.29
1985-08-19,10.31,10.31,10.34,10.42,10.49,10.51,9.29,9.29
1985-08-20,10.38,10.37,10.39,10.48,10.56,10.59,9.33,9.33
1985-08-21,10.31,10.32,10.35,10.44,10.52,10.55,9.3,9.3
1985-08-22,10.32,10.28,10.29,10.38,10.48,10.52,9.27,9.27
1985-08-23,10.33,10.29,10.3,10.37,10.46,10.49,9.3,9.3
1985-08-26,10.33,10.29,10.3,10.37,10.46,10.49,9.3,9.3
1985-08-27,10.48,10.35,10.34,10.39,10.47,10.5,9.32,9.32
1985-08-28,10.49,10.36,10.35,10.4,10.48,10.5,9.32,9.32
1985-08-29,10.45,10.32,10.31,10.39,10.48,10.51,9.31,9.31
1985-08-30,10.45,10.33,10.32,10.39,10.48,10.51,9.33,9.33
1985-09-02,10.5,10.37,10.37,10.45,10.53,10.54,9.36,9.36
1985-09-03,10.5,10.37,10.36,10.45,10.54,10.55,9.37,9.37
1985-09-04,10.44,10.32,10.32,10.4,10.48,10.5,9.36,9.36
1985-09-05,10.43,10.3,10.32,10.42,10.51,10.51,9.33,9.33
1985-09-06,10.5,10.4,10.41,10.49,10.56,10.55,9.34,9.34
1985-09-09,10.64,10.52,10.53,10.6,10.66,10.62,9.41,9.41
1985-09-10,10.8,10.62,10.6,10.66,10.7,10.65,9.43,9.43
1985-09-11,10.74,10.55,10.54,10.62,10.68,10.64,9.41,9.41
1985-09-12,10.77,10.57,10.55,10.63,10.71,10.67,9.42,9.42
1985-09-13,10.71,10.5,10.49,10.57,10.63,10.6,9.41,9.41
1985-09-16,10.66,10.49,10.48,10.56,10.62,10.58,9.41,9.41
1985-09-17,10.6,10.43,10.42,10.47,10.53,10.52,9.39,9.39
1985-09-18,10.61,10.46,10.45,10.49,10.54,10.52,9.45,9.45
1985-09-19,10.63,10.5,10.49,10.53,10.56,10.52,9.46,9.46
1985-09-20,10.59,10.45,10.44,10.48,10.52,10.5,9.44,9.44
1985-09-23,10.37,10.25,10.24,10.3,10.35,10.35,9.35,9.35
1985-09-24,10.41,10.3,10.29,10.35,10.42,10.42,9.4,9.4
1985-09-25,10.45,10.33,10.3,10.33,10.38,10.38,10.38,10.38
1985-09-26,10.39,10.27,10.26,10.29,10.34,10.33,10.33,10.33
1985-09-27,10.45,10.32,10.29,10.3,10.33,10.32,10.32,10.32
1985-09-30,10.44,10.33,10.3,10.31,10.34,10.34,10.34,10.34
1985-10-01,10.44,10.32,10.29,10.31,10.35,10.35,10.35,10.35
1985-10-02,10.43,10.31,10.27,10.29,10.33,10.34,10.34,10.34
1985-10-03,10.43,10.29,10.27,10.3,10.35,10.35,10.35,10.35
1985-10-04,10.41,10.28,10.25,10.26,10.3,10.3,10.3,10.3
1985-10-07,10.42,10.29,10.28,10.31,10.35,10.33,10.33,10.33
1985-10-08,10.48,10.32,10.31,10.37,10.42,10.38,10.38,10.38
1985-10-09,10.5,10.31,10.29,10.35,10.41,10.39,10.39,10.39
1985-10-10,10.48,10.31,10.29,10.33,10.38,10.36,10.36,10.36
1985-10-11,10.48,10.31,10.29,10.35,10.41,10.38,10.38,10.38
1985-10-14,10.45,10.27,10.25,10.31,10.38,10.38,10.38,10.38
1985-10-15,10.43,10.24,10.22,10.3,10.38,10.37,10.37,10.37
1985-10-16,10.42,10.26,10.23,10.24,10.29,10.34,10.34,10.34
1985-10-17,10.4,10.24,10.22,10.28,10.35,10.36,10.36,10.36
1985-10-18,10.56,10.29,10.24,10.28,10.32,10.29,10.29,10.29
1985-10-21,10.52,10.29,10.23,10.27,10.33,10.31,10.31,10.31
1985-10-22,10.56,10.32,10.26,10.28,10.32,10.32,10.32,10.32
1985-10-23,10.55,10.31,10.25,10.25,10.3,10.31,10.31,10.31
1985-10-24,10.54,10.32,10.27,10.29,10.34,10.35,10.35,10.35
1985-10-25,10.61,10.37,10.32,10.35,10.41,10.42,10.42,10.42
1985-10-28,10.83,10.5,10.42,10.45,10.52,10.54,10.54,10.54
1985-10-29,10.8,10.48,10.39,10.39,10.45,10.48,10.48,10.48
1985-10-30,10.63,10.38,10.32,10.33,10.38,10.39,10.39,10.39
1985-10-31,10.66,10.38,10.31,10.34,10.4,10.42,10.42,10.42
1985-11-01,10.7,10.4,10.34,10.36,10.43,10.44,10.44,10.44
1985-11-04,10.66,10.41,10.34,10.34,10.39,10.41,10.41,10.41
1985-11-05,10.71,10.45,10.37,10.36,10.41,10.43,10.43,10.43
1985-11-06,10.76,10.48,10.4,10.41,10.48,10.49,10.49,10.49
1985-11-07,10.77,10.52,10.44,10.45,10.52,10.55,10.55,10.55
1985-11-08,10.88,10.59,10.48,10.48,10.55,10.59,10.59,10.59
1985-11-11,10.85,10.58,10.48,10.49,10.56,10.59,10.59,10.59
1985-11-12,10.9,10.62,10.52,10.51,10.58,10.63,10.63,10.63
1985-11-13,10.84,10.59,10.49,10.47,10.55,10.59,10.59,10.59
1985-11-14,10.85,10.62,10.54,10.56,10.66,10.7,10.7,10.7
1985-11-15,10.86,10.64,10.54,10.55,10.64,10.69,10.69,10.69
1985-11-18,10.83,10.62,10.52,10.52,10.59,10.64,10.64,10.64
1985-11-19,10.79,10.58,10.48,10.47,10.53,10.58,10.58,10.58
1985-11-20,10.79,10.58,10.49,10.49,10.55,10.58,10.58,10.58
1985-11-21,10.73,10.51,10.44,10.46,10.54,10.56,10.56,10.56
1985-11-22,10.72,10.52,10.45,10.47,10.54,10.56,10.56,10.56
1985-11-25,10.68,10.51,10.44,10.42,10.44,10.44,10.44,10.44
1985-11-26,10.72,10.55,10.48,10.45,10.47,10.44,10.44,10.44
1985-11-27,10.72,10.56,10.49,10.46,10.47,10.44,10.44,10.44
1985-11-28,10.76,10.61,10.53,10.49,10.49,10.45,10.45,10.45
1985-11-29,10.77,10.62,10.55,10.5,10.5,10.45,10.45,10.45
1985-12-02,10.78,10.62,10.54,10.49,10.48,10.43,10.43,10.43
1985-12-03,10.92,10.7,10.61,10.56,10.56,10.51,10.51,10.51
1985-12-04,10.85,10.67,10.59,10.53,10.53,10.48,10.48,10.48
1985-12-05,10.94,10.75,10.66,10.61,10.61,10.55,10.55,10.55
1985-12-06,10.95,10.78,10.69,10.63,10.61,10.54,10.54,10.54
1985-12-09,11.06,10.84,10.74,10.67,10.65,10.58,10.58,10.58
1985-12-10,11.22,11,10.88,10.77,10.73,10.64,10.64,10.64
1985-12-11,11.29,11.05,10.94,10.82,10.76,10.65,10.65,10.65
1985-12-12,11.18,10.95,10.84,10.73,10.67,10.54,10.54,10.54
1985-12-13,11.08,10.92,10.83,10.72,10.66,10.55,10.55,10.55
1985-12-16,11.15,10.98,10.89,10.8,10.74,10.63,10.63,10.63
1985-12-17,11.16,10.98,10.89,10.78,10.72,10.61,10.61,10.61
1985-12-18,11.2,11.03,10.93,10.83,10.77,10.65,10.65,10.65
1985-12-19,11.24,11.05,10.95,10.85,10.79,10.66,10.66,10.66
1985-12-20,11.23,11.05,10.95,10.83,10.75,10.63,10.63,10.63
1985-12-23,11.25,11.06,10.96,10.81,10.73,10.6,10.6,10.6
1985-12-24,11.24,11.07,10.97,10.83,10.74,10.62,10.62,10.62
1985-12-25,11.24,11.07,10.97,10.83,10.74,10.62,10.62,10.62
1985-12-26,11.24,11.07,10.97,10.83,10.74,10.62,10.62,10.62
1985-12-27,11.21,11.04,10.94,10.79,10.7,10.58,10.58,10.58
1985-12-30,11.23,11.06,10.96,10.81,10.71,10.59,10.59,10.59
1985-12-31,11.29,11.08,10.98,10.84,10.74,10.61,10.61,10.61
1986-01-01,11.29,11.08,10.98,10.84,10.74,10.61,10.61,10.61
1986-01-02,11.29,11.1,11,10.88,10.79,10.63,10.63,10.63
1986-01-03,11.42,11.2,11.07,10.93,10.84,10.69,10.69,10.69
1986-01-06,11.59,11.37,11.23,11.04,10.91,10.73,10.73,10.73
1986-01-07,11.7,11.5,11.35,11.16,11.01,10.82,10.82,10.82
1986-01-08,11.86,11.6,11.45,11.23,11.05,10.82,10.82,10.82
1986-01-09,11.96,11.63,11.48,11.31,11.16,10.92,10.92,10.92
1986-01-10,11.88,11.56,11.42,11.25,11.11,10.87,10.87,10.87
1986-01-13,12.13,11.73,11.56,11.38,11.23,10.98,10.98,10.98
1986-01-14,12.28,11.84,11.65,11.46,11.32,11.06,11.06,11.06
1986-01-15,12.26,11.85,11.65,11.45,11.3,11.04,11.04,11.04
1986-01-16,11.92,11.56,11.4,11.26,11.16,10.93,10.93,10.93
1986-01-17,11.96,11.61,11.45,11.3,11.18,10.95,10.95,10.95
1986-01-20,12.25,11.85,11.67,11.49,11.36,11.1,11.1,11.1
1986-01-21,12.24,11.79,11.59,11.44,11.32,11.07,11.07,11.07
1986-01-22,12.27,11.82,11.63,11.44,11.29,11.05,11.05,11.05
1986-01-23,12.44,11.93,11.7,11.47,11.32,11.09,11.09,11.09
1986-01-24,12.3,11.82,11.6,11.38,11.24,11.02,11.02,11.02
1986-01-27,12.34,11.83,11.61,11.39,11.25,11.04,11.04,11.04
1986-01-28,12.03,11.58,11.38,11.2,11.11,10.95,10.95,10.95
1986-01-29,12.08,11.61,11.4,11.23,11.15,10.99,10.99,10.99
1986-01-30,12.03,11.56,11.36,11.2,11.12,10.96,10.96,10.96
1986-01-31,12.02,11.57,11.37,11.19,11.09,10.93,10.93,10.93
1986-02-03,12.16,11.7,11.48,11.27,11.15,10.98,10.98,10.98
1986-02-04,12.09,11.6,11.37,11.21,11.13,10.98,10.98,10.98
1986-02-05,12,11.53,11.33,11.12,11.01,10.86,10.86,10.86
1986-02-06,11.96,11.49,11.27,11.07,10.96,10.8,10.8,10.8
1986-02-07,11.91,11.49,11.3,11.1,10.98,10.82,10.82,10.82
1986-02-10,11.79,11.39,11.2,10.99,10.86,10.7,10.7,10.7
1986-02-11,11.79,11.39,11.2,11.01,10.9,10.73,10.73,10.73
1986-02-12,11.8,11.42,11.23,11.02,10.9,10.71,10.71,10.71
1986-02-13,11.88,11.48,11.27,11.05,10.92,10.74,10.74,10.74
1986-02-14,11.85,11.43,11.22,10.99,10.86,10.65,10.65,10.65
1986-02-17,11.74,11.31,11.11,10.9,10.77,10.55,10.55,10.55
1986-02-18,11.63,11.17,10.95,10.75,10.64,10.44,10.44,10.44
1986-02-19,11.42,11.01,10.83,10.65,10.56,10.4,10.4,10.4
1986-02-20,11.4,11,10.83,10.68,10.59,10.44,10.44,10.44
1986-02-21,11.4,10.99,10.8,10.62,10.54,10.39,10.39,10.39
1986-02-24,11.23,10.8,10.59,10.38,10.29,10.2,10.2,10.2
1986-02-25,11.07,10.68,10.49,10.3,10.22,10.15,10.15,10.15
1986-02-26,11.1,10.71,10.5,10.26,10.17,10.11,10.11,10.11
1986-02-27,10.98,10.54,10.34,10.16,10.1,10.07,10.07,10.07
1986-02-28,11.05,10.61,10.41,10.19,10.11,10.07,10.07,10.07
1986-03-03,11.19,10.73,10.52,10.31,10.23,10.17,10.17,10.17
1986-03-04,11.02,10.56,10.33,10.06,9.96,9.89,9.89,9.89
1986-03-05,10.99,10.57,10.35,10.07,9.96,9.9,9.9,9.9
1986-03-06,10.96,10.52,10.3,10.04,9.94,9.88,9.88,9.88
1986-03-07,10.77,10.41,10.2,9.96,9.88,9.83,9.83,9.83
1986-03-10,10.45,10.15,9.98,9.79,9.73,9.67,9.67,9.67
1986-03-11,10.41,10.04,9.83,9.59,9.52,9.49,9.49,9.49
1986-03-12,10.41,10.07,9.85,9.6,9.52,9.5,9.5,9.5
1986-03-13,10.64,10.31,10.06,9.73,9.6,9.56,9.56,9.56
1986-03-14,10.52,10.22,10,9.67,9.53,9.49,9.49,9.49
1986-03-17,10.52,10.21,9.96,9.64,9.52,9.51,9.51,9.51
1986-03-18,10.36,10.06,9.84,9.55,9.47,9.48,9.48,9.48
1986-03-19,10.14,9.87,9.65,9.37,9.29,9.3,9.3,9.3
1986-03-20,9.86,9.69,9.49,9.19,9.07,9.09,9.09,9.09
1986-03-21,9.83,9.69,9.47,9.14,9.03,9.05,9.05,9.05
1986-03-24,9.88,9.68,9.45,9.12,9.01,9.03,9.03,9.03
1986-03-25,10.12,9.91,9.68,9.33,9.2,9.19,9.19,9.19
1986-03-26,9.97,9.73,9.51,9.18,9.05,9.06,9.06,9.06
1986-03-27,9.7,9.52,9.32,9.01,8.9,8.92,8.92,8.92
1986-03-28,9.7,9.52,9.32,9.01,8.9,8.92,8.92,8.92
1986-03-31,9.7,9.52,9.32,9.01,8.9,8.92,8.92,8.92
1986-04-01,9.66,9.43,9.19,8.84,8.73,8.79,8.79,8.79
1986-04-02,9.68,9.46,9.24,8.9,8.77,8.81,8.81,8.81
1986-04-03,9.67,9.44,9.25,8.91,8.78,8.81,8.81,8.81
1986-04-04,9.74,9.5,9.32,9.06,8.96,8.97,8.97,8.97
1986-04-07,9.56,9.36,9.2,8.97,8.9,8.94,8.94,8.94
1986-04-08,9.34,9.03,8.86,8.68,8.65,8.73,8.73,8.73
1986-04-09,9.17,8.87,8.73,8.6,8.6,8.71,8.71,8.71
1986-04-10,9.21,8.91,8.76,8.62,8.6,8.7,8.7,8.7
1986-04-11,9.09,8.77,8.65,8.55,8.56,8.67,8.67,8.67
1986-04-14,9.08,8.77,8.65,8.54,8.55,8.67,8.67,8.67
1986-04-15,9.1,8.83,8.73,8.64,8.65,8.74,8.74,8.74
1986-04-16,9.02,8.72,8.62,8.56,8.58,8.69,8.69,8.69
1986-04-17,8.71,8.39,8.33,8.37,8.47,8.61,8.61,8.61
1986-04-18,8.73,8.35,8.26,8.3,8.41,8.59,8.59,8.59
1986-04-21,8.75,8.37,8.28,8.32,8.44,8.64,8.64,8.64
1986-04-22,8.75,8.36,8.25,8.28,8.39,8.61,8.61,8.61
1986-04-23,9.03,8.65,8.52,8.47,8.54,8.74,8.74,8.74
1986-04-24,9.01,8.6,8.46,8.44,8.54,8.75,8.75,8.75
1986-04-25,9.01,8.6,8.48,8.46,8.55,8.75,8.75,8.75
1986-04-28,9.05,8.66,8.53,8.5,8.6,8.79,8.79,8.79
1986-04-29,9,8.62,8.48,8.44,8.53,8.74,8.74,8.74
1986-04-30,8.98,8.59,8.45,8.43,8.53,8.74,8.74,8.74
1986-05-01,8.98,8.65,8.53,8.5,8.59,8.77,8.77,8.77
1986-05-02,9.07,8.7,8.58,8.59,8.7,8.86,8.86,8.86
1986-05-05,9.07,8.7,8.58,8.59,8.7,8.86,8.86,8.86
1986-05-06,8.93,8.63,8.53,8.54,8.64,8.81,8.81,8.81
1986-05-07,9.1,8.81,8.71,8.67,8.74,8.89,8.89,8.89
1986-05-08,9.05,8.75,8.65,8.63,8.71,8.86,8.86,8.86
1986-05-09,9.13,8.86,8.77,8.7,8.74,8.88,8.88,8.88
1986-05-12,9.18,8.87,8.77,8.78,8.88,9.03,9.03,9.03
1986-05-13,9.08,8.78,8.7,8.72,8.82,8.99,8.99,8.99
1986-05-14,8.98,8.64,8.54,8.57,8.7,8.9,8.9,8.9
1986-05-15,9.01,8.68,8.61,8.65,8.78,8.97,8.97,8.97
1986-05-16,9.11,8.79,8.7,8.72,8.85,9.07,9.07,9.07
1986-05-19,9.12,8.78,8.68,8.7,8.84,9.06,9.06,9.06
1986-05-20,9.08,8.75,8.66,8.66,8.8,9.05,9.05,9.05
1986-05-21,9.04,8.68,8.57,8.58,8.74,8.98,8.98,8.98
1986-05-22,9.07,8.72,8.61,8.6,8.74,8.99,8.99,8.99
1986-05-23,8.99,8.71,8.6,8.57,8.69,8.96,8.96,8.96
1986-05-26,8.99,8.71,8.6,8.57,8.69,8.96,8.96,8.96
1986-05-27,8.98,8.7,8.59,8.56,8.69,8.96,8.96,8.96
1986-05-28,8.93,8.64,8.54,8.55,8.7,8.96,8.96,8.96
1986-05-29,8.88,8.63,8.57,8.6,8.76,9.03,9.03,9.03
1986-05-30,8.95,8.71,8.65,8.69,8.86,9.13,9.13,9.13
1986-06-02,8.94,8.68,8.62,8.67,8.85,9.14,9.14,9.14
1986-06-03,8.92,8.67,8.62,8.68,8.87,9.16,9.16,9.16
1986-06-04,8.84,8.64,8.6,8.65,8.83,9.12,9.12,9.12
1986-06-05,8.89,8.68,8.64,8.7,8.89,9.19,9.19,9.19
1986-06-06,8.81,8.62,8.58,8.63,8.8,9.09,9.09,9.09
1986-06-09,8.78,8.59,8.54,8.59,8.76,9.03,8.59,8.59
1986-06-10,8.93,8.7,8.65,8.73,8.91,9.18,8.74,8.74
1986-06-11,9.08,8.89,8.83,8.87,9.05,9.33,8.89,8.89
1986-06-12,9.07,8.88,8.81,8.87,9.06,9.34,8.91,8.91
1986-06-13,9.03,8.82,8.74,8.79,8.97,9.26,8.83,8.83
1986-06-16,8.99,8.8,8.71,8.74,8.92,9.2,8.77,8.77
1986-06-17,8.99,8.83,8.76,8.8,8.98,9.26,8.84,8.84
1986-06-18,9.03,8.87,8.82,8.88,9.06,9.33,8.9,8.9
1986-06-19,9.08,8.92,8.87,8.91,9.08,9.35,8.94,8.94
1986-06-20,9.11,8.99,8.95,8.97,9.11,9.36,8.93,8.93
1986-06-23,9.11,8.97,8.92,8.95,9.1,9.34,8.9,8.9
1986-06-24,9.08,8.95,8.9,8.92,9.05,9.3,8.82,8.82
1986-06-25,9.01,8.89,8.85,8.87,9,9.24,8.75,8.75
1986-06-26,9.06,8.93,8.88,8.89,9.01,9.25,8.74,8.74
1986-06-27,9.06,8.96,8.9,8.89,9.02,9.25,8.74,8.74
1986-06-30,9.15,9.06,9,8.98,9.1,9.32,8.83,8.83
1986-07-01,9.14,9.06,9.01,8.99,9.11,9.33,8.81,8.81
1986-07-02,9.17,9.04,8.97,8.94,9.06,9.29,8.76,8.76
1986-07-03,9.07,8.93,8.85,8.86,8.99,9.19,8.62,8.62
1986-07-04,9.04,8.88,8.8,8.8,8.92,9.12,8.54,8.54
1986-07-07,9.05,8.89,8.82,8.82,8.92,9.09,8.51,8.51
1986-07-08,9.26,9.06,8.96,8.93,9.03,9.2,8.64,8.64
1986-07-09,9.33,9.06,8.95,8.97,9.09,9.27,8.69,8.69
1986-07-10,9.46,9.18,9.05,9.02,9.14,9.31,8.7,8.7
1986-07-11,9.37,9.16,9.04,9.03,9.16,9.35,8.74,8.74
1986-07-14,9.64,9.44,9.33,9.3,9.4,9.56,8.96,8.96
1986-07-15,9.62,9.44,9.33,9.29,9.37,9.52,8.92,8.92
1986-07-16,9.6,9.4,9.27,9.22,9.3,9.46,8.82,8.82
1986-07-17,9.54,9.39,9.29,9.24,9.3,9.45,8.83,8.83
1986-07-18,9.6,9.45,9.35,9.3,9.39,9.54,8.88,8.88
1986-07-21,9.64,9.52,9.43,9.39,9.47,9.61,8.93,8.93
1986-07-22,9.62,9.52,9.43,9.37,9.42,9.56,8.92,8.92
1986-07-23,9.59,9.51,9.42,9.35,9.41,9.55,8.9,8.9
1986-07-24,9.62,9.48,9.36,9.28,9.34,9.49,8.83,8.83
1986-07-25,9.59,9.5,9.38,9.3,9.35,9.47,8.79,8.79
1986-07-28,9.65,9.58,9.47,9.37,9.42,9.55,8.87,8.87
1986-07-29,9.63,9.53,9.41,9.31,9.36,9.5,8.84,8.84
1986-07-30,9.54,9.43,9.32,9.25,9.32,9.45,8.78,8.78
1986-07-31,9.6,9.46,9.35,9.31,9.39,9.51,8.82,8.82
1986-08-01,9.55,9.45,9.36,9.33,9.41,9.55,8.87,8.87
1986-08-04,9.66,9.52,9.42,9.37,9.45,9.6,8.93,8.93
1986-08-05,9.49,9.36,9.27,9.26,9.36,9.51,8.84,8.84
1986-08-06,9.51,9.39,9.3,9.27,9.37,9.52,8.83,8.83
1986-08-07,9.55,9.43,9.34,9.32,9.41,9.56,8.87,8.87
1986-08-08,9.54,9.42,9.33,9.31,9.41,9.55,8.88,8.88
1986-08-11,9.54,9.41,9.31,9.3,9.4,9.55,8.86,8.86
1986-08-12,9.47,9.35,9.27,9.25,9.35,9.49,8.84,8.84
1986-08-13,9.46,9.37,9.31,9.32,9.42,9.57,8.91,8.91
1986-08-14,9.43,9.34,9.29,9.29,9.39,9.53,8.88,8.88
1986-08-15,9.36,9.29,9.23,9.24,9.33,9.47,8.84,8.84
1986-08-18,9.38,9.3,9.24,9.24,9.34,9.48,8.84,8.84
1986-08-19,9.34,9.23,9.16,9.16,9.26,9.42,8.81,8.81
1986-08-20,9.26,9.15,9.09,9.09,9.19,9.33,8.73,8.73
1986-08-21,9.25,9.14,9.1,9.12,9.23,9.38,8.75,8.75
1986-08-22,9.29,9.18,9.13,9.16,9.27,9.41,8.79,8.79
1986-08-25,9.29,9.18,9.13,9.16,9.27,9.41,8.79,8.79
1986-08-26,9.31,9.18,9.11,9.12,9.23,9.38,8.77,8.77
1986-08-27,9.36,9.2,9.13,9.15,9.26,9.41,8.78,8.78
1986-08-28,9.42,9.25,9.15,9.14,9.24,9.4,8.78,8.78
1986-08-29,9.39,9.24,9.15,9.14,9.25,9.41,8.79,8.79
1986-09-01,9.38,9.24,9.14,9.11,9.21,9.37,8.75,8.75
1986-09-02,9.35,9.24,9.15,9.13,9.24,9.4,8.77,8.77
1986-09-03,9.48,9.36,9.27,9.25,9.36,9.53,8.9,8.9
1986-09-04,9.48,9.36,9.26,9.24,9.34,9.51,8.89,8.89
1986-09-05,9.58,9.47,9.37,9.33,9.43,9.6,8.98,8.98
1986-09-08,9.64,9.55,9.48,9.49,9.6,9.74,9.09,9.09
1986-09-09,9.75,9.67,9.59,9.55,9.63,9.76,9.1,9.1
1986-09-10,9.69,9.65,9.59,9.56,9.64,9.76,9.06,9.06
1986-09-11,9.69,9.67,9.62,9.63,9.72,9.85,9.13,9.13
1986-09-12,9.83,9.83,9.76,9.72,9.81,9.95,9.2,9.2
1986-09-15,9.76,9.76,9.72,9.74,9.83,9.95,9.18,9.18
1986-09-16,9.81,9.9,9.92,9.98,10.06,10.14,9.26,9.26
1986-09-17,9.88,9.98,10.01,10.08,10.16,10.21,9.32,9.32
1986-09-18,10.18,10.28,10.32,10.34,10.37,10.37,9.5,9.5
1986-09-19,10.23,10.34,10.41,10.47,10.48,10.43,9.42,9.42
1986-09-22,10.3,10.51,10.58,10.56,10.52,10.44,9.46,9.46
1986-09-23,10.25,10.43,10.49,10.47,10.44,10.37,9.28,9.28
1986-09-24,10.5,10.72,10.78,10.73,10.65,10.52,9.42,9.42
1986-09-25,10.67,10.88,10.89,10.8,10.71,10.56,9.41,9.41
1986-09-26,10.85,10.95,10.92,10.82,10.74,10.59,9.39,9.39
1986-09-29,11.31,11.3,11.25,11.13,11.03,10.84,9.57,9.57
1986-09-30,10.95,11.02,10.99,10.94,10.91,10.77,9.39,9.39
1986-10-01,10.85,10.9,10.87,10.83,10.81,10.68,9.32,9.32
1986-10-02,11.02,11.12,11.12,11.03,10.96,10.82,9.48,9.48
1986-10-03,11.01,11.06,11.04,10.95,10.88,10.75,9.49,9.49
1986-10-06,10.87,11,11.01,10.94,10.88,10.75,9.44,9.44
1986-10-07,10.72,10.89,10.91,10.84,10.8,10.7,9.43,9.43
1986-10-08,10.81,10.95,10.97,10.92,10.88,10.78,9.53,9.53
1986-10-09,10.78,10.86,10.84,10.75,10.71,10.65,9.42,9.42
1986-10-10,10.68,10.72,10.7,10.64,10.63,10.55,9.33,9.33
1986-10-13,10.67,10.76,10.75,10.7,10.67,10.59,9.38,9.38
1986-10-14,10.78,10.86,10.89,10.88,10.85,10.75,9.56,9.56
1986-10-15,10.84,10.88,10.89,10.85,10.81,10.72,9.52,9.52
1986-10-16,10.84,10.9,10.89,10.84,10.81,10.73,9.5,9.5
1986-10-17,10.96,10.99,10.97,10.92,10.91,10.84,9.56,9.56
1986-10-20,10.98,11,10.97,10.92,10.91,10.85,9.66,9.66
1986-10-21,10.86,10.87,10.84,10.82,10.84,10.8,9.57,9.57
1986-10-22,10.77,10.77,10.75,10.74,10.77,10.71,9.52,9.52
1986-10-23,10.95,10.93,10.9,10.86,10.84,10.76,9.63,9.63
1986-10-24,11.01,10.91,10.88,10.84,10.82,10.73,9.61,9.61
1986-10-27,10.93,10.92,10.9,10.85,10.82,10.73,9.59,9.59
1986-10-28,10.86,10.9,10.9,10.85,10.82,10.74,9.58,9.58
1986-10-29,10.88,10.94,10.95,10.91,10.86,10.77,9.63,9.63
1986-10-30,10.91,10.98,10.99,10.94,10.89,10.79,9.64,9.64
1986-10-31,10.76,10.84,10.86,10.84,10.82,10.73,9.53,9.53
1986-11-03,10.7,10.75,10.76,10.74,10.72,10.62,9.43,9.43
1986-11-04,10.7,10.75,10.76,10.74,10.72,10.62,9.42,9.42
1986-11-05,10.7,10.77,10.79,10.76,10.73,10.61,9.43,9.43
1986-11-06,10.68,10.78,10.81,10.78,10.74,10.62,9.43,9.43
1986-11-07,10.69,10.82,10.85,10.84,10.82,10.71,9.52,9.52
1986-11-10,10.73,10.87,10.93,10.93,10.91,10.79,9.57,9.57
1986-11-11,10.75,10.87,10.92,10.92,10.91,10.82,9.62,9.62
1986-11-12,10.83,10.95,11,11.02,11.02,10.93,9.73,9.73
1986-11-13,10.86,11,11.07,11.12,11.14,11.05,9.76,9.76
1986-11-14,10.83,10.95,11.02,11.09,11.12,11.02,9.72,9.72
1986-11-17,10.83,10.93,10.99,11.07,11.11,11.02,9.71,9.71
1986-11-18,10.84,10.97,11.05,11.13,11.16,11.07,9.77,9.77
1986-11-19,10.93,11.08,11.16,11.22,11.26,11.19,9.94,9.94
1986-11-20,10.98,11.09,11.15,11.22,11.26,11.19,9.89,9.89
1986-11-21,10.99,11.05,11.09,11.16,11.21,11.13,9.82,9.82
1986-11-24,10.95,11.02,11.05,11.1,11.14,11.08,9.8,9.8
1986-11-25,10.94,11.01,11.05,11.11,11.17,11.13,9.86,9.86
1986-11-26,10.94,11,11.03,11.08,11.13,11.09,9.81,9.81
1986-11-27,10.92,10.92,10.92,10.97,11.02,10.96,9.7,9.7
1986-11-28,10.93,10.94,10.95,11,11.05,11,9.75,9.75
1986-12-01,10.97,11.02,11.06,11.11,11.14,11.07,9.81,9.81
1986-12-02,10.99,11.02,11.04,11.08,11.11,11.05,9.75,9.75
1986-12-03,10.99,11.04,11.06,11.07,11.1,11.06,9.78,9.78
1986-12-04,10.98,11.01,11.02,11.01,11.02,10.96,9.74,9.74
1986-12-05,11.01,11.04,11.04,11.03,11.04,11,9.73,9.73
1986-12-08,11.04,11.06,11.06,11.05,11.08,11.05,9.8,9.8
1986-12-09,11.04,11.02,11.01,11,11.01,10.97,9.71,9.71
1986-12-10,11.01,11.01,11,10.99,11.01,10.96,9.7,9.7
1986-12-11,11,10.98,10.95,10.9,10.89,10.82,9.59,9.59
1986-12-12,10.97,10.92,10.88,10.82,10.82,10.77,9.53,9.53
1986-12-15,10.94,10.96,10.93,10.88,10.89,10.84,9.59,9.59
1986-12-16,10.92,10.95,10.92,10.87,10.85,10.79,9.62,9.62
1986-12-17,10.92,10.93,10.9,10.85,10.84,10.77,9.57,9.57
1986-12-18,10.91,10.91,10.88,10.83,10.82,10.76,9.58,9.58
1986-12-19,10.84,10.87,10.85,10.8,10.78,10.71,9.53,9.53
1986-12-22,10.75,10.76,10.72,10.65,10.64,10.58,9.44,9.44
1986-12-23,10.75,10.74,10.71,10.66,10.64,10.57,9.45,9.45
1986-12-24,10.69,10.69,10.66,10.59,10.58,10.52,9.42,9.42
1986-12-25,10.69,10.69,10.66,10.59,10.58,10.52,9.42,9.42
1986-12-26,10.69,10.69,10.66,10.59,10.58,10.52,9.42,9.42
1986-12-29,10.66,10.64,10.6,10.51,10.47,10.41,9.37,9.37
1986-12-30,10.67,10.68,10.63,10.52,10.48,10.41,9.39,9.39
1986-12-31,10.62,10.63,10.58,10.46,10.4,10.34,9.33,9.33
1987-01-01,10.62,10.63,10.58,10.46,10.4,10.34,9.33,9.33
1987-01-02,10.37,10.36,10.34,10.26,10.22,10.15,9.08,9.08
1987-01-05,10.51,10.45,10.4,10.33,10.31,10.25,9.23,9.23
1987-01-06,10.5,10.42,10.37,10.29,10.26,10.2,9.19,9.19
1987-01-07,10.47,10.42,10.36,10.29,10.26,10.2,9.17,9.17
1987-01-08,10.38,10.33,10.28,10.2,10.17,10.08,9.07,9.07
1987-01-09,10.37,10.34,10.3,10.21,10.15,10.05,9.12,9.12
1987-01-12,10.35,10.34,10.3,10.2,10.14,10.05,9.17,9.17
1987-01-13,10.43,10.46,10.44,10.33,10.26,10.16,9.28,9.28
1987-01-14,10.4,10.47,10.46,10.35,10.28,10.18,9.25,9.25
1987-01-15,10.4,10.46,10.43,10.32,10.24,10.13,9.22,9.22
1987-01-16,10.3,10.34,10.3,10.19,10.11,10,9.14,9.14
1987-01-19,10.3,10.32,10.29,10.19,10.12,10.03,9.19,9.19
1987-01-20,10.26,10.24,10.19,10.1,10.06,10.01,9.18,9.18
1987-01-21,10.18,10.11,10.05,9.99,9.97,9.94,9.1,9.1
1987-01-22,10.16,10.09,10.04,10,10.01,10,9.21,9.21
1987-01-23,10.19,10.09,10.03,9.98,10,10,9.2,9.2
1987-01-26,10.16,10.07,10.02,9.98,10.01,10.04,9.3,9.3
1987-01-27,10.16,10.09,10.05,10.01,10.03,10.06,9.28,9.28
1987-01-28,10.17,10.1,10.05,10.01,10.04,10.08,9.25,9.25
1987-01-29,10.15,10.09,10.05,10.03,10.07,10.1,9.24,9.24
1987-01-30,10.17,10.09,10.05,10.02,10.06,10.09,9.23,9.23
1987-02-02,10.17,10.09,10.06,10.03,10.07,10.09,9.23,9.23
1987-02-03,10.19,10.1,10.06,10.04,10.08,10.1,9.24,9.24
1987-02-04,10.12,10.04,10,9.98,10.01,10.02,9.13,9.13
1987-02-05,10.09,9.99,9.95,9.93,9.97,9.98,9.11,9.11
1987-02-06,10.04,9.93,9.87,9.85,9.9,9.93,9.13,9.13
1987-02-09,10.04,9.94,9.87,9.83,9.88,9.92,9.15,9.15
1987-02-10,10.05,10,9.95,9.9,9.93,9.97,9.23,9.23
1987-02-11,10.07,10.03,9.97,9.91,9.92,9.95,9.2,9.2
1987-02-12,10.11,10.06,10,9.92,9.92,9.94,9.17,9.17
1987-02-13,10.09,10.02,9.95,9.88,9.9,9.92,9.12,9.12
1987-02-16,10.04,9.99,9.94,9.87,9.89,9.91,9.14,9.14
1987-02-17,10.02,9.94,9.87,9.82,9.86,9.9,9.13,9.13
1987-02-18,9.87,9.77,9.71,9.69,9.76,9.83,9.06,9.06
1987-02-19,9.8,9.7,9.64,9.62,9.68,9.75,9.02,9.02
1987-02-20,9.69,9.59,9.54,9.54,9.6,9.67,8.96,8.96
1987-02-23,9.71,9.59,9.54,9.54,9.6,9.65,8.94,8.94
1987-02-24,9.68,9.58,9.55,9.55,9.6,9.65,8.95,8.95
1987-02-25,9.75,9.65,9.62,9.61,9.65,9.69,9.03,9.03
1987-02-26,9.72,9.63,9.59,9.58,9.63,9.68,8.99,8.99
1987-02-27,9.67,9.57,9.51,9.5,9.55,9.6,8.92,8.92
1987-03-02,9.62,9.48,9.41,9.38,9.46,9.55,8.91,8.91
1987-03-03,9.64,9.49,9.41,9.37,9.43,9.52,8.91,8.91
1987-03-04,9.57,9.37,9.27,9.23,9.3,9.4,8.88,8.88
1987-03-05,9.56,9.33,9.2,9.14,9.19,9.29,8.8,8.8
1987-03-06,9.49,9.29,9.18,9.11,9.16,9.25,8.71,8.71
1987-03-09,9.49,9.34,9.26,9.24,9.3,9.37,8.84,8.84
1987-03-10,9.34,9.22,9.13,9.09,9.15,9.24,8.73,8.73
1987-03-11,9.25,9.11,9.02,8.99,9.06,9.16,8.71,8.71
1987-03-12,9.26,9.13,9.06,9.05,9.12,9.22,8.77,8.77
1987-03-13,9.18,9.05,8.99,9.01,9.11,9.24,8.72,8.72
1987-03-16,9.09,8.96,8.93,8.99,9.11,9.23,8.73,8.73
1987-03-17,8.9,8.76,8.71,8.77,8.89,9.02,8.47,8.47
1987-03-18,8.68,8.59,8.53,8.58,8.73,8.9,8.4,8.4
1987-03-19,8.62,8.54,8.51,8.56,8.71,8.89,8.41,8.41
1987-03-20,8.57,8.49,8.46,8.51,8.65,8.8,8.3,8.3
1987-03-23,8.59,8.5,8.47,8.53,8.66,8.81,8.36,8.36
1987-03-24,8.68,8.59,8.58,8.64,8.76,8.9,8.45,8.45
1987-03-25,8.7,8.61,8.6,8.67,8.8,8.95,8.47,8.47
1987-03-26,8.85,8.77,8.75,8.8,8.92,9.04,8.56,8.56
1987-03-27,8.83,8.76,8.76,8.85,8.98,9.11,8.62,8.62
1987-03-30,9.04,8.99,8.96,9.01,9.13,9.26,8.74,8.74
1987-03-31,9.05,8.96,8.9,8.93,9.05,9.18,8.64,8.64
1987-04-01,9.08,9.01,8.94,8.97,9.09,9.23,8.69,8.69
1987-04-02,9.14,9.04,8.97,8.98,9.11,9.24,8.68,8.68
1987-04-03,9.11,9.05,8.98,9,9.13,9.28,8.73,8.73
1987-04-06,9.02,8.92,8.83,8.83,8.94,9.08,8.61,8.61
1987-04-07,8.99,8.91,8.83,8.84,8.96,9.1,8.66,8.66
1987-04-08,9.02,8.92,8.84,8.84,8.94,9.08,8.63,8.63
1987-04-09,9.03,8.96,8.9,8.91,9.01,9.14,8.7,8.7
1987-04-10,9.11,9.1,9.11,9.15,9.23,9.32,8.79,8.79
1987-04-13,9.12,9.12,9.13,9.15,9.21,9.3,8.8,8.8
1987-04-14,9.18,9.11,9.08,9.09,9.17,9.25,8.64,8.64
1987-04-15,9.15,9.1,9.09,9.12,9.19,9.25,8.7,8.7
1987-04-16,9.07,9.01,8.98,9.01,9.09,9.18,8.61,8.61
1987-04-17,9.07,9.01,8.98,9.01,9.09,9.18,8.61,8.61
1987-04-20,9.07,9.01,8.98,9.01,9.09,9.18,8.61,8.61
1987-04-21,9.06,9,8.98,9.02,9.11,9.2,8.64,8.64
1987-04-22,9.04,8.97,8.93,8.96,9.03,9.1,8.56,8.56
1987-04-23,8.97,8.91,8.87,8.9,8.99,9.07,8.47,8.47
1987-04-24,8.88,8.81,8.76,8.76,8.84,8.93,8.36,8.36
1987-04-27,8.84,8.79,8.75,8.77,8.89,9.01,8.44,8.44
1987-04-28,8.83,8.77,8.71,8.73,8.86,9,8.39,8.39
1987-04-29,8.69,8.62,8.6,8.66,8.78,8.91,8.33,8.33
1987-04-30,8.56,8.56,8.58,8.65,8.79,8.93,8.35,8.35
1987-05-01,8.37,8.47,8.53,8.65,8.79,8.93,8.36,8.36
1987-05-04,8.37,8.47,8.53,8.65,8.79,8.93,8.36,8.36
1987-05-05,8.11,8.26,8.33,8.47,8.64,8.82,8.28,8.28
1987-05-06,8.17,8.29,8.35,8.47,8.63,8.81,8.34,8.34
1987-05-07,8.21,8.31,8.35,8.46,8.63,8.81,8.35,8.35
1987-05-08,8.04,8.1,8.16,8.33,8.53,8.74,8.34,8.34
1987-05-11,8.1,8.15,8.2,8.37,8.58,8.8,8.38,8.38
1987-05-12,8.17,8.2,8.25,8.39,8.59,8.81,8.3,8.3
1987-05-13,8.19,8.25,8.29,8.42,8.61,8.82,8.35,8.35
1987-05-14,8.21,8.3,8.34,8.46,8.63,8.83,8.34,8.34
1987-05-15,8.2,8.32,8.39,8.51,8.68,8.88,8.38,8.38
1987-05-18,8.27,8.45,8.51,8.61,8.76,8.94,8.42,8.42
1987-05-19,8.25,8.41,8.45,8.54,8.7,8.88,8.35,8.35
1987-05-20,8.37,8.51,8.54,8.6,8.75,8.93,8.38,8.38
1987-05-21,8.4,8.55,8.59,8.64,8.77,8.92,8.37,8.37
1987-05-22,8.48,8.62,8.65,8.7,8.82,8.97,8.4,8.4
1987-05-25,8.48,8.62,8.65,8.7,8.82,8.97,8.4,8.4
1987-05-26,8.66,8.84,8.88,8.9,8.98,9.08,8.5,8.5
1987-05-27,8.78,8.84,8.85,8.88,8.98,9.09,8.43,8.43
1987-05-28,8.53,8.6,8.63,8.7,8.81,8.93,8.33,8.33
1987-05-29,8.46,8.54,8.55,8.59,8.7,8.84,8.28,8.28
1987-06-01,8.46,8.55,8.57,8.63,8.73,8.86,8.3,8.3
1987-06-02,8.41,8.53,8.57,8.63,8.74,8.86,8.29,8.29
1987-06-03,8.42,8.55,8.59,8.66,8.77,8.9,8.3,8.3
1987-06-04,8.53,8.67,8.7,8.76,8.88,9,8.38,8.38
1987-06-05,8.46,8.59,8.63,8.7,8.82,8.94,8.3,8.3
1987-06-08,8.43,8.55,8.59,8.68,8.8,8.91,8.3,8.3
1987-06-09,8.35,8.44,8.47,8.56,8.7,8.82,8.17,8.17
1987-06-10,8.37,8.47,8.49,8.59,8.73,8.85,8.17,8.17
1987-06-11,8.31,8.44,8.49,8.6,8.75,8.87,8.2,8.2
1987-06-12,8.26,8.37,8.43,8.55,8.7,8.81,8.18,8.18
1987-06-15,8.41,8.53,8.58,8.68,8.83,8.95,8.32,8.32
1987-06-16,8.39,8.49,8.54,8.63,8.78,8.91,8.27,8.27
1987-06-17,8.36,8.45,8.49,8.59,8.74,8.87,8.27,8.27
1987-06-18,8.44,8.56,8.62,8.72,8.86,8.98,8.32,8.32
1987-06-19,8.68,8.79,8.84,8.91,9.01,9.09,8.45,8.45
1987-06-22,8.91,8.98,9.01,9.08,9.17,9.25,8.53,8.53
1987-06-23,8.84,8.9,8.91,8.96,9.08,9.19,8.45,8.45
1987-06-24,8.77,8.8,8.81,8.88,9,9.12,8.4,8.4
1987-06-25,8.79,8.82,8.82,8.9,9.03,9.15,8.46,8.46
1987-06-26,8.89,8.93,8.92,8.97,9.08,9.2,8.54,8.54
1987-06-29,9.01,9.04,9.02,9.05,9.17,9.29,8.59,8.59
1987-06-30,8.94,8.98,8.96,8.98,9.09,9.22,8.55,8.55
1987-07-01,9,9.06,9.05,9.05,9.14,9.25,8.61,8.61
1987-07-02,9.05,9.11,9.09,9.1,9.18,9.29,8.63,8.63
1987-07-03,9.09,9.08,9.05,9.07,9.17,9.3,8.63,8.63
1987-07-06,8.95,8.92,8.9,8.95,9.06,9.18,8.48,8.48
1987-07-07,8.92,8.9,8.88,8.91,9.04,9.18,8.52,8.52
1987-07-08,8.9,8.89,8.87,8.9,9.01,9.15,8.51,8.51
1987-07-09,8.91,8.91,8.88,8.91,9.02,9.16,8.53,8.53
1987-07-10,8.9,8.91,8.89,8.92,9.03,9.15,8.51,8.51
1987-07-13,8.89,8.87,8.85,8.89,9.01,9.13,8.51,8.51
1987-07-14,8.92,8.91,8.89,8.92,9.03,9.15,8.54,8.54
1987-07-15,8.85,8.84,8.82,8.85,8.96,9.08,8.45,8.45
1987-07-16,8.8,8.79,8.78,8.83,8.95,9.06,8.47,8.47
1987-07-17,8.77,8.77,8.76,8.81,8.93,9.04,8.45,8.45
1987-07-20,8.88,8.91,8.91,8.96,9.06,9.16,8.57,8.57
1987-07-21,8.96,8.96,8.96,9.02,9.12,9.22,8.62,8.62
1987-07-22,9.2,9.26,9.26,9.28,9.37,9.45,8.76,8.76
1987-07-23,9.17,9.16,9.13,9.17,9.31,9.43,8.72,8.72
1987-07-24,9.13,9.11,9.09,9.17,9.32,9.44,8.72,8.72
1987-07-27,9.35,9.37,9.38,9.44,9.55,9.63,8.86,8.86
1987-07-28,9.32,9.3,9.28,9.34,9.47,9.58,8.8,8.8
1987-07-29,9.32,9.28,9.26,9.32,9.46,9.57,8.78,8.78
1987-07-30,9.47,9.43,9.4,9.45,9.59,9.69,8.89,8.89
1987-07-31,9.51,9.5,9.49,9.57,9.72,9.83,8.99,8.99
1987-08-03,9.56,9.59,9.59,9.66,9.78,9.87,9.03,9.03
1987-08-04,9.46,9.48,9.5,9.59,9.74,9.83,8.92,8.92
1987-08-05,9.4,9.39,9.4,9.52,9.68,9.78,8.88,8.88
1987-08-06,9.86,9.9,9.89,9.94,10.03,10.05,9.08,9.08
1987-08-07,9.91,9.95,9.93,9.96,10.04,10.04,9.05,9.05
1987-08-10,10.06,10.09,10.03,9.99,10.04,10.02,9.04,9.04
1987-08-11,9.99,9.95,9.88,9.86,9.93,9.91,8.96,8.96
1987-08-12,9.96,9.91,9.85,9.85,9.92,9.92,8.96,8.96
1987-08-13,9.96,9.93,9.88,9.88,9.94,9.93,8.99,8.99
1987-08-14,9.91,9.87,9.81,9.79,9.84,9.83,8.93,8.93
1987-08-17,9.97,9.97,9.93,9.89,9.92,9.89,9.03,9.03
1987-08-18,10.03,10.02,9.98,9.94,9.97,9.93,9.04,9.04
1987-08-19,10.01,10.03,9.98,9.94,9.97,9.93,9.03,9.03
1987-08-20,10.3,10.36,10.33,10.28,10.29,10.24,9.29,9.29
1987-08-21,10.21,10.27,10.23,10.21,10.23,10.17,9.22,9.22
1987-08-24,10.12,10.18,10.17,10.16,10.18,10.11,9.17,9.17
1987-08-25,10.21,10.28,10.26,10.24,10.25,10.18,9.21,9.21
1987-08-26,10.3,10.33,10.3,10.28,10.3,10.24,9.23,9.23
1987-08-27,10.3,10.3,10.25,10.23,10.28,10.25,9.23,9.23
1987-08-28,10.32,10.29,10.23,10.21,10.26,10.23,9.19,9.19
1987-08-31,10.32,10.29,10.23,10.21,10.26,10.23,9.19,9.19
1987-09-01,10.26,10.22,10.14,10.12,10.18,10.14,9.13,9.13
1987-09-02,10.12,10.09,10.05,10.07,10.15,10.13,9.12,9.12
1987-09-03,10.05,10.01,9.96,9.98,10.07,10.06,9.06,9.06
1987-09-04,10.05,10.04,10.02,10.04,10.11,10.1,9.11,9.11
1987-09-07,10.05,10.02,9.99,10.02,10.09,10.08,9.09,9.09
1987-09-08,10.07,10.04,10.01,10.04,10.11,10.09,9.13,9.13
1987-09-09,10.19,10.19,10.17,10.19,10.24,10.2,9.23,9.23
1987-09-10,10.16,10.15,10.12,10.14,10.19,10.16,9.17,9.17
1987-09-11,10.11,10.1,10.09,10.12,10.18,10.14,9.18,9.18
1987-09-14,10.09,10.08,10.07,10.1,10.17,10.15,9.2,9.2
1987-09-15,10.1,10.04,10.03,10.09,10.18,10.17,9.2,9.2
1987-09-16,10.08,10.02,10.02,10.09,10.19,10.19,9.2,9.2
1987-09-17,10.01,9.88,9.85,9.92,10.04,10.06,9.12,9.12
1987-09-18,9.86,9.74,9.7,9.76,9.86,9.88,8.98,8.98
1987-09-21,9.88,9.79,9.76,9.81,9.87,9.86,8.99,8.99
1987-09-22,9.9,9.8,9.76,9.8,9.89,9.9,9.01,9.01
1987-09-23,9.9,9.82,9.79,9.84,9.94,9.97,9.07,9.07
1987-09-24,10.04,10,10.01,10.07,10.16,10.17,9.2,9.2
1987-09-25,10.02,9.96,9.96,10.03,10.14,10.14,9.18,9.18
1987-09-28,9.93,9.87,9.85,9.94,10.07,10.1,9.11,9.11
1987-09-29,9.97,9.93,9.93,10.02,10.15,10.18,9.17,9.17
1987-09-30,9.97,9.94,9.93,10.01,10.12,10.14,9.11,9.11
1987-10-01,9.98,9.97,9.96,10.04,10.17,10.2,9.17,9.17
1987-10-02,10,9.96,9.95,10.02,10.14,10.16,9.16,9.16
1987-10-05,9.93,9.94,9.92,9.99,10.1,10.13,9.12,9.12
1987-10-06,9.96,9.95,9.95,10.02,10.13,10.16,9.18,9.18
1987-10-07,9.95,9.93,9.92,9.98,10.1,10.14,9.12,9.12
1987-10-08,9.97,9.96,9.94,10,10.12,10.16,9.15,9.15
1987-10-09,9.99,9.99,9.97,10.03,10.14,10.17,9.19,9.19
1987-10-12,9.98,9.97,9.95,10,10.11,10.14,9.16,9.16
1987-10-13,9.93,9.96,9.95,9.99,10.09,10.11,9.15,9.15
1987-10-14,9.92,9.99,9.99,10.04,10.13,10.16,9.21,9.21
1987-10-15,9.98,10.04,10.06,10.14,10.26,10.31,9.29,9.29
1987-10-16,9.97,10.06,10.07,10.14,10.26,10.3,9.31,9.31
1987-10-19,10.2,10.25,10.27,10.35,10.49,10.56,9.53,9.53
1987-10-20,9.76,9.8,9.84,9.99,10.18,10.28,9.21,9.21
1987-10-21,9.68,9.77,9.85,10.01,10.17,10.25,9.15,9.15
1987-10-22,9.65,9.7,9.76,9.91,10.08,10.13,9.02,9.02
1987-10-23,9.33,9.31,9.35,9.54,9.75,9.85,8.82,8.82
1987-10-26,8.92,8.99,9.04,9.22,9.44,9.57,8.62,8.62
1987-10-27,9.03,9.05,9.1,9.29,9.5,9.62,8.71,8.71
1987-10-28,8.87,8.93,9,9.19,9.4,9.52,8.67,8.67
1987-10-29,8.83,8.89,8.94,9.1,9.3,9.41,8.63,8.63
1987-10-30,8.94,8.95,8.97,9.11,9.3,9.42,8.71,8.71
1987-11-02,8.93,8.94,8.96,9.11,9.3,9.44,8.7,8.7
1987-11-03,8.82,8.84,8.87,9.02,9.21,9.35,8.65,8.65
1987-11-04,8.72,8.75,8.8,8.97,9.16,9.28,8.64,8.64
1987-11-05,8.54,8.55,8.55,8.69,8.92,9.14,8.63,8.63
1987-11-06,8.48,8.48,8.5,8.66,8.88,9.1,8.64,8.64
1987-11-09,8.15,8.12,8.13,8.33,8.61,8.9,8.53,8.53
1987-11-10,8.21,8.26,8.33,8.53,8.76,8.98,8.62,8.62
1987-11-11,8.53,8.59,8.62,8.75,8.97,9.19,8.71,8.71
1987-11-12,8.55,8.6,8.61,8.72,8.94,9.17,8.68,8.68
1987-11-13,8.57,8.65,8.68,8.83,9.05,9.28,8.77,8.77
1987-11-16,8.62,8.68,8.69,8.83,9.07,9.31,8.75,8.75
1987-11-17,8.54,8.58,8.59,8.73,8.96,9.19,8.68,8.68
1987-11-18,8.56,8.62,8.63,8.77,8.99,9.21,8.68,8.68
1987-11-19,8.56,8.6,8.6,8.75,8.98,9.21,8.68,8.68
1987-11-20,8.53,8.58,8.59,8.74,8.98,9.22,8.73,8.73
1987-11-23,8.66,8.73,8.75,8.88,9.12,9.34,8.82,8.82
1987-11-24,8.65,8.7,8.72,8.88,9.12,9.35,8.79,8.79
1987-11-25,8.67,8.74,8.77,8.94,9.2,9.45,8.79,8.79
1987-11-26,8.63,8.69,8.74,8.92,9.19,9.43,8.8,8.8
1987-11-27,8.56,8.62,8.67,8.87,9.14,9.38,8.77,8.77
1987-11-30,8.47,8.55,8.6,8.82,9.11,9.37,8.77,8.77
1987-12-01,8.48,8.56,8.62,8.85,9.15,9.43,8.79,8.79
1987-12-02,8.43,8.51,8.58,8.83,9.14,9.42,8.78,8.78
1987-12-03,8.42,8.49,8.56,8.8,9.11,9.4,8.85,8.85
1987-12-04,8.47,8.59,8.67,8.92,9.25,9.58,9.03,9.03
1987-12-07,8.41,8.53,8.62,8.91,9.27,9.61,8.98,8.98
1987-12-08,8.44,8.56,8.65,8.94,9.3,9.64,9.02,9.02
1987-12-09,8.45,8.55,8.62,8.91,9.28,9.63,8.99,8.99
1987-12-10,8.52,8.64,8.73,9.02,9.38,9.69,9,9
1987-12-11,8.59,8.77,8.88,9.19,9.55,9.85,9.11,9.11
1987-12-14,8.6,8.78,8.9,9.21,9.56,9.81,9.07,9.07
1987-12-15,8.74,8.94,9.05,9.33,9.64,9.86,9.12,9.12
1987-12-16,8.94,9.12,9.19,9.4,9.68,9.88,9.11,9.11
1987-12-17,9.03,9.18,9.22,9.39,9.65,9.86,9.08,9.08
1987-12-18,8.99,9.1,9.12,9.31,9.61,9.82,8.98,8.98
1987-12-21,8.97,9.03,9.04,9.24,9.53,9.75,8.92,8.92
1987-12-22,8.95,9.01,9.03,9.23,9.53,9.74,8.95,8.95
1987-12-23,8.96,9,9.01,9.22,9.51,9.73,8.93,8.93
1987-12-24,8.88,8.87,8.87,9.1,9.42,9.64,8.87,8.87
1987-12-25,8.88,8.87,8.87,9.1,9.42,9.64,8.87,8.87
1987-12-28,8.88,8.87,8.87,9.1,9.42,9.64,8.87,8.87
1987-12-29,8.84,8.84,8.84,9.07,9.38,9.6,8.88,8.88
1987-12-30,8.9,8.91,8.93,9.16,9.46,9.67,8.95,8.95
1987-12-31,8.87,8.86,8.89,9.14,9.45,9.66,8.88,8.88
1988-01-01,8.87,8.86,8.89,9.14,9.45,9.66,8.88,8.88
1988-01-04,8.95,8.96,8.98,9.2,9.5,9.71,8.93,8.93
1988-01-05,8.96,8.99,9.02,9.28,9.59,9.79,8.92,8.92
1988-01-06,9.06,9.08,9.1,9.33,9.64,9.84,8.97,8.97
1988-01-07,9.1,9.17,9.2,9.42,9.7,9.87,9.01,9.01
1988-01-08,9.2,9.27,9.3,9.5,9.77,9.93,9.07,9.07
1988-01-11,9.14,9.19,9.23,9.45,9.73,9.89,9.02,9.02
1988-01-12,9.13,9.22,9.25,9.47,9.73,9.9,9.01,9.01
1988-01-13,9.19,9.3,9.36,9.59,9.88,10.05,9.11,9.11
1988-01-14,9.11,9.16,9.21,9.46,9.76,9.93,8.99,8.99
1988-01-15,9.19,9.17,9.17,9.39,9.66,9.81,8.9,8.9
1988-01-18,9.03,9.06,9.1,9.31,9.56,9.69,8.83,8.83
1988-01-19,9.07,9.14,9.18,9.38,9.63,9.76,8.88,8.88
1988-01-20,9.04,9.11,9.15,9.34,9.57,9.69,8.85,8.85
1988-01-21,9,9.1,9.13,9.3,9.51,9.63,8.83,8.83
1988-01-22,8.85,8.97,9.02,9.2,9.43,9.57,8.77,8.77
1988-01-25,8.78,8.86,8.9,9.09,9.34,9.5,8.74,8.74
1988-01-26,8.87,8.96,9,9.19,9.44,9.6,8.84,8.84
1988-01-27,8.83,8.91,8.95,9.14,9.4,9.57,8.79,8.79
1988-01-28,8.73,8.8,8.84,9.02,9.27,9.44,8.73,8.73
1988-01-29,8.86,8.9,8.9,9.03,9.24,9.39,8.7,8.7
1988-02-01,9.09,9.08,9.05,9.15,9.35,9.49,8.76,8.76
1988-02-02,9.05,9.07,9.05,9.13,9.31,9.44,8.72,8.72
1988-02-03,9.03,9.06,9.06,9.16,9.33,9.44,8.72,8.72
1988-02-04,9.08,9.11,9.1,9.2,9.37,9.49,8.75,8.75
1988-02-05,9.14,9.15,9.15,9.26,9.44,9.56,8.82,8.82
1988-02-08,9.32,9.34,9.34,9.43,9.6,9.7,8.9,8.9
1988-02-09,9.2,9.21,9.23,9.35,9.54,9.64,8.82,8.82
1988-02-10,9.15,9.17,9.19,9.33,9.52,9.61,8.78,8.78
1988-02-11,9.24,9.27,9.28,9.4,9.56,9.64,8.83,8.83
1988-02-12,9.3,9.32,9.31,9.41,9.57,9.66,8.82,8.82
1988-02-15,9.32,9.33,9.32,9.41,9.58,9.67,8.84,8.84
1988-02-16,9.24,9.27,9.27,9.37,9.55,9.65,8.81,8.81
1988-02-17,9.21,9.23,9.23,9.33,9.5,9.57,8.75,8.75
1988-02-18,9.18,9.2,9.2,9.3,9.46,9.53,8.69,8.69
1988-02-19,9.13,9.15,9.13,9.21,9.36,9.42,8.6,8.6
1988-02-22,9.14,9.17,9.16,9.23,9.37,9.43,8.61,8.61
1988-02-23,9.11,9.14,9.12,9.19,9.32,9.38,8.59,8.59
1988-02-24,9.11,9.12,9.09,9.15,9.28,9.36,8.6,8.6
1988-02-25,9.07,9.03,9,9.08,9.22,9.29,8.55,8.55
1988-02-26,9.08,9.04,9.02,9.09,9.24,9.32,8.56,8.56
1988-02-29,9.04,9.01,8.98,9.04,9.18,9.24,8.52,8.52
1988-03-01,8.99,8.95,8.93,8.99,9.13,9.22,8.53,8.53
1988-03-02,8.95,8.95,8.94,9.01,9.15,9.23,8.56,8.56
1988-03-03,8.92,8.92,8.91,8.99,9.13,9.22,8.55,8.55
1988-03-04,8.94,8.94,8.93,9,9.16,9.29,8.61,8.61
1988-03-07,8.84,8.84,8.84,8.93,9.08,9.19,8.52,8.52
1988-03-08,8.87,8.88,8.88,8.96,9.09,9.18,8.52,8.52
1988-03-09,8.86,8.87,8.87,8.94,9.07,9.16,8.47,8.47
1988-03-10,8.88,8.91,8.92,8.99,9.13,9.21,8.5,8.5
1988-03-11,8.85,8.9,8.94,9.04,9.16,9.2,8.45,8.45
1988-03-14,8.78,8.83,8.86,8.96,9.08,9.13,8.42,8.42
1988-03-15,8.87,8.92,8.93,8.99,9.08,9.12,8.49,8.49
1988-03-16,8.84,8.87,8.9,9.01,9.16,9.21,8.46,8.46
1988-03-17,8.66,8.74,8.8,8.98,9.17,9.25,8.49,8.49
1988-03-18,8.62,8.66,8.74,8.95,9.16,9.28,8.56,8.56
1988-03-21,8.59,8.67,8.76,8.98,9.2,9.32,8.57,8.57
1988-03-22,8.56,8.65,8.73,8.94,9.16,9.29,8.54,8.54
1988-03-23,8.52,8.62,8.7,8.91,9.13,9.26,8.53,8.53
1988-03-24,8.54,8.64,8.71,8.91,9.13,9.25,8.53,8.53
1988-03-25,8.66,8.73,8.79,8.98,9.19,9.33,8.58,8.58
1988-03-28,8.66,8.72,8.77,8.96,9.18,9.31,8.55,8.55
1988-03-29,8.55,8.62,8.69,8.91,9.14,9.27,8.47,8.47
1988-03-30,8.51,8.59,8.66,8.87,9.09,9.21,8.46,8.46
1988-03-31,8.4,8.49,8.57,8.8,9.02,9.13,8.42,8.42
1988-04-01,8.4,8.49,8.57,8.8,9.02,9.13,8.42,8.42
1988-04-04,8.4,8.49,8.57,8.8,9.02,9.13,8.42,8.42
1988-04-05,8.44,8.52,8.6,8.81,9.03,9.14,8.42,8.42
1988-04-06,8.46,8.57,8.64,8.85,9.07,9.19,8.48,8.48
1988-04-07,8.49,8.59,8.66,8.86,9.08,9.2,8.48,8.48
1988-04-08,8.3,8.33,8.42,8.71,9,9.18,8.5,8.5
1988-04-11,8.28,8.36,8.44,8.71,9,9.19,8.52,8.52
1988-04-12,8.29,8.37,8.44,8.7,8.99,9.18,8.48,8.48
1988-04-13,8.31,8.41,8.47,8.71,8.99,9.19,8.47,8.47
1988-04-14,8.29,8.37,8.44,8.7,8.98,9.18,8.48,8.48
1988-04-15,8.18,8.27,8.36,8.63,8.93,9.15,8.47,8.47
1988-04-18,8.05,8.18,8.29,8.59,8.89,9.12,8.47,8.47
1988-04-19,8.06,8.19,8.3,8.6,8.91,9.16,8.52,8.52
1988-04-20,8.11,8.24,8.36,8.66,8.96,9.19,8.55,8.55
1988-04-21,8.18,8.29,8.4,8.68,8.99,9.21,8.54,8.54
1988-04-22,8.41,8.56,8.66,8.91,9.17,9.35,8.59,8.59
1988-04-25,8.61,8.77,8.83,9.01,9.25,9.4,8.62,8.62
1988-04-26,8.64,8.77,8.81,8.99,9.23,9.39,8.61,8.61
1988-04-27,8.63,8.77,8.82,9.01,9.24,9.39,8.59,8.59
1988-04-28,8.73,8.88,8.93,9.1,9.31,9.44,8.62,8.62
1988-04-29,8.53,8.65,8.73,8.96,9.22,9.39,8.58,8.58
1988-05-02,8.53,8.65,8.73,8.96,9.22,9.39,8.58,8.58
1988-05-03,8.71,8.83,8.9,9.1,9.33,9.46,8.65,8.65
1988-05-04,8.67,8.8,8.87,9.09,9.32,9.45,8.62,8.62
1988-05-05,8.66,8.78,8.86,9.08,9.31,9.44,8.62,8.62
1988-05-06,8.68,8.81,8.89,9.1,9.33,9.44,8.63,8.63
1988-05-09,8.55,8.72,8.82,9.06,9.31,9.44,8.61,8.61
1988-05-10,8.54,8.72,8.82,9.06,9.3,9.43,8.63,8.63
1988-05-11,8.57,8.74,8.84,9.08,9.32,9.45,8.62,8.62
1988-05-12,8.53,8.72,8.83,9.07,9.32,9.44,8.63,8.63
1988-05-13,8.42,8.62,8.73,8.99,9.24,9.38,8.58,8.58
1988-05-16,8.31,8.53,8.66,8.94,9.21,9.37,8.59,8.59
1988-05-17,8.2,8.47,8.62,8.93,9.23,9.45,8.68,8.68
1988-05-18,8.24,8.52,8.66,8.96,9.26,9.46,8.67,8.67
1988-05-19,8.18,8.5,8.64,8.95,9.27,9.48,8.7,8.7
1988-05-20,8.18,8.49,8.63,8.93,9.23,9.44,8.66,8.66
1988-05-23,8.16,8.44,8.58,8.89,9.21,9.42,8.66,8.66
1988-05-24,8.16,8.46,8.59,8.89,9.21,9.41,8.62,8.62
1988-05-25,8.2,8.47,8.6,8.9,9.21,9.41,8.61,8.61
1988-05-26,8.25,8.56,8.67,8.95,9.25,9.45,8.62,8.62
1988-05-27,8.3,8.6,8.71,8.98,9.28,9.45,8.6,8.6
1988-05-30,8.3,8.6,8.71,8.98,9.28,9.45,8.6,8.6
1988-05-31,8.38,8.65,8.75,9.02,9.31,9.48,8.63,8.63
1988-06-01,8.65,8.84,8.89,9.08,9.33,9.47,8.6,8.6
1988-06-02,8.86,8.98,9,9.16,9.36,9.46,8.63,8.63
1988-06-03,8.88,8.97,9.01,9.17,9.37,9.46,8.61,8.61
1988-06-06,8.78,8.89,8.94,9.12,9.32,9.4,8.56,8.56
1988-06-07,8.71,8.84,8.91,9.11,9.32,9.4,8.57,8.57
1988-06-08,8.64,8.8,8.89,9.1,9.31,9.39,8.57,8.57
1988-06-09,8.57,8.75,8.84,9.06,9.28,9.36,8.56,8.56
1988-06-10,8.59,8.77,8.87,9.09,9.3,9.39,8.57,8.57
1988-06-13,8.54,8.74,8.85,9.08,9.3,9.4,8.58,8.58
1988-06-14,8.66,8.79,8.85,9.03,9.22,9.29,8.48,8.48
1988-06-15,8.68,8.8,8.85,9.02,9.2,9.28,8.51,8.51
1988-06-16,8.82,8.91,8.95,9.1,9.28,9.38,8.58,8.58
1988-06-17,8.98,9.02,9.04,9.17,9.35,9.44,8.6,8.6
1988-06-20,9.17,9.19,9.16,9.23,9.39,9.47,8.62,8.62
1988-06-21,9.05,9.11,9.12,9.23,9.4,9.49,8.62,8.62
1988-06-22,9.04,9.11,9.12,9.24,9.41,9.48,8.61,8.61
1988-06-23,9.19,9.26,9.25,9.33,9.48,9.55,8.66,8.66
1988-06-24,9.42,9.45,9.41,9.44,9.56,9.6,8.68,8.68
1988-06-27,9.61,9.58,9.54,9.57,9.68,9.71,8.72,8.72
1988-06-28,9.47,9.51,9.48,9.51,9.63,9.66,8.67,8.67
1988-06-29,9.52,9.52,9.5,9.55,9.67,9.7,8.73,8.73
1988-06-30,9.57,9.54,9.51,9.56,9.67,9.7,8.73,8.73
1988-07-01,9.64,9.58,9.54,9.57,9.68,9.71,8.74,8.74
1988-07-04,9.86,9.76,9.69,9.67,9.76,9.77,8.77,8.77
1988-07-05,9.62,9.53,9.47,9.48,9.59,9.64,8.65,8.65
1988-07-06,9.65,9.57,9.52,9.53,9.64,9.67,8.67,8.67
1988-07-07,9.72,9.64,9.57,9.57,9.67,9.68,8.68,8.68
1988-07-08,9.82,9.73,9.65,9.63,9.69,9.66,8.63,8.63
1988-07-11,9.82,9.74,9.69,9.68,9.74,9.7,8.61,8.61
1988-07-12,9.9,9.79,9.73,9.71,9.77,9.7,8.59,8.59
1988-07-13,9.87,9.76,9.7,9.69,9.76,9.71,8.59,8.59
1988-07-14,9.94,9.83,9.76,9.73,9.77,9.7,8.58,8.58
1988-07-15,10.22,10.04,9.93,9.85,9.86,9.74,8.59,8.59
1988-07-18,10.29,10.13,10.01,9.9,9.88,9.74,8.58,8.58
1988-07-19,10.07,9.95,9.87,9.79,9.79,9.68,8.56,8.56
1988-07-20,10.07,9.92,9.84,9.78,9.79,9.69,8.56,8.56
1988-07-21,9.88,9.74,9.69,9.68,9.73,9.66,8.6,8.6
1988-07-22,9.83,9.7,9.67,9.69,9.73,9.66,8.58,8.58
1988-07-25,9.83,9.7,9.68,9.69,9.73,9.66,8.59,8.59
1988-07-26,9.93,9.78,9.73,9.72,9.76,9.69,8.59,8.59
1988-07-27,9.96,9.79,9.74,9.71,9.74,9.66,8.56,8.56
1988-07-28,9.8,9.67,9.64,9.66,9.7,9.63,8.54,8.54
1988-07-29,9.92,9.74,9.69,9.67,9.7,9.64,8.56,8.56
1988-08-01,9.91,9.73,9.68,9.68,9.71,9.64,8.55,8.55
1988-08-02,9.9,9.74,9.7,9.69,9.72,9.64,8.53,8.53
1988-08-03,9.92,9.75,9.7,9.69,9.71,9.61,8.5,8.5
1988-08-04,9.88,9.73,9.67,9.65,9.68,9.57,8.43,8.43
1988-08-05,9.96,9.8,9.72,9.69,9.7,9.6,8.46,8.46
1988-08-08,10.21,9.96,9.84,9.75,9.74,9.61,8.44,8.44
1988-08-09,10.23,9.98,9.88,9.81,9.8,9.65,8.45,8.45
1988-08-10,10.3,10.07,9.95,9.87,9.84,9.67,8.45,8.45
1988-08-11,10.22,10.03,9.94,9.87,9.84,9.68,8.44,8.44
1988-08-12,10.1,9.95,9.86,9.8,9.78,9.63,8.42,8.42
1988-08-15,10.28,10.08,9.99,9.92,9.88,9.71,8.43,8.43
1988-08-16,10.43,10.14,10.01,9.92,9.88,9.7,8.43,8.43
1988-08-17,10.42,10.14,10.02,9.93,9.89,9.7,8.44,8.44
1988-08-18,10.37,10.09,9.98,9.9,9.87,9.7,8.44,8.44
1988-08-19,10.23,9.93,9.84,9.82,9.82,9.68,8.42,8.42
1988-08-22,10.47,10.12,10,9.92,9.89,9.71,8.43,8.43
1988-08-23,10.54,10.19,10.06,9.96,9.91,9.72,8.46,8.46
1988-08-24,10.63,10.22,10.08,9.97,9.93,9.75,8.48,8.48
1988-08-25,10.69,10.26,10.11,10.01,9.96,9.78,8.52,8.52
1988-08-26,10.9,10.41,10.23,10.11,10.07,9.89,8.56,8.56
1988-08-29,10.9,10.41,10.23,10.11,10.07,9.89,8.56,8.56
1988-08-30,10.9,10.43,10.26,10.14,10.1,9.92,8.59,8.59
1988-08-31,10.92,10.44,10.26,10.15,10.12,9.94,8.64,8.64
1988-09-01,10.93,10.46,10.29,10.18,10.15,9.96,8.65,8.65
1988-09-02,11.01,10.49,10.33,10.23,10.17,9.96,8.63,8.63
1988-09-05,10.88,10.37,10.22,10.14,10.11,9.9,8.58,8.58
1988-09-06,10.85,10.34,10.19,10.11,10.08,9.88,8.59,8.59
1988-09-07,10.86,10.35,10.2,10.11,10.06,9.86,8.6,8.6
1988-09-08,10.97,10.45,10.27,10.16,10.11,9.9,8.62,8.62
1988-09-09,10.98,10.44,10.27,10.16,10.1,9.9,8.62,8.62
1988-09-12,10.9,10.38,10.22,10.12,10.07,9.87,8.62,8.62
1988-09-13,10.81,10.32,10.17,10.09,10.05,9.87,8.61,8.61
1988-09-14,10.76,10.28,10.14,10.07,10.04,9.85,8.58,8.58
1988-09-15,10.84,10.36,10.22,10.12,10.08,9.89,8.62,8.62
1988-09-16,10.86,10.38,10.24,10.14,10.09,9.88,8.62,8.62
1988-09-19,10.94,10.44,10.3,10.19,10.13,9.91,8.63,8.63
1988-09-20,10.63,10.22,10.1,10.04,10.01,9.82,8.55,8.55
1988-09-21,10.64,10.21,10.1,10.03,10,9.81,8.52,8.52
1988-09-22,10.67,10.24,10.13,10.06,10.03,9.84,8.53,8.53
1988-09-23,10.58,10.19,10.1,10.04,10.01,9.8,8.49,8.49
1988-09-26,10.49,10.11,10.03,10.01,9.98,9.76,8.45,8.45
1988-09-27,10.2,9.83,9.8,9.85,9.88,9.72,8.4,8.4
1988-09-28,10.25,9.9,9.86,9.89,9.89,9.71,8.43,8.43
1988-09-29,10.28,9.91,9.85,9.87,9.87,9.69,8.4,8.4
1988-09-30,10.28,9.88,9.83,9.85,9.85,9.67,8.37,8.37
1988-10-03,10.34,9.91,9.85,9.86,9.85,9.67,8.38,8.38
1988-10-04,10.51,9.99,9.89,9.87,9.84,9.64,8.36,8.36
1988-10-05,10.5,9.99,9.89,9.85,9.82,9.62,8.33,8.33
1988-10-06,10.41,9.9,9.81,9.79,9.76,9.56,8.3,8.3
1988-10-07,10.29,9.81,9.74,9.72,9.69,9.49,8.26,8.26
1988-10-10,10.31,9.8,9.7,9.67,9.63,9.43,8.24,8.24
1988-10-11,10.3,9.83,9.72,9.67,9.64,9.46,8.25,8.25
1988-10-12,10.33,9.85,9.74,9.68,9.65,9.48,8.28,8.28
1988-10-13,10.39,9.91,9.79,9.73,9.7,9.51,8.27,8.27
1988-10-14,10.42,9.93,9.8,9.72,9.68,9.5,8.27,8.27
1988-10-17,10.32,9.83,9.7,9.64,9.61,9.44,8.21,8.21
1988-10-18,10.32,9.82,9.69,9.62,9.6,9.43,8.19,8.19
1988-10-19,10.32,9.81,9.67,9.59,9.57,9.4,8.19,8.19
1988-10-20,10.37,9.84,9.69,9.61,9.58,9.42,8.21,8.21
1988-10-21,10.64,10.02,9.78,9.61,9.56,9.4,8.21,8.21
1988-10-24,10.8,10.13,9.88,9.7,9.63,9.45,8.25,8.25
1988-10-25,10.86,10.16,9.9,9.7,9.63,9.46,8.25,8.25
1988-10-26,10.83,10.17,9.92,9.71,9.63,9.45,8.23,8.23
1988-10-27,10.49,9.88,9.71,9.6,9.55,9.36,8.16,8.16
1988-10-28,10.45,9.87,9.71,9.6,9.55,9.36,8.16,8.16
1988-10-31,10.61,10,9.79,9.64,9.57,9.37,8.16,8.16
1988-11-01,10.68,10.03,9.8,9.63,9.56,9.37,8.16,8.16
1988-11-02,10.76,10.13,9.88,9.67,9.57,9.37,8.18,8.18
1988-11-03,10.89,10.24,9.95,9.71,9.6,9.4,8.19,8.19
1988-11-04,10.91,10.28,9.99,9.73,9.62,9.42,8.21,8.21
1988-11-07,10.94,10.36,10.08,9.8,9.66,9.44,8.23,8.23
1988-11-08,10.88,10.31,10.04,9.79,9.67,9.45,8.22,8.22
1988-11-09,10.92,10.37,10.1,9.84,9.71,9.49,8.22,8.22
1988-11-10,10.75,10.24,10.01,9.79,9.68,9.47,8.21,8.21
1988-11-11,10.86,10.3,10.07,9.85,9.75,9.53,8.24,8.24
1988-11-14,10.86,10.3,10.06,9.85,9.75,9.53,8.22,8.22
1988-11-15,10.97,10.38,10.12,9.89,9.8,9.59,8.25,8.25
1988-11-16,11.01,10.43,10.17,9.94,9.84,9.61,8.24,8.24
1988-11-17,11,10.43,10.17,9.95,9.85,9.61,8.24,8.24
1988-11-18,10.89,10.34,10.12,9.93,9.83,9.58,8.21,8.21
1988-11-21,10.84,10.31,10.1,9.92,9.82,9.58,8.21,8.21
1988-11-22,10.84,10.32,10.12,9.96,9.86,9.62,8.22,8.22
1988-11-23,10.83,10.35,10.16,9.99,9.89,9.63,8.21,8.21
1988-11-24,10.9,10.41,10.21,10.03,9.91,9.63,8.22,8.22
1988-11-25,11.55,10.94,10.65,10.31,10.09,9.72,8.21,8.21
1988-11-28,11.65,11.07,10.76,10.41,10.18,9.79,8.15,8.15
1988-11-29,11.57,11.02,10.74,10.41,10.18,9.78,8.15,8.15
1988-11-30,11.57,11.01,10.73,10.41,10.18,9.79,8.18,8.18
1988-12-01,11.56,11.02,10.75,10.42,10.18,9.78,8.23,8.23
1988-12-02,11.64,11.07,10.79,10.44,10.19,9.79,8.24,8.24
1988-12-05,11.57,11,10.74,10.41,10.17,9.77,8.22,8.22
1988-12-06,11.43,10.88,10.63,10.32,10.1,9.72,8.18,8.18
1988-12-07,11.43,10.86,10.62,10.32,10.1,9.73,8.2,8.2
1988-12-08,11.56,10.94,10.68,10.38,10.17,9.79,8.23,8.23
1988-12-09,11.72,11.06,10.77,10.43,10.2,9.81,8.26,8.26
1988-12-12,11.64,11.02,10.75,10.42,10.19,9.8,8.24,8.24
1988-12-13,11.67,11.04,10.77,10.45,10.23,9.85,8.26,8.26
1988-12-14,11.51,11.04,10.83,10.55,10.35,9.97,8.35,8.35
1988-12-15,11.27,10.79,10.61,10.37,10.19,9.84,8.3,8.3
1988-12-16,11.2,10.71,10.52,10.3,10.16,9.85,8.26,8.26
1988-12-19,11.15,10.66,10.46,10.25,10.13,9.82,8.25,8.25
1988-12-20,11.1,10.59,10.39,10.2,10.09,9.79,8.21,8.21
1988-12-21,11.14,10.61,10.39,10.19,10.07,9.76,8.2,8.2
1988-12-22,11.2,10.61,10.38,10.17,10.05,9.76,8.2,8.2
1988-12-23,11.23,10.62,10.37,10.15,10.04,9.74,8.24,8.24
1988-12-26,11.23,10.62,10.37,10.15,10.04,9.74,8.24,8.24
1988-12-27,11.23,10.62,10.37,10.15,10.04,9.74,8.24,8.24
1988-12-28,11.34,10.74,10.45,10.19,10.06,9.76,8.22,8.22
1988-12-29,11.45,10.81,10.5,10.21,10.07,9.77,8.25,8.25
1988-12-30,11.51,10.87,10.55,10.24,10.09,9.79,8.25,8.25
1989-01-02,11.51,10.87,10.55,10.24,10.09,9.79,8.25,8.25
1989-01-03,11.57,10.92,10.6,10.27,10.11,9.8,8.27,8.27
1989-01-04,11.52,10.93,10.6,10.28,10.12,9.83,8.3,8.3
1989-01-05,11.53,10.96,10.64,10.33,10.16,9.85,8.3,8.3
1989-01-06,11.51,10.95,10.64,10.32,10.16,9.85,8.29,8.29
1989-01-09,11.44,10.86,10.56,10.27,10.11,9.8,8.24,8.24
1989-01-10,11.36,10.78,10.5,10.23,10.09,9.78,8.22,8.22
1989-01-11,11.36,10.75,10.46,10.2,10.07,9.78,8.23,8.23
1989-01-12,11.44,10.82,10.52,10.25,10.11,9.82,8.24,8.24
1989-01-13,11.43,10.78,10.47,10.2,10.07,9.79,8.23,8.23
1989-01-16,11.21,10.51,10.21,9.99,9.91,9.67,8.2,8.2
1989-01-17,11.35,10.65,10.32,10.04,9.91,9.66,8.28,8.28
1989-01-18,11.3,10.6,10.28,10.02,9.9,9.64,8.25,8.25
1989-01-19,11.13,10.44,10.14,9.89,9.78,9.54,8.17,8.17
1989-01-20,11.24,10.53,10.2,9.89,9.76,9.52,8.19,8.19
1989-01-23,11.16,10.45,10.12,9.83,9.7,9.47,8.17,8.17
1989-01-24,11.13,10.44,10.13,9.84,9.7,9.45,8.18,8.18
1989-01-25,11.1,10.41,10.1,9.83,9.71,9.46,8.19,8.19
1989-01-26,11.06,10.38,10.1,9.84,9.71,9.46,8.17,8.17
1989-01-27,10.93,10.27,9.99,9.75,9.64,9.4,8.14,8.14
1989-01-30,10.98,10.33,10.05,9.81,9.68,9.43,8.2,8.2
1989-01-31,11.05,10.4,10.1,9.82,9.68,9.42,8.21,8.21
1989-02-01,11.11,10.45,10.14,9.84,9.68,9.41,8.21,8.21
1989-02-02,11.08,10.41,10.09,9.79,9.64,9.38,8.19,8.19
1989-02-03,11,10.33,10.02,9.74,9.6,9.32,8.13,8.13
1989-02-06,11,10.34,10.03,9.75,9.6,9.33,8.14,8.14
1989-02-07,11,10.34,10.03,9.75,9.61,9.34,8.14,8.14
1989-02-08,10.96,10.26,9.95,9.66,9.53,9.26,8.1,8.1
1989-02-09,10.97,10.29,9.97,9.69,9.54,9.28,8.1,8.1
1989-02-10,11.04,10.34,10.02,9.73,9.59,9.33,8.11,8.11
1989-02-13,11.05,10.37,10.06,9.75,9.61,9.35,8.1,8.1
1989-02-14,11.12,10.44,10.12,9.8,9.63,9.34,8.08,8.08
1989-02-15,11.11,10.44,10.12,9.8,9.62,9.32,8.05,8.05
1989-02-16,11.1,10.43,10.12,9.8,9.63,9.32,8.01,8.01
1989-02-17,11.14,10.47,10.16,9.83,9.65,9.33,8,8
1989-02-20,11.23,10.57,10.24,9.89,9.69,9.36,8.01,8.01
1989-02-21,11.24,10.61,10.28,9.95,9.76,9.42,8.06,8.06
1989-02-22,11.43,10.79,10.42,10.03,9.83,9.49,8.08,8.08
1989-02-23,11.47,10.81,10.43,10.04,9.84,9.51,8.08,8.08
1989-02-24,11.5,10.87,10.49,10.09,9.9,9.59,8.11,8.11
1989-02-27,11.72,11.03,10.6,10.16,9.96,9.64,8.12,8.12
1989-02-28,11.58,10.9,10.51,10.12,9.93,9.6,8.1,8.1
1989-03-01,11.64,10.94,10.54,10.13,9.95,9.62,8.12,8.12
1989-03-02,11.45,10.78,10.39,10.02,9.85,9.54,8.09,8.09
1989-03-03,11.37,10.7,10.33,9.97,9.81,9.52,8.07,8.07
1989-03-06,11.21,10.6,10.25,9.9,9.75,9.47,8.06,8.06
1989-03-07,11.33,10.68,10.3,9.93,9.77,9.49,8.08,8.08
1989-03-08,11.31,10.66,10.29,9.92,9.76,9.47,8.1,8.1
1989-03-09,11.32,10.67,10.29,9.93,9.77,9.49,8.13,8.13
1989-03-10,11.34,10.69,10.31,9.95,9.79,9.51,8.11,8.11
1989-03-13,11.4,10.75,10.36,9.98,9.81,9.52,8.12,8.12
1989-03-14,11.26,10.64,10.27,9.9,9.74,9.45,8.06,8.06
1989-03-15,11.4,10.78,10.38,9.96,9.77,9.46,8.07,8.07
1989-03-16,11.42,10.81,10.4,9.98,9.79,9.47,8.08,8.08
1989-03-17,11.62,10.95,10.52,10.08,9.87,9.54,8.14,8.14
1989-03-20,11.66,10.97,10.53,10.1,9.9,9.58,8.12,8.12
1989-03-21,11.43,10.82,10.44,10.04,9.85,9.54,8.1,8.1
1989-03-22,11.34,10.77,10.41,10.03,9.85,9.55,8.11,8.11
1989-03-23,11.36,10.79,10.43,10.04,9.86,9.56,8.14,8.14
1989-03-24,11.36,10.79,10.43,10.04,9.86,9.56,8.14,8.14
1989-03-27,11.36,10.79,10.43,10.04,9.86,9.56,8.14,8.14
1989-03-28,11.41,10.88,10.51,10.1,9.91,9.6,8.15,8.15
1989-03-29,11.45,10.88,10.51,10.12,9.93,9.62,8.15,8.15
1989-03-30,11.45,10.91,10.54,10.16,9.97,9.65,8.19,8.19
1989-03-31,11.43,10.9,10.54,10.16,9.97,9.65,8.21,8.21
1989-04-03,11.51,10.99,10.63,10.23,10.02,9.69,8.24,8.24
1989-04-04,11.48,10.94,10.59,10.2,10.01,9.69,8.25,8.25
1989-04-05,11.49,10.98,10.64,10.25,10.05,9.72,8.33,8.33
1989-04-06,11.53,10.99,10.63,10.24,10.05,9.74,8.33,8.33
1989-04-07,11.71,11.16,10.77,10.35,10.14,9.81,8.35,8.35
1989-04-10,11.74,11.16,10.76,10.34,10.12,9.79,8.33,8.33
1989-04-11,11.85,11.27,10.86,10.4,10.17,9.83,8.34,8.34
1989-04-12,11.89,11.31,10.91,10.45,10.21,9.85,8.31,8.31
1989-04-13,11.94,11.39,11,10.54,10.29,9.91,8.33,8.33
1989-04-14,11.72,11.17,10.81,10.4,10.16,9.8,8.28,8.28
1989-04-17,11.56,11.08,10.75,10.34,10.1,9.75,8.27,8.27
1989-04-18,11.52,11.04,10.71,10.33,10.11,9.76,8.27,8.27
1989-04-19,11.48,11.02,10.69,10.31,10.08,9.73,8.28,8.28
1989-04-20,12.13,11.45,11.01,10.51,10.24,9.86,8.36,8.36
1989-04-21,12.03,11.4,10.97,10.49,10.22,9.83,8.36,8.36
1989-04-24,11.92,11.32,10.91,10.46,10.2,9.82,8.33,8.33
1989-04-25,11.75,11.2,10.83,10.41,10.19,9.83,8.31,8.31
1989-04-26,11.58,11.06,10.7,10.3,10.09,9.75,8.26,8.26
1989-04-27,11.51,11.03,10.68,10.28,10.07,9.73,8.25,8.25
1989-04-28,11.47,11,10.66,10.27,10.05,9.7,8.24,8.24
1989-05-01,11.47,11,10.66,10.27,10.05,9.7,8.24,8.24
1989-05-02,11.54,11.09,10.74,10.34,10.12,9.77,8.25,8.25
1989-05-03,11.43,11.02,10.7,10.32,10.11,9.75,8.26,8.26
1989-05-04,11.37,10.94,10.63,10.26,10.06,9.71,8.24,8.24
1989-05-05,11.41,10.99,10.68,10.3,10.08,9.72,8.26,8.26
1989-05-08,11.37,10.95,10.63,10.26,10.06,9.72,8.25,8.25
1989-05-09,11.52,11.07,10.73,10.34,10.13,9.78,8.28,8.28
1989-05-10,11.5,11.07,10.73,10.34,10.13,9.78,8.28,8.28
1989-05-11,11.51,11.07,10.72,10.33,10.12,9.78,8.29,8.29
1989-05-12,11.43,10.96,10.61,10.24,10.05,9.72,8.25,8.25
1989-05-15,11.43,10.97,10.63,10.26,10.07,9.75,8.26,8.26
1989-05-16,11.51,11.01,10.66,10.28,10.09,9.77,8.28,8.28
1989-05-17,11.66,11.1,10.72,10.32,10.11,9.77,8.27,8.27
1989-05-18,11.58,11.06,10.68,10.28,10.08,9.75,8.25,8.25
1989-05-19,11.62,11.08,10.69,10.29,10.09,9.75,8.25,8.25
1989-05-22,11.95,11.32,10.88,10.42,10.19,9.82,8.29,8.29
1989-05-23,12,11.38,10.95,10.48,10.23,9.85,8.32,8.32
1989-05-24,12.08,11.39,10.95,10.47,10.22,9.84,8.32,8.32
1989-05-25,12.01,11.33,10.9,10.43,10.18,9.82,8.31,8.31
1989-05-26,12.02,11.31,10.86,10.39,10.15,9.79,8.32,8.32
1989-05-29,12.02,11.31,10.86,10.39,10.15,9.79,8.32,8.32
1989-05-30,12.32,11.48,10.97,10.45,10.22,9.88,8.36,8.36
1989-05-31,12.56,11.64,11.08,10.55,10.34,10.02,8.52,8.52
1989-06-01,12.39,11.5,10.99,10.54,10.37,10.08,8.54,8.54
1989-06-02,12.26,11.47,10.99,10.58,10.41,10.12,8.59,8.59
1989-06-05,12.3,11.5,11.04,10.64,10.49,10.19,8.64,8.64
1989-06-06,12.21,11.48,11.05,10.67,10.51,10.21,8.66,8.66
1989-06-07,12.08,11.38,10.96,10.58,10.43,10.14,8.62,8.62
1989-06-08,12.09,11.36,10.92,10.53,10.38,10.09,8.57,8.57
1989-06-09,12.19,11.45,11,10.59,10.42,10.12,8.62,8.62
1989-06-12,12.52,11.66,11.15,10.7,10.53,10.22,8.67,8.67
1989-06-13,12.67,11.78,11.24,10.78,10.6,10.29,8.72,8.72
1989-06-14,12.71,11.84,11.31,10.82,10.63,10.31,8.73,8.73
1989-06-15,12.57,11.78,11.26,10.75,10.52,10.16,8.61,8.61
1989-06-16,12.38,11.64,11.15,10.69,10.47,10.13,8.61,8.61
1989-06-19,12.3,11.59,11.11,10.65,10.43,10.07,8.51,8.51
1989-06-20,12.28,11.63,11.17,10.7,10.47,10.11,8.57,8.57
1989-06-21,12.28,11.64,11.18,10.71,10.48,10.12,8.58,8.58
1989-06-22,12.34,11.68,11.21,10.74,10.51,10.15,8.6,8.6
1989-06-23,12.38,11.71,11.23,10.74,10.51,10.16,8.6,8.6
1989-06-26,12.44,11.76,11.26,10.74,10.5,10.15,8.6,8.6
1989-06-27,11.98,11.39,10.94,10.48,10.28,9.95,8.42,8.42
1989-06-28,11.97,11.37,10.92,10.45,10.25,9.93,8.44,8.44
1989-06-29,12.14,11.5,11,10.49,10.28,9.98,8.48,8.48
1989-06-30,12.19,11.51,11.01,10.51,10.29,9.97,8.46,8.46
1989-07-03,12.12,11.42,10.91,10.43,10.23,9.93,8.44,8.44
1989-07-04,12.06,11.35,10.84,10.37,10.18,9.89,8.38,8.38
1989-07-05,12.04,11.34,10.85,10.38,10.18,9.88,8.4,8.4
1989-07-06,12.07,11.4,10.91,10.44,10.26,9.96,8.46,8.46
1989-07-07,12.04,11.36,10.85,10.38,10.21,9.92,8.39,8.39
1989-07-10,11.89,11.26,10.8,10.37,10.2,9.91,8.4,8.4
1989-07-11,11.89,11.27,10.8,10.35,10.15,9.83,8.35,8.35
1989-07-12,11.9,11.27,10.8,10.34,10.14,9.82,8.34,8.34
1989-07-13,11.8,11.17,10.7,10.26,10.07,9.75,8.34,8.34
1989-07-14,11.72,11.06,10.59,10.17,10.01,9.74,8.34,8.34
1989-07-17,11.71,11.01,10.54,10.15,10.01,9.75,8.32,8.32
1989-07-18,11.78,11.05,10.57,10.17,10.03,9.77,8.34,8.34
1989-07-19,11.86,11.1,10.62,10.2,10.05,9.77,8.36,8.36
1989-07-20,11.78,11.02,10.55,10.14,9.97,9.69,8.31,8.31
1989-07-21,11.81,11.03,10.55,10.15,10,9.74,8.36,8.36
1989-07-24,11.83,11.05,10.56,10.15,10,9.75,8.34,8.34
1989-07-25,11.84,11.06,10.56,10.15,10,9.74,8.34,8.34
1989-07-26,11.7,10.92,10.45,10.04,9.89,9.64,8.29,8.29
1989-07-27,11.64,10.85,10.37,9.97,9.82,9.58,8.28,8.28
1989-07-28,11.6,10.8,10.33,9.94,9.79,9.55,8.23,8.23
1989-07-31,11.65,10.81,10.33,9.93,9.79,9.54,8.21,8.21
1989-08-01,11.74,10.88,10.39,9.98,9.83,9.57,8.21,8.21
1989-08-02,11.78,10.9,10.41,10.01,9.88,9.63,8.23,8.23
1989-08-03,11.87,10.97,10.47,10.06,9.91,9.66,8.28,8.28
1989-08-04,11.84,10.97,10.47,10.07,9.93,9.67,8.27,8.27
1989-08-07,11.76,10.91,10.44,10.04,9.87,9.6,8.25,8.25
1989-08-08,11.63,10.79,10.33,9.95,9.8,9.55,8.23,8.23
1989-08-09,11.63,10.79,10.32,9.93,9.77,9.51,8.23,8.23
1989-08-10,11.63,10.76,10.28,9.9,9.75,9.5,8.21,8.21
1989-08-11,11.71,10.82,10.34,9.95,9.79,9.53,8.24,8.24
1989-08-14,11.7,10.81,10.33,9.94,9.78,9.52,8.22,8.22
1989-08-15,11.71,10.84,10.35,9.95,9.8,9.55,8.25,8.25
1989-08-16,11.66,10.8,10.31,9.91,9.75,9.5,8.23,8.23
1989-08-17,11.64,10.77,10.29,9.9,9.76,9.51,8.23,8.23
1989-08-18,11.6,10.73,10.25,9.87,9.73,9.49,8.25,8.25
1989-08-21,11.59,10.72,10.24,9.86,9.72,9.49,8.24,8.24
1989-08-22,11.57,10.73,10.25,9.86,9.72,9.49,8.27,8.27
1989-08-23,11.7,10.85,10.36,9.96,9.82,9.59,8.32,8.32
1989-08-24,11.68,10.83,10.34,9.95,9.79,9.55,8.3,8.3
1989-08-25,11.71,10.86,10.36,9.96,9.82,9.59,8.3,8.3
1989-08-28,11.71,10.86,10.36,9.96,9.82,9.59,8.3,8.3
1989-08-29,11.77,10.9,10.4,10,9.85,9.61,8.3,8.3
1989-08-30,11.75,10.87,10.37,9.98,9.84,9.6,8.29,8.29
1989-08-31,11.95,11.05,10.53,10.09,9.91,9.65,8.32,8.32
1989-09-01,11.99,11.09,10.57,10.13,9.96,9.68,8.33,8.33
1989-09-04,12.03,11.12,10.59,10.15,9.97,9.69,8.32,8.32
1989-09-05,12.16,11.27,10.73,10.25,10.05,9.73,8.37,8.37
1989-09-06,12.19,11.29,10.75,10.27,10.05,9.74,8.38,8.38
1989-09-07,12.12,11.22,10.68,10.21,10.02,9.73,8.38,8.38
1989-09-08,12.16,11.27,10.73,10.26,10.06,9.77,8.41,8.41
1989-09-11,12.08,11.22,10.7,10.23,10.04,9.75,8.4,8.4
1989-09-12,12.09,11.22,10.7,10.25,10.06,9.77,8.41,8.41
1989-09-13,12.1,11.23,10.71,10.25,10.06,9.77,8.42,8.42
1989-09-14,12.1,11.23,10.72,10.28,10.08,9.77,8.44,8.44
1989-09-15,12.14,11.27,10.76,10.31,10.11,9.8,8.45,8.45
1989-09-18,12.14,11.27,10.74,10.28,10.08,9.77,8.41,8.41
1989-09-19,12.14,11.27,10.75,10.3,10.1,9.78,8.44,8.44
1989-09-20,12.12,11.24,10.73,10.29,10.1,9.79,8.46,8.46
1989-09-21,12.15,11.26,10.74,10.3,10.12,9.8,8.45,8.45
1989-09-22,12.14,11.26,10.74,10.3,10.11,9.8,8.45,8.45
1989-09-25,12.18,11.28,10.75,10.3,10.1,9.79,8.44,8.44
1989-09-26,12.54,11.63,11.05,10.51,10.26,9.9,8.5,8.5
1989-09-27,12.69,11.79,11.19,10.61,10.33,9.96,8.53,8.53
1989-09-28,12.72,11.83,11.24,10.64,10.35,9.98,8.55,8.55
1989-09-29,12.78,11.87,11.28,10.68,10.37,9.98,8.54,8.54
1989-10-02,12.75,11.86,11.26,10.65,10.35,9.97,8.52,8.52
1989-10-03,12.74,11.84,11.24,10.65,10.35,9.96,8.5,8.5
1989-10-04,12.84,11.92,11.32,10.73,10.44,10.05,8.51,8.51
1989-10-05,12.94,11.99,11.35,10.71,10.4,9.98,8.44,8.44
1989-10-06,12.92,11.94,11.28,10.61,10.29,9.89,8.42,8.42
1989-10-09,13.06,12.03,11.37,10.71,10.4,10.01,8.53,8.53
1989-10-10,13.09,12.06,11.4,10.75,10.45,10.07,8.62,8.62
1989-10-11,13.08,12.04,11.38,10.75,10.46,10.09,8.64,8.64
1989-10-12,13.09,12.04,11.37,10.73,10.44,10.07,8.62,8.62
1989-10-13,13.18,12.1,11.42,10.75,10.45,10.08,8.64,8.64
1989-10-16,12.7,11.71,11.08,10.51,10.28,9.97,8.58,8.58
1989-10-17,12.74,11.7,11.07,10.5,10.27,9.92,8.5,8.5
1989-10-18,12.79,11.72,11.09,10.53,10.3,9.95,8.54,8.54
1989-10-19,12.81,11.72,11.09,10.54,10.3,9.96,8.55,8.55
1989-10-20,12.82,11.71,11.08,10.53,10.31,9.99,8.61,8.61
1989-10-23,12.79,11.68,11.05,10.51,10.3,9.98,8.6,8.6
1989-10-24,12.7,11.58,10.96,10.44,10.23,9.92,8.55,8.55
1989-10-25,12.66,11.52,10.9,10.38,10.18,9.86,8.52,8.52
1989-10-26,12.64,11.5,10.88,10.36,10.14,9.81,8.51,8.51
1989-10-27,12.86,11.7,11.09,10.58,10.36,10.03,8.7,8.7
1989-10-30,12.76,11.59,11,10.53,10.32,10,8.66,8.66
1989-10-31,12.75,11.59,11,10.52,10.3,9.98,8.66,8.66
1989-11-01,12.86,11.69,11.08,10.58,10.36,10.03,8.69,8.69
1989-11-02,13.05,11.85,11.24,10.71,10.47,10.13,8.81,8.81
1989-11-03,13.04,11.85,11.23,10.7,10.46,10.12,8.79,8.79
1989-11-06,12.93,11.74,11.14,10.63,10.4,10.07,8.75,8.75
1989-11-07,12.9,11.72,11.12,10.61,10.39,10.05,8.75,8.75
1989-11-08,12.83,11.64,11.04,10.53,10.31,9.99,8.69,8.69
1989-11-09,12.77,11.59,10.99,10.5,10.29,9.97,8.67,8.67
1989-11-10,12.77,11.59,11.01,10.53,10.32,10,8.68,8.68
1989-11-13,12.75,11.6,11.03,10.57,10.37,10.05,8.71,8.71
1989-11-14,12.75,11.61,11.03,10.56,10.35,10.03,8.72,8.72
1989-11-15,12.81,11.66,11.07,10.59,10.37,10.04,8.71,8.71
1989-11-16,12.91,11.74,11.14,10.63,10.39,10.07,8.76,8.76
1989-11-17,13,11.86,11.26,10.72,10.46,10.12,8.84,8.84
1989-11-20,13.06,11.91,11.3,10.75,10.5,10.16,8.82,8.82
1989-11-21,13.04,11.9,11.29,10.75,10.5,10.14,8.78,8.78
1989-11-22,13.05,11.89,11.28,10.74,10.49,10.13,8.77,8.77
1989-11-23,12.99,11.82,11.2,10.67,10.42,10.08,8.7,8.7
1989-11-24,12.99,11.82,11.2,10.66,10.41,10.04,8.68,8.68
1989-11-27,13.15,11.96,11.32,10.76,10.5,10.14,8.76,8.76
1989-11-28,13.18,12,11.35,10.78,10.51,10.17,8.82,8.82
1989-11-29,13.21,12.05,11.41,10.84,10.57,10.21,8.88,8.88
1989-11-30,13.23,12.08,11.45,10.88,10.6,10.22,8.9,8.9
1989-12-01,13.21,12.08,11.46,10.88,10.6,10.23,8.88,8.88
1989-12-04,13.24,12.12,11.51,10.94,10.66,10.28,8.9,8.9
1989-12-05,13.19,12.09,11.47,10.91,10.61,10.22,8.86,8.86
1989-12-06,13.24,12.13,11.51,10.95,10.66,10.27,8.9,8.9
1989-12-07,13.2,12.12,11.5,10.92,10.63,10.23,8.85,8.85
1989-12-08,13.17,12.05,11.43,10.86,10.57,10.16,8.76,8.76
1989-12-11,13.15,12,11.36,10.78,10.49,10.09,8.68,8.68
1989-12-12,13.11,11.99,11.35,10.77,10.47,10.08,8.68,8.68
1989-12-13,13.18,12.04,11.39,10.79,10.5,10.09,8.68,8.68
1989-12-14,13.18,12.04,11.39,10.79,10.49,10.07,8.68,8.68
1989-12-15,13.18,11.99,11.32,10.7,10.4,9.99,8.65,8.65
1989-12-18,13.21,12,11.32,10.71,10.4,10,8.67,8.67
1989-12-19,13.16,11.94,11.26,10.65,10.35,9.96,8.65,8.65
1989-12-20,13.11,11.87,11.18,10.58,10.29,9.92,8.61,8.61
1989-12-21,13.11,11.84,11.15,10.55,10.27,9.91,8.6,8.6
1989-12-22,13.12,11.83,11.14,10.54,10.27,9.91,8.6,8.6
1989-12-25,13.12,11.83,11.14,10.54,10.27,9.91,8.6,8.6
1989-12-26,13.12,11.83,11.14,10.54,10.27,9.91,8.6,8.6
1989-12-27,13.12,11.86,11.17,10.58,10.31,9.96,8.65,8.65
1989-12-28,13.12,11.9,11.2,10.6,10.32,9.98,8.67,8.67
1989-12-29,13.12,11.89,11.18,10.57,10.28,9.93,8.65,8.65
1990-01-01,13.12,11.89,11.18,10.57,10.28,9.93,8.65,8.65
1990-01-02,13.12,11.94,11.25,10.64,10.33,9.96,8.66,8.66
1990-01-03,13.12,11.96,11.28,10.66,10.37,10.01,8.74,8.74
1990-01-04,13.12,11.92,11.24,10.63,10.33,9.98,8.73,8.73
1990-01-05,13.12,11.88,11.22,10.64,10.36,10.01,8.76,8.76
1990-01-08,13.12,11.95,11.31,10.73,10.45,10.1,8.86,8.86
1990-01-09,13.27,12.07,11.43,10.84,10.54,10.18,8.88,8.88
1990-01-10,13.3,12.11,11.48,10.89,10.6,10.24,8.9,8.9
1990-01-11,13.37,12.16,11.51,10.9,10.62,10.26,8.87,8.87
1990-01-12,13.34,12.15,11.52,10.92,10.61,10.21,8.85,8.85
1990-01-15,13.64,12.41,11.74,11.09,10.76,10.34,8.93,8.93
1990-01-16,13.66,12.45,11.79,11.14,10.8,10.38,8.94,8.94
1990-01-17,13.81,12.62,11.94,11.27,10.93,10.51,9.04,9.04
1990-01-18,13.86,12.77,12.13,11.45,11.09,10.63,9.1,9.1
1990-01-19,13.69,12.64,12.02,11.36,10.99,10.51,8.98,8.98
1990-01-22,13.76,12.74,12.12,11.44,11.05,10.58,9.08,9.08
1990-01-23,13.74,12.72,12.1,11.43,11.05,10.58,9.07,9.07
1990-01-24,13.64,12.62,12.01,11.38,11.03,10.61,9.1,9.1
1990-01-25,13.62,12.51,11.88,11.25,10.92,10.51,9.05,9.05
1990-01-26,13.62,12.53,11.88,11.24,10.93,10.56,9.06,9.06
1990-01-29,13.58,12.47,11.81,11.17,10.87,10.49,9,9
1990-01-30,13.58,12.49,11.85,11.21,10.91,10.54,9.07,9.07
1990-01-31,13.56,12.46,11.82,11.2,10.92,10.57,9.08,9.08
1990-02-01,13.5,12.41,11.77,11.18,10.9,10.55,9.07,9.07
1990-02-02,13.48,12.44,11.81,11.21,10.93,10.58,9.12,9.12
1990-02-05,13.5,12.51,11.93,11.34,11.05,10.71,9.2,9.2
1990-02-06,13.46,12.48,11.89,11.31,11.02,10.66,9.17,9.17
1990-02-07,13.49,12.5,11.94,11.39,11.12,10.76,9.21,9.21
1990-02-08,13.45,12.43,11.86,11.31,11.03,10.67,9.16,9.16
1990-02-09,13.47,12.5,11.94,11.37,11.06,10.66,9.14,9.14
1990-02-12,13.52,12.55,11.97,11.4,11.1,10.72,9.16,9.16
1990-02-13,13.44,12.46,11.89,11.3,10.99,10.6,9.05,9.05
1990-02-14,13.52,12.51,11.9,11.29,10.98,10.62,9.13,9.13
1990-02-15,13.6,12.64,12.02,11.39,11.09,10.73,9.25,9.25
1990-02-16,13.67,12.73,12.1,11.46,11.15,10.79,9.32,9.32
1990-02-19,13.74,12.85,12.24,11.6,11.27,10.89,9.41,9.41
1990-02-20,13.79,12.91,12.31,11.67,11.34,10.95,9.44,9.44
1990-02-21,13.67,12.8,12.21,11.6,11.27,10.88,9.38,9.38
1990-02-22,13.67,12.8,12.22,11.62,11.31,10.92,9.4,9.4
1990-02-23,13.61,12.72,12.14,11.55,11.24,10.85,9.33,9.33
1990-02-26,13.61,12.72,12.14,11.56,11.26,10.88,9.33,9.33
1990-02-27,13.58,12.69,12.11,11.53,11.23,10.84,9.34,9.34
1990-02-28,13.71,12.87,12.3,11.73,11.43,11.04,9.5,9.5
1990-03-01,13.84,13.02,12.46,11.88,11.59,11.19,9.55,9.55
1990-03-02,13.89,13.06,12.51,11.94,11.67,11.28,9.6,9.6
1990-03-05,14.1,13.26,12.69,12.11,11.82,11.4,9.7,9.7
1990-03-06,14.13,13.31,12.75,12.18,11.91,11.52,9.78,9.78
1990-03-07,14.11,13.27,12.71,12.15,11.86,11.44,9.76,9.76
1990-03-08,14.04,13.21,12.66,12.12,11.85,11.44,9.75,9.75
1990-03-09,14.23,13.44,12.92,12.37,12.08,11.68,10,10
1990-03-12,14.22,13.42,12.87,12.3,12.01,11.6,9.91,9.91
1990-03-13,14.3,13.5,12.95,12.35,12.03,11.61,9.92,9.92
1990-03-14,14.21,13.41,12.86,12.28,11.97,11.53,9.84,9.84
1990-03-15,14.24,13.44,12.9,12.34,12.03,11.59,9.88,9.88
1990-03-16,14.15,13.34,12.79,12.21,11.88,11.43,9.74,9.74
1990-03-19,14.21,13.43,12.89,12.33,12.02,11.57,9.86,9.86
1990-03-20,14.23,13.49,12.95,12.4,12.09,11.64,9.89,9.89
1990-03-21,14.36,13.6,13.09,12.57,12.29,11.87,10.08,10.08
1990-03-22,14.34,13.54,13.02,12.52,12.25,11.83,10.06,10.06
1990-03-23,14.33,13.55,13.03,12.51,12.24,11.83,10.06,10.06
1990-03-26,14.1,13.34,12.83,12.33,12.07,11.66,9.97,9.97
1990-03-27,14.13,13.41,12.92,12.43,12.17,11.76,10.05,10.05
1990-03-28,14.17,13.43,12.93,12.44,12.19,11.78,10.05,10.05
1990-03-29,14.12,13.38,12.88,12.38,12.11,11.69,10.03,10.03
1990-03-30,14.09,13.39,12.9,12.39,12.11,11.69,10.03,10.03
1990-04-02,14.08,13.36,12.86,12.34,12.05,11.64,10.04,10.04
1990-04-03,14.07,13.33,12.82,12.29,12,11.59,10.03,10.03
1990-04-04,13.99,13.21,12.71,12.21,11.93,11.51,9.95,9.95
1990-04-05,13.91,13.13,12.62,12.13,11.86,11.46,9.87,9.87
1990-04-06,13.98,13.23,12.72,12.21,11.94,11.54,9.96,9.96
1990-04-09,14.04,13.3,12.77,12.26,11.99,11.61,10.02,10.02
1990-04-10,14.06,13.36,12.86,12.36,12.09,11.69,10.04,10.04
1990-04-11,14.06,13.36,12.87,12.38,12.13,11.74,10.05,10.05
1990-04-12,14.11,13.42,12.94,12.46,12.21,11.83,10.1,10.1
1990-04-13,14.11,13.42,12.94,12.46,12.21,11.83,10.1,10.1
1990-04-16,14.11,13.42,12.94,12.46,12.21,11.83,10.1,10.1
1990-04-17,14.18,13.52,13.04,12.55,12.31,11.93,10.19,10.19
1990-04-18,14.22,13.56,13.08,12.59,12.34,11.97,10.25,10.25
1990-04-19,14.19,13.54,13.07,12.62,12.39,12.03,10.25,10.25
1990-04-20,14.17,13.5,13.04,12.59,12.37,11.99,10.18,10.18
1990-04-23,14.21,13.53,13.07,12.63,12.41,12.04,10.2,10.2
1990-04-24,14.18,13.51,13.05,12.61,12.39,12.02,10.16,10.16
1990-04-25,14.24,13.61,13.18,12.78,12.59,12.25,10.37,10.37
1990-04-26,14.29,13.64,13.21,12.83,12.64,12.29,10.41,10.41
1990-04-27,14.31,13.7,13.29,12.93,12.74,12.38,10.48,10.48
1990-04-30,14.31,13.72,13.31,12.93,12.73,12.37,10.44,10.44
1990-05-01,14.26,13.71,13.3,12.91,12.69,12.3,10.37,10.37
1990-05-02,14.28,13.74,13.34,12.93,12.69,12.28,10.37,10.37
1990-05-03,14.22,13.64,13.23,12.81,12.56,12.13,10.24,10.24
1990-05-04,13.98,13.31,12.89,12.48,12.24,11.81,9.98,9.98
1990-05-07,13.98,13.31,12.89,12.48,12.24,11.81,9.98,9.98
1990-05-08,13.99,13.36,12.94,12.55,12.31,11.87,9.98,9.98
1990-05-09,14.01,13.39,12.99,12.6,12.37,11.94,10.07,10.07
1990-05-10,13.99,13.34,12.93,12.55,12.31,11.86,9.99,9.99
1990-05-11,13.91,13.25,12.83,12.44,12.19,11.73,9.83,9.83
1990-05-14,13.86,13.15,12.74,12.36,12.11,11.65,9.8,9.8
1990-05-15,13.87,13.15,12.74,12.36,12.14,11.72,9.9,9.9
1990-05-16,13.88,13.15,12.74,12.36,12.14,11.72,9.92,9.92
1990-05-17,13.5,12.68,12.24,11.9,11.73,11.39,9.69,9.69
1990-05-18,13.48,12.61,12.18,11.85,11.69,11.37,9.73,9.73
1990-05-21,13.26,12.4,11.99,11.7,11.57,11.27,9.71,9.71
1990-05-22,13.29,12.39,11.97,11.67,11.56,11.3,9.75,9.75
1990-05-23,13.41,12.51,12.06,11.75,11.65,11.4,9.86,9.86
1990-05-24,13.57,12.64,12.16,11.83,11.71,11.45,9.87,9.87
1990-05-25,13.65,12.73,12.24,11.9,11.77,11.5,9.92,9.92
1990-05-28,13.65,12.73,12.24,11.9,11.77,11.5,9.92,9.92
1990-05-29,13.66,12.72,12.23,11.89,11.77,11.5,9.9,9.9
1990-05-30,13.62,12.64,12.14,11.8,11.69,11.44,9.83,9.83
1990-05-31,13.66,12.69,12.19,11.84,11.73,11.47,9.84,9.84
1990-06-01,13.57,12.53,12.03,11.69,11.59,11.33,9.72,9.72
1990-06-04,13.43,12.48,12,11.66,11.55,11.28,9.71,9.71
1990-06-05,13.47,12.53,12.03,11.69,11.58,11.33,9.76,9.76
1990-06-06,13.52,12.61,12.14,11.8,11.68,11.42,9.87,9.87
1990-06-07,13.4,12.52,12.07,11.75,11.64,11.38,9.84,9.84
1990-06-08,13.38,12.49,12.04,11.72,11.62,11.37,9.83,9.83
1990-06-11,13.37,12.54,12.11,11.78,11.66,11.4,9.89,9.89
1990-06-12,13.32,12.46,12.04,11.72,11.57,11.28,9.8,9.8
1990-06-13,13.19,12.33,11.91,11.59,11.44,11.15,9.68,9.68
1990-06-14,13.12,12.18,11.74,11.4,11.24,10.95,9.55,9.55
1990-06-15,13.2,12.29,11.84,11.48,11.33,11.05,9.64,9.64
1990-06-18,13.3,12.43,11.99,11.63,11.48,11.2,9.76,9.76
1990-06-19,13.29,12.42,11.97,11.61,11.46,11.18,9.73,9.73
1990-06-20,13.16,12.24,11.78,11.41,11.26,10.97,9.55,9.55
1990-06-21,13.16,12.26,11.8,11.44,11.29,11.02,9.59,9.59
1990-06-22,13.15,12.24,11.78,11.41,11.25,10.96,9.54,9.54
1990-06-25,13.14,12.25,11.79,11.42,11.25,10.97,9.57,9.57
1990-06-26,13.13,12.21,11.75,11.37,11.2,10.92,9.55,9.55
1990-06-27,13.19,12.32,11.87,11.5,11.33,11.03,9.61,9.61
1990-06-28,13.19,12.28,11.83,11.48,11.32,11.03,9.61,9.61
1990-06-29,13.16,12.23,11.78,11.44,11.29,11.01,9.59,9.59
1990-07-02,13.18,12.27,11.82,11.49,11.36,11.08,9.65,9.65
1990-07-03,13.25,12.33,11.87,11.56,11.44,11.19,9.75,9.75
1990-07-04,13.18,12.26,11.83,11.55,11.44,11.19,9.71,9.71
1990-07-05,13.28,12.43,12.02,11.74,11.61,11.34,9.81,9.81
1990-07-06,13.29,12.44,12.04,11.76,11.63,11.35,9.82,9.82
1990-07-09,13.33,12.51,12.1,11.81,11.69,11.4,9.85,9.85
1990-07-10,13.27,12.44,12.04,11.75,11.6,11.29,9.74,9.74
1990-07-11,13.25,12.44,12.04,11.75,11.61,11.3,9.75,9.75
1990-07-12,13.26,12.44,12.03,11.74,11.6,11.3,9.75,9.75
1990-07-13,13.16,12.31,11.91,11.63,11.5,11.2,9.59,9.59
1990-07-16,13.02,12.17,11.78,11.5,11.36,11.06,9.56,9.56
1990-07-17,13.01,12.21,11.84,11.57,11.44,11.16,9.68,9.68
1990-07-18,13.05,12.22,11.82,11.54,11.41,11.13,9.67,9.67
1990-07-19,13.11,12.27,11.87,11.59,11.47,11.21,9.72,9.72
1990-07-20,13.04,12.19,11.8,11.53,11.41,11.14,9.67,9.67
1990-07-23,12.95,12.07,11.67,11.41,11.33,11.09,9.6,9.6
1990-07-24,13.02,12.15,11.76,11.52,11.43,11.17,9.65,9.65
1990-07-25,13.11,12.27,11.88,11.62,11.53,11.27,9.74,9.74
1990-07-26,13.08,12.23,11.84,11.6,11.5,11.24,9.73,9.73
1990-07-27,12.97,12.12,11.74,11.49,11.39,11.12,9.64,9.64
1990-07-30,12.95,12.08,11.71,11.47,11.36,11.09,9.6,9.6
1990-07-31,12.96,12.1,11.73,11.5,11.41,11.16,9.66,9.66
1990-08-01,12.87,11.98,11.61,11.39,11.3,11.06,9.59,9.59
1990-08-02,12.86,11.98,11.62,11.41,11.36,11.14,9.68,9.68
1990-08-03,12.97,12.12,11.78,11.58,11.52,11.31,9.83,9.83
1990-08-06,12.99,12.2,11.9,11.77,11.76,11.6,10.1,10.1
1990-08-07,12.92,12.09,11.78,11.67,11.69,11.58,10.12,10.12
1990-08-08,12.94,12.13,11.82,11.71,11.73,11.61,10.14,10.14
1990-08-09,12.9,12.13,11.84,11.72,11.7,11.54,10.04,10.04
1990-08-10,12.88,12.11,11.83,11.72,11.7,11.52,9.98,9.98
1990-08-13,12.9,12.16,11.89,11.79,11.78,11.62,10.09,10.09
1990-08-14,12.91,12.16,11.89,11.79,11.78,11.62,10.09,10.09
1990-08-15,12.9,12.14,11.87,11.76,11.75,11.58,10.07,10.07
1990-08-16,12.92,12.14,11.87,11.8,11.82,11.68,10.14,10.14
1990-08-17,12.97,12.19,11.93,11.88,11.92,11.79,10.22,10.22
1990-08-20,12.96,12.19,11.93,11.89,11.95,11.83,10.21,10.21
1990-08-21,12.99,12.21,11.94,11.92,12,11.9,10.24,10.24
1990-08-22,12.95,12.15,11.88,11.87,11.94,11.83,10.18,10.18
1990-08-23,12.8,12.02,11.78,11.8,11.89,11.78,10.1,10.1
1990-08-24,12.76,11.97,11.73,11.76,11.86,11.77,10.13,10.13
1990-08-27,12.76,11.97,11.73,11.76,11.86,11.77,10.13,10.13
1990-08-28,12.65,11.84,11.6,11.64,11.76,11.68,10.07,10.07
1990-08-29,12.67,11.85,11.6,11.64,11.74,11.65,10.07,10.07
1990-08-30,12.73,11.92,11.66,11.66,11.73,11.61,10.01,10.01
1990-08-31,12.67,11.84,11.58,11.57,11.64,11.51,9.89,9.89
1990-09-03,12.71,11.91,11.65,11.66,11.72,11.58,9.94,9.94
1990-09-04,12.7,11.87,11.59,11.58,11.65,11.49,9.84,9.84
1990-09-05,12.74,11.9,11.64,11.64,11.71,11.56,9.88,9.88
1990-09-06,12.72,11.9,11.64,11.64,11.7,11.54,9.87,9.87
1990-09-07,12.86,12.04,11.78,11.75,11.8,11.64,9.97,9.97
1990-09-10,12.79,11.95,11.69,11.68,11.75,11.6,9.93,9.93
1990-09-11,12.74,11.9,11.63,11.62,11.67,11.5,9.84,9.84
1990-09-12,12.81,11.98,11.72,11.7,11.73,11.53,9.86,9.86
1990-09-13,12.82,11.98,11.72,11.69,11.71,11.5,9.82,9.82
1990-09-14,12.88,12.03,11.76,11.73,11.76,11.57,9.9,9.9
1990-09-17,12.83,11.99,11.72,11.7,11.75,11.58,9.9,9.9
1990-09-18,12.82,11.99,11.73,11.71,11.74,11.56,9.88,9.88
1990-09-19,12.81,11.99,11.73,11.7,11.74,11.58,9.9,9.9
1990-09-20,12.75,11.93,11.65,11.61,11.64,11.47,9.81,9.81
1990-09-21,12.78,11.94,11.66,11.63,11.67,11.52,9.83,9.83
1990-09-24,12.8,11.98,11.7,11.66,11.7,11.54,9.9,9.9
1990-09-25,12.84,12.01,11.73,11.68,11.71,11.55,9.91,9.91
1990-09-26,12.92,12.11,11.84,11.81,11.83,11.65,10.01,10.01
1990-09-27,12.93,12.13,11.85,11.79,11.81,11.64,10.02,10.02
1990-09-28,12.84,12.03,11.75,11.7,11.74,11.58,9.92,9.92
1990-10-01,12.79,12.01,11.74,11.69,11.71,11.53,9.88,9.88
1990-10-02,12.78,11.99,11.71,11.66,11.69,11.52,9.86,9.86
1990-10-03,12.76,11.97,11.7,11.64,11.68,11.51,9.86,9.86
1990-10-04,12.73,11.92,11.64,11.6,11.64,11.47,9.82,9.82
1990-10-05,11.65,11.01,10.87,10.97,11.14,11.14,9.57,9.57
1990-10-08,11.72,11.09,10.91,10.97,11.1,11.09,9.82,9.82
1990-10-09,11.82,11.25,11.08,11.12,11.22,11.19,9.97,9.97
1990-10-10,11.79,11.27,11.12,11.14,11.23,11.19,9.94,9.94
1990-10-11,11.71,11.25,11.12,11.18,11.28,11.24,9.94,9.94
1990-10-12,11.72,11.23,11.1,11.17,11.28,11.23,9.91,9.91
1990-10-15,11.72,11.3,11.16,11.24,11.35,11.32,9.98,9.98
1990-10-16,11.72,11.31,11.16,11.22,11.34,11.32,9.98,9.98
1990-10-17,11.72,11.31,11.16,11.22,11.34,11.32,9.99,9.99
1990-10-18,11.72,11.38,11.23,11.26,11.35,11.29,9.99,9.99
1990-10-19,11.72,11.44,11.28,11.3,11.4,11.36,10.04,10.04
1990-10-22,11.72,11.36,11.2,11.22,11.31,11.26,9.93,9.93
1990-10-23,11.72,11.32,11.16,11.2,11.28,11.23,9.93,9.93
1990-10-24,11.71,11.25,11.12,11.18,11.27,11.22,9.92,9.92
1990-10-25,11.72,11.26,11.14,11.21,11.31,11.25,9.95,9.95
1990-10-26,11.66,11.21,11.1,11.19,11.3,11.25,9.94,9.94
1990-10-29,11.65,11.22,11.1,11.18,11.29,11.25,9.94,9.94
1990-10-30,11.54,11.11,11,11.09,11.22,11.2,9.96,9.96
1990-10-31,11.39,11.01,10.92,11.02,11.13,11.11,9.94,9.94
1990-11-01,11.51,11.12,11.02,11.11,11.22,11.19,10.01,10.01
1990-11-02,11.52,11.17,11.06,11.14,11.24,11.22,10.06,10.06
1990-11-05,11.36,11.03,10.95,11.04,11.16,11.16,10.04,10.04
1990-11-06,11.32,11.02,10.94,11.04,11.15,11.15,10.06,10.06
1990-11-07,11.32,11.01,10.94,11.05,11.17,11.16,10.05,10.05
1990-11-08,11.33,11.03,10.97,11.09,11.2,11.18,10.09,10.09
1990-11-09,11.34,11.05,10.99,11.11,11.23,11.22,10.14,10.14
1990-11-12,11.27,10.97,10.91,11.06,11.19,11.19,10.11,10.11
1990-11-13,11.28,10.99,10.94,11.08,11.2,11.17,10.07,10.07
1990-11-14,11.4,11.12,11.04,11.16,11.27,11.25,10.16,10.16
1990-11-15,11.34,11,10.93,11.07,11.2,11.19,10.09,10.09
1990-11-16,11.25,10.93,10.87,11.01,11.14,11.14,10.04,10.04
1990-11-19,11.2,10.89,10.84,10.99,11.11,11.09,10,10
1990-11-20,11.15,10.82,10.74,10.88,11,10.97,9.87,9.87
1990-11-21,11.16,10.8,10.7,10.81,10.93,10.9,9.84,9.84
1990-11-22,11.05,10.66,10.58,10.73,10.86,10.84,9.84,9.84
1990-11-23,10.99,10.6,10.52,10.68,10.82,10.78,9.76,9.76
1990-11-26,10.95,10.54,10.45,10.58,10.69,10.64,9.69,9.69
1990-11-27,11.02,10.59,10.51,10.65,10.75,10.69,9.73,9.73
1990-11-28,11.13,10.74,10.65,10.75,10.82,10.75,9.79,9.79
1990-11-29,11.05,10.67,10.56,10.64,10.7,10.62,9.64,9.64
1990-11-30,11.04,10.7,10.6,10.65,10.68,10.55,9.59,9.59
1990-12-03,11.06,10.71,10.61,10.65,10.66,10.53,9.59,9.59
1990-12-04,11.06,10.7,10.59,10.62,10.63,10.5,9.59,9.59
1990-12-05,11.06,10.69,10.57,10.61,10.63,10.5,9.53,9.53
1990-12-06,11.06,10.66,10.54,10.56,10.56,10.39,9.4,9.4
1990-12-07,11.05,10.63,10.49,10.5,10.51,10.36,9.39,9.39
1990-12-10,11.07,10.68,10.55,10.56,10.54,10.37,9.42,9.42
1990-12-11,11.08,10.69,10.55,10.53,10.49,10.3,9.33,9.33
1990-12-12,11.12,10.74,10.6,10.55,10.47,10.26,9.34,9.34
1990-12-13,11.26,10.81,10.63,10.55,10.47,10.24,9.3,9.3
1990-12-14,11.34,10.85,10.67,10.6,10.53,10.32,9.35,9.35
1990-12-17,11.4,10.9,10.7,10.63,10.57,10.37,9.34,9.34
1990-12-18,11.51,11.03,10.83,10.71,10.62,10.41,9.39,9.39
1990-12-19,11.44,10.97,10.76,10.66,10.58,10.37,9.34,9.34
1990-12-20,11.5,11.04,10.84,10.75,10.69,10.49,9.42,9.42
1990-12-21,11.44,11,10.84,10.77,10.71,10.49,9.43,9.43
1990-12-24,11.46,11.04,10.88,10.82,10.75,10.54,9.46,9.46
1990-12-25,11.46,11.04,10.88,10.82,10.75,10.54,9.46,9.46
1990-12-26,11.46,11.04,10.88,10.82,10.75,10.54,9.46,9.46
1990-12-27,11.45,11.03,10.88,10.82,10.75,10.55,9.49,9.49
1990-12-28,11.46,11.03,10.88,10.83,10.77,10.57,9.49,9.49
1990-12-31,11.43,11.02,10.88,10.85,10.8,10.6,9.52,9.52
1991-01-01,11.43,11.02,10.88,10.85,10.8,10.6,9.52,9.52
1991-01-02,11.51,11.07,10.89,10.82,10.75,10.53,9.46,9.46
1991-01-03,11.38,10.91,10.72,10.61,10.53,10.32,9.3,9.3
1991-01-04,11.39,10.91,10.73,10.62,10.55,10.35,9.32,9.32
1991-01-07,11.36,10.83,10.64,10.56,10.51,10.33,9.28,9.28
1991-01-08,11.34,10.82,10.63,10.56,10.53,10.38,9.38,9.38
1991-01-09,11.32,10.77,10.56,10.45,10.4,10.24,9.28,9.28
1991-01-10,11.36,10.85,10.63,10.5,10.43,10.26,9.32,9.32
1991-01-11,11.41,10.9,10.66,10.51,10.43,10.25,9.32,9.32
1991-01-14,11.51,11.01,10.76,10.61,10.54,10.38,9.42,9.42
1991-01-15,11.47,10.97,10.74,10.62,10.55,10.38,9.41,9.41
1991-01-16,11.5,11.01,10.79,10.68,10.63,10.46,9.43,9.43
1991-01-17,11.43,10.86,10.59,10.43,10.34,10.14,9.17,9.17
1991-01-18,11.44,10.83,10.55,10.37,10.27,10.06,9.14,9.14
1991-01-21,11.42,10.78,10.51,10.35,10.25,10.03,9.16,9.16
1991-01-22,11.43,10.79,10.52,10.36,10.27,10.06,9.2,9.2
1991-01-23,11.46,10.84,10.56,10.39,10.27,10.07,9.28,9.28
1991-01-24,11.43,10.79,10.51,10.31,10.19,9.98,9.22,9.22
1991-01-25,11.43,10.78,10.5,10.32,10.21,10.01,9.25,9.25
1991-01-28,11.43,10.78,10.5,10.32,10.22,10.03,9.24,9.24
1991-01-29,11.47,10.81,10.53,10.35,10.23,10.02,9.25,9.25
1991-01-30,11.45,10.78,10.5,10.3,10.17,9.96,9.22,9.22
1991-01-31,11.54,10.8,10.48,10.24,10.09,9.88,9.15,9.15
1991-02-01,11.54,10.79,10.45,10.2,10.05,9.84,9.14,9.14
1991-02-04,11.47,10.75,10.43,10.2,10.08,9.89,9.15,9.15
1991-02-05,11.34,10.61,10.32,10.15,10.06,9.89,9.17,9.17
1991-02-06,11.27,10.56,10.28,10.12,10.04,9.88,9.17,9.17
1991-02-07,11.15,10.46,10.19,10.06,9.99,9.84,9.13,9.13
1991-02-08,11.04,10.37,10.12,10.03,10,9.89,9.14,9.14
1991-02-11,11.05,10.39,10.14,10.04,10,9.87,9.15,9.15
1991-02-12,11.02,10.36,10.11,10,9.96,9.83,9.12,9.12
1991-02-13,10.9,10.25,10,9.91,9.88,9.77,9.08,9.08
1991-02-14,10.86,10.19,9.97,9.89,9.86,9.73,9.03,9.03
1991-02-15,10.89,10.21,9.98,9.91,9.89,9.77,9.06,9.06
1991-02-18,10.8,10.12,9.89,9.84,9.85,9.76,8.99,8.99
1991-02-19,10.7,10.03,9.83,9.83,9.85,9.78,9.02,9.02
1991-02-20,10.66,10.03,9.84,9.83,9.87,9.81,9.09,9.09
1991-02-21,10.69,10.07,9.86,9.85,9.89,9.83,9.09,9.09
1991-02-22,10.73,10.09,9.89,9.87,9.89,9.81,9.07,9.07
1991-02-25,10.74,10.11,9.9,9.89,9.91,9.84,9.1,9.1
1991-02-26,10.74,10.12,9.92,9.92,9.95,9.88,9.11,9.11
1991-02-27,10.63,10.05,9.89,9.93,9.97,9.9,9.11,9.11
1991-02-28,10.63,10.1,9.96,10,10.04,9.96,9.15,9.15
1991-03-01,10.69,10.16,10.02,10.06,10.11,10.04,9.17,9.17
1991-03-04,10.74,10.21,10.06,10.11,10.17,10.1,9.18,9.18
1991-03-05,10.72,10.17,10.01,10.05,10.1,10.02,9.13,9.13
1991-03-06,10.72,10.17,10.01,10.04,10.08,10.01,9.16,9.16
1991-03-07,10.62,10.08,9.94,9.98,10.02,9.94,9.12,9.12
1991-03-08,10.62,10.03,9.88,9.93,10,9.96,9.14,9.14
1991-03-11,10.53,9.98,9.85,9.92,10.01,9.98,9.17,9.17
1991-03-12,10.55,10.02,9.89,9.97,10.06,10.04,9.24,9.24
1991-03-13,10.59,10.07,9.96,10.07,10.17,10.16,9.31,9.31
1991-03-14,10.5,9.99,9.9,10.03,10.14,10.13,9.27,9.27
1991-03-15,10.43,9.98,9.9,10.03,10.15,10.16,9.31,9.31
1991-03-18,10.44,10,9.93,10.05,10.16,10.16,9.3,9.3
1991-03-19,10.51,10.08,10,10.11,10.21,10.19,9.35,9.35
1991-03-20,10.5,10.09,10.02,10.12,10.16,10.05,9.18,9.18
1991-03-21,10.39,9.96,9.9,10.02,10.08,10,9.16,9.16
1991-03-22,10.47,10.03,9.97,10.07,10.11,10.04,9.23,9.23
1991-03-25,10.54,10.11,10.04,10.13,10.17,10.09,9.28,9.28
1991-03-26,10.54,10.11,10.04,10.11,10.14,10.05,9.24,9.24
1991-03-27,10.51,10.07,10,10.08,10.1,10,9.21,9.21
1991-03-28,10.44,9.99,9.92,10,10.02,9.92,9.15,9.15
1991-03-29,10.44,9.99,9.92,10,10.02,9.92,9.15,9.15
1991-04-01,10.44,9.99,9.92,10,10.02,9.92,9.15,9.15
1991-04-02,10.48,10.03,9.96,10.03,10.03,9.92,9.17,9.17
1991-04-03,10.46,9.99,9.92,9.98,9.99,9.86,9.09,9.09
1991-04-04,10.44,9.97,9.88,9.93,9.92,9.78,9.01,9.01
1991-04-05,10.45,10,9.91,9.97,9.98,9.88,9.14,9.14
1991-04-08,10.4,9.95,9.88,9.95,9.96,9.84,9.09,9.09
1991-04-09,10.37,9.94,9.88,9.96,9.97,9.86,9.12,9.12
1991-04-10,10.37,9.96,9.9,9.98,10,9.88,9.14,9.14
1991-04-11,10.38,9.95,9.9,9.98,9.98,9.85,9.11,9.11
1991-04-12,10.44,10.01,9.98,10.07,10.06,9.92,9.18,9.18
1991-04-15,10.47,10.06,10,10.09,10.09,9.95,9.19,9.19
1991-04-16,10.49,10.08,10.02,10.09,10.1,9.97,9.19,9.19
1991-04-17,10.49,10.07,10.01,10.08,10.09,9.96,9.15,9.15
1991-04-18,10.46,10.05,10.01,10.12,10.16,10.04,9.19,9.19
1991-04-19,10.4,10.01,9.99,10.12,10.15,10.03,9.18,9.18
1991-04-22,10.43,10.06,10.04,10.15,10.16,10.03,9.19,9.19
1991-04-23,10.44,10.07,10.04,10.14,10.15,10,9.15,9.15
1991-04-24,10.47,10.09,10.04,10.13,10.14,10,9.13,9.13
1991-04-25,10.39,10.01,9.98,10.09,10.1,9.96,9.09,9.09
1991-04-26,10.41,10.06,10.05,10.16,10.18,10.05,9.21,9.21
1991-04-29,10.37,10.05,10.04,10.16,10.18,10.06,9.2,9.2
1991-04-30,10.27,9.98,9.99,10.13,10.16,10.04,9.21,9.21
1991-05-01,10.26,9.97,9.97,10.09,10.11,9.98,9.19,9.19
1991-05-02,10.25,9.96,9.96,10.08,10.11,9.99,9.18,9.18
1991-05-03,10.25,9.98,9.98,10.11,10.15,10.06,9.28,9.28
1991-05-06,10.25,9.98,9.98,10.11,10.15,10.06,9.28,9.28
1991-05-07,10.22,9.94,9.94,10.06,10.1,10,9.22,9.22
1991-05-08,10.18,9.91,9.93,10.07,10.12,10.03,9.23,9.23
1991-05-09,10.15,9.92,9.94,10.07,10.12,10.02,9.22,9.22
1991-05-10,10.14,9.92,9.95,10.08,10.12,10.03,9.25,9.25
1991-05-13,10.15,9.94,9.98,10.13,10.18,10.1,9.29,9.29
1991-05-14,10.22,10.01,10.05,10.21,10.28,10.2,9.36,9.36
1991-05-15,10.26,10.04,10.07,10.22,10.28,10.19,9.32,9.32
1991-05-16,10.23,10.01,10.05,10.22,10.28,10.2,9.34,9.34
1991-05-17,10.24,10.01,10.06,10.25,10.32,10.24,9.37,9.37
1991-05-20,10.2,9.96,10.01,10.2,10.29,10.21,9.34,9.34
1991-05-21,10.15,9.94,9.99,10.18,10.25,10.17,9.3,9.3
1991-05-22,10.13,9.92,9.98,10.17,10.24,10.15,9.31,9.31
1991-05-23,10.04,9.86,9.93,10.14,10.23,10.16,9.32,9.32
1991-05-24,10.06,9.88,9.95,10.17,10.28,10.22,9.39,9.39
1991-05-27,10.06,9.88,9.95,10.17,10.28,10.22,9.39,9.39
1991-05-28,10.05,9.87,9.94,10.16,10.26,10.19,9.33,9.33
1991-05-29,10.06,9.9,9.98,10.19,10.27,10.19,9.35,9.35
1991-05-30,10.09,9.93,10,10.21,10.3,10.23,9.39,9.39
1991-05-31,10.08,9.92,10,10.21,10.3,10.24,9.38,9.38
1991-06-03,10.07,9.95,10.04,10.25,10.34,10.28,9.41,9.41
1991-06-04,10.11,10,10.1,10.31,10.4,10.35,9.47,9.47
1991-06-05,10.09,10,10.09,10.31,10.4,10.34,9.46,9.46
1991-06-06,10.1,10.01,10.11,10.32,10.4,10.33,9.44,9.44
1991-06-07,10.03,9.96,10.09,10.32,10.4,10.31,9.47,9.47
1991-06-10,9.95,9.91,10.05,10.27,10.34,10.25,9.43,9.43
1991-06-11,9.98,9.94,10.07,10.28,10.34,10.24,9.44,9.44
1991-06-12,10.03,9.97,10.1,10.31,10.37,10.29,9.49,9.49
1991-06-13,10,9.94,10.07,10.28,10.33,10.24,9.45,9.45
1991-06-14,10.02,9.97,10.1,10.32,10.38,10.29,9.48,9.48
1991-06-17,10.07,10,10.12,10.34,10.41,10.33,9.5,9.5
1991-06-18,10.07,9.99,10.11,10.32,10.39,10.3,9.46,9.46
1991-06-19,10.04,9.97,10.09,10.32,10.4,10.31,9.47,9.47
1991-06-20,10.02,9.94,10.07,10.32,10.4,10.32,9.45,9.45
1991-06-21,10.01,9.95,10.09,10.33,10.41,10.32,9.44,9.44
1991-06-24,10.04,9.98,10.12,10.36,10.43,10.33,9.46,9.46
1991-06-25,10.08,10.01,10.15,10.39,10.47,10.38,9.52,9.52
1991-06-26,10.12,10.03,10.17,10.41,10.48,10.38,9.53,9.53
1991-06-27,10.1,10.03,10.18,10.42,10.49,10.37,9.52,9.52
1991-06-28,10.07,10,10.15,10.39,10.42,10.27,9.45,9.45
1991-07-01,10.03,9.96,10.1,10.34,10.39,10.27,9.43,9.43
1991-07-02,10,9.95,10.09,10.32,10.36,10.23,9.43,9.43
1991-07-03,9.99,9.94,10.06,10.23,10.24,10.09,9.37,9.37
1991-07-04,9.97,9.9,10.01,10.19,10.2,10.07,9.37,9.37
1991-07-05,9.96,9.88,9.98,10.13,10.14,10.03,9.31,9.31
1991-07-08,9.93,9.88,9.99,10.15,10.16,10.06,9.36,9.36
1991-07-09,9.88,9.84,9.96,10.12,10.11,9.97,9.31,9.31
1991-07-10,9.88,9.83,9.96,10.13,10.14,10,9.34,9.34
1991-07-11,9.87,9.83,9.95,10.11,10.1,9.96,9.31,9.31
1991-07-12,9.9,9.87,9.98,10.14,10.13,9.98,9.34,9.34
1991-07-15,9.94,9.9,10,10.13,10.11,9.96,9.34,9.34
1991-07-16,9.93,9.91,10.01,10.14,10.12,9.97,9.31,9.31
1991-07-17,9.93,9.89,9.99,10.13,10.11,9.96,9.96,9.96
1991-07-18,9.94,9.89,9.98,10.11,10.09,9.93,9.93,9.93
1991-07-19,9.94,9.9,10,10.14,10.12,9.98,9.98,9.98
1991-07-22,9.94,9.9,10,10.13,10.11,9.96,9.96,9.96
1991-07-23,9.95,9.9,10.01,10.15,10.13,9.98,9.98,9.98
1991-07-24,9.95,9.9,10.01,10.14,10.13,9.99,9.99,9.99
1991-07-25,9.95,9.9,9.99,10.13,10.11,9.97,9.97,9.97
1991-07-26,9.94,9.87,9.97,10.1,10.09,9.94,9.94,9.94
1991-07-29,9.98,9.89,9.97,10.1,10.08,9.92,9.92,9.92
1991-07-30,9.98,9.88,9.97,10.1,10.08,9.92,9.92,9.92
1991-07-31,9.98,9.88,9.97,10.09,10.07,9.91,9.91,9.91
1991-08-01,9.97,9.88,9.96,10.08,10.06,9.9,9.9,9.9
1991-08-02,9.9,9.82,9.9,10.01,9.96,9.78,9.78,9.78
1991-08-05,9.87,9.77,9.85,9.96,9.92,9.76,9.76,9.76
1991-08-06,9.85,9.77,9.85,9.96,9.94,9.78,9.78,9.78
1991-08-07,9.84,9.75,9.83,9.95,9.92,9.76,9.76,9.76
1991-08-08,9.85,9.75,9.82,9.93,9.9,9.75,9.75,9.75
1991-08-09,9.83,9.74,9.82,9.94,9.92,9.78,9.78,9.78
1991-08-12,9.88,9.78,9.87,10,9.98,9.83,9.83,9.83
1991-08-13,9.91,9.79,9.86,9.97,9.94,9.79,9.79,9.79
1991-08-14,9.9,9.77,9.85,9.96,9.93,9.78,9.78,9.78
1991-08-15,9.86,9.75,9.82,9.92,9.9,9.75,9.75,9.75
1991-08-16,9.84,9.75,9.83,9.94,9.92,9.78,9.78,9.78
1991-08-19,9.76,9.7,9.79,9.93,9.93,9.81,9.81,9.81
1991-08-20,9.75,9.7,9.79,9.91,9.9,9.79,9.79,9.79
1991-08-21,9.79,9.71,9.78,9.89,9.88,9.75,9.75,9.75
1991-08-22,9.81,9.74,9.81,9.89,9.86,9.72,9.72,9.72
1991-08-23,9.81,9.74,9.82,9.9,9.87,9.72,9.72,9.72
1991-08-26,9.81,9.74,9.82,9.9,9.87,9.72,9.72,9.72
1991-08-27,9.8,9.73,9.81,9.9,9.88,9.75,9.75,9.75
1991-08-28,9.77,9.71,9.79,9.88,9.87,9.73,9.73,9.73
1991-08-29,9.75,9.68,9.75,9.84,9.82,9.69,9.69,9.69
1991-08-30,9.74,9.68,9.75,9.85,9.84,9.7,9.7,9.7
1991-09-02,9.71,9.6,9.67,9.79,9.77,9.63,9.63,9.63
1991-09-03,9.68,9.58,9.65,9.74,9.72,9.58,9.58,9.58
1991-09-04,9.59,9.53,9.61,9.72,9.71,9.61,9.61,9.61
1991-09-05,9.48,9.47,9.56,9.68,9.69,9.59,9.59,9.59
1991-09-06,9.46,9.44,9.52,9.63,9.63,9.53,9.53,9.53
1991-09-09,9.38,9.35,9.45,9.57,9.57,9.48,9.48,9.48
1991-09-10,9.4,9.34,9.43,9.56,9.58,9.51,9.51,9.51
1991-09-11,9.38,9.34,9.44,9.56,9.57,9.48,9.48,9.48
1991-09-12,9.34,9.32,9.41,9.52,9.52,9.41,9.41,9.41
1991-09-13,9.31,9.3,9.4,9.51,9.49,9.37,9.37,9.37
1991-09-16,9.38,9.35,9.45,9.54,9.5,9.37,9.37,9.37
1991-09-17,9.42,9.37,9.46,9.54,9.5,9.37,9.37,9.37
1991-09-18,9.39,9.34,9.43,9.49,9.44,9.28,9.28,9.28
1991-09-19,9.39,9.33,9.41,9.49,9.44,9.29,9.29,9.29
1991-09-20,9.37,9.32,9.4,9.47,9.42,9.29,9.29,9.29
1991-09-23,9.4,9.37,9.46,9.53,9.48,9.33,9.33,9.33
1991-09-24,9.42,9.36,9.44,9.52,9.49,9.35,9.35,9.35
1991-09-25,9.38,9.32,9.41,9.52,9.51,9.38,9.38,9.38
1991-09-26,9.35,9.3,9.41,9.54,9.54,9.42,9.42,9.42
1991-09-27,9.36,9.31,9.41,9.54,9.54,9.41,9.41,9.41
1991-09-30,9.37,9.31,9.4,9.53,9.52,9.38,9.38,9.38
1991-10-01,9.33,9.28,9.38,9.5,9.47,9.32,9.32,9.32
1991-10-02,9.34,9.28,9.39,9.51,9.48,9.34,9.34,9.34
1991-10-03,9.34,9.28,9.38,9.51,9.48,9.34,9.34,9.34
1991-10-04,9.34,9.29,9.4,9.53,9.51,9.39,9.39,9.39
1991-10-07,9.33,9.27,9.39,9.51,9.49,9.35,9.35,9.35
1991-10-08,9.34,9.34,9.48,9.6,9.58,9.45,9.45,9.45
1991-10-09,9.42,9.4,9.53,9.66,9.63,9.51,9.51,9.51
1991-10-10,9.47,9.44,9.57,9.7,9.69,9.56,9.56,9.56
1991-10-11,9.44,9.4,9.52,9.65,9.63,9.49,9.49,9.49
1991-10-14,9.45,9.42,9.55,9.68,9.66,9.51,9.51,9.51
1991-10-15,9.45,9.42,9.54,9.68,9.67,9.54,9.54,9.54
1991-10-16,9.45,9.43,9.55,9.68,9.68,9.56,9.56,9.56
1991-10-17,9.44,9.4,9.52,9.67,9.69,9.59,9.59,9.59
1991-10-18,9.43,9.41,9.53,9.68,9.69,9.59,9.59,9.59
1991-10-21,9.5,9.48,9.61,9.77,9.77,9.65,9.65,9.65
1991-10-22,9.5,9.52,9.65,9.77,9.75,9.63,9.63,9.63
1991-10-23,9.49,9.5,9.63,9.75,9.73,9.6,9.6,9.6
1991-10-24,9.5,9.51,9.63,9.76,9.74,9.62,9.62,9.62
1991-10-25,9.53,9.49,9.6,9.71,9.69,9.56,9.56,9.56
1991-10-28,9.54,9.49,9.59,9.7,9.67,9.54,9.54,9.54
1991-10-29,9.47,9.42,9.52,9.62,9.59,9.46,9.46,9.46
1991-10-30,9.45,9.4,9.5,9.6,9.56,9.44,9.44,9.44
1991-10-31,9.47,9.41,9.51,9.61,9.59,9.46,9.46,9.46
1991-11-01,9.52,9.48,9.58,9.68,9.66,9.55,9.55,9.55
1991-11-04,9.51,9.48,9.59,9.69,9.67,9.56,9.56,9.56
1991-11-05,9.49,9.46,9.57,9.68,9.67,9.57,9.57,9.57
1991-11-06,9.44,9.39,9.49,9.6,9.58,9.46,9.46,9.46
1991-11-07,9.43,9.39,9.5,9.61,9.61,9.51,9.51,9.51
1991-11-08,9.38,9.32,9.42,9.54,9.53,9.41,9.41,9.41
1991-11-11,9.38,9.33,9.44,9.55,9.53,9.43,9.43,9.43
1991-11-12,9.44,9.38,9.48,9.57,9.54,9.43,9.43,9.43
1991-11-13,9.43,9.37,9.47,9.56,9.53,9.42,9.42,9.42
1991-11-14,9.43,9.38,9.48,9.56,9.52,9.39,9.39,9.39
1991-11-15,9.49,9.42,9.52,9.61,9.57,9.43,9.43,9.43
1991-11-18,9.55,9.48,9.57,9.65,9.6,9.46,9.46,9.46
1991-11-19,9.55,9.46,9.56,9.65,9.6,9.46,9.46,9.46
1991-11-20,9.57,9.49,9.59,9.68,9.64,9.48,9.48,9.48
1991-11-21,9.63,9.52,9.62,9.73,9.7,9.55,9.55,9.55
1991-11-22,9.75,9.66,9.76,9.87,9.83,9.68,9.68,9.68
1991-11-25,9.81,9.72,9.83,9.93,9.88,9.72,9.72,9.72
1991-11-26,9.81,9.72,9.83,9.92,9.87,9.71,9.71,9.71
1991-11-27,9.79,9.71,9.82,9.91,9.85,9.68,9.68,9.68
1991-11-28,9.78,9.71,9.81,9.9,9.84,9.66,9.66,9.66
1991-11-29,9.72,9.67,9.77,9.84,9.78,9.61,9.61,9.61
1991-12-02,9.8,9.71,9.8,9.87,9.82,9.66,9.66,9.66
1991-12-03,9.82,9.72,9.79,9.85,9.79,9.61,9.61,9.61
1991-12-04,9.81,9.7,9.77,9.82,9.74,9.55,9.55,9.55
1991-12-05,9.78,9.66,9.72,9.76,9.67,9.46,9.46,9.46
1991-12-06,9.76,9.63,9.68,9.71,9.63,9.45,9.45,9.45
1991-12-09,9.77,9.64,9.69,9.72,9.62,9.43,9.43,9.43
1991-12-10,9.77,9.62,9.68,9.7,9.61,9.42,9.42,9.42
1991-12-11,9.68,9.57,9.63,9.66,9.55,9.35,9.35,9.35
1991-12-12,9.65,9.53,9.6,9.62,9.51,9.31,9.31,9.31
1991-12-13,9.59,9.46,9.52,9.56,9.47,9.29,9.29,9.29
1991-12-16,9.55,9.45,9.53,9.57,9.48,9.29,9.29,9.29
1991-12-17,9.58,9.47,9.55,9.6,9.5,9.29,9.29,9.29
1991-12-18,9.59,9.48,9.56,9.6,9.51,9.3,9.3,9.3
1991-12-19,9.73,9.56,9.64,9.67,9.54,9.31,9.31,9.31
1991-12-20,9.83,9.64,9.71,9.72,9.58,9.33,9.33,9.33
1991-12-23,10.01,9.79,9.83,9.8,9.66,9.42,9.42,9.42
1991-12-24,9.99,9.78,9.82,9.8,9.64,9.39,9.39,9.39
1991-12-25,9.99,9.78,9.82,9.8,9.64,9.39,9.39,9.39
1991-12-26,9.99,9.78,9.82,9.8,9.64,9.39,9.39,9.39
1991-12-27,9.96,9.76,9.79,9.76,9.62,9.38,9.38,9.38
1991-12-30,10.02,9.82,9.85,9.83,9.69,9.46,9.46,9.46
1991-12-31,10.02,9.81,9.84,9.82,9.68,9.44,9.44,9.44
1992-01-01,10.02,9.81,9.84,9.82,9.68,9.44,9.44,9.44
1992-01-02,9.94,9.74,9.77,9.72,9.54,9.25,9.25,9.25
1992-01-03,9.86,9.65,9.69,9.67,9.53,9.28,9.28,9.28
1992-01-06,9.86,9.65,9.68,9.65,9.5,9.25,9.25,9.25
1992-01-07,9.83,9.62,9.64,9.6,9.44,9.18,9.18,9.18
1992-01-08,9.81,9.6,9.62,9.59,9.44,9.19,9.19,9.19
1992-01-09,9.74,9.54,9.57,9.54,9.39,9.15,9.15,9.15
1992-01-10,9.75,9.58,9.63,9.62,9.5,9.27,9.27,9.27
1992-01-13,9.77,9.61,9.66,9.67,9.56,9.33,9.33,9.33
1992-01-14,9.71,9.56,9.61,9.62,9.51,9.28,9.28,9.28
1992-01-15,9.64,9.53,9.58,9.57,9.45,9.21,9.21,9.21
1992-01-16,9.61,9.48,9.54,9.54,9.42,9.19,9.19,9.19
1992-01-17,9.58,9.43,9.5,9.5,9.37,9.15,9.15,9.15
1992-01-20,9.55,9.42,9.48,9.48,9.37,9.15,9.15,9.15
1992-01-21,9.54,9.43,9.5,9.51,9.4,9.19,9.19,9.19
1992-01-22,9.54,9.42,9.48,9.51,9.41,9.21,9.21,9.21
1992-01-23,9.46,9.36,9.44,9.47,9.38,9.18,9.18,9.18
1992-01-24,9.45,9.34,9.43,9.49,9.42,9.23,9.23,9.23
1992-01-27,9.39,9.29,9.39,9.47,9.4,9.22,9.22,9.22
1992-01-28,9.33,9.24,9.35,9.44,9.37,9.18,9.18,9.18
1992-01-29,9.35,9.25,9.35,9.43,9.36,9.17,9.17,9.17
1992-01-30,9.37,9.28,9.37,9.44,9.36,9.17,9.17,9.17
1992-01-31,9.42,9.33,9.42,9.46,9.37,9.16,9.16,9.16
1992-02-03,9.41,9.33,9.42,9.46,9.36,9.16,9.16,9.16
1992-02-04,9.42,9.34,9.42,9.44,9.33,9.11,9.11,9.11
1992-02-05,9.39,9.29,9.37,9.39,9.28,9.08,9.08,9.08
1992-02-06,9.36,9.28,9.36,9.38,9.29,9.09,9.09,9.09
1992-02-07,9.34,9.27,9.35,9.39,9.31,9.13,9.13,9.13
1992-02-10,9.29,9.22,9.29,9.34,9.27,9.11,9.11,9.11
1992-02-11,9.23,9.18,9.27,9.32,9.26,9.1,8.67,8.67
1992-02-12,9.25,9.2,9.28,9.31,9.24,9.07,8.65,8.65
1992-02-13,9.26,9.19,9.28,9.31,9.23,9.07,8.66,8.66
1992-02-14,9.27,9.22,9.32,9.37,9.3,9.14,8.71,8.71
1992-02-17,9.24,9.2,9.3,9.34,9.26,9.09,8.67,8.67
1992-02-18,9.18,9.15,9.26,9.31,9.23,9.06,8.64,8.64
1992-02-19,9.21,9.19,9.29,9.32,9.24,9.08,8.67,8.67
1992-02-20,9.17,9.18,9.28,9.31,9.22,9.06,8.67,8.67
1992-02-21,9.21,9.24,9.34,9.35,9.26,9.1,8.7,8.7
1992-02-24,9.22,9.24,9.33,9.34,9.25,9.1,8.69,8.69
1992-02-25,9.19,9.21,9.3,9.3,9.2,9.04,8.65,8.65
1992-02-26,9.18,9.2,9.29,9.28,9.17,9,8.64,8.64
1992-02-27,9.18,9.18,9.26,9.26,9.16,8.99,8.62,8.62
1992-02-28,9.19,9.2,9.29,9.29,9.2,9.04,8.67,8.67
1992-03-02,9.24,9.23,9.32,9.32,9.22,9.06,8.69,8.69
1992-03-03,9.27,9.24,9.33,9.34,9.24,9.09,8.72,8.72
1992-03-04,9.3,9.29,9.4,9.44,9.37,9.22,8.85,8.85
1992-03-05,9.39,9.36,9.45,9.5,9.43,9.28,8.85,8.85
1992-03-06,9.39,9.39,9.5,9.53,9.44,9.27,8.84,8.84
1992-03-09,9.37,9.37,9.47,9.49,9.4,9.23,8.81,8.81
1992-03-10,9.4,9.39,9.48,9.51,9.43,9.28,8.85,8.85
1992-03-11,9.47,9.49,9.59,9.63,9.55,9.39,8.91,8.91
1992-03-12,9.61,9.6,9.69,9.7,9.59,9.41,8.92,8.92
1992-03-13,9.83,9.79,9.84,9.8,9.68,9.49,8.97,8.97
1992-03-16,9.82,9.78,9.83,9.8,9.67,9.47,8.98,8.98
1992-03-17,9.76,9.73,9.79,9.75,9.62,9.4,8.94,8.94
1992-03-18,9.82,9.8,9.85,9.81,9.67,9.46,9,9
1992-03-19,9.86,9.83,9.88,9.83,9.71,9.51,9.02,9.02
1992-03-20,9.92,9.86,9.9,9.86,9.74,9.54,9.04,9.04
1992-03-23,9.95,9.9,9.92,9.85,9.72,9.51,9,9
1992-03-24,9.95,9.9,9.92,9.85,9.7,9.47,8.98,8.98
1992-03-25,9.95,9.9,9.91,9.82,9.67,9.44,8.99,8.99
1992-03-26,9.95,9.91,9.94,9.86,9.73,9.51,9.04,9.04
1992-03-27,10.03,9.99,10.02,9.95,9.82,9.6,9.09,9.09
1992-03-30,10.02,9.99,10.01,9.93,9.78,9.54,9.06,9.06
1992-03-31,10.04,10.03,10.05,9.96,9.8,9.55,9.07,9.07
1992-04-01,10.25,10.25,10.26,10.13,9.93,9.65,9.12,9.12
1992-04-02,10.28,10.26,10.26,10.11,9.9,9.62,9.1,9.1
1992-04-03,10.32,10.28,10.27,10.11,9.9,9.62,9.1,9.1
1992-04-06,10.31,10.24,10.23,10.1,9.9,9.63,9.1,9.1
1992-04-07,10.18,10.15,10.17,10.05,9.85,9.57,9.09,9.09
1992-04-08,10.03,10.03,10.06,9.96,9.78,9.51,9.05,9.05
1992-04-09,9.94,9.94,9.96,9.87,9.7,9.44,8.99,8.99
1992-04-10,9.35,9.37,9.4,9.33,9.18,8.95,8.69,8.69
1992-04-13,9.32,9.3,9.33,9.26,9.12,8.89,8.65,8.65
1992-04-14,9.3,9.26,9.29,9.24,9.09,8.87,8.67,8.67
1992-04-15,9.24,9.2,9.24,9.19,9.06,8.85,8.64,8.64
1992-04-16,9.25,9.2,9.25,9.22,9.09,8.91,8.69,8.69
1992-04-17,9.25,9.2,9.25,9.22,9.09,8.91,8.69,8.69
1992-04-20,9.25,9.2,9.25,9.22,9.09,8.91,8.69,8.69
1992-04-21,9.29,9.24,9.28,9.25,9.12,8.93,8.71,8.71
1992-04-22,9.29,9.24,9.28,9.24,9.11,8.91,8.68,8.68
1992-04-23,9.35,9.31,9.35,9.3,9.16,8.97,8.71,8.71
1992-04-24,9.38,9.31,9.34,9.28,9.16,8.97,8.67,8.67
1992-04-27,9.32,9.25,9.28,9.23,9.11,8.91,8.62,8.62
1992-04-28,9.34,9.25,9.27,9.22,9.11,8.92,8.64,8.64
1992-04-29,9.34,9.24,9.25,9.21,9.1,8.92,8.65,8.65
1992-04-30,9.35,9.26,9.27,9.21,9.1,8.94,8.67,8.67
1992-05-01,9.26,9.2,9.22,9.16,9.05,8.89,8.62,8.62
1992-05-04,9.26,9.2,9.22,9.16,9.05,8.89,8.62,8.62
1992-05-05,9.24,9.22,9.25,9.2,9.1,8.95,8.69,8.69
1992-05-06,9.23,9.2,9.22,9.17,9.06,8.91,8.66,8.66
1992-05-07,9.18,9.16,9.2,9.16,9.05,8.9,8.67,8.67
1992-05-08,9.17,9.16,9.2,9.16,9.05,8.89,8.68,8.68
1992-05-11,9.13,9.13,9.18,9.15,9.05,8.9,8.68,8.68
1992-05-12,9.13,9.13,9.18,9.15,9.06,8.92,8.69,8.69
1992-05-13,9.09,9.07,9.12,9.1,9,8.85,8.63,8.63
1992-05-14,9.08,9.08,9.15,9.13,9.02,8.86,8.65,8.65
1992-05-15,9.1,9.07,9.11,9.08,8.98,8.82,8.59,8.59
1992-05-18,9.06,9.04,9.08,9.04,8.94,8.79,8.55,8.55
1992-05-19,9.07,9.04,9.08,9.05,8.95,8.8,8.57,8.57
1992-05-20,9.06,9.03,9.06,9.01,8.89,8.73,8.52,8.52
1992-05-21,9.04,9.02,9.05,9,8.89,8.74,8.5,8.5
1992-05-22,9.01,9,9.03,8.99,8.87,8.7,8.44,8.44
1992-05-25,9.01,9,9.03,8.99,8.87,8.7,8.44,8.44
1992-05-26,9.03,9.01,9.05,9,8.89,8.74,8.47,8.47
1992-05-27,9.04,9.01,9.04,8.99,8.88,8.73,8.46,8.46
1992-05-28,9.03,9,9.02,8.97,8.86,8.69,8.42,8.42
1992-05-29,9.01,8.97,9,8.96,8.85,8.69,8.41,8.41
1992-06-01,9.04,9,9.03,8.98,8.87,8.71,8.42,8.42
1992-06-02,9.01,8.99,9.02,8.98,8.87,8.71,8.43,8.43
1992-06-03,9.08,9.08,9.12,9.08,9,8.85,8.52,8.52
1992-06-04,9.05,9.07,9.11,9.07,8.99,8.86,8.52,8.52
1992-06-05,9.08,9.09,9.13,9.08,9,8.88,8.58,8.58
1992-06-08,9.12,9.14,9.17,9.14,9.06,8.93,8.63,8.63
1992-06-09,9.11,9.14,9.18,9.14,9.05,8.93,8.64,8.64
1992-06-10,9.08,9.13,9.17,9.12,9.03,8.91,8.63,8.63
1992-06-11,9.06,9.11,9.15,9.1,9.01,8.89,8.65,8.65
1992-06-12,9.01,9.07,9.11,9.08,9.01,8.9,8.65,8.65
1992-06-15,9.01,9.09,9.13,9.1,9.03,8.94,8.68,8.68
1992-06-16,9.01,9.08,9.12,9.09,9.03,8.92,8.66,8.66
1992-06-17,9.01,9.07,9.11,9.08,9.02,8.92,8.66,8.66
1992-06-18,9,9.05,9.1,9.08,9.02,8.93,8.68,8.68
1992-06-19,8.97,9.03,9.09,9.08,9.02,8.93,8.69,8.69
1992-06-22,8.99,9.08,9.13,9.11,9.06,8.96,8.71,8.71
1992-06-23,9.03,9.11,9.17,9.17,9.11,9.02,8.73,8.73
1992-06-24,9.03,9.11,9.17,9.16,9.1,9,8.67,8.67
1992-06-25,9.01,9.1,9.15,9.14,9.08,8.96,8.62,8.62
1992-06-26,9,9.06,9.11,9.09,9.02,8.9,8.58,8.58
1992-06-29,9.04,9.11,9.16,9.14,9.06,8.93,8.6,8.6
1992-06-30,9.04,9.11,9.16,9.13,9.04,8.89,8.56,8.56
1992-07-01,9.01,9.05,9.08,9.05,8.97,8.84,8.48,8.48
1992-07-02,8.98,8.99,9.03,9.01,8.93,8.77,8.4,8.4
1992-07-03,8.88,8.89,8.92,8.91,8.84,8.71,8.38,8.38
1992-07-06,8.92,8.92,8.97,8.95,8.87,8.75,8.42,8.42
1992-07-07,8.96,8.98,9.01,8.97,8.87,8.75,8.41,8.41
1992-07-08,9.04,9.06,9.07,9,8.89,8.76,8.41,8.41
1992-07-09,9.04,9.04,9.04,8.97,8.86,8.72,8.36,8.36
1992-07-10,9.05,9.06,9.05,8.96,8.86,8.72,8.36,8.36
1992-07-13,9.19,9.21,9.19,9.06,8.93,8.78,8.41,8.41
1992-07-14,9.2,9.2,9.18,9.05,8.91,8.73,8.35,8.35
1992-07-15,9.21,9.22,9.2,9.07,8.93,8.76,8.38,8.38
1992-07-16,9.2,9.19,9.17,9.04,8.9,8.75,8.38,8.38
1992-07-17,9.31,9.28,9.24,9.1,8.97,8.81,8.45,8.45
1992-07-20,9.37,9.34,9.29,9.14,8.99,8.83,8.48,8.48
1992-07-21,9.36,9.31,9.26,9.12,8.97,8.8,8.45,8.45
1992-07-22,9.37,9.31,9.25,9.1,8.96,8.79,8.44,8.44
1992-07-23,9.38,9.33,9.28,9.12,8.97,8.8,8.44,8.44
1992-07-24,9.38,9.32,9.27,9.12,8.97,8.79,8.42,8.42
1992-07-27,9.36,9.31,9.28,9.14,8.98,8.79,8.43,8.43
1992-07-28,9.39,9.34,9.3,9.16,9.01,8.82,8.43,8.43
1992-07-29,9.4,9.35,9.33,9.2,9.04,8.84,8.45,8.45
1992-07-30,9.44,9.42,9.4,9.27,9.12,8.93,8.51,8.51
1992-07-31,9.49,9.53,9.52,9.39,9.22,9.01,8.54,8.54
1992-08-03,9.49,9.53,9.52,9.39,9.2,8.94,8.46,8.46
1992-08-04,9.48,9.52,9.53,9.42,9.24,8.99,8.5,8.5
1992-08-05,9.5,9.55,9.55,9.44,9.27,9.02,8.53,8.53
1992-08-06,9.52,9.54,9.54,9.43,9.26,9.01,8.55,8.55
1992-08-07,9.48,9.48,9.47,9.38,9.23,8.99,8.53,8.53
1992-08-10,9.45,9.45,9.45,9.37,9.23,9,8.54,8.54
1992-08-11,9.45,9.45,9.45,9.38,9.25,9.03,8.56,8.56
1992-08-12,9.47,9.49,9.5,9.43,9.29,9.08,8.58,8.58
1992-08-13,9.49,9.5,9.52,9.45,9.31,9.09,8.6,8.6
1992-08-14,9.42,9.37,9.35,9.28,9.16,8.94,8.48,8.48
1992-08-17,9.42,9.38,9.36,9.27,9.14,8.93,8.5,8.5
1992-08-18,9.44,9.43,9.4,9.3,9.15,8.92,8.49,8.49
1992-08-19,9.47,9.45,9.43,9.32,9.17,8.94,8.49,8.49
1992-08-20,9.47,9.46,9.43,9.32,9.16,8.92,8.47,8.47
1992-08-21,9.56,9.55,9.51,9.37,9.2,8.97,8.51,8.51
1992-08-24,9.72,9.74,9.71,9.55,9.35,9.08,8.58,8.58
1992-08-25,9.93,9.92,9.85,9.66,9.44,9.15,8.58,8.58
1992-08-26,9.89,9.89,9.86,9.71,9.52,9.23,8.64,8.64
1992-08-27,9.89,9.92,9.9,9.76,9.58,9.3,8.7,8.7
1992-08-28,9.84,9.86,9.86,9.75,9.59,9.31,8.71,8.71
1992-08-31,9.84,9.86,9.86,9.75,9.59,9.31,8.71,8.71
1992-09-01,9.85,9.87,9.86,9.76,9.6,9.33,8.72,8.72
1992-09-02,9.65,9.68,9.7,9.64,9.49,9.23,8.64,8.64
1992-09-03,9.46,9.54,9.53,9.42,9.25,8.99,8.44,8.44
1992-09-04,9.41,9.49,9.48,9.36,9.19,8.92,8.39,8.39
1992-09-07,9.38,9.46,9.48,9.37,9.2,8.92,8.35,8.35
1992-09-08,9.5,9.61,9.64,9.52,9.32,9,8.36,8.36
1992-09-09,9.69,9.8,9.81,9.64,9.4,9.03,8.35,8.35
1992-09-10,9.64,9.75,9.76,9.58,9.33,8.96,8.29,8.29
1992-09-11,9.73,9.87,9.85,9.62,9.34,8.95,8.28,8.28
1992-09-14,9.28,9.44,9.46,9.33,9.11,8.77,8.21,8.21
1992-09-15,9.66,9.82,9.81,9.58,9.29,8.9,8.28,8.28
1992-09-16,10.32,10.19,10.03,9.64,9.3,8.91,8.41,8.41
1992-09-17,8.97,8.95,9.06,9.17,9.15,9,8.72,8.72
1992-09-18,8.64,8.8,8.9,9.03,9.06,8.96,8.79,8.79
1992-09-21,8.24,8.45,8.66,8.94,9.08,9.11,9.03,9.03
1992-09-22,7.86,8.15,8.4,8.73,8.91,9.04,9.24,9.24
1992-09-23,7.81,8.11,8.34,8.62,8.81,8.96,9.13,9.13
1992-09-24,7.83,8.11,8.34,8.61,8.78,8.94,9.13,9.13
1992-09-25,7.84,8.13,8.35,8.6,8.76,8.93,9.18,9.18
1992-09-28,7.77,8.07,8.29,8.54,8.72,8.94,9.29,9.29
1992-09-29,7.82,8.11,8.32,8.56,8.72,8.94,9.31,9.31
1992-09-30,7.84,8.12,8.34,8.57,8.74,8.97,9.37,9.37
1992-10-01,7.73,8.05,8.29,8.58,8.79,9.06,9.5,9.5
1992-10-02,7.79,8.11,8.33,8.62,8.85,9.14,9.53,9.53
1992-10-05,7.9,8.17,8.41,8.75,9,9.29,9.59,9.59
1992-10-06,7.76,8.08,8.33,8.69,8.97,9.29,9.63,9.63
1992-10-07,7.73,8.03,8.29,8.65,8.92,9.22,9.58,9.58
1992-10-08,7.66,7.95,8.21,8.57,8.81,9.08,9.43,9.43
1992-10-09,7.66,7.96,8.22,8.55,8.77,9.01,9.32,9.32
1992-10-12,7.58,7.88,8.16,8.53,8.78,9.04,9.33,9.33
1992-10-13,7.54,7.84,8.12,8.47,8.68,8.91,9.22,9.22
1992-10-14,7.51,7.82,8.1,8.44,8.66,8.91,9.28,9.28
1992-10-15,7.44,7.69,7.95,8.3,8.53,8.82,9.25,9.25
1992-10-16,7.04,7.19,7.47,7.9,8.23,8.63,9.23,9.23
1992-10-19,6.89,7.02,7.32,7.86,8.3,8.82,9.54,9.54
1992-10-20,6.59,6.82,7.14,7.68,8.13,8.67,9.49,9.49
1992-10-21,6.54,6.78,7.06,7.54,7.98,8.56,9.5,9.5
1992-10-22,6.46,6.7,7,7.5,7.95,8.54,9.49,9.49
1992-10-23,6.38,6.69,6.99,7.49,7.89,8.41,9.33,9.33
1992-10-26,6.35,6.68,7.01,7.53,7.93,8.43,9.32,9.32
1992-10-27,6.29,6.62,6.94,7.48,7.9,8.41,9.28,9.28
1992-10-28,6.17,6.55,6.89,7.4,7.82,8.34,9.17,9.17
1992-10-29,6.26,6.61,6.92,7.4,7.8,8.28,9.03,9.03
1992-10-30,6.33,6.73,7.04,7.48,7.84,8.28,9.06,9.06
1992-11-02,6.28,6.64,6.97,7.49,7.92,8.42,9.22,9.22
1992-11-03,6.18,6.57,6.93,7.48,7.91,8.41,9.21,9.21
1992-11-04,6.2,6.56,6.92,7.48,7.93,8.45,9.24,9.24
1992-11-05,6.12,6.44,6.79,7.35,7.8,8.32,9.09,9.09
1992-11-06,6.09,6.44,6.78,7.3,7.73,8.25,9.07,9.07
1992-11-09,6.01,6.35,6.69,7.22,7.67,8.22,9.04,9.04
1992-11-10,6.03,6.35,6.69,7.22,7.65,8.19,9.03,9.03
1992-11-11,6.04,6.36,6.7,7.24,7.67,8.2,9.04,9.04
1992-11-12,6.06,6.41,6.76,7.28,7.7,8.21,9.01,9.01
1992-11-13,6.24,6.58,6.89,7.38,7.81,8.33,9.04,9.04
1992-11-16,6.32,6.67,7,7.53,7.96,8.47,9.1,9.1
1992-11-17,6.32,6.62,6.94,7.5,7.98,8.51,9.1,9.1
1992-11-18,6.28,6.59,6.92,7.48,7.94,8.46,9.03,9.03
1992-11-19,6.27,6.59,6.92,7.48,7.96,8.5,9.06,9.06
1992-11-20,6.25,6.61,6.96,7.51,7.98,8.52,9.08,9.08
1992-11-23,6.27,6.63,6.97,7.52,7.99,8.51,9.07,9.07
1992-11-24,6.28,6.6,6.94,7.49,7.96,8.47,9.02,9.02
1992-11-25,6.31,6.63,6.99,7.55,8,8.5,9.08,9.08
1992-11-26,6.32,6.69,7.05,7.61,8.04,8.53,9.1,9.1
1992-11-27,6.36,6.74,7.11,7.67,8.1,8.59,9.15,9.15
1992-11-30,6.52,6.98,7.35,7.84,8.22,8.66,9.19,9.19
1992-12-01,6.57,6.96,7.31,7.81,8.19,8.61,9.13,9.13
1992-12-02,6.57,6.95,7.29,7.8,8.21,8.66,9.17,9.17
1992-12-03,6.45,6.83,7.17,7.69,8.09,8.52,9.03,9.03
1992-12-04,6.46,6.82,7.15,7.66,8.07,8.51,9.05,9.05
1992-12-07,6.56,6.98,7.29,7.75,8.1,8.5,9.03,9.03
1992-12-08,6.57,6.95,7.25,7.7,8.06,8.47,8.98,8.98
1992-12-09,6.55,6.93,7.22,7.67,8.03,8.43,8.96,8.96
1992-12-10,6.59,6.96,7.26,7.72,8.09,8.5,9.01,9.01
1992-12-11,6.52,6.88,7.19,7.67,8.04,8.45,8.97,8.97
1992-12-14,6.52,6.89,7.2,7.66,8.03,8.44,8.96,8.96
1992-12-15,6.55,6.92,7.23,7.69,8.07,8.49,9.01,9.01
1992-12-16,6.58,6.92,7.22,7.67,8.05,8.47,8.99,8.99
1992-12-17,6.55,6.88,7.18,7.64,8.03,8.46,8.97,8.97
1992-12-18,6.51,6.87,7.18,7.66,8.05,8.47,8.98,8.98
1992-12-21,6.55,6.9,7.2,7.68,8.07,8.5,9.02,9.02
1992-12-22,6.52,6.84,7.14,7.61,7.99,8.43,8.99,8.99
1992-12-23,6.46,6.79,7.09,7.56,7.94,8.39,8.96,8.96
1992-12-24,6.42,6.76,7.06,7.54,7.93,8.38,8.97,8.97
1992-12-25,6.42,6.76,7.06,7.54,7.93,8.38,8.97,8.97
1992-12-28,6.42,6.76,7.06,7.54,7.93,8.38,8.97,8.97
1992-12-29,6.44,6.78,7.08,7.53,7.91,8.34,8.98,8.98
1992-12-30,6.42,6.76,7.05,7.51,7.88,8.31,8.93,8.93
1992-12-31,6.41,6.77,7.08,7.54,7.91,8.32,8.95,8.95
1993-01-01,6.41,6.77,7.08,7.54,7.91,8.32,8.95,8.95
1993-01-04,6.46,6.79,7.09,7.54,7.92,8.37,9.01,9.01
1993-01-05,6.47,6.8,7.09,7.56,7.96,8.42,9.09,9.09
1993-01-06,6.47,6.78,7.07,7.54,7.94,8.4,9.09,9.09
1993-01-07,6.49,6.79,7.06,7.54,7.96,8.44,9.1,9.1
1993-01-08,6.46,6.78,7.06,7.54,7.97,8.47,9.12,9.12
1993-01-11,6.46,6.8,7.1,7.6,8.05,8.56,9.2,9.2
1993-01-12,6.43,6.77,7.08,7.6,8.07,8.6,9.22,9.22
1993-01-13,6.39,6.72,7.02,7.55,8.03,8.57,9.19,9.19
1993-01-14,6.34,6.68,6.98,7.52,8,8.56,9.21,9.21
1993-01-15,6.27,6.61,6.93,7.5,7.99,8.55,9.19,9.19
1993-01-18,6.29,6.6,6.93,7.53,8.04,8.62,9.2,9.2
1993-01-19,6.28,6.59,6.93,7.54,8.05,8.61,9.23,9.23
1993-01-20,6.24,6.5,6.83,7.46,8,8.6,9.28,9.28
1993-01-21,6.12,6.38,6.74,7.39,7.93,8.53,9.2,9.2
1993-01-22,6.1,6.36,6.72,7.39,7.95,8.56,9.24,9.24
1993-01-25,6.14,6.41,6.79,7.47,8.01,8.58,9.3,9.3
1993-01-26,5.69,6.03,6.48,7.25,7.84,8.46,9.27,9.27
1993-01-27,5.71,6.05,6.52,7.29,7.86,8.47,9.28,9.28
1993-01-28,5.69,6.06,6.49,7.21,7.76,8.36,9.16,9.16
1993-01-29,5.65,6.03,6.47,7.2,7.77,8.38,9.17,9.17
1993-02-01,5.44,5.83,6.31,7.1,7.71,8.34,9.15,9.15
1993-02-02,5.45,5.84,6.32,7.11,7.71,8.32,9.06,9.06
1993-02-03,5.44,5.8,6.27,7.07,7.69,8.33,9.09,9.09
1993-02-04,5.42,5.78,6.26,7.1,7.74,8.37,9.08,9.08
1993-02-05,5.4,5.77,6.25,7.07,7.71,8.36,9.08,9.08
1993-02-08,5.41,5.8,6.27,7.09,7.73,8.37,9.11,9.11
1993-02-09,5.46,5.84,6.31,7.13,7.76,8.4,9.16,9.16
1993-02-10,5.44,5.84,6.31,7.12,7.74,8.38,9.18,9.18
1993-02-11,5.46,5.87,6.35,7.16,7.79,8.42,9.25,9.25
1993-02-12,5.38,5.78,6.26,7.05,7.64,8.22,8.98,8.98
1993-02-15,5.41,5.83,6.3,7.07,7.63,8.2,8.92,8.92
1993-02-16,5.44,5.84,6.31,7.08,7.63,8.17,8.88,8.88
1993-02-17,5.48,5.87,6.33,7.08,7.62,8.17,8.84,8.84
1993-02-18,5.47,5.86,6.32,7.08,7.63,8.17,8.85,8.85
1993-02-19,5.4,5.79,6.25,7.01,7.56,8.11,8.8,8.8
1993-02-22,5.41,5.76,6.22,6.98,7.55,8.12,8.8,8.8
1993-02-23,5.39,5.74,6.2,6.95,7.52,8.09,8.79,8.79
1993-02-24,5.47,5.79,6.23,7,7.58,8.16,8.83,8.83
1993-02-25,5.44,5.77,6.22,6.98,7.55,8.13,8.77,8.77
1993-02-26,5.4,5.74,6.2,6.96,7.52,8.09,8.79,8.79
1993-03-01,5.37,5.72,6.18,6.92,7.45,7.98,8.71,8.71
1993-03-02,5.42,5.78,6.23,6.94,7.46,7.99,8.72,8.72
1993-03-03,5.41,5.76,6.2,6.91,7.42,7.94,8.66,8.66
1993-03-04,5.44,5.79,6.23,6.93,7.44,7.96,8.67,8.67
1993-03-05,5.37,5.72,6.15,6.84,7.34,7.87,8.58,8.58
1993-03-08,5.34,5.69,6.12,6.81,7.31,7.84,8.54,8.54
1993-03-09,5.37,5.74,6.18,6.86,7.36,7.88,8.57,8.57
1993-03-10,5.4,5.77,6.2,6.86,7.34,7.83,8.55,8.55
1993-03-11,5.36,5.73,6.18,6.87,7.38,7.92,8.69,8.69
1993-03-12,5.34,5.68,6.11,6.81,7.33,7.88,8.64,8.64
1993-03-15,5.34,5.7,6.13,6.84,7.35,7.88,8.62,8.62
1993-03-16,5.44,5.84,6.28,6.97,7.47,7.98,8.72,8.72
1993-03-17,5.44,5.81,6.23,6.92,7.43,7.96,8.64,8.64
1993-03-18,5.49,5.84,6.24,6.89,7.38,7.87,8.51,8.51
1993-03-19,5.6,5.94,6.3,6.91,7.39,7.91,8.58,8.58
1993-03-22,5.68,6.04,6.4,6.99,7.45,7.97,8.67,8.67
1993-03-23,5.67,6.06,6.43,7.03,7.49,8.02,8.76,8.76
1993-03-24,5.65,6.06,6.45,7.03,7.49,8,8.77,8.77
1993-03-25,5.63,6.06,6.45,7.04,7.49,8.01,8.8,8.8
1993-03-26,5.66,6.09,6.48,7.08,7.55,8.08,8.83,8.83
1993-03-29,5.59,6.04,6.44,7.07,7.56,8.1,8.84,8.84
1993-03-30,5.55,5.99,6.42,7.07,7.56,8.08,8.81,8.81
1993-03-31,5.58,6.01,6.43,7.06,7.52,7.98,8.63,8.63
1993-04-01,5.58,6.06,6.48,7.1,7.54,8,8.66,8.66
1993-04-02,5.59,6.03,6.44,7.06,7.5,7.95,8.61,8.61
1993-04-05,5.6,6.04,6.45,7.08,7.54,8,8.68,8.68
1993-04-06,5.6,6.03,6.45,7.08,7.53,7.97,8.62,8.62
1993-04-07,5.58,6.02,6.42,7.04,7.49,7.94,8.55,8.55
1993-04-08,5.55,5.97,6.38,7.03,7.49,7.93,8.52,8.52
1993-04-09,5.55,5.97,6.38,7.03,7.49,7.93,8.52,8.52
1993-04-12,5.55,5.97,6.38,7.03,7.49,7.93,8.52,8.52
1993-04-13,5.52,5.95,6.36,6.98,7.43,7.87,8.48,8.48
1993-04-14,5.6,6.05,6.48,7.12,7.55,7.96,8.55,8.55
1993-04-15,5.68,6.13,6.54,7.16,7.58,7.98,8.55,8.55
1993-04-16,5.87,6.32,6.69,7.26,7.67,8.08,8.68,8.68
1993-04-19,5.98,6.44,6.78,7.29,7.66,8.04,8.65,8.65
1993-04-20,5.95,6.39,6.73,7.26,7.66,8.07,8.66,8.66
1993-04-21,5.93,6.37,6.72,7.28,7.7,8.1,8.65,8.65
1993-04-22,6.02,6.48,6.81,7.32,7.72,8.12,8.63,8.63
1993-04-23,6.01,6.49,6.83,7.35,7.75,8.15,8.63,8.63
1993-04-26,6.06,6.54,6.88,7.39,7.77,8.15,8.64,8.64
1993-04-27,5.96,6.46,6.82,7.34,7.72,8.08,8.58,8.58
1993-04-28,5.96,6.49,6.86,7.4,7.8,8.19,8.7,8.7
1993-04-29,6.03,6.59,6.99,7.57,7.97,8.35,8.78,8.78
1993-04-30,5.98,6.52,6.93,7.52,7.94,8.33,8.75,8.75
1993-05-03,5.98,6.52,6.93,7.52,7.94,8.33,8.75,8.75
1993-05-04,5.94,6.44,6.85,7.47,7.9,8.28,8.68,8.68
1993-05-05,5.9,6.43,6.85,7.46,7.89,8.28,8.69,8.69
1993-05-06,5.92,6.46,6.9,7.53,7.96,8.33,8.76,8.76
1993-05-07,5.81,6.37,6.83,7.48,7.92,8.32,8.76,8.76
1993-05-10,5.76,6.32,6.8,7.47,7.92,8.33,8.72,8.72
1993-05-11,5.71,6.32,6.81,7.49,7.94,8.34,8.73,8.73
1993-05-12,5.7,6.29,6.78,7.46,7.9,8.29,8.72,8.72
1993-05-13,5.73,6.33,6.81,7.48,7.92,8.33,8.78,8.78
1993-05-14,5.79,6.37,6.84,7.49,7.94,8.36,8.8,8.8
1993-05-17,5.82,6.41,6.86,7.51,7.94,8.35,8.78,8.78
1993-05-18,5.85,6.42,6.87,7.51,7.95,8.35,8.77,8.77
1993-05-19,5.8,6.37,6.82,7.46,7.9,8.31,8.7,8.7
1993-05-20,5.81,6.38,6.83,7.47,7.91,8.31,8.7,8.7
1993-05-21,5.8,6.37,6.83,7.47,7.91,8.32,8.72,8.72
1993-05-24,5.73,6.34,6.81,7.47,7.92,8.32,8.74,8.74
1993-05-25,5.71,6.31,6.78,7.45,7.91,8.32,8.75,8.75
1993-05-26,5.69,6.28,6.75,7.42,7.86,8.27,8.73,8.73
1993-05-27,5.71,6.3,6.77,7.43,7.87,8.27,8.7,8.7
1993-05-28,5.77,6.34,6.81,7.5,7.96,8.36,8.79,8.79
1993-05-31,5.77,6.34,6.81,7.5,7.96,8.36,8.79,8.79
1993-06-01,5.64,6.22,6.72,7.45,7.93,8.36,8.77,8.77
1993-06-02,5.59,6.21,6.72,7.43,7.9,8.31,8.7,8.7
1993-06-03,5.58,6.22,6.72,7.42,7.88,8.28,8.7,8.7
1993-06-04,5.58,6.22,6.73,7.43,7.89,8.3,8.71,8.71
1993-06-07,5.62,6.23,6.73,7.43,7.89,8.29,8.7,8.7
1993-06-08,5.61,6.23,6.74,7.43,7.88,8.28,8.7,8.7
1993-06-09,5.59,6.22,6.73,7.41,7.85,8.22,8.63,8.63
1993-06-10,5.63,6.22,6.72,7.4,7.82,8.19,8.61,8.61
1993-06-11,5.6,6.21,6.72,7.4,7.83,8.2,8.63,8.63
1993-06-14,5.61,6.19,6.69,7.38,7.81,8.17,8.6,8.6
1993-06-15,5.6,6.2,6.71,7.4,7.82,8.19,8.61,8.61
1993-06-16,5.58,6.18,6.69,7.37,7.79,8.16,8.59,8.59
1993-06-17,5.63,6.21,6.71,7.38,7.77,8.1,8.48,8.48
1993-06-18,5.62,6.2,6.7,7.36,7.75,8.06,8.44,8.44
1993-06-21,5.58,6.13,6.63,7.28,7.67,7.98,8.4,8.4
1993-06-22,5.56,6.11,6.6,7.26,7.66,8,8.39,8.39
1993-06-23,5.57,6.11,6.59,7.25,7.64,7.97,8.36,8.36
1993-06-24,5.54,6.1,6.57,7.2,7.58,7.91,8.32,8.32
1993-06-25,5.56,6.13,6.6,7.23,7.61,7.92,8.29,8.29
1993-06-28,5.56,6.09,6.56,7.18,7.55,7.87,8.21,8.21
1993-06-29,5.56,6.09,6.56,7.19,7.57,7.91,8.28,8.28
1993-06-30,5.52,6.04,6.51,7.15,7.54,7.86,8.22,8.22
1993-07-01,5.49,5.98,6.45,7.12,7.54,7.88,8.24,8.24
1993-07-02,5.47,5.94,6.41,7.1,7.52,7.86,8.25,8.25
1993-07-05,5.47,5.91,6.38,7.05,7.48,7.84,8.26,8.26
1993-07-06,5.46,5.88,6.33,7,7.43,7.79,8.22,8.22
1993-07-07,5.47,5.9,6.35,7.02,7.45,7.81,8.25,8.25
1993-07-08,5.48,5.9,6.34,7,7.43,7.8,8.25,8.25
1993-07-09,5.48,5.89,6.32,6.99,7.41,7.78,8.24,8.24
1993-07-12,5.5,5.89,6.32,6.98,7.4,7.76,8.2,8.2
1993-07-13,5.54,5.95,6.38,7.02,7.43,7.77,8.2,8.2
1993-07-14,5.5,5.9,6.32,6.94,7.33,7.66,8.13,8.13
1993-07-15,5.49,5.87,6.29,6.93,7.32,7.64,8.14,8.14
1993-07-16,5.51,5.9,6.33,6.98,7.37,7.68,8.07,8.07
1993-07-19,5.55,5.96,6.38,7.02,7.4,7.7,8.06,8.06
1993-07-20,5.56,5.97,6.4,7.03,7.41,7.68,8.03,8.03
1993-07-21,5.64,6.09,6.52,7.12,7.47,7.73,8.03,8.03
1993-07-22,5.59,6.04,6.47,7.09,7.45,7.72,8.05,8.05
1993-07-23,5.57,6.02,6.46,7.1,7.47,7.75,8.06,8.06
1993-07-26,5.54,5.97,6.42,7.07,7.46,7.75,8.04,8.04
1993-07-27,5.54,5.97,6.42,7.09,7.5,7.8,8.04,8.04
1993-07-28,5.38,5.84,6.31,6.98,7.4,7.71,8.03,8.03
1993-07-29,5.38,5.8,6.26,6.95,7.35,7.66,7.99,7.99
1993-07-30,5.28,5.67,6.14,6.85,7.26,7.58,7.94,7.94
1993-08-02,5.3,5.67,6.14,6.85,7.27,7.59,7.95,7.95
1993-08-03,5.31,5.65,6.08,6.75,7.17,7.5,7.89,7.89
1993-08-04,5.33,5.69,6.12,6.78,7.17,7.49,7.88,7.88
1993-08-05,5.33,5.67,6.09,6.74,7.13,7.45,7.85,7.85
1993-08-06,5.31,5.63,6.04,6.67,7.04,7.35,7.72,7.72
1993-08-09,5.33,5.67,6.07,6.67,7.04,7.34,7.61,7.61
1993-08-10,5.32,5.65,6.05,6.64,6.99,7.27,7.61,7.61
1993-08-11,5.27,5.58,5.96,6.52,6.86,7.15,7.51,7.51
1993-08-12,5.3,5.6,5.98,6.57,6.92,7.22,7.53,7.53
1993-08-13,5.27,5.59,5.97,6.52,6.84,7.11,7.46,7.46
1993-08-16,5.29,5.59,5.97,6.53,6.86,7.14,7.45,7.45
1993-08-17,5.29,5.6,5.98,6.51,6.81,7.07,7.4,7.4
1993-08-18,5.32,5.64,6.02,6.55,6.85,7.1,7.38,7.38
1993-08-19,5.35,5.69,6.08,6.6,6.9,7.16,7.45,7.45
1993-08-20,5.33,5.69,6.08,6.62,6.92,7.17,7.46,7.46
1993-08-23,5.31,5.67,6.06,6.6,6.91,7.16,7.46,7.46
1993-08-24,5.3,5.64,6.04,6.63,6.96,7.22,7.51,7.51
1993-08-25,5.29,5.62,6.03,6.61,6.93,7.19,7.5,7.5
1993-08-26,5.35,5.67,6.06,6.62,6.93,7.18,7.52,7.52
1993-08-27,5.33,5.64,6.02,6.55,6.82,7.05,7.4,7.4
1993-08-30,5.33,5.64,6.02,6.55,6.82,7.05,7.4,7.4
1993-08-31,5.33,5.63,6.01,6.54,6.8,6.99,7.34,7.34
1993-09-01,5.34,5.63,5.99,6.51,6.79,7,7.35,7.35
1993-09-02,5.38,5.7,6.06,6.56,6.83,7.05,7.43,7.43
1993-09-03,5.38,5.69,6.06,6.54,6.8,7.01,7.41,7.41
1993-09-06,5.39,5.7,6.06,6.55,6.81,7.03,7.42,7.42
1993-09-07,5.4,5.69,6.04,6.51,6.77,6.97,7.34,7.34
1993-09-08,5.42,5.69,6.03,6.49,6.75,6.95,7.31,7.31
1993-09-09,5.47,5.73,6.06,6.52,6.78,6.98,7.3,7.3
1993-09-10,5.46,5.72,6.04,6.5,6.76,6.97,7.26,7.26
1993-09-13,5.45,5.71,6.02,6.48,6.75,6.97,7.25,7.25
1993-09-14,5.5,5.76,6.08,6.56,6.83,7.05,7.3,7.3
1993-09-15,5.59,5.86,6.19,6.71,7.02,7.26,7.44,7.44
1993-09-16,5.56,5.86,6.2,6.7,6.98,7.2,7.41,7.41
1993-09-17,5.52,5.84,6.18,6.66,6.94,7.15,7.34,7.34
1993-09-20,5.55,5.86,6.2,6.67,6.96,7.2,7.39,7.39
1993-09-21,5.55,5.87,6.2,6.67,6.96,7.21,7.39,7.39
1993-09-22,5.54,5.85,6.18,6.69,7,7.25,7.45,7.45
1993-09-23,5.51,5.81,6.15,6.64,6.95,7.19,7.42,7.42
1993-09-24,5.47,5.77,6.1,6.6,6.91,7.17,7.43,7.43
1993-09-27,5.43,5.73,6.07,6.58,6.9,7.15,7.42,7.42
1993-09-28,5.44,5.75,6.09,6.59,6.89,7.13,7.39,7.39
1993-09-29,5.44,5.75,6.09,6.59,6.88,7.1,7.34,7.34
1993-09-30,5.44,5.75,6.09,6.59,6.87,7.09,7.33,7.33
1993-10-01,5.45,5.76,6.11,6.59,6.87,7.09,7.35,7.35
1993-10-04,5.41,5.72,6.07,6.56,6.84,7.07,7.36,7.36
1993-10-05,5.41,5.7,6.05,6.53,6.81,7.04,7.34,7.34
1993-10-06,5.41,5.69,6.03,6.51,6.79,7.01,7.27,7.27
1993-10-07,5.43,5.71,6.06,6.55,6.82,7.04,7.28,7.28
1993-10-08,5.41,5.69,6.02,6.49,6.75,6.97,7.22,7.22
1993-10-11,5.4,5.68,6.02,6.5,6.77,6.98,7.24,7.24
1993-10-12,5.37,5.66,5.99,6.48,6.76,6.97,7.21,7.21
1993-10-13,5.34,5.62,5.97,6.48,6.78,7,7.23,7.23
1993-10-14,5.29,5.58,5.94,6.48,6.8,7.05,7.3,7.3
1993-10-15,5.27,5.55,5.89,6.42,6.74,7.01,7.27,7.27
1993-10-18,5.23,5.51,5.87,6.4,6.73,7.01,7.29,7.29
1993-10-19,5.22,5.5,5.83,6.35,6.69,6.98,7.22,7.22
1993-10-20,5.19,5.46,5.79,6.32,6.64,6.92,7.19,7.19
1993-10-21,5.14,5.42,5.75,6.28,6.61,6.91,7.23,7.23
1993-10-22,5.1,5.37,5.7,6.23,6.57,6.87,7.23,7.23
1993-10-25,5.17,5.44,5.78,6.31,6.65,6.95,7.27,7.27
1993-10-26,5.17,5.44,5.77,6.31,6.64,6.93,7.22,7.22
1993-10-27,5.22,5.49,5.84,6.4,6.75,7.05,7.31,7.31
1993-10-28,5.21,5.47,5.82,6.38,6.74,7.04,7.27,7.27
1993-10-29,5.17,5.45,5.83,6.4,6.76,7.05,7.28,7.28
1993-11-01,5.29,5.57,5.93,6.48,6.81,7.09,7.31,7.31
1993-11-02,5.27,5.54,5.9,6.45,6.78,7.06,7.3,7.3
1993-11-03,5.23,5.47,5.84,6.39,6.73,7.03,7.28,7.28
1993-11-04,5.2,5.45,5.81,6.37,6.72,7.03,7.28,7.28
1993-11-05,5.21,5.46,5.82,6.43,6.82,7.16,7.38,7.38
1993-11-08,5.19,5.43,5.81,6.43,6.82,7.14,7.36,7.36
1993-11-09,5.2,5.43,5.79,6.39,6.76,7.05,7.3,7.3
1993-11-10,5.22,5.45,5.81,6.4,6.78,7.08,7.3,7.3
1993-11-11,5.22,5.46,5.82,6.4,6.78,7.08,7.3,7.3
1993-11-12,5.21,5.44,5.79,6.35,6.71,6.99,7.21,7.21
1993-11-15,5.23,5.46,5.8,6.36,6.7,6.98,7.2,7.2
1993-11-16,5.24,5.47,5.81,6.35,6.69,6.96,7.19,7.19
1993-11-17,5.17,5.42,5.75,6.28,6.61,6.87,7.12,7.12
1993-11-18,5.15,5.42,5.76,6.29,6.61,6.86,7.15,7.15
1993-11-19,5.12,5.39,5.74,6.27,6.6,6.86,7.14,7.14
1993-11-22,5.17,5.43,5.77,6.32,6.66,6.94,7.22,7.22
1993-11-23,5.1,5.39,5.75,6.3,6.64,6.92,7.18,7.18
1993-11-24,5.09,5.38,5.74,6.31,6.66,6.93,7.14,7.14
1993-11-25,5.07,5.36,5.73,6.3,6.64,6.9,7.11,7.11
1993-11-26,5.03,5.34,5.71,6.29,6.63,6.88,7.05,7.05
1993-11-29,5.03,5.34,5.71,6.28,6.62,6.85,7,7
1993-11-30,5.04,5.33,5.69,6.25,6.58,6.79,6.9,6.9
1993-12-01,4.99,5.27,5.61,6.14,6.45,6.66,6.78,6.78
1993-12-02,4.94,5.2,5.55,6.12,6.46,6.7,6.83,6.83
1993-12-03,4.91,5.13,5.47,6.04,6.4,6.66,6.83,6.83
1993-12-06,4.83,5.07,5.4,5.96,6.33,6.63,6.81,6.81
1993-12-07,4.86,5.09,5.42,5.98,6.34,6.63,6.79,6.79
1993-12-08,4.83,5.04,5.37,5.92,6.28,6.56,6.71,6.71
1993-12-09,4.8,5,5.32,5.88,6.25,6.54,6.65,6.65
1993-12-10,4.84,5.02,5.34,5.88,6.24,6.51,6.65,6.65
1993-12-13,4.82,5,5.32,5.86,6.21,6.48,6.59,6.59
1993-12-14,4.83,5.01,5.32,5.86,6.21,6.48,6.62,6.62
1993-12-15,4.87,5.05,5.35,5.86,6.19,6.45,6.61,6.61
1993-12-16,4.89,5.07,5.35,5.84,6.15,6.4,6.57,6.57
1993-12-17,4.94,5.09,5.35,5.8,6.1,6.33,6.55,6.55
1993-12-20,4.91,5.11,5.39,5.83,6.1,6.32,6.56,6.56
1993-12-21,4.94,5.14,5.42,5.86,6.14,6.38,6.59,6.59
1993-12-22,4.94,5.15,5.44,5.88,6.16,6.38,6.58,6.58
1993-12-23,4.97,5.13,5.4,5.83,6.1,6.33,6.54,6.54
1993-12-24,4.9,5.1,5.38,5.81,6.09,6.32,6.53,6.53
1993-12-27,4.9,5.1,5.38,5.81,6.09,6.32,6.53,6.53
1993-12-28,4.9,5.1,5.38,5.81,6.09,6.32,6.53,6.53
1993-12-29,4.92,5.1,5.36,5.77,6.02,6.24,6.49,6.49
1993-12-30,4.9,5.1,5.37,5.78,6.03,6.26,6.5,6.5
1993-12-31,4.88,5.08,5.36,5.78,6.03,6.25,6.48,6.48
1994-01-03,4.88,5.08,5.36,5.78,6.03,6.25,6.48,6.48
1994-01-04,4.94,5.17,5.45,5.87,6.14,6.37,6.56,6.56
1994-01-05,4.99,5.21,5.49,5.91,6.19,6.42,6.6,6.6
1994-01-06,4.96,5.2,5.48,5.9,6.17,6.41,6.65,6.65
1994-01-07,4.92,5.17,5.45,5.86,6.11,6.32,6.6,6.6
1994-01-10,4.94,5.18,5.46,5.87,6.12,6.34,6.6,6.6
1994-01-11,5.03,5.27,5.53,5.92,6.17,6.41,6.64,6.64
1994-01-12,5.02,5.27,5.54,5.93,6.18,6.4,6.62,6.62
1994-01-13,5.02,5.29,5.58,5.99,6.26,6.49,6.66,6.66
1994-01-14,5.04,5.31,5.6,6.02,6.29,6.52,6.68,6.68
1994-01-17,5.01,5.29,5.57,5.98,6.26,6.5,6.71,6.71
1994-01-18,4.97,5.22,5.49,5.91,6.18,6.42,6.62,6.62
1994-01-19,4.88,5.12,5.39,5.8,6.07,6.3,6.48,6.48
1994-01-20,4.92,5.16,5.43,5.83,6.09,6.3,6.44,6.44
1994-01-21,4.94,5.18,5.45,5.86,6.11,6.33,6.45,6.45
1994-01-24,4.91,5.16,5.43,5.84,6.1,6.32,6.43,6.43
1994-01-25,4.91,5.16,5.44,5.84,6.11,6.35,6.46,6.46
1994-01-26,4.93,5.19,5.47,5.88,6.15,6.4,6.52,6.52
1994-01-27,4.93,5.2,5.49,5.93,6.22,6.48,6.61,6.61
1994-01-28,4.93,5.18,5.46,5.88,6.17,6.42,6.58,6.58
1994-01-31,4.93,5.18,5.46,5.87,6.13,6.37,6.53,6.53
1994-02-01,4.95,5.17,5.44,5.87,6.17,6.45,6.58,6.58
1994-02-02,4.97,5.19,5.46,5.89,6.19,6.45,6.62,6.62
1994-02-03,5,5.23,5.51,5.96,6.27,6.54,6.7,6.7
1994-02-04,4.99,5.24,5.54,6.03,6.34,6.6,6.69,6.69
1994-02-07,5.07,5.37,5.69,6.16,6.46,6.69,6.75,6.75
1994-02-08,4.92,5.26,5.59,6.1,6.43,6.72,6.8,6.8
1994-02-09,4.93,5.26,5.62,6.15,6.48,6.75,6.83,6.83
1994-02-10,4.93,5.3,5.67,6.19,6.51,6.77,6.83,6.83
1994-02-11,4.91,5.29,5.67,6.18,6.49,6.74,6.85,6.85
1994-02-14,4.94,5.32,5.69,6.2,6.51,6.74,6.84,6.84
1994-02-15,4.92,5.32,5.7,6.22,6.53,6.75,6.84,6.84
1994-02-16,4.9,5.29,5.67,6.19,6.49,6.72,6.82,6.82
1994-02-17,4.88,5.25,5.63,6.14,6.45,6.69,6.82,6.82
1994-02-18,4.85,5.26,5.65,6.18,6.52,6.8,6.9,6.9
1994-02-21,4.9,5.32,5.72,6.29,6.65,6.95,7.06,7.06
1994-02-22,4.96,5.41,5.85,6.42,6.73,6.95,7.02,7.02
1994-02-23,4.92,5.41,5.87,6.45,6.75,6.95,7.04,7.04
1994-02-24,4.99,5.59,6.11,6.73,7.02,7.2,7.28,7.28
1994-02-25,4.96,5.56,6.05,6.64,6.94,7.15,7.18,7.18
1994-02-28,4.91,5.47,5.96,6.55,6.86,7.06,7.09,7.09
1994-03-01,4.95,5.56,6.07,6.69,7.03,7.26,7.24,7.24
1994-03-02,4.94,5.57,6.09,6.73,7.05,7.26,7.23,7.23
1994-03-03,4.97,5.58,6.11,6.75,7.09,7.3,7.25,7.25
1994-03-04,4.91,5.55,6.06,6.68,7,7.19,7.22,7.22
1994-03-07,4.9,5.5,5.99,6.6,6.89,7.07,7.11,7.11
1994-03-08,4.91,5.51,6.01,6.63,6.96,7.16,7.21,7.21
1994-03-09,4.94,5.57,6.08,6.7,7,7.18,7.24,7.24
1994-03-10,4.93,5.53,6.05,6.68,6.99,7.17,7.22,7.22
1994-03-11,4.97,5.64,6.2,6.86,7.19,7.38,7.37,7.37
1994-03-14,4.97,5.61,6.15,6.8,7.13,7.32,7.35,7.35
1994-03-15,4.95,5.57,6.09,6.7,6.99,7.16,7.26,7.26
1994-03-16,5.02,5.7,6.23,6.86,7.16,7.33,7.42,7.42
1994-03-17,5,5.67,6.22,6.86,7.17,7.36,7.47,7.47
1994-03-18,5,5.7,6.29,7,7.33,7.5,7.55,7.55
1994-03-21,5.01,5.71,6.28,6.96,7.31,7.52,7.59,7.59
1994-03-22,4.99,5.65,6.22,6.9,7.23,7.43,7.51,7.51
1994-03-23,5.03,5.74,6.32,7.01,7.34,7.52,7.59,7.59
1994-03-24,5.18,5.99,6.6,7.3,7.62,7.78,7.75,7.75
1994-03-25,5.31,6.16,6.78,7.46,7.76,7.92,7.91,7.91
1994-03-28,5.33,6.17,6.78,7.44,7.71,7.83,7.8,7.8
1994-03-29,5.41,6.32,6.96,7.59,7.83,7.92,7.85,7.85
1994-03-30,5.51,6.34,6.92,7.47,7.66,7.7,7.66,7.66
1994-03-31,5.43,6.23,6.81,7.37,7.56,7.6,7.6,7.6
1994-04-01,5.43,6.23,6.81,7.37,7.56,7.6,7.6,7.6
1994-04-04,5.43,6.23,6.81,7.37,7.56,7.6,7.6,7.6
1994-04-05,5.51,6.31,6.91,7.48,7.65,7.66,7.69,7.69
1994-04-06,5.43,6.21,6.79,7.39,7.59,7.62,7.63,7.63
1994-04-07,5.41,6.21,6.81,7.42,7.63,7.66,7.65,7.65
1994-04-08,5.38,6.22,6.83,7.46,7.68,7.74,7.74,7.74
1994-04-11,5.36,6.19,6.8,7.41,7.6,7.64,7.64,7.64
1994-04-12,5.36,6.2,6.81,7.42,7.62,7.66,7.65,7.65
1994-04-13,5.36,6.21,6.82,7.46,7.68,7.74,7.7,7.7
1994-04-14,5.35,6.21,6.82,7.46,7.68,7.73,7.7,7.7
1994-04-15,5.29,6.17,6.78,7.39,7.58,7.61,7.57,7.57
1994-04-18,5.33,6.26,6.93,7.62,7.86,7.88,7.75,7.75
1994-04-19,5.33,6.28,6.96,7.65,7.88,7.89,7.72,7.72
1994-04-20,5.46,6.41,7.09,7.76,7.97,7.99,7.77,7.77
1994-04-21,5.52,6.49,7.13,7.72,7.89,7.88,7.72,7.72
1994-04-22,5.48,6.43,7.07,7.65,7.81,7.78,7.63,7.63
1994-04-25,5.5,6.52,7.2,7.82,7.98,7.93,7.73,7.73
1994-04-26,5.46,6.48,7.14,7.75,7.9,7.86,7.68,7.68
1994-04-27,5.45,6.47,7.13,7.72,7.88,7.85,7.64,7.64
1994-04-28,5.48,6.5,7.16,7.78,7.97,7.97,7.73,7.73
1994-04-29,5.44,6.46,7.12,7.74,7.94,7.94,7.7,7.7
1994-05-02,5.44,6.46,7.12,7.74,7.94,7.94,7.7,7.7
1994-05-03,5.53,6.58,7.24,7.87,8.07,8.1,7.86,7.86
1994-05-04,5.57,6.7,7.42,8.08,8.28,8.28,8.05,8.05
1994-05-05,5.54,6.66,7.37,8.02,8.21,8.21,7.96,7.96
1994-05-06,5.56,6.67,7.4,8.1,8.32,8.34,8.07,8.07
1994-05-09,5.64,6.76,7.49,8.18,8.39,8.39,8.11,8.11
1994-05-10,5.61,6.73,7.44,8.13,8.36,8.36,8.07,8.07
1994-05-11,5.56,6.66,7.36,8.05,8.29,8.32,8.09,8.09
1994-05-12,5.49,6.6,7.3,7.99,8.23,8.28,8.05,8.05
1994-05-13,5.43,6.51,7.19,7.87,8.11,8.14,7.92,7.92
1994-05-16,5.42,6.51,7.19,7.86,8.1,8.15,7.93,7.93
1994-05-17,5.46,6.5,7.16,7.83,8.07,8.11,7.89,7.89
1994-05-18,5.54,6.52,7.16,7.79,8.01,8.04,7.82,7.82
1994-05-19,5.41,6.41,7.05,7.67,7.9,7.94,7.71,7.71
1994-05-20,5.36,6.4,7.05,7.69,7.91,7.96,7.72,7.72
1994-05-23,5.43,6.44,7.1,7.75,8,8.06,7.78,7.78
1994-05-24,5.46,6.52,7.21,7.9,8.15,8.21,7.9,7.9
1994-05-25,5.49,6.58,7.31,8.05,8.33,8.41,8.09,8.09
1994-05-26,5.51,6.63,7.36,8.08,8.35,8.4,8.12,8.12
1994-05-27,5.52,6.7,7.46,8.22,8.5,8.54,8.23,8.23
1994-05-30,5.52,6.7,7.46,8.22,8.5,8.54,8.23,8.23
1994-05-31,5.55,6.8,7.58,8.34,8.6,8.64,8.33,8.33
1994-06-01,5.72,7.08,7.92,8.71,8.95,8.93,8.5,8.5
1994-06-02,5.7,7,7.78,8.49,8.69,8.62,8.19,8.19
1994-06-03,5.62,6.79,7.51,8.21,8.44,8.44,7.98,7.98
1994-06-06,5.58,6.79,7.53,8.23,8.47,8.47,8,8
1994-06-07,5.62,6.87,7.65,8.38,8.61,8.61,8.17,8.17
1994-06-08,5.57,6.8,7.57,8.27,8.48,8.45,8.06,8.06
1994-06-09,5.56,6.84,7.62,8.34,8.55,8.53,8.12,8.12
1994-06-10,5.58,6.83,7.59,8.29,8.49,8.47,8.12,8.12
1994-06-13,5.67,6.96,7.74,8.47,8.7,8.69,8.28,8.28
1994-06-14,5.68,6.97,7.74,8.47,8.68,8.64,8.22,8.22
1994-06-15,5.59,6.8,7.58,8.33,8.59,8.6,8.21,8.21
1994-06-16,5.69,6.94,7.75,8.53,8.78,8.74,8.25,8.25
1994-06-17,5.71,6.98,7.76,8.52,8.76,8.74,8.19,8.19
1994-06-20,5.77,7.06,7.9,8.7,8.95,8.9,8.24,8.24
1994-06-21,5.78,7.09,7.93,8.75,9.01,8.96,8.33,8.33
1994-06-22,5.75,7,7.79,8.56,8.8,8.76,8.18,8.18
1994-06-23,5.71,6.94,7.7,8.44,8.68,8.65,8.12,8.12
1994-06-24,5.74,7.03,7.81,8.55,8.77,8.73,8.19,8.19
1994-06-27,5.77,7.01,7.74,8.4,8.59,8.54,8.07,8.07
1994-06-28,5.77,7,7.73,8.42,8.62,8.59,8.13,8.13
1994-06-29,5.77,6.96,7.68,8.36,8.56,8.52,8.08,8.08
1994-06-30,5.79,7.04,7.81,8.55,8.77,8.73,8.26,8.26
1994-07-01,5.79,7.04,7.8,8.53,8.76,8.72,8.23,8.23
1994-07-04,5.77,7.02,7.77,8.49,8.71,8.67,8.18,8.18
1994-07-05,5.8,7.03,7.77,8.49,8.72,8.7,8.2,8.2
1994-07-06,5.8,7,7.75,8.47,8.7,8.67,8.19,8.19
1994-07-07,5.83,7.05,7.79,8.49,8.7,8.66,8.15,8.15
1994-07-08,5.82,7.04,7.78,8.47,8.66,8.6,8.11,8.11
1994-07-11,5.84,7.02,7.71,8.37,8.57,8.54,8.08,8.08
1994-07-12,5.83,6.92,7.58,8.21,8.4,8.35,7.96,7.96
1994-07-13,5.74,6.8,7.46,8.12,8.35,8.33,7.97,7.97
1994-07-14,5.67,6.73,7.39,8.03,8.24,8.22,7.88,7.88
1994-07-15,5.64,6.71,7.38,8.05,8.28,8.31,7.98,7.98
1994-07-18,5.65,6.72,7.37,8.02,8.25,8.26,7.95,7.95
1994-07-19,5.65,6.72,7.37,8.01,8.24,8.27,7.97,7.97
1994-07-20,5.68,6.77,7.44,8.09,8.33,8.36,8.02,8.02
1994-07-21,5.69,6.78,7.45,8.09,8.32,8.35,8.04,8.04
1994-07-22,5.68,6.82,7.49,8.13,8.35,8.38,8.07,8.07
1994-07-25,5.71,6.85,7.53,8.15,8.33,8.32,8.04,8.04
1994-07-26,5.73,6.86,7.53,8.16,8.36,8.37,8.08,8.08
1994-07-27,5.89,7.09,7.8,8.45,8.63,8.6,8.27,8.27
1994-07-28,6.03,7.17,7.85,8.46,8.64,8.63,8.24,8.24
1994-07-29,6.34,7.36,7.93,8.45,8.6,8.55,8.1,8.1
1994-08-01,6.31,7.34,7.92,8.44,8.59,8.54,8.14,8.14
1994-08-02,6.25,7.22,7.77,8.26,8.38,8.33,7.99,7.99
1994-08-03,6.19,7.18,7.76,8.29,8.41,8.35,8.02,8.02
1994-08-04,6.23,7.25,7.83,8.35,8.49,8.45,8.1,8.1
1994-08-05,6.3,7.28,7.84,8.35,8.5,8.45,8.07,8.07
1994-08-08,6.29,7.26,7.8,8.3,8.44,8.41,8.04,8.04
1994-08-09,6.27,7.26,7.84,8.38,8.54,8.51,8.15,8.15
1994-08-10,6.25,7.22,7.81,8.36,8.51,8.47,8.12,8.12
1994-08-11,6.36,7.39,8,8.57,8.72,8.67,8.31,8.31
1994-08-12,6.46,7.44,8.03,8.58,8.73,8.67,8.27,8.27
1994-08-15,6.47,7.48,8.07,8.6,8.75,8.69,8.26,8.26
1994-08-16,6.46,7.46,8.03,8.54,8.67,8.61,8.19,8.19
1994-08-17,6.38,7.42,8,8.49,8.62,8.56,8.19,8.19
1994-08-18,6.42,7.5,8.08,8.58,8.71,8.67,8.27,8.27
1994-08-19,6.43,7.5,8.09,8.59,8.72,8.67,8.24,8.24
1994-08-22,6.43,7.5,8.08,8.59,8.71,8.66,8.23,8.23
1994-08-23,6.44,7.52,8.1,8.58,8.7,8.63,8.21,8.21
1994-08-24,6.44,7.53,8.11,8.6,8.71,8.64,8.21,8.21
1994-08-25,6.42,7.49,8.05,8.51,8.61,8.54,8.12,8.12
1994-08-26,6.46,7.49,8.01,8.44,8.53,8.46,8.06,8.06
1994-08-29,6.46,7.49,8.01,8.44,8.53,8.46,8.06,8.06
1994-08-30,6.45,7.49,8.02,8.46,8.57,8.5,8.09,8.09
1994-08-31,6.44,7.46,7.99,8.44,8.55,8.49,8.1,8.1
1994-09-01,6.41,7.39,7.92,8.39,8.51,8.45,8.06,8.06
1994-09-02,6.45,7.45,8,8.5,8.64,8.59,8.17,8.17
1994-09-05,6.46,7.48,8.02,8.49,8.62,8.58,8.18,8.18
1994-09-06,6.48,7.54,8.12,8.63,8.77,8.73,8.28,8.28
1994-09-07,6.47,7.52,8.09,8.59,8.72,8.68,8.24,8.24
1994-09-08,6.38,7.39,7.94,8.45,8.6,8.57,8.13,8.13
1994-09-09,6.4,7.49,8.08,8.62,8.79,8.81,8.32,8.32
1994-09-12,6.63,7.62,8.16,8.63,8.76,8.71,8.19,8.19
1994-09-13,6.69,7.63,8.15,8.62,8.75,8.69,8.17,8.17
1994-09-14,6.76,7.77,8.31,8.8,8.93,8.87,8.32,8.32
1994-09-15,6.72,7.68,8.2,8.67,8.81,8.76,8.23,8.23
1994-09-16,6.82,7.85,8.38,8.86,9.01,8.96,8.38,8.38
1994-09-19,6.92,7.93,8.44,8.88,9,8.94,8.39,8.39
1994-09-20,7.03,8.01,8.5,8.92,9.05,8.99,8.44,8.44
1994-09-21,7.02,8.01,8.52,8.95,9.06,8.98,8.44,8.44
1994-09-22,6.93,7.94,8.43,8.85,8.94,8.86,8.38,8.38
1994-09-23,6.89,7.92,8.43,8.83,8.92,8.82,8.38,8.38
1994-09-26,6.94,7.94,8.42,8.82,8.91,8.84,8.39,8.39
1994-09-27,6.93,7.91,8.39,8.82,8.93,8.86,8.41,8.41
1994-09-28,6.89,7.86,8.33,8.73,8.83,8.76,8.31,8.31
1994-09-29,6.85,7.86,8.36,8.77,8.87,8.79,8.32,8.32
1994-09-30,6.87,7.88,8.36,8.75,8.83,8.74,8.29,8.29
1994-10-03,6.96,7.95,8.44,8.84,8.93,8.85,8.36,8.36
1994-10-04,6.97,7.94,8.42,8.83,8.9,8.8,8.32,8.32
1994-10-05,6.99,7.96,8.44,8.83,8.92,8.84,8.37,8.37
1994-10-06,6.89,7.85,8.33,8.74,8.85,8.77,8.33,8.33
1994-10-07,6.91,7.82,8.27,8.66,8.75,8.68,8.27,8.27
1994-10-10,6.81,7.74,8.21,8.62,8.72,8.64,8.29,8.29
1994-10-11,6.77,7.71,8.18,8.59,8.7,8.63,8.28,8.28
1994-10-12,6.7,7.6,8.08,8.52,8.64,8.56,8.2,8.2
1994-10-13,6.66,7.56,8.04,8.47,8.57,8.48,8.1,8.1
1994-10-14,6.66,7.61,8.1,8.52,8.6,8.5,8.1,8.1
1994-10-17,6.64,7.55,8.01,8.4,8.49,8.41,8.04,8.04
1994-10-18,6.66,7.6,8.08,8.48,8.56,8.47,8.1,8.1
1994-10-19,6.71,7.64,8.11,8.51,8.6,8.53,8.17,8.17
1994-10-20,6.73,7.66,8.15,8.56,8.64,8.56,8.2,8.2
1994-10-21,6.74,7.7,8.19,8.58,8.66,8.58,8.21,8.21
1994-10-24,6.77,7.74,8.24,8.65,8.74,8.66,8.27,8.27
1994-10-25,6.85,7.85,8.36,8.78,8.87,8.78,8.35,8.35
1994-10-26,6.89,7.89,8.41,8.82,8.89,8.77,8.33,8.33
1994-10-27,6.82,7.82,8.33,8.71,8.78,8.68,8.25,8.25
1994-10-28,6.76,7.72,8.23,8.63,8.7,8.6,8.18,8.18
1994-10-31,6.79,7.78,8.3,8.69,8.76,8.65,8.21,8.21
1994-11-01,6.77,7.74,8.22,8.6,8.67,8.58,8.15,8.15
1994-11-02,6.73,7.73,8.26,8.68,8.76,8.67,8.22,8.22
1994-11-03,6.68,7.7,8.22,8.62,8.7,8.62,8.2,8.2
1994-11-04,6.61,7.62,8.15,8.57,8.66,8.59,8.18,8.18
1994-11-07,6.67,7.69,8.23,8.65,8.74,8.66,8.27,8.27
1994-11-08,6.7,7.7,8.23,8.65,8.73,8.64,8.26,8.26
1994-11-09,6.66,7.66,8.16,8.56,8.64,8.56,8.19,8.19
1994-11-10,6.65,7.63,8.14,8.55,8.63,8.56,8.22,8.22
1994-11-11,6.68,7.67,8.18,8.57,8.66,8.6,8.27,8.27
1994-11-14,6.69,7.69,8.18,8.55,8.62,8.55,8.27,8.27
1994-11-15,6.65,7.62,8.11,8.49,8.57,8.52,8.23,8.23
1994-11-16,6.58,7.57,8.07,8.47,8.55,8.49,8.2,8.2
1994-11-17,6.56,7.56,8.07,8.48,8.58,8.54,8.23,8.23
1994-11-18,6.57,7.54,8.03,8.42,8.52,8.49,8.18,8.18
1994-11-21,6.61,7.56,8.04,8.43,8.52,8.47,8.17,8.17
1994-11-22,6.63,7.56,8.04,8.4,8.49,8.45,8.15,8.15
1994-11-23,6.55,7.49,7.95,8.31,8.4,8.37,8.08,8.08
1994-11-24,6.53,7.48,7.95,8.31,8.39,8.35,8.08,8.08
1994-11-25,6.55,7.55,8.01,8.35,8.41,8.36,8.1,8.1
1994-11-28,6.56,7.53,7.99,8.31,8.37,8.32,8.05,8.05
1994-11-29,6.59,7.61,8.08,8.4,8.45,8.4,8.14,8.14
1994-11-30,6.66,7.63,8.09,8.4,8.44,8.36,8.07,8.07
1994-12-01,6.7,7.67,8.12,8.41,8.44,8.36,8.06,8.06
1994-12-02,6.7,7.66,8.11,8.41,8.45,8.38,8.06,8.06
1994-12-05,6.78,7.73,8.18,8.47,8.51,8.44,8.08,8.08
1994-12-06,6.91,7.82,8.25,8.53,8.57,8.49,8.12,8.12
1994-12-07,6.89,7.78,8.22,8.51,8.56,8.47,8.05,8.05
1994-12-08,6.88,7.75,8.18,8.49,8.53,8.45,8.09,8.09
1994-12-09,6.86,7.71,8.13,8.41,8.44,8.36,8.04,8.04
1994-12-12,6.94,7.79,8.21,8.47,8.5,8.41,8.07,8.07
1994-12-13,6.97,7.83,8.25,8.52,8.56,8.47,8.13,8.13
1994-12-14,6.96,7.81,8.22,8.5,8.52,8.43,8.07,8.07
1994-12-15,6.92,7.78,8.18,8.45,8.48,8.4,8.06,8.06
1994-12-16,6.92,7.78,8.2,8.47,8.5,8.4,8.07,8.07
1994-12-19,6.9,7.77,8.19,8.46,8.48,8.38,8.05,8.05
1994-12-20,6.92,7.78,8.2,8.48,8.5,8.4,8.07,8.07
1994-12-21,6.9,7.76,8.18,8.45,8.47,8.38,8.05,8.05
1994-12-22,6.9,7.77,8.18,8.44,8.47,8.38,8.06,8.06
1994-12-23,6.9,7.78,8.19,8.45,8.47,8.38,8.06,8.06
1994-12-26,6.9,7.78,8.19,8.45,8.47,8.38,8.06,8.06
1994-12-27,6.9,7.78,8.19,8.45,8.47,8.38,8.06,8.06
1994-12-28,6.98,7.81,8.2,8.45,8.46,8.36,8.03,8.03
1994-12-29,7.09,8,8.42,8.68,8.7,8.6,8.23,8.23
1994-12-30,7.08,7.99,8.39,8.64,8.67,8.59,8.2,8.2
1995-01-02,7.08,7.99,8.39,8.64,8.67,8.59,8.2,8.2
1995-01-03,7.12,8.03,8.44,8.7,8.73,8.65,8.25,8.25
1995-01-04,7.13,8.02,8.4,8.64,8.67,8.61,8.22,8.22
1995-01-05,7.13,8.03,8.41,8.65,8.68,8.61,8.25,8.25
1995-01-06,7.08,8,8.38,8.61,8.63,8.55,8.2,8.2
1995-01-09,7.08,8.01,8.42,8.69,8.71,8.61,8.27,8.27
1995-01-10,7.07,8.02,8.43,8.68,8.7,8.6,8.25,8.25
1995-01-11,6.98,7.94,8.39,8.67,8.7,8.61,8.24,8.24
1995-01-12,6.97,7.92,8.36,8.65,8.68,8.59,8.21,8.21
1995-01-13,6.93,7.92,8.36,8.65,8.68,8.58,8.2,8.2
1995-01-16,6.94,7.89,8.33,8.59,8.62,8.54,8.24,8.24
1995-01-17,6.94,7.89,8.32,8.58,8.61,8.53,8.23,8.23
1995-01-18,7.01,7.96,8.39,8.67,8.69,8.6,8.25,8.25
1995-01-19,7.04,7.97,8.38,8.62,8.63,8.54,8.2,8.2
1995-01-20,7.04,7.96,8.38,8.64,8.65,8.56,8.24,8.24
1995-01-23,7.07,7.99,8.42,8.68,8.7,8.62,8.3,8.3
1995-01-24,7.07,7.99,8.41,8.68,8.7,8.62,8.31,8.31
1995-01-25,7.09,8,8.42,8.68,8.71,8.62,8.27,8.27
1995-01-26,7.1,7.97,8.37,8.63,8.64,8.55,8.21,8.21
1995-01-27,7.06,7.91,8.31,8.56,8.57,8.48,8.16,8.16
1995-01-30,7.07,7.89,8.28,8.53,8.56,8.48,8.16,8.16
1995-01-31,7.06,7.86,8.25,8.51,8.55,8.47,8.15,8.15
1995-02-01,7.06,7.84,8.23,8.49,8.52,8.44,8.12,8.12
1995-02-02,7.12,7.87,8.25,8.51,8.54,8.45,8.12,8.12
1995-02-03,7.09,7.85,8.24,8.51,8.55,8.47,8.14,8.14
1995-02-06,7.11,7.88,8.26,8.52,8.55,8.47,8.15,8.15
1995-02-07,7.07,7.8,8.16,8.42,8.45,8.38,8.06,8.06
1995-02-08,7.07,7.82,8.18,8.44,8.47,8.41,8.08,8.08
1995-02-09,7.07,7.82,8.18,8.43,8.46,8.39,8.07,8.07
1995-02-10,7.11,7.86,8.21,8.45,8.48,8.41,8.09,8.09
1995-02-13,7.24,8.03,8.4,8.65,8.68,8.6,8.24,8.24
1995-02-14,7.25,8.06,8.42,8.64,8.67,8.59,8.23,8.23
1995-02-15,7.16,7.91,8.26,8.51,8.56,8.51,8.17,8.17
1995-02-16,7.16,7.91,8.27,8.52,8.57,8.52,8.18,8.18
1995-02-17,7.19,7.93,8.28,8.53,8.58,8.53,8.18,8.18
1995-02-20,7.21,7.96,8.33,8.59,8.63,8.56,8.21,8.21
1995-02-21,7.22,7.98,8.36,8.64,8.68,8.61,8.25,8.25
1995-02-22,7.2,7.93,8.3,8.58,8.63,8.56,8.21,8.21
1995-02-23,7.1,7.81,8.19,8.48,8.54,8.49,8.16,8.16
1995-02-24,7.15,7.9,8.27,8.56,8.6,8.53,8.19,8.19
1995-02-27,7.13,7.89,8.27,8.56,8.62,8.56,8.19,8.19
1995-02-28,7.11,7.89,8.27,8.55,8.6,8.54,8.18,8.18
1995-03-01,7.11,7.87,8.23,8.49,8.53,8.47,8.12,8.12
1995-03-02,7.05,7.81,8.18,8.45,8.51,8.46,8.15,8.15
1995-03-03,7.04,7.82,8.2,8.47,8.52,8.47,8.16,8.16
1995-03-06,7.07,7.86,8.25,8.55,8.62,8.57,8.23,8.23
1995-03-07,7.23,8.04,8.42,8.71,8.76,8.71,8.36,8.36
1995-03-08,7.3,7.99,8.37,8.66,8.71,8.64,8.26,8.26
1995-03-09,7.18,7.96,8.34,8.62,8.68,8.63,8.26,8.26
1995-03-10,7.24,7.95,8.31,8.58,8.62,8.56,8.21,8.21
1995-03-13,7.17,7.95,8.33,8.59,8.64,8.57,8.23,8.23
1995-03-14,7.09,7.83,8.18,8.45,8.5,8.43,8.12,8.12
1995-03-15,7.04,7.79,8.16,8.43,8.48,8.42,8.12,8.12
1995-03-16,6.99,7.72,8.07,8.32,8.37,8.31,8.04,8.04
1995-03-17,7.03,7.78,8.14,8.41,8.45,8.39,8.13,8.13
1995-03-20,7.02,7.76,8.1,8.36,8.41,8.36,8.09,8.09
1995-03-21,6.97,7.71,8.07,8.33,8.38,8.33,8.06,8.06
1995-03-22,6.96,7.7,8.06,8.33,8.38,8.34,8.07,8.07
1995-03-23,6.92,7.7,8.07,8.36,8.41,8.37,8.11,8.11
1995-03-24,6.9,7.66,8.04,8.32,8.38,8.33,8.08,8.08
1995-03-27,6.89,7.67,8.05,8.34,8.41,8.37,8.1,8.1
1995-03-28,6.9,7.7,8.09,8.38,8.44,8.4,8.14,8.14
1995-03-29,6.94,7.75,8.14,8.43,8.49,8.45,8.17,8.17
1995-03-30,6.85,7.64,8.03,8.31,8.39,8.37,8.11,8.11
1995-03-31,6.9,7.73,8.12,8.38,8.43,8.41,8.19,8.19
1995-04-03,6.92,7.7,8.06,8.33,8.38,8.35,8.15,8.15
1995-04-04,6.91,7.67,8.03,8.29,8.34,8.31,8.1,8.1
1995-04-05,6.91,7.65,8,8.27,8.33,8.3,8.09,8.09
1995-04-06,6.95,7.68,8.03,8.29,8.35,8.33,8.11,8.11
1995-04-07,6.88,7.58,7.93,8.23,8.31,8.3,8.09,8.09
1995-04-10,6.91,7.62,7.98,8.28,8.37,8.37,8.14,8.14
1995-04-11,6.89,7.62,7.98,8.28,8.37,8.37,8.13,8.13
1995-04-12,6.85,7.56,7.91,8.21,8.3,8.31,8.09,8.09
1995-04-13,6.87,7.55,7.89,8.18,8.26,8.25,8.04,8.04
1995-04-14,6.87,7.55,7.89,8.18,8.26,8.25,8.04,8.04
1995-04-17,6.87,7.55,7.89,8.18,8.26,8.25,8.04,8.04
1995-04-18,6.86,7.54,7.89,8.17,8.25,8.24,8.04,8.04
1995-04-19,6.95,7.66,8.01,8.29,8.37,8.36,8.12,8.12
1995-04-20,6.94,7.64,7.99,8.26,8.33,8.3,8.08,8.08
1995-04-21,6.9,7.58,7.92,8.21,8.29,8.27,8.06,8.06
1995-04-24,6.99,7.63,7.95,8.22,8.29,8.27,8.06,8.06
1995-04-25,7.1,7.72,8.02,8.28,8.35,8.32,8.08,8.08
1995-04-26,7.07,7.69,7.98,8.21,8.28,8.27,8.05,8.05
1995-04-27,7.12,7.73,8.03,8.25,8.31,8.31,8.08,8.08
1995-04-28,7.15,7.77,8.07,8.3,8.36,8.35,8.12,8.12
1995-05-01,7.17,7.79,8.08,8.3,8.37,8.35,8.09,8.09
1995-05-02,7.16,7.77,8.06,8.29,8.36,8.34,8.07,8.07
1995-05-03,7.12,7.72,8,8.23,8.29,8.27,8.01,8.01
1995-05-04,7.1,7.67,7.95,8.18,8.24,8.23,7.99,7.99
1995-05-05,6.99,7.55,7.85,8.11,8.2,8.22,8.03,8.03
1995-05-08,6.99,7.55,7.85,8.11,8.2,8.22,8.03,8.03
1995-05-09,6.98,7.57,7.86,8.13,8.23,8.26,8.09,8.09
1995-05-10,6.91,7.47,7.73,7.95,8.02,8.05,7.94,7.94
1995-05-11,6.99,7.57,7.83,8.02,8.09,8.1,7.98,7.98
1995-05-12,6.99,7.57,7.85,8.05,8.11,8.11,7.98,7.98
1995-05-15,7,7.57,7.84,8.04,8.1,8.12,7.99,7.99
1995-05-16,6.96,7.5,7.76,7.97,8.04,8.06,7.95,7.95
1995-05-17,6.95,7.49,7.75,7.97,8.05,8.08,7.96,7.96
1995-05-18,6.85,7.37,7.64,7.87,7.97,8.01,7.89,7.89
1995-05-19,6.8,7.36,7.63,7.88,7.99,8.03,7.9,7.9
1995-05-22,6.79,7.34,7.63,7.87,7.96,8,7.87,7.87
1995-05-23,6.78,7.32,7.6,7.84,7.94,7.99,7.86,7.86
1995-05-24,6.62,7.12,7.4,7.66,7.77,7.82,7.71,7.71
1995-05-25,6.58,7.1,7.38,7.65,7.77,7.82,7.72,7.72
1995-05-26,6.67,7.21,7.48,7.71,7.82,7.89,7.78,7.78
1995-05-29,6.67,7.21,7.48,7.71,7.82,7.89,7.78,7.78
1995-05-30,6.65,7.16,7.42,7.65,7.76,7.84,7.77,7.77
1995-05-31,6.62,7.14,7.41,7.67,7.79,7.88,7.79,7.79
1995-06-01,6.54,7.01,7.28,7.55,7.68,7.78,7.72,7.72
1995-06-02,6.44,6.86,7.12,7.4,7.56,7.69,7.63,7.63
1995-06-05,6.37,6.8,7.07,7.37,7.55,7.68,7.64,7.64
1995-06-06,6.41,6.82,7.06,7.34,7.52,7.66,7.63,7.63
1995-06-07,6.51,6.92,7.16,7.44,7.61,7.74,7.71,7.71
1995-06-08,6.58,7.02,7.28,7.57,7.72,7.84,7.81,7.81
1995-06-09,6.69,7.23,7.51,7.8,7.96,8.07,8,8
1995-06-12,6.69,7.25,7.55,7.84,7.99,8.08,7.98,7.98
1995-06-13,6.54,7.07,7.38,7.69,7.85,7.96,7.86,7.86
1995-06-14,6.56,7.13,7.44,7.76,7.91,8.01,7.91,7.91
1995-06-15,6.59,7.2,7.51,7.81,7.95,8.05,7.97,7.97
1995-06-16,6.67,7.28,7.59,7.89,8.03,8.14,8.07,8.07
1995-06-19,6.64,7.21,7.51,7.81,7.95,8.05,7.98,7.98
1995-06-20,6.62,7.2,7.5,7.79,7.95,8.07,8,8
1995-06-21,6.63,7.19,7.5,7.81,7.97,8.08,8.04,8.04
1995-06-22,6.58,7.09,7.39,7.69,7.84,7.96,7.95,7.95
1995-06-23,6.64,7.19,7.5,7.82,8,8.13,8.15,8.15
1995-06-26,6.82,7.38,7.7,8.03,8.21,8.33,8.33,8.33
1995-06-27,6.96,7.51,7.8,8.09,8.23,8.33,8.28,8.28
1995-06-28,6.98,7.52,7.82,8.13,8.29,8.39,8.3,8.3
1995-06-29,6.92,7.53,7.86,8.18,8.33,8.42,8.32,8.32
1995-06-30,6.96,7.52,7.84,8.17,8.32,8.4,8.3,8.3
1995-07-03,6.92,7.49,7.81,8.14,8.3,8.39,8.35,8.35
1995-07-04,6.91,7.47,7.78,8.09,8.24,8.34,8.32,8.32
1995-07-05,6.79,7.34,7.67,8.01,8.17,8.27,8.27,8.27
1995-07-06,6.81,7.36,7.69,8.02,8.18,8.28,8.27,8.27
1995-07-07,6.64,7.18,7.48,7.81,7.98,8.1,8.13,8.13
1995-07-10,6.66,7.16,7.45,7.76,7.94,8.07,8.11,8.11
1995-07-11,6.66,7.16,7.46,7.78,7.95,8.07,8.12,8.12
1995-07-12,6.65,7.15,7.44,7.76,7.93,8.06,8.12,8.12
1995-07-13,6.64,7.17,7.49,7.83,7.99,8.12,8.17,8.17
1995-07-14,6.68,7.25,7.57,7.88,8.04,8.17,8.22,8.22
1995-07-17,6.67,7.22,7.54,7.86,8.03,8.16,8.21,8.21
1995-07-18,6.7,7.24,7.56,7.89,8.07,8.2,8.28,8.28
1995-07-19,6.68,7.24,7.57,7.92,8.1,8.24,8.29,8.29
1995-07-20,6.7,7.26,7.59,7.96,8.14,8.28,8.32,8.32
1995-07-21,6.68,7.24,7.58,7.96,8.16,8.31,8.35,8.35
1995-07-24,6.65,7.2,7.54,7.91,8.1,8.25,8.31,8.31
1995-07-25,6.59,7.15,7.5,7.88,8.08,8.24,8.32,8.32
1995-07-26,6.56,7.09,7.43,7.79,7.99,8.15,8.22,8.22
1995-07-27,6.58,7.12,7.44,7.78,7.97,8.14,8.18,8.18
1995-07-28,6.66,7.19,7.5,7.84,8.03,8.2,8.22,8.22
1995-07-31,6.67,7.2,7.5,7.83,8.02,8.17,8.2,8.2
1995-08-01,6.68,7.2,7.52,7.86,8.05,8.21,8.22,8.22
1995-08-02,6.67,7.13,7.42,7.75,7.94,8.09,8.13,8.13
1995-08-03,6.68,7.14,7.43,7.76,7.95,8.1,8.14,8.14
1995-08-04,6.64,7.12,7.39,7.69,7.87,8.02,8.08,8.08
1995-08-07,6.63,7.1,7.37,7.66,7.83,7.99,8.07,8.07
1995-08-08,6.58,7.06,7.34,7.64,7.83,7.99,8.07,8.07
1995-08-09,6.59,7.06,7.34,7.65,7.85,8.02,8.1,8.1
1995-08-10,6.54,7.01,7.29,7.6,7.79,7.96,8.07,8.07
1995-08-11,6.61,7.08,7.37,7.69,7.88,8.05,8.14,8.14
1995-08-14,6.7,7.21,7.5,7.82,8,8.17,8.25,8.25
1995-08-15,6.76,7.27,7.57,7.89,8.06,8.21,8.26,8.26
1995-08-16,6.67,7.17,7.47,7.79,7.98,8.15,8.21,8.21
1995-08-17,6.63,7.12,7.41,7.75,7.96,8.14,8.19,8.19
1995-08-18,6.58,7.07,7.37,7.71,7.93,8.11,8.16,8.16
1995-08-21,6.54,7.01,7.31,7.64,7.85,8.04,8.1,8.1
1995-08-22,6.54,7.01,7.3,7.64,7.85,8.04,8.1,8.1
1995-08-23,6.55,7.02,7.32,7.66,7.87,8.06,8.12,8.12
1995-08-24,6.51,6.99,7.29,7.65,7.87,8.06,8.14,8.14
1995-08-25,6.5,6.97,7.27,7.62,7.84,8.03,8.1,8.1
1995-08-28,6.5,6.97,7.27,7.62,7.84,8.03,8.1,8.1
1995-08-29,6.5,6.91,7.21,7.6,7.84,8.03,8.1,8.1
1995-08-30,6.47,6.89,7.21,7.6,7.85,8.04,8.12,8.12
1995-08-31,6.49,6.91,7.23,7.63,7.88,8.08,8.15,8.15
1995-09-01,6.41,6.8,7.12,7.5,7.74,7.94,8.06,8.06
1995-09-04,6.38,6.76,7.07,7.47,7.72,7.94,8.06,8.06
1995-09-05,6.41,6.79,7.08,7.46,7.71,7.93,8.08,8.08
1995-09-06,6.39,6.77,7.08,7.46,7.69,7.9,8.03,8.03
1995-09-07,6.36,6.76,7.08,7.47,7.71,7.92,8.06,8.06
1995-09-08,6.35,6.73,7.05,7.45,7.7,7.91,8.05,8.05
1995-09-11,6.37,6.73,7.05,7.45,7.7,7.91,8.04,8.04
1995-09-12,6.27,6.66,6.97,7.38,7.63,7.85,7.99,7.99
1995-09-13,6.25,6.62,6.92,7.31,7.56,7.78,7.91,7.91
1995-09-14,6.26,6.57,6.87,7.27,7.54,7.77,7.92,7.92
1995-09-15,6.26,6.62,6.94,7.34,7.6,7.83,7.97,7.97
1995-09-18,6.32,6.71,7.01,7.39,7.64,7.86,8.01,8.01
1995-09-19,6.36,6.71,7,7.39,7.64,7.86,8.01,8.01
1995-09-20,6.35,6.7,7,7.38,7.62,7.83,7.97,7.97
1995-09-21,6.4,6.73,7.02,7.4,7.64,7.84,7.95,7.95
1995-09-22,6.47,6.86,7.18,7.57,7.8,7.99,8.09,8.09
1995-09-25,6.52,6.89,7.2,7.6,7.83,8.02,8.1,8.1
1995-09-26,6.51,6.85,7.16,7.56,7.8,8,8.1,8.1
1995-09-27,6.57,6.95,7.28,7.7,7.95,8.14,8.21,8.21
1995-09-28,6.52,6.91,7.25,7.7,7.95,8.14,8.22,8.22
1995-09-29,6.44,6.82,7.17,7.64,7.91,8.14,8.29,8.29
1995-10-02,6.38,6.73,7.08,7.54,7.82,8.06,8.3,8.3
1995-10-03,6.35,6.69,7.02,7.48,7.77,8.04,8.27,8.27
1995-10-04,6.36,6.69,7.01,7.46,7.75,8.02,8.24,8.24
1995-10-05,6.33,6.7,7.03,7.49,7.78,8.05,8.27,8.27
1995-10-06,6.37,6.72,7.05,7.51,7.8,8.07,8.27,8.27
1995-10-09,6.47,6.84,7.16,7.59,7.87,8.12,8.33,8.33
1995-10-10,6.48,6.84,7.17,7.61,7.88,8.14,8.36,8.36
1995-10-11,6.51,6.9,7.22,7.64,7.9,8.14,8.36,8.36
1995-10-12,6.58,6.96,7.28,7.68,7.93,8.15,8.37,8.37
1995-10-13,6.54,6.91,7.22,7.6,7.84,8.06,8.28,8.28
1995-10-16,6.55,6.92,7.22,7.62,7.88,8.12,8.33,8.33
1995-10-17,6.55,6.93,7.23,7.64,7.9,8.15,8.35,8.35
1995-10-18,6.49,6.82,7.12,7.56,7.84,8.1,8.31,8.31
1995-10-19,6.45,6.81,7.13,7.55,7.83,8.08,8.29,8.29
1995-10-20,6.48,6.87,7.19,7.63,7.91,8.16,8.34,8.34
1995-10-23,6.54,6.91,7.23,7.67,7.95,8.21,8.39,8.39
1995-10-24,6.53,6.91,7.23,7.66,7.95,8.22,8.4,8.4
1995-10-25,6.45,6.8,7.1,7.5,7.78,8.04,8.23,8.23
1995-10-26,6.43,6.78,7.08,7.49,7.76,8.02,8.2,8.2
1995-10-27,6.44,6.79,7.1,7.52,7.81,8.08,8.26,8.26
1995-10-30,6.41,6.78,7.08,7.49,7.77,8.03,8.22,8.22
1995-10-31,6.36,6.73,7.03,7.43,7.7,7.95,8.17,8.17
1995-11-01,6.36,6.72,7.01,7.39,7.65,7.9,8.11,8.11
1995-11-02,6.38,6.69,6.97,7.36,7.62,7.87,8.05,8.05
1995-11-03,6.36,6.68,6.97,7.38,7.67,7.94,8.1,8.1
1995-11-06,6.31,6.63,6.92,7.32,7.61,7.88,8.06,8.06
1995-11-07,6.31,6.63,6.91,7.33,7.62,7.9,8.06,8.06
1995-11-08,6.27,6.56,6.84,7.24,7.53,7.81,8.01,8.01
1995-11-09,6.25,6.57,6.86,7.28,7.57,7.86,8.08,8.08
1995-11-10,6.32,6.65,6.93,7.33,7.61,7.88,8.09,8.09
1995-11-13,6.28,6.59,6.87,7.29,7.58,7.86,8.06,8.06
1995-11-14,6.28,6.59,6.86,7.27,7.56,7.85,8.05,8.05
1995-11-15,6.26,6.56,6.84,7.25,7.54,7.83,8.03,8.03
1995-11-16,6.17,6.45,6.73,7.14,7.44,7.72,7.93,7.93
1995-11-17,6.2,6.49,6.76,7.17,7.47,7.76,7.96,7.96
1995-11-20,6.23,6.52,6.79,7.21,7.51,7.8,7.98,7.98
1995-11-21,6.22,6.51,6.79,7.21,7.51,7.79,7.97,7.97
1995-11-22,6.16,6.45,6.73,7.15,7.44,7.73,7.92,7.92
1995-11-23,6.15,6.41,6.69,7.11,7.41,7.7,7.88,7.88
1995-11-24,6.13,6.4,6.67,7.08,7.38,7.67,7.87,7.87
1995-11-27,6.08,6.33,6.59,6.98,7.28,7.58,7.78,7.78
1995-11-28,6.12,6.39,6.66,7.06,7.36,7.66,7.86,7.86
1995-11-29,6.03,6.28,6.58,7.01,7.33,7.64,7.86,7.86
1995-11-30,6.03,6.26,6.54,6.97,7.29,7.61,7.86,7.86
1995-12-01,6,6.21,6.48,6.91,7.24,7.58,7.84,7.84
1995-12-04,6.02,6.23,6.48,6.91,7.24,7.58,7.87,7.87
1995-12-05,6.01,6.22,6.48,6.9,7.22,7.54,7.8,7.8
1995-12-06,6,6.18,6.42,6.81,7.11,7.42,7.68,7.68
1995-12-07,6.02,6.21,6.46,6.86,7.17,7.49,7.75,7.75
1995-12-08,6.06,6.25,6.51,6.93,7.23,7.53,7.79,7.79
1995-12-11,6.04,6.25,6.5,6.91,7.21,7.51,7.77,7.77
1995-12-12,6.06,6.25,6.5,6.9,7.2,7.5,7.76,7.76
1995-12-13,6.01,6.2,6.46,6.87,7.18,7.48,7.76,7.76
1995-12-14,5.99,6.16,6.4,6.81,7.13,7.46,7.76,7.76
1995-12-15,5.99,6.13,6.36,6.79,7.13,7.46,7.77,7.77
1995-12-18,5.99,6.18,6.42,6.85,7.18,7.52,7.81,7.81
1995-12-19,6.07,6.22,6.48,6.92,7.26,7.6,7.87,7.87
1995-12-20,6.05,6.2,6.45,6.9,7.24,7.57,7.85,7.85
1995-12-21,6.04,6.24,6.51,6.96,7.29,7.61,7.89,7.89
1995-12-22,6.02,6.23,6.49,6.93,7.26,7.59,7.86,7.86
1995-12-25,6.02,6.23,6.49,6.93,7.26,7.59,7.86,7.86
1995-12-26,6.02,6.23,6.49,6.93,7.26,7.59,7.86,7.86
1995-12-27,6.03,6.19,6.42,6.82,7.13,7.46,7.78,7.78
1995-12-28,6.01,6.2,6.45,6.85,7.17,7.48,7.79,7.79
1995-12-29,5.96,6.18,6.43,6.84,7.15,7.47,7.79,7.79
1996-01-01,5.96,6.18,6.43,6.84,7.15,7.47,7.79,7.79
1996-01-02,6.07,6.3,6.55,6.93,7.2,7.49,7.88,7.88
1996-01-03,6.11,6.36,6.61,6.99,7.27,7.55,7.92,7.92
1996-01-04,6.07,6.29,6.52,6.89,7.16,7.46,7.86,7.86
1996-01-05,6.1,6.33,6.57,6.94,7.23,7.54,7.95,7.95
1996-01-08,6.12,6.37,6.6,6.96,7.24,7.54,7.94,7.94
1996-01-09,6.11,6.36,6.59,6.95,7.23,7.51,7.91,7.91
1996-01-10,6.11,6.36,6.59,6.96,7.25,7.54,7.9,7.9
1996-01-11,6.07,6.32,6.57,6.95,7.24,7.54,7.9,7.9
1996-01-12,6.03,6.26,6.52,6.92,7.21,7.51,7.9,7.9
1996-01-15,6.01,6.23,6.48,6.87,7.16,7.46,7.86,7.86
1996-01-16,5.97,6.15,6.38,6.75,7.05,7.37,7.82,7.82
1996-01-17,5.96,6.16,6.38,6.75,7.05,7.37,7.83,7.83
1996-01-18,5.79,5.98,6.22,6.63,6.96,7.31,7.81,7.81
1996-01-19,5.79,6.01,6.27,6.69,7.01,7.35,7.84,7.84
1996-01-22,5.81,6.06,6.32,6.73,7.05,7.38,7.86,7.86
1996-01-23,5.83,6.1,6.36,6.77,7.07,7.4,7.87,7.87
1996-01-24,5.81,6.07,6.33,6.73,7.03,7.36,7.81,7.81
1996-01-25,5.83,6.1,6.37,6.77,7.08,7.43,7.88,7.88
1996-01-26,5.84,6.12,6.41,6.83,7.15,7.5,7.93,7.93
1996-01-29,5.85,6.16,6.45,6.87,7.19,7.53,7.95,7.95
1996-01-30,5.85,6.13,6.41,6.83,7.15,7.49,7.93,7.93
1996-01-31,5.83,6.15,6.45,6.88,7.2,7.55,7.97,7.97
1996-02-01,5.82,6.14,6.44,6.87,7.19,7.52,7.96,7.96
1996-02-02,5.84,6.18,6.5,6.96,7.29,7.63,8.06,8.06
1996-02-05,5.89,6.28,6.62,7.11,7.45,7.79,8.19,8.19
1996-02-06,5.84,6.22,6.57,7.05,7.39,7.74,8.15,8.15
1996-02-07,5.8,6.18,6.52,7,7.35,7.69,8.11,8.11
1996-02-08,5.79,6.16,6.5,6.99,7.34,7.7,8.12,8.12
1996-02-09,5.78,6.17,6.52,7,7.34,7.68,8.11,8.11
1996-02-12,5.79,6.17,6.52,7,7.34,7.69,8.12,8.12
1996-02-13,5.79,6.16,6.5,6.98,7.32,7.67,8.1,8.1
1996-02-14,5.83,6.22,6.56,7.04,7.38,7.74,8.17,8.17
1996-02-15,5.8,6.18,6.53,7.03,7.38,7.74,8.2,8.2
1996-02-16,5.79,6.16,6.5,7.01,7.37,7.75,8.21,8.21
1996-02-19,5.85,6.32,6.68,7.18,7.53,7.91,8.35,8.35
1996-02-20,5.99,6.49,6.81,7.26,7.59,7.93,8.31,8.31
1996-02-21,6,6.42,6.75,7.2,7.53,7.85,8.17,8.17
1996-02-22,6,6.42,6.75,7.22,7.56,7.9,8.22,8.22
1996-02-23,5.98,6.42,6.75,7.23,7.57,7.92,8.25,8.25
1996-02-26,6.04,6.5,6.85,7.33,7.66,8,8.33,8.33
1996-02-27,6.01,6.47,6.82,7.31,7.65,7.99,8.32,8.32
1996-02-28,6.02,6.46,6.81,7.3,7.63,7.97,8.26,8.26
1996-02-29,6.02,6.49,6.85,7.35,7.7,8.05,8.38,8.38
1996-03-01,5.89,6.36,6.71,7.2,7.53,7.88,8.23,8.23
1996-03-04,5.84,6.24,6.59,7.09,7.45,7.83,8.18,8.18
1996-03-05,5.83,6.27,6.63,7.14,7.51,7.89,8.25,8.25
1996-03-06,5.88,6.29,6.65,7.16,7.52,7.89,8.24,8.24
1996-03-07,5.93,6.35,6.71,7.2,7.55,7.91,8.26,8.26
1996-03-08,6.05,6.56,6.96,7.45,7.77,8.1,8.39,8.39
1996-03-11,6.15,6.74,7.12,7.58,7.86,8.15,8.4,8.4
1996-03-12,6.17,6.76,7.16,7.63,7.93,8.2,8.42,8.42
1996-03-13,6.09,6.66,7.06,7.55,7.86,8.16,8.42,8.42
1996-03-14,6.07,6.6,6.99,7.5,7.82,8.12,8.39,8.39
1996-03-15,6.12,6.67,7.04,7.53,7.85,8.17,8.44,8.44
1996-03-18,6.15,6.69,7.06,7.52,7.83,8.13,8.4,8.4
1996-03-19,6.15,6.7,7.07,7.55,7.86,8.17,8.44,8.44
1996-03-20,6.12,6.68,7.03,7.49,7.78,8.08,8.37,8.37
1996-03-21,6.09,6.63,7,7.48,7.79,8.09,8.37,8.37
1996-03-22,6.13,6.69,7.07,7.56,7.87,8.17,8.43,8.43
1996-03-25,6.13,6.66,7.04,7.51,7.82,8.1,8.36,8.36
1996-03-26,6.13,6.71,7.09,7.56,7.86,8.15,8.41,8.41
1996-03-27,6.13,6.71,7.09,7.57,7.87,8.16,8.41,8.41
1996-03-28,6.17,6.78,7.17,7.66,7.96,8.24,8.46,8.46
1996-03-29,6.14,6.75,7.14,7.61,7.91,8.19,8.43,8.43
1996-04-01,6.13,6.7,7.08,7.54,7.84,8.12,8.35,8.35
1996-04-02,6.11,6.68,7.05,7.5,7.79,8.06,8.3,8.3
1996-04-03,6.13,6.7,7.07,7.52,7.8,8.08,8.33,8.33
1996-04-04,6.12,6.7,7.06,7.5,7.78,8.05,8.3,8.3
1996-04-05,6.12,6.7,7.06,7.5,7.78,8.05,8.3,8.3
1996-04-08,6.12,6.7,7.06,7.5,7.78,8.05,8.3,8.3
1996-04-09,6.19,6.78,7.15,7.59,7.86,8.12,8.34,8.34
1996-04-10,6.16,6.76,7.12,7.56,7.83,8.1,8.31,8.31
1996-04-11,6.2,6.82,7.21,7.65,7.92,8.18,8.4,8.4
1996-04-12,6.17,6.77,7.14,7.57,7.82,8.07,8.31,8.31
1996-04-15,6.17,6.74,7.1,7.55,7.83,8.1,8.33,8.33
1996-04-16,6.11,6.69,7.06,7.51,7.79,8.05,8.28,8.28
1996-04-17,6.22,6.83,7.2,7.63,7.89,8.13,8.34,8.34
1996-04-18,6.17,6.77,7.14,7.58,7.84,8.08,8.29,8.29
1996-04-19,6.18,6.74,7.09,7.51,7.78,8.03,8.24,8.24
1996-04-22,6.17,6.73,7.08,7.5,7.76,8,8.22,8.22
1996-04-23,6.17,6.73,7.07,7.49,7.75,8.01,8.24,8.24
1996-04-24,6.14,6.7,7.06,7.51,7.79,8.04,8.28,8.28
1996-04-25,6.07,6.6,6.96,7.42,7.72,8,8.28,8.28
1996-04-26,6.07,6.61,6.97,7.43,7.73,8,8.27,8.27
1996-04-29,6.08,6.62,6.98,7.44,7.74,8.03,8.31,8.31
1996-04-30,6.1,6.64,7,7.47,7.77,8.06,8.33,8.33
1996-05-01,6.1,6.65,7.01,7.47,7.77,8.06,8.33,8.33
1996-05-02,6.13,6.73,7.12,7.58,7.89,8.18,8.45,8.45
1996-05-03,6.14,6.75,7.16,7.66,7.97,8.26,8.5,8.5
1996-05-06,6.14,6.75,7.16,7.66,7.97,8.26,8.5,8.5
1996-05-07,6.13,6.74,7.16,7.67,7.98,8.26,8.5,8.5
1996-05-08,6.12,6.71,7.11,7.61,7.92,8.2,8.45,8.45
1996-05-09,6.11,6.7,7.1,7.59,7.88,8.15,8.41,8.41
1996-05-10,6.1,6.66,7.03,7.51,7.8,8.06,8.32,8.32
1996-05-13,6.08,6.64,7.03,7.51,7.81,8.08,8.36,8.36
1996-05-14,6.12,6.63,7,7.46,7.75,8.02,8.3,8.3
1996-05-15,6.14,6.67,7.04,7.51,7.8,8.07,8.35,8.35
1996-05-16,6.15,6.68,7.05,7.5,7.79,8.07,8.35,8.35
1996-05-17,6.1,6.62,6.99,7.44,7.72,7.99,8.29,8.29
1996-05-20,6.12,6.63,6.99,7.44,7.72,7.99,8.3,8.3
1996-05-21,6.13,6.66,7.03,7.48,7.76,8.03,8.36,8.36
1996-05-22,6.14,6.66,7.04,7.5,7.79,8.07,8.37,8.37
1996-05-23,6.07,6.61,7,7.49,7.78,8.05,8.34,8.34
1996-05-24,6.09,6.61,7,7.5,7.8,8.07,8.37,8.37
1996-05-27,6.09,6.61,7,7.5,7.8,8.07,8.37,8.37
1996-05-28,6.09,6.62,7.01,7.49,7.79,8.07,8.38,8.38
1996-05-29,6.09,6.62,7.02,7.51,7.8,8.08,8.37,8.37
1996-05-30,6.14,6.7,7.1,7.6,7.9,8.19,8.45,8.45
1996-05-31,6.13,6.69,7.1,7.6,7.9,8.17,8.43,8.43
1996-06-03,6.13,6.67,7.06,7.54,7.83,8.09,8.35,8.35
1996-06-04,6.08,6.61,7,7.49,7.79,8.06,8.32,8.32
1996-06-05,6.09,6.64,7.04,7.51,7.8,8.08,8.35,8.35
1996-06-06,5.92,6.49,6.9,7.42,7.73,8.02,8.33,8.33
1996-06-07,5.96,6.55,6.97,7.51,7.83,8.13,8.42,8.42
1996-06-10,5.88,6.49,6.93,7.46,7.8,8.11,8.43,8.43
1996-06-11,5.84,6.46,6.89,7.42,7.76,8.08,8.41,8.41
1996-06-12,5.85,6.48,6.93,7.46,7.78,8.08,8.43,8.43
1996-06-13,5.84,6.47,6.92,7.46,7.8,8.12,8.47,8.47
1996-06-14,5.86,6.52,6.97,7.52,7.85,8.16,8.48,8.48
1996-06-17,5.88,6.53,6.98,7.53,7.86,8.17,8.49,8.49
1996-06-18,5.87,6.52,6.97,7.5,7.83,8.14,8.47,8.47
1996-06-19,5.86,6.49,6.95,7.49,7.83,8.14,8.47,8.47
1996-06-20,5.84,6.49,6.95,7.5,7.84,8.15,8.48,8.48
1996-06-21,5.78,6.44,6.89,7.43,7.76,8.07,8.41,8.41
1996-06-24,5.77,6.42,6.87,7.41,7.74,8.06,8.41,8.41
1996-06-25,5.78,6.42,6.86,7.39,7.72,8.03,8.38,8.38
1996-06-26,5.79,6.4,6.84,7.38,7.7,8.01,8.36,8.36
1996-06-27,5.83,6.45,6.89,7.42,7.74,8.04,8.39,8.39
1996-06-28,5.77,6.38,6.81,7.32,7.63,7.93,8.33,8.33
1996-07-01,5.78,6.39,6.82,7.34,7.65,7.96,8.35,8.35
1996-07-02,5.74,6.36,6.8,7.32,7.64,7.95,8.32,8.32
1996-07-03,5.75,6.36,6.8,7.33,7.66,7.98,8.35,8.35
1996-07-04,5.73,6.32,6.75,7.28,7.61,7.94,8.33,8.33
1996-07-05,5.8,6.38,6.81,7.35,7.68,8.01,8.4,8.4
1996-07-08,5.77,6.37,6.81,7.34,7.66,7.99,8.38,8.38
1996-07-09,5.7,6.32,6.76,7.31,7.64,7.97,8.36,8.36
1996-07-10,5.67,6.28,6.72,7.27,7.61,7.94,8.33,8.33
1996-07-11,5.69,6.28,6.71,7.24,7.58,7.91,8.28,8.28
1996-07-12,5.7,6.31,6.74,7.27,7.61,7.94,8.31,8.31
1996-07-15,5.71,6.32,6.75,7.3,7.65,7.98,8.34,8.34
1996-07-16,5.71,6.33,6.78,7.32,7.67,8.01,8.38,8.38
1996-07-17,5.7,6.33,6.76,7.3,7.65,7.98,8.36,8.36
1996-07-18,5.73,6.32,6.74,7.27,7.6,7.93,8.31,8.31
1996-07-19,5.73,6.33,6.76,7.29,7.63,7.95,8.33,8.33
1996-07-22,5.72,6.34,6.78,7.31,7.64,7.96,8.35,8.35
1996-07-23,5.77,6.38,6.8,7.32,7.65,7.97,8.36,8.36
1996-07-24,5.77,6.34,6.76,7.29,7.61,7.93,8.31,8.31
1996-07-25,5.78,6.35,6.77,7.3,7.62,7.94,8.32,8.32
1996-07-26,5.74,6.32,6.75,7.28,7.61,7.93,8.31,8.31
1996-07-29,5.74,6.32,6.76,7.3,7.63,7.95,8.33,8.33
1996-07-30,5.76,6.34,6.77,7.31,7.63,7.94,8.32,8.32
1996-07-31,5.79,6.35,6.77,7.31,7.63,7.94,8.32,8.32
1996-08-01,5.74,6.33,6.76,7.27,7.58,7.89,8.28,8.28
1996-08-02,5.73,6.28,6.68,7.2,7.53,7.85,8.24,8.24
1996-08-05,5.68,6.23,6.65,7.18,7.52,7.83,8.22,8.22
1996-08-06,5.71,6.23,6.64,7.17,7.5,7.81,8.21,8.21
1996-08-07,5.74,6.25,6.65,7.15,7.48,7.79,8.19,8.19
1996-08-08,5.76,6.31,6.71,7.2,7.51,7.82,8.22,8.22
1996-08-09,5.8,6.34,6.72,7.2,7.51,7.83,8.23,8.23
1996-08-12,5.83,6.34,6.72,7.2,7.51,7.83,8.22,8.22
1996-08-13,5.79,6.32,6.69,7.18,7.5,7.82,8.2,8.2
1996-08-14,5.83,6.37,6.75,7.24,7.56,7.88,8.25,8.25
1996-08-15,5.83,6.36,6.74,7.22,7.54,7.87,8.25,8.25
1996-08-16,5.81,6.31,6.68,7.15,7.47,7.8,8.19,8.19
1996-08-19,5.79,6.31,6.68,7.16,7.49,7.82,8.21,8.21
1996-08-20,5.78,6.3,6.68,7.17,7.5,7.84,8.22,8.22
1996-08-21,5.78,6.3,6.69,7.2,7.54,7.9,8.31,8.31
1996-08-22,5.7,6.22,6.61,7.13,7.48,7.85,8.28,8.28
1996-08-23,5.72,6.24,6.63,7.17,7.54,7.91,8.32,8.32
1996-08-26,5.72,6.24,6.63,7.17,7.54,7.91,8.32,8.32
1996-08-27,5.71,6.25,6.67,7.21,7.58,7.95,8.38,8.38
1996-08-28,5.72,6.26,6.66,7.2,7.57,7.94,8.37,8.37
1996-08-29,5.74,6.24,6.64,7.19,7.56,7.93,8.35,8.35
1996-08-30,5.71,6.27,6.68,7.23,7.6,7.97,8.37,8.37
1996-09-02,5.71,6.26,6.66,7.21,7.58,7.95,8.36,8.36
1996-09-03,5.73,6.28,6.7,7.25,7.61,7.97,8.36,8.36
1996-09-04,5.73,6.3,6.71,7.26,7.62,7.99,8.37,8.37
1996-09-05,5.81,6.35,6.74,7.25,7.6,7.96,8.35,8.35
1996-09-06,5.82,6.36,6.75,7.25,7.6,7.95,8.34,8.34
1996-09-09,5.8,6.33,6.71,7.22,7.58,7.94,8.33,8.33
1996-09-10,5.79,6.32,6.71,7.23,7.58,7.94,8.33,8.33
1996-09-11,5.8,6.33,6.71,7.23,7.58,7.94,8.33,8.33
1996-09-12,5.78,6.3,6.68,7.2,7.55,7.91,8.32,8.32
1996-09-13,5.74,6.23,6.6,7.09,7.43,7.78,8.22,8.22
1996-09-16,5.77,6.24,6.59,7.08,7.42,7.78,8.21,8.21
1996-09-17,5.79,6.27,6.62,7.1,7.44,7.79,8.23,8.23
1996-09-18,5.86,6.35,6.71,7.17,7.49,7.84,8.26,8.26
1996-09-19,5.87,6.37,6.72,7.17,7.49,7.83,8.24,8.24
1996-09-20,5.87,6.39,6.73,7.17,7.47,7.81,8.23,8.23
1996-09-23,5.93,6.46,6.8,7.23,7.52,7.85,8.26,8.26
1996-09-24,5.94,6.46,6.8,7.23,7.52,7.84,8.27,8.27
1996-09-25,5.91,6.39,6.72,7.15,7.45,7.78,8.22,8.22
1996-09-26,5.89,6.34,6.66,7.09,7.39,7.73,8.16,8.16
1996-09-27,5.87,6.31,6.63,7.06,7.38,7.72,8.15,8.15
1996-09-30,5.9,6.33,6.64,7.07,7.38,7.72,8.14,8.14
1996-10-01,5.88,6.31,6.61,7.03,7.32,7.65,8.08,8.08
1996-10-02,5.83,6.22,6.51,6.93,7.22,7.54,7.96,7.96
1996-10-03,5.82,6.22,6.51,6.93,7.22,7.55,7.97,7.97
1996-10-04,5.81,6.17,6.44,6.83,7.12,7.45,7.88,7.88
1996-10-07,5.82,6.19,6.46,6.86,7.15,7.47,7.9,7.9
1996-10-08,5.84,6.17,6.43,6.83,7.14,7.47,7.91,7.91
1996-10-09,5.81,6.15,6.41,6.8,7.09,7.42,7.87,7.87
1996-10-10,5.92,6.28,6.53,6.89,7.19,7.52,7.96,7.96
1996-10-11,5.95,6.28,6.53,6.9,7.19,7.52,7.95,7.95
1996-10-14,5.96,6.28,6.51,6.89,7.19,7.52,7.95,7.95
1996-10-15,5.9,6.23,6.47,6.85,7.14,7.47,7.92,7.92
1996-10-16,5.99,6.37,6.62,6.99,7.28,7.6,8.05,8.05
1996-10-17,6.02,6.38,6.63,6.99,7.27,7.59,8.04,8.04
1996-10-18,6.07,6.48,6.73,7.07,7.32,7.61,8.07,8.07
1996-10-21,6.09,6.49,6.73,7.08,7.33,7.62,8.07,8.07
1996-10-22,6.01,6.4,6.65,6.99,7.26,7.56,7.99,7.99
1996-10-23,6.03,6.42,6.67,7.02,7.29,7.59,8.01,8.01
1996-10-24,6.07,6.48,6.73,7.08,7.35,7.65,8.04,8.04
1996-10-25,6.01,6.4,6.66,7,7.26,7.55,7.94,7.94
1996-10-28,6.06,6.46,6.71,7.05,7.3,7.59,7.98,7.98
1996-10-29,6.06,6.46,6.71,7.05,7.3,7.59,8,8
1996-10-30,6.27,6.64,6.87,7.16,7.37,7.61,7.95,7.95
1996-10-31,6.27,6.64,6.88,7.19,7.41,7.64,7.95,7.95
1996-11-01,6.32,6.71,6.95,7.26,7.48,7.72,8.01,8.01
1996-11-04,6.35,6.75,6.99,7.3,7.52,7.75,8.03,8.03
1996-11-05,6.32,6.66,6.88,7.19,7.41,7.65,7.94,7.94
1996-11-06,6.4,6.73,6.94,7.22,7.41,7.63,7.93,7.93
1996-11-07,6.43,6.79,7.02,7.32,7.52,7.73,8.01,8.01
1996-11-08,6.46,6.81,7.01,7.27,7.46,7.68,7.95,7.95
1996-11-11,6.44,6.76,6.96,7.22,7.41,7.63,7.92,7.92
1996-11-12,6.43,6.77,6.96,7.21,7.4,7.62,7.9,7.9
1996-11-13,6.55,6.9,7.08,7.3,7.48,7.68,7.95,7.95
1996-11-14,6.56,6.88,7.04,7.24,7.39,7.57,7.84,7.84
1996-11-15,6.56,6.87,7.01,7.2,7.36,7.54,7.81,7.81
1996-11-18,6.53,6.83,6.98,7.17,7.31,7.49,7.76,7.76
1996-11-19,6.52,6.81,6.96,7.15,7.3,7.48,7.74,7.74
1996-11-20,6.57,6.84,6.98,7.17,7.33,7.52,7.76,7.76
1996-11-21,6.54,6.81,6.95,7.14,7.29,7.47,7.7,7.7
1996-11-22,6.52,6.77,6.9,7.1,7.25,7.44,7.65,7.65
1996-11-25,6.49,6.72,6.86,7.08,7.24,7.42,7.63,7.63
1996-11-26,6.47,6.69,6.85,7.07,7.24,7.43,7.64,7.64
1996-11-27,6.47,6.73,6.88,7.1,7.27,7.48,7.7,7.7
1996-11-28,6.48,6.72,6.86,7.06,7.22,7.43,7.65,7.65
1996-11-29,6.42,6.67,6.8,6.99,7.14,7.32,7.54,7.54
1996-12-02,6.45,6.69,6.82,7,7.14,7.3,7.48,7.48
1996-12-03,6.46,6.7,6.84,7.02,7.15,7.31,7.47,7.47
1996-12-04,6.51,6.78,6.93,7.11,7.24,7.39,7.54,7.54
1996-12-05,6.44,6.76,6.95,7.19,7.35,7.52,7.65,7.65
1996-12-06,6.43,6.76,6.97,7.27,7.45,7.64,7.82,7.82
1996-12-09,6.38,6.7,6.91,7.18,7.36,7.55,7.72,7.72
1996-12-10,6.37,6.68,6.87,7.12,7.29,7.47,7.63,7.63
1996-12-11,6.41,6.74,6.95,7.22,7.4,7.57,7.73,7.73
1996-12-12,6.41,6.77,7,7.29,7.47,7.66,7.81,7.81
1996-12-13,6.38,6.71,6.94,7.24,7.42,7.61,7.77,7.77
1996-12-16,6.37,6.7,6.94,7.24,7.43,7.61,7.77,7.77
1996-12-17,6.4,6.73,6.96,7.26,7.46,7.65,7.81,7.81
1996-12-18,6.49,6.83,7.06,7.33,7.49,7.65,7.8,7.8
1996-12-19,6.52,6.84,7.04,7.29,7.44,7.59,7.73,7.73
1996-12-20,6.5,6.83,7.02,7.26,7.41,7.57,7.7,7.7
1996-12-23,6.47,6.78,6.97,7.2,7.34,7.48,7.59,7.59
1996-12-24,6.44,6.77,6.96,7.19,7.33,7.46,7.58,7.58
1996-12-25,6.44,6.77,6.96,7.19,7.33,7.46,7.58,7.58
1996-12-26,6.44,6.77,6.96,7.19,7.33,7.46,7.58,7.58
1996-12-27,6.45,6.79,6.98,7.19,7.33,7.46,7.58,7.58
1996-12-30,6.49,6.8,6.99,7.21,7.34,7.47,7.6,7.6
1996-12-31,6.47,6.8,6.99,7.21,7.34,7.47,7.6,7.6
1997-01-01,6.47,6.8,6.99,7.21,7.34,7.47,7.6,7.6
1997-01-02,6.51,6.86,7.09,7.37,7.54,7.68,7.78,7.78
1997-01-03,6.51,6.85,7.07,7.34,7.5,7.66,7.8,7.8
1997-01-06,6.55,6.89,7.1,7.37,7.53,7.7,7.87,7.87
1997-01-07,6.57,6.89,7.09,7.36,7.54,7.71,7.87,7.87
1997-01-08,6.52,6.85,7.06,7.33,7.51,7.7,7.89,7.89
1997-01-09,6.49,6.79,6.99,7.25,7.43,7.63,7.85,7.85
1997-01-10,6.45,6.76,6.96,7.23,7.43,7.64,7.88,7.88
1997-01-13,6.42,6.71,6.9,7.15,7.34,7.56,7.8,7.8
1997-01-14,6.41,6.71,6.9,7.14,7.32,7.53,7.74,7.74
1997-01-15,6.45,6.73,6.9,7.13,7.31,7.5,7.69,7.69
1997-01-16,6.32,6.61,6.79,7.03,7.21,7.42,7.63,7.63
1997-01-17,6.31,6.58,6.76,7,7.17,7.38,7.61,7.61
1997-01-20,6.3,6.61,6.79,7.03,7.2,7.4,7.64,7.64
1997-01-21,6.34,6.63,6.8,7.03,7.21,7.41,7.65,7.65
1997-01-22,6.24,6.53,6.71,6.94,7.11,7.31,7.59,7.59
1997-01-23,6.28,6.57,6.75,6.99,7.15,7.35,7.6,7.6
1997-01-24,6.31,6.63,6.83,7.08,7.25,7.44,7.68,7.68
1997-01-27,6.31,6.64,6.84,7.09,7.28,7.48,7.73,7.73
1997-01-28,6.27,6.61,6.81,7.06,7.24,7.44,7.71,7.71
1997-01-29,6.29,6.64,6.86,7.14,7.33,7.53,7.78,7.78
1997-01-30,6.32,6.64,6.84,7.1,7.29,7.5,7.75,7.75
1997-01-31,6.28,6.6,6.78,7.03,7.2,7.4,7.65,7.65
1997-02-03,6.26,6.56,6.73,6.95,7.11,7.31,7.58,7.58
1997-02-04,6.26,6.55,6.71,6.9,7.04,7.23,7.5,7.5
1997-02-05,6.27,6.58,6.74,6.93,7.07,7.25,7.52,7.52
1997-02-06,6.25,6.55,6.72,6.92,7.06,7.24,7.51,7.51
1997-02-07,6.2,6.45,6.59,6.78,6.93,7.11,7.35,7.35
1997-02-10,6.23,6.49,6.63,6.82,6.97,7.14,7.35,7.35
1997-02-11,6.22,6.48,6.62,6.8,6.93,7.1,7.3,7.3
1997-02-12,6.19,6.45,6.59,6.78,6.92,7.08,7.28,7.28
1997-02-13,6.2,6.46,6.6,6.79,6.93,7.1,7.3,7.3
1997-02-14,6.22,6.46,6.6,6.78,6.93,7.1,7.32,7.32
1997-02-17,6.22,6.47,6.61,6.8,6.94,7.12,7.36,7.36
1997-02-18,6.16,6.39,6.54,6.74,6.89,7.08,7.32,7.32
1997-02-19,6.16,6.41,6.57,6.78,6.94,7.12,7.35,7.35
1997-02-20,6.13,6.38,6.54,6.75,6.91,7.09,7.32,7.32
1997-02-21,6.13,6.4,6.56,6.78,6.94,7.12,7.35,7.35
1997-02-24,6.15,6.41,6.58,6.81,6.97,7.16,7.4,7.4
1997-02-25,6.14,6.4,6.57,6.79,6.96,7.15,7.4,7.4
1997-02-26,6.18,6.44,6.61,6.84,7.02,7.21,7.43,7.43
1997-02-27,6.17,6.44,6.6,6.81,6.96,7.14,7.37,7.37
1997-02-28,6.25,6.55,6.71,6.91,7.06,7.23,7.45,7.45
1997-03-03,6.25,6.54,6.69,6.9,7.04,7.22,7.44,7.44
1997-03-04,6.2,6.5,6.67,6.88,7.04,7.22,7.44,7.44
1997-03-05,6.21,6.52,6.71,6.95,7.12,7.31,7.53,7.53
1997-03-06,6.18,6.5,6.69,6.93,7.11,7.31,7.53,7.53
1997-03-07,6.16,6.46,6.66,6.92,7.11,7.3,7.5,7.5
1997-03-10,6.15,6.44,6.63,6.87,7.05,7.25,7.46,7.46
1997-03-11,6.15,6.44,6.63,6.88,7.07,7.27,7.47,7.47
1997-03-12,6.18,6.48,6.67,6.92,7.1,7.3,7.52,7.52
1997-03-13,6.21,6.52,6.72,6.96,7.14,7.35,7.56,7.56
1997-03-14,6.21,6.52,6.72,6.96,7.14,7.34,7.55,7.55
1997-03-17,6.26,6.59,6.8,7.06,7.24,7.44,7.63,7.63
1997-03-18,6.27,6.63,6.85,7.11,7.28,7.46,7.64,7.64
1997-03-19,6.46,6.84,7.03,7.25,7.4,7.56,7.7,7.7
1997-03-20,6.51,6.89,7.09,7.31,7.45,7.6,7.73,7.73
1997-03-21,6.49,6.87,7.07,7.29,7.43,7.58,7.71,7.71
1997-03-24,6.49,6.88,7.08,7.29,7.41,7.56,7.71,7.71
1997-03-25,6.48,6.86,7.06,7.27,7.4,7.53,7.67,7.67
1997-03-26,6.5,6.88,7.08,7.3,7.43,7.57,7.7,7.7
1997-03-27,6.52,6.91,7.11,7.33,7.46,7.6,7.73,7.73
1997-03-28,6.52,6.91,7.11,7.33,7.46,7.6,7.73,7.73
1997-03-31,6.52,6.91,7.11,7.33,7.46,7.6,7.73,7.73
1997-04-01,6.57,6.96,7.18,7.41,7.55,7.68,7.78,7.78
1997-04-02,6.53,6.92,7.13,7.37,7.51,7.65,7.77,7.77
1997-04-03,6.54,6.93,7.14,7.38,7.52,7.67,7.8,7.8
1997-04-04,6.55,6.92,7.12,7.35,7.49,7.64,7.78,7.78
1997-04-07,6.56,6.91,7.09,7.3,7.43,7.58,7.74,7.74
1997-04-08,6.55,6.87,7.06,7.28,7.43,7.58,7.75,7.75
1997-04-09,6.5,6.83,7.03,7.26,7.42,7.58,7.74,7.74
1997-04-10,6.48,6.82,7.02,7.28,7.45,7.62,7.77,7.77
1997-04-11,6.51,6.87,7.08,7.34,7.5,7.67,7.79,7.79
1997-04-14,6.48,6.84,7.04,7.3,7.46,7.63,7.77,7.77
1997-04-15,6.44,6.78,6.98,7.21,7.36,7.52,7.67,7.67
1997-04-16,6.48,6.8,6.99,7.21,7.35,7.52,7.67,7.67
1997-04-17,6.44,6.76,6.94,7.15,7.3,7.46,7.63,7.63
1997-04-18,6.49,6.81,6.99,7.2,7.35,7.52,7.67,7.67
1997-04-21,6.51,6.85,7.04,7.25,7.39,7.55,7.71,7.71
1997-04-22,6.53,6.86,7.04,7.25,7.4,7.56,7.72,7.72
1997-04-23,6.53,6.87,7.05,7.26,7.39,7.55,7.7,7.7
1997-04-24,6.54,6.9,7.09,7.31,7.45,7.61,7.77,7.77
1997-04-25,6.57,6.92,7.11,7.33,7.48,7.65,7.8,7.8
1997-04-28,6.56,6.91,7.09,7.31,7.45,7.61,7.75,7.75
1997-04-29,6.52,6.84,7.01,7.22,7.36,7.53,7.69,7.69
1997-04-30,6.47,6.76,6.93,7.13,7.26,7.42,7.59,7.59
1997-05-01,6.47,6.76,6.92,7.1,7.23,7.39,7.56,7.56
1997-05-02,6.51,6.76,6.89,7.06,7.19,7.35,7.53,7.53
1997-05-05,6.51,6.76,6.89,7.06,7.19,7.35,7.53,7.53
1997-05-06,6.44,6.67,6.76,6.87,6.95,7.04,7.08,7.08
1997-05-07,6.49,6.71,6.81,6.92,6.99,7.05,7.09,7.09
1997-05-08,6.5,6.7,6.79,6.87,6.92,6.98,7.05,7.05
1997-05-09,6.45,6.67,6.76,6.85,6.89,6.95,7.02,7.02
1997-05-12,6.42,6.62,6.69,6.78,6.84,6.92,7.03,7.03
1997-05-13,6.46,6.66,6.75,6.83,6.88,6.94,7.02,7.02
1997-05-14,6.43,6.64,6.73,6.81,6.85,6.9,6.97,6.97
1997-05-15,6.45,6.64,6.72,6.81,6.86,6.91,7,7
1997-05-16,6.47,6.67,6.77,6.87,6.93,6.99,7.07,7.07
1997-05-19,6.49,6.7,6.8,6.91,6.97,7.04,7.1,7.1
1997-05-20,6.48,6.71,6.81,6.91,6.97,7.03,7.09,7.09
1997-05-21,6.51,6.75,6.86,6.96,7.03,7.1,7.13,7.13
1997-05-22,6.56,6.81,6.94,7.08,7.16,7.24,7.28,7.28
1997-05-23,6.51,6.76,6.88,7.01,7.08,7.16,7.21,7.21
1997-05-26,6.51,6.76,6.88,7.01,7.08,7.16,7.21,7.21
1997-05-27,6.55,6.78,6.9,7.03,7.1,7.17,7.23,7.23
1997-05-28,6.58,6.82,6.93,7.03,7.1,7.17,7.23,7.23
1997-05-29,6.59,6.82,6.93,7.04,7.11,7.18,7.25,7.25
1997-05-30,6.57,6.8,6.91,7.01,7.07,7.14,7.2,7.2
1997-06-02,6.55,6.8,6.91,7.01,7.07,7.13,7.18,7.18
1997-06-03,6.53,6.75,6.84,6.92,6.97,7.03,7.08,7.08
1997-06-04,6.56,6.77,6.87,6.96,7.01,7.08,7.11,7.11
1997-06-05,6.57,6.77,6.87,6.96,7.01,7.07,7.11,7.11
1997-06-06,6.59,6.76,6.84,6.91,6.95,6.99,7.03,7.03
1997-06-09,6.63,6.83,6.91,6.98,7.01,7.05,7.08,7.08
1997-06-10,6.64,6.83,6.91,6.98,7.02,7.06,7.08,7.08
1997-06-11,6.64,6.82,6.9,6.97,7,7.04,7.08,7.08
1997-06-12,6.6,6.75,6.83,6.9,6.94,6.99,7.04,7.04
1997-06-13,6.59,6.73,6.8,6.88,6.93,7,7.07,7.07
1997-06-16,6.59,6.73,6.79,6.86,6.91,6.97,7.04,7.04
1997-06-17,6.59,6.74,6.82,6.89,6.94,7,7.08,7.08
1997-06-18,6.7,6.85,6.92,6.98,7.02,7.07,7.13,7.13
1997-06-19,6.72,6.88,6.96,7.04,7.08,7.12,7.15,7.15
1997-06-20,6.72,6.88,6.95,7,7.02,7.06,7.11,7.11
1997-06-23,6.79,6.96,7.03,7.07,7.08,7.1,7.13,7.13
1997-06-24,6.78,6.95,7.02,7.04,7.04,7.06,7.09,7.09
1997-06-25,6.75,6.9,6.96,6.98,6.99,7.01,7.05,7.05
1997-06-26,6.76,6.9,6.95,6.98,6.99,7.02,7.06,7.06
1997-06-27,6.77,6.88,6.92,6.94,6.94,6.96,6.99,6.99
1997-06-30,6.82,6.92,6.96,6.99,7,7.02,7.04,7.04
1997-07-01,6.78,6.87,6.91,6.93,6.93,6.94,6.94,6.94
1997-07-02,6.76,6.86,6.9,6.92,6.91,6.91,6.92,6.92
1997-07-03,6.9,7.01,7.05,7.04,6.99,6.95,6.86,6.86
1997-07-04,6.9,7,7.03,7.03,6.98,6.92,6.78,6.78
1997-07-07,6.89,7,7.04,7.02,6.97,6.91,6.77,6.77
1997-07-08,6.95,7.06,7.09,7.06,7,6.92,6.77,6.77
1997-07-09,6.99,7.11,7.13,7.1,7.04,6.97,6.82,6.82
1997-07-10,6.96,7.08,7.11,7.09,7.04,6.98,6.86,6.86
1997-07-11,6.91,7,7.02,7,6.96,6.91,6.83,6.83
1997-07-14,6.95,7.04,7.06,7.05,7.02,6.98,6.91,6.91
1997-07-15,6.93,7.03,7.07,7.07,7.05,7,6.92,6.92
1997-07-16,6.9,7,7.03,7.04,7.02,6.97,6.88,6.88
1997-07-17,6.91,7.01,7.04,7.03,7,6.95,6.83,6.83
1997-07-18,6.96,7.05,7.07,7.05,7,6.93,6.8,6.8
1997-07-21,6.97,7.05,7.07,7.07,7.03,6.97,6.83,6.83
1997-07-22,6.95,7.02,7.03,7.02,6.98,6.92,6.78,6.78
1997-07-23,6.92,6.98,6.99,6.97,6.93,6.85,6.67,6.67
1997-07-24,6.9,6.95,6.96,6.96,6.94,6.88,6.71,6.71
1997-07-25,6.89,6.92,6.93,6.93,6.9,6.85,6.7,6.7
1997-07-28,6.9,6.95,6.97,6.97,6.95,6.89,6.73,6.73
1997-07-29,6.91,6.95,6.96,6.95,6.93,6.88,6.73,6.73
1997-07-30,6.9,6.92,6.91,6.89,6.86,6.81,6.68,6.68
1997-07-31,6.93,6.95,6.95,6.93,6.9,6.86,6.71,6.71
1997-08-01,6.97,6.98,6.98,6.98,6.97,6.92,6.77,6.77
1997-08-04,7,7.03,7.03,7.03,7,6.96,6.81,6.81
1997-08-05,7.01,7.04,7.04,7.05,7.04,7.01,6.86,6.86
1997-08-06,6.96,6.98,6.99,6.99,6.98,6.96,6.83,6.83
1997-08-07,6.88,6.87,6.87,6.87,6.89,6.91,6.85,6.85
1997-08-08,6.91,6.94,6.96,6.99,7,7.02,6.94,6.94
1997-08-11,6.92,6.95,6.97,6.99,7.01,7.02,6.94,6.94
1997-08-12,6.93,6.95,6.96,6.96,6.95,6.95,6.87,6.87
1997-08-13,6.94,6.97,6.99,6.99,7,7,6.9,6.9
1997-08-14,6.92,6.94,6.95,6.96,6.95,6.95,6.85,6.85
1997-08-15,6.94,6.96,6.96,6.97,6.97,6.97,6.87,6.87
1997-08-18,6.93,6.95,6.95,6.94,6.92,6.92,6.82,6.82
1997-08-19,6.94,6.96,6.96,6.94,6.92,6.91,6.82,6.82
1997-08-20,6.94,6.95,6.93,6.92,6.91,6.91,6.82,6.82
1997-08-21,6.96,6.96,6.94,6.92,6.92,6.93,6.84,6.84
1997-08-22,7.02,7.02,7,6.99,7.01,7.02,6.91,6.91
1997-08-25,7.02,7.02,7,6.99,7.01,7.02,6.91,6.91
1997-08-26,7.01,7.01,6.99,6.97,6.98,6.99,6.89,6.89
1997-08-27,7.03,7.02,7,6.99,6.99,7,6.9,6.9
1997-08-28,7.02,7.01,6.99,6.98,6.98,6.98,6.87,6.87
1997-08-29,7.02,7.01,6.99,6.98,6.98,6.98,6.87,6.87
1997-09-01,7,6.97,6.95,6.94,6.94,6.95,6.83,6.83
1997-09-02,6.96,6.94,6.92,6.91,6.92,6.93,6.84,6.84
1997-09-03,6.94,6.91,6.9,6.89,6.9,6.91,6.83,6.83
1997-09-04,6.94,6.91,6.9,6.89,6.9,6.91,6.82,6.82
1997-09-05,6.92,6.9,6.89,6.88,6.89,6.9,6.81,6.81
1997-09-08,6.89,6.85,6.84,6.84,6.85,6.87,6.8,6.8
1997-09-09,6.9,6.88,6.87,6.87,6.88,6.89,6.8,6.8
1997-09-10,6.9,6.89,6.88,6.88,6.88,6.89,6.8,6.8
1997-09-11,6.89,6.88,6.88,6.88,6.87,6.87,6.78,6.78
1997-09-12,6.86,6.85,6.85,6.84,6.83,6.83,6.75,6.75
1997-09-15,6.85,6.82,6.82,6.81,6.8,6.79,6.7,6.7
1997-09-16,6.76,6.68,6.66,6.64,6.63,6.63,6.55,6.55
1997-09-17,6.82,6.73,6.7,6.67,6.66,6.64,6.54,6.54
1997-09-18,6.85,6.75,6.7,6.62,6.58,6.55,6.43,6.43
1997-09-19,6.87,6.79,6.74,6.68,6.63,6.59,6.48,6.48
1997-09-22,6.88,6.78,6.72,6.64,6.59,6.55,6.44,6.44
1997-09-23,6.89,6.81,6.75,6.66,6.61,6.57,6.45,6.45
1997-09-24,6.91,6.8,6.72,6.62,6.57,6.53,6.43,6.43
1997-09-25,6.9,6.79,6.71,6.6,6.55,6.52,6.44,6.44
1997-09-26,6.91,6.72,6.54,6.33,6.27,6.34,6.54,6.54
1997-09-29,6.98,6.8,6.61,6.4,6.34,6.39,6.56,6.56
1997-09-30,6.99,6.82,6.63,6.41,6.33,6.36,6.5,6.5
1997-10-01,6.96,6.79,6.6,6.34,6.24,6.25,6.4,6.4
1997-10-02,6.97,6.8,6.6,6.33,6.23,6.23,6.38,6.38
1997-10-03,6.9,6.72,6.51,6.23,6.12,6.1,6.23,6.23
1997-10-06,6.96,6.8,6.6,6.33,6.21,6.18,6.27,6.27
1997-10-07,6.96,6.82,6.64,6.39,6.26,6.21,6.24,6.24
1997-10-08,6.98,6.88,6.73,6.51,6.38,6.32,6.32,6.32
1997-10-09,7.02,6.92,6.79,6.58,6.45,6.39,6.4,6.4
1997-10-10,7.02,6.94,6.82,6.6,6.47,6.4,6.39,6.39
1997-10-13,6.98,6.88,6.74,6.52,6.39,6.33,6.35,6.35
1997-10-14,6.95,6.83,6.68,6.47,6.36,6.32,6.33,6.33
1997-10-15,6.92,6.78,6.65,6.47,6.38,6.36,6.36,6.36
1997-10-16,6.89,6.78,6.67,6.51,6.43,6.4,6.4,6.4
1997-10-17,6.91,6.78,6.67,6.51,6.43,6.4,6.39,6.39
1997-10-20,6.91,6.85,6.78,6.63,6.54,6.48,6.41,6.41
1997-10-21,6.91,6.85,6.78,6.64,6.55,6.51,6.44,6.44
1997-10-22,6.9,6.85,6.78,6.64,6.56,6.51,6.43,6.43
1997-10-23,6.9,6.82,6.73,6.57,6.48,6.44,6.35,6.35
1997-10-24,6.91,6.82,6.72,6.56,6.47,6.43,6.34,6.34
1997-10-27,6.91,6.84,6.74,6.59,6.5,6.46,6.37,6.37
1997-10-28,6.88,6.8,6.72,6.6,6.53,6.5,6.39,6.39
1997-10-29,6.9,6.83,6.74,6.6,6.52,6.49,6.39,6.39
1997-10-30,6.87,6.79,6.71,6.57,6.49,6.45,6.38,6.38
1997-10-31,6.87,6.77,6.68,6.55,6.48,6.44,6.36,6.36
1997-11-03,6.89,6.82,6.73,6.59,6.51,6.46,6.4,6.4
1997-11-04,6.91,6.83,6.74,6.6,6.51,6.45,6.38,6.38
1997-11-05,6.94,6.86,6.78,6.64,6.54,6.47,6.38,6.38
1997-11-06,7.11,6.98,6.87,6.71,6.61,6.52,6.39,6.39
1997-11-07,7.09,6.95,6.84,6.66,6.54,6.45,6.34,6.34
1997-11-10,7.13,7,6.88,6.68,6.56,6.46,6.34,6.34
1997-11-11,7.22,7.13,7.01,6.8,6.65,6.52,6.39,6.39
1997-11-12,7.23,7.14,7.04,6.87,6.75,6.65,6.53,6.53
1997-11-13,7.21,7.12,7.02,6.84,6.71,6.6,6.49,6.49
1997-11-14,7.14,7.04,6.93,6.74,6.61,6.5,6.4,6.4
1997-11-17,7.18,7.03,6.91,6.72,6.59,6.49,6.41,6.41
1997-11-18,7.2,7.06,6.95,6.76,6.63,6.53,6.46,6.46
1997-11-19,7.2,7.04,6.92,6.71,6.58,6.47,6.4,6.4
1997-11-20,7.16,6.98,6.84,6.63,6.49,6.4,6.34,6.34
1997-11-21,7.14,6.97,6.84,6.64,6.51,6.42,6.36,6.36
1997-11-24,7.12,6.92,6.79,6.61,6.49,6.4,6.35,6.35
1997-11-25,7.1,6.9,6.78,6.61,6.49,6.38,6.3,6.3
1997-11-26,7.16,6.99,6.86,6.66,6.51,6.38,6.27,6.27
1997-11-27,7.18,7.02,6.9,6.69,6.54,6.41,6.28,6.28
1997-11-28,7.18,7,6.87,6.65,6.49,6.35,6.25,6.25
1997-12-01,7.16,6.99,6.85,6.64,6.49,6.36,6.27,6.27
1997-12-02,7.19,7,6.86,6.63,6.47,6.32,6.23,6.23
1997-12-03,7.18,7.01,6.86,6.63,6.47,6.34,6.28,6.28
1997-12-04,7.13,6.93,6.79,6.57,6.43,6.32,6.27,6.27
1997-12-05,7.14,6.96,6.83,6.63,6.5,6.4,6.33,6.33
1997-12-08,7.12,6.94,6.81,6.61,6.47,6.35,6.26,6.26
1997-12-09,7.06,6.87,6.74,6.55,6.41,6.29,6.22,6.22
1997-12-10,7.07,6.87,6.75,6.55,6.4,6.26,6.18,6.18
1997-12-11,7.05,6.81,6.66,6.44,6.28,6.16,6.1,6.1
1997-12-12,7.01,6.76,6.62,6.41,6.27,6.15,6.1,6.1
1997-12-15,7.01,6.76,6.6,6.39,6.25,6.14,6.09,6.09
1997-12-16,6.98,6.72,6.58,6.38,6.26,6.17,6.15,6.15
1997-12-17,6.98,6.75,6.61,6.42,6.29,6.2,6.19,6.19
1997-12-18,6.98,6.74,6.6,6.4,6.27,6.18,6.17,6.17
1997-12-19,6.93,6.68,6.54,6.35,6.23,6.14,6.13,6.13
1997-12-22,6.92,6.68,6.55,6.36,6.24,6.15,6.13,6.13
1997-12-23,6.89,6.64,6.5,6.32,6.2,6.11,6.09,6.09
1997-12-24,6.83,6.61,6.5,6.32,6.19,6.09,6.07,6.07
1997-12-25,6.83,6.61,6.5,6.32,6.19,6.09,6.07,6.07
1997-12-26,6.83,6.61,6.5,6.32,6.19,6.09,6.07,6.07
1997-12-29,6.86,6.64,6.51,6.33,6.19,6.09,6.06,6.06
1997-12-30,6.95,6.73,6.61,6.43,6.31,6.22,6.16,6.16
1997-12-31,6.93,6.7,6.58,6.4,6.28,6.18,6.12,6.12
1998-01-01,6.93,6.7,6.58,6.4,6.28,6.18,6.12,6.12
1998-01-02,6.9,6.68,6.56,6.39,6.27,6.17,6.11,6.11
1998-01-05,6.82,6.55,6.42,6.23,6.11,6.02,6.01,6.01
1998-01-06,6.82,6.53,6.38,6.19,6.07,5.98,5.96,5.96
1998-01-07,6.81,6.54,6.39,6.19,6.07,5.98,5.94,5.94
1998-01-08,6.8,6.51,6.36,6.16,6.03,5.94,5.91,5.91
1998-01-09,6.76,6.47,6.32,6.11,5.98,5.89,5.87,5.87
1998-01-12,6.65,6.36,6.22,6.04,5.93,5.86,5.86,5.86
1998-01-13,6.71,6.43,6.29,6.08,5.95,5.87,5.87,5.87
1998-01-14,6.81,6.57,6.42,6.18,6.02,5.91,5.89,5.89
1998-01-15,6.86,6.6,6.44,6.21,6.05,5.94,5.92,5.92
1998-01-16,6.88,6.63,6.47,6.22,6.06,5.95,5.94,5.94
1998-01-19,6.91,6.66,6.49,6.24,6.07,5.96,5.95,5.95
1998-01-20,6.89,6.64,6.48,6.22,6.05,5.94,5.95,5.95
1998-01-21,6.87,6.62,6.46,6.22,6.06,5.95,5.95,5.95
1998-01-22,6.83,6.54,6.38,6.15,6.02,5.93,5.91,5.91
1998-01-23,6.76,6.49,6.34,6.15,6.03,5.94,5.92,5.92
1998-01-26,6.78,6.53,6.39,6.2,6.06,5.97,5.97,5.97
1998-01-27,6.75,6.5,6.36,6.18,6.06,5.97,5.97,5.97
1998-01-28,6.77,6.53,6.4,6.22,6.1,6.01,6.02,6.02
1998-01-29,6.74,6.47,6.35,6.17,6.06,5.98,5.98,5.98
1998-01-30,6.69,6.44,6.3,6.13,6.02,5.94,5.95,5.95
1998-02-02,6.73,6.49,6.35,6.15,6.04,5.97,5.96,5.96
1998-02-03,6.75,6.48,6.34,6.16,6.04,5.97,5.95,5.95
1998-02-04,6.77,6.5,6.37,6.19,6.09,6.01,5.98,5.98
1998-02-05,6.73,6.45,6.32,6.15,6.06,5.99,5.99,5.99
1998-02-06,6.71,6.44,6.3,6.14,6.05,6,5.99,5.99
1998-02-09,6.7,6.42,6.29,6.13,6.05,6,5.98,5.98
1998-02-10,6.68,6.38,6.22,6.05,5.97,5.93,5.93,5.93
1998-02-11,6.68,6.4,6.24,6.03,5.93,5.87,5.85,5.85
1998-02-12,6.73,6.44,6.26,6.03,5.91,5.84,5.84,5.84
1998-02-13,6.71,6.43,6.26,6.03,5.91,5.84,5.83,5.83
1998-02-16,6.72,6.44,6.26,6.02,5.89,5.82,5.82,5.82
1998-02-17,6.77,6.49,6.3,6.04,5.89,5.8,5.79,5.79
1998-02-18,6.81,6.53,6.33,6.07,5.92,5.84,5.8,5.8
1998-02-19,6.78,6.48,6.29,6.04,5.91,5.85,5.82,5.82
1998-02-20,6.75,6.47,6.29,6.06,5.93,5.86,5.82,5.82
1998-02-23,6.75,6.48,6.31,6.09,5.97,5.9,5.84,5.84
1998-02-24,6.78,6.52,6.36,6.13,6.01,5.92,5.87,5.87
1998-02-25,6.8,6.54,6.37,6.14,6.01,5.93,5.86,5.86
1998-02-26,6.81,6.55,6.38,6.15,6.02,5.93,5.87,5.87
1998-02-27,6.85,6.63,6.45,6.21,6.07,5.98,5.9,5.9
1998-03-02,6.82,6.58,6.41,6.17,6.02,5.91,5.85,5.85
1998-03-03,6.85,6.61,6.44,6.22,6.08,5.99,5.91,5.91
1998-03-04,6.87,6.63,6.45,6.22,6.09,6,5.94,5.94
1998-03-05,6.76,6.52,6.37,6.17,6.05,5.97,5.93,5.93
1998-03-06,6.78,6.52,6.36,6.14,6.02,5.94,5.89,5.89
1998-03-09,6.73,6.43,6.26,6.05,5.94,5.88,5.84,5.84
1998-03-10,6.71,6.46,6.3,6.08,5.96,5.88,5.83,5.83
1998-03-11,6.73,6.47,6.31,6.08,5.95,5.87,5.81,5.81
1998-03-12,6.75,6.5,6.32,6.07,5.92,5.83,5.77,5.77
1998-03-13,6.79,6.55,6.36,6.1,5.95,5.84,5.77,5.77
1998-03-16,6.79,6.5,6.31,6.05,5.9,5.8,5.72,5.72
1998-03-17,6.77,6.51,6.32,6.07,5.91,5.8,5.71,5.71
1998-03-18,6.78,6.51,6.32,6.05,5.91,5.8,5.72,5.72
1998-03-19,6.82,6.55,6.35,6.09,5.94,5.85,5.77,5.77
1998-03-20,6.77,6.52,6.33,6.05,5.89,5.78,5.71,5.71
1998-03-23,6.77,6.5,6.31,6.05,5.9,5.8,5.74,5.74
1998-03-24,6.74,6.48,6.29,6.03,5.88,5.78,5.72,5.72
1998-03-25,6.78,6.53,6.33,6.05,5.89,5.78,5.7,5.7
1998-03-26,6.79,6.55,6.36,6.07,5.91,5.79,5.71,5.71
1998-03-27,6.8,6.57,6.38,6.1,5.93,5.81,5.72,5.72
1998-03-30,6.8,6.58,6.39,6.11,5.94,5.82,5.71,5.71
1998-03-31,6.73,6.5,6.31,6.04,5.89,5.78,5.67,5.67
1998-04-01,6.74,6.5,6.31,6.05,5.9,5.79,5.68,5.68
1998-04-02,6.72,6.44,6.24,5.97,5.82,5.71,5.6,5.6
1998-04-03,6.71,6.42,6.21,5.92,5.76,5.64,5.56,5.56
1998-04-06,6.69,6.38,6.16,5.88,5.73,5.64,5.57,5.57
1998-04-07,6.68,6.39,6.18,5.9,5.75,5.66,5.59,5.59
1998-04-08,6.68,6.39,6.18,5.9,5.74,5.63,5.57,5.57
1998-04-09,6.68,6.38,6.16,5.87,5.72,5.63,5.56,5.56
1998-04-10,6.68,6.38,6.16,5.87,5.72,5.63,5.56,5.56
1998-04-13,6.68,6.38,6.16,5.87,5.72,5.63,5.56,5.56
1998-04-14,6.67,6.38,6.17,5.88,5.72,5.62,5.55,5.55
1998-04-15,6.67,6.39,6.18,5.88,5.72,5.63,5.57,5.57
1998-04-16,6.7,6.43,6.22,5.92,5.75,5.65,5.57,5.57
1998-04-17,6.72,6.45,6.23,5.92,5.75,5.64,5.56,5.56
1998-04-20,6.74,6.45,6.22,5.92,5.75,5.64,5.56,5.56
1998-04-21,6.73,6.44,6.22,5.92,5.76,5.65,5.58,5.58
1998-04-22,6.73,6.45,6.24,5.96,5.81,5.73,5.65,5.65
1998-04-23,6.66,6.39,6.2,5.94,5.81,5.73,5.67,5.67
1998-04-24,6.63,6.34,6.14,5.9,5.77,5.7,5.63,5.63
1998-04-27,6.66,6.4,6.21,5.98,5.87,5.8,5.72,5.72
1998-04-28,6.63,6.35,6.17,5.95,5.85,5.79,5.71,5.71
1998-04-29,6.62,6.35,6.17,5.94,5.83,5.77,5.71,5.71
1998-04-30,6.61,6.34,6.15,5.91,5.79,5.72,5.67,5.67
1998-05-01,6.58,6.28,6.07,5.82,5.7,5.64,5.6,5.6
1998-05-04,6.58,6.28,6.07,5.82,5.7,5.64,5.6,5.6
1998-05-05,6.63,6.36,6.16,5.9,5.77,5.7,5.64,5.64
1998-05-06,6.64,6.36,6.16,5.91,5.78,5.7,5.65,5.65
1998-05-07,6.67,6.4,6.2,5.96,5.84,5.77,5.7,5.7
1998-05-08,6.66,6.38,6.19,5.94,5.81,5.74,5.68,5.68
1998-05-11,6.66,6.39,6.19,5.94,5.82,5.74,5.68,5.68
1998-05-12,6.66,6.39,6.2,5.96,5.84,5.78,5.72,5.72
1998-05-13,6.68,6.41,6.22,5.98,5.86,5.79,5.73,5.73
1998-05-14,6.73,6.47,6.27,6.01,5.87,5.8,5.74,5.74
1998-05-15,6.76,6.5,6.31,6.05,5.92,5.84,5.78,5.78
1998-05-18,6.76,6.49,6.3,6.05,5.91,5.83,5.77,5.77
1998-05-19,6.79,6.51,6.31,6.04,5.9,5.81,5.76,5.76
1998-05-20,6.8,6.51,6.3,6.02,5.86,5.77,5.69,5.69
1998-05-21,6.74,6.44,6.23,5.96,5.82,5.73,5.66,5.66
1998-05-22,6.74,6.43,6.22,5.94,5.8,5.71,5.64,5.64
1998-05-25,6.74,6.43,6.22,5.94,5.8,5.71,5.64,5.64
1998-05-26,6.71,6.4,6.18,5.89,5.74,5.65,5.59,5.59
1998-05-27,6.71,6.4,6.18,5.9,5.75,5.65,5.59,5.59
1998-05-28,6.71,6.39,6.17,5.89,5.75,5.66,5.6,5.6
1998-05-29,6.66,6.34,6.11,5.82,5.67,5.59,5.53,5.53
1998-06-01,6.66,6.33,6.09,5.79,5.64,5.54,5.49,5.49
1998-06-02,6.69,6.35,6.11,5.82,5.66,5.56,5.51,5.51
1998-06-03,6.68,6.36,6.13,5.83,5.67,5.57,5.51,5.51
1998-06-04,6.92,6.56,6.29,5.95,5.76,5.62,5.51,5.51
1998-06-05,6.94,6.58,6.31,5.96,5.76,5.61,5.47,5.47
1998-06-08,6.96,6.6,6.33,5.96,5.76,5.61,5.47,5.47
1998-06-09,6.99,6.64,6.36,5.99,5.77,5.62,5.48,5.48
1998-06-10,6.97,6.61,6.32,5.93,5.71,5.54,5.4,5.4
1998-06-11,6.92,6.55,6.27,5.87,5.64,5.46,5.31,5.31
1998-06-12,6.95,6.58,6.29,5.89,5.65,5.45,5.27,5.27
1998-06-15,6.96,6.59,6.3,5.88,5.64,5.45,5.26,5.26
1998-06-16,7.13,6.82,6.53,6.08,5.79,5.55,5.3,5.3
1998-06-17,7.23,6.96,6.69,6.25,5.93,5.66,5.41,5.41
1998-06-18,7.25,6.97,6.7,6.25,5.94,5.66,5.4,5.4
1998-06-19,7.26,6.97,6.7,6.28,5.98,5.72,5.42,5.42
1998-06-22,7.22,6.91,6.63,6.2,5.92,5.67,5.42,5.42
1998-06-23,7.21,6.89,6.6,6.17,5.9,5.66,5.44,5.44
1998-06-24,7.17,6.83,6.54,6.11,5.85,5.63,5.41,5.41
1998-06-25,7.19,6.84,6.55,6.13,5.87,5.66,5.43,5.43
1998-06-26,7.22,6.87,6.58,6.15,5.89,5.67,5.45,5.45
1998-06-29,7.23,6.9,6.6,6.17,5.9,5.68,5.46,5.46
1998-06-30,7.21,6.88,6.59,6.16,5.88,5.65,5.43,5.43
1998-07-01,7.2,6.87,6.58,6.14,5.87,5.64,5.42,5.42
1998-07-02,7.23,6.87,6.57,6.12,5.85,5.62,5.39,5.39
1998-07-03,7.25,6.89,6.58,6.14,5.86,5.63,5.4,5.4
1998-07-06,7.22,6.85,6.54,6.09,5.81,5.59,5.38,5.38
1998-07-07,7.25,6.89,6.58,6.13,5.85,5.63,5.4,5.4
1998-07-08,7.27,6.91,6.6,6.16,5.88,5.66,5.41,5.41
1998-07-09,7.15,6.77,6.47,6.05,5.8,5.6,5.4,5.4
1998-07-10,7.15,6.79,6.49,6.07,5.8,5.6,5.39,5.39
1998-07-13,7.16,6.81,6.52,6.1,5.84,5.63,5.41,5.41
1998-07-14,7.09,6.75,6.46,6.06,5.81,5.62,5.43,5.43
1998-07-15,7.19,6.84,6.55,6.14,5.89,5.68,5.45,5.45
1998-07-16,7.18,6.82,6.52,6.11,5.87,5.67,5.48,5.48
1998-07-17,7.15,6.78,6.49,6.09,5.85,5.67,5.51,5.51
1998-07-20,7.18,6.82,6.53,6.12,5.87,5.68,5.53,5.53
1998-07-21,7.19,6.83,6.54,6.12,5.87,5.68,5.51,5.51
1998-07-22,7.24,6.89,6.6,6.18,5.92,5.72,5.53,5.53
1998-07-23,7.25,6.9,6.6,6.18,5.92,5.72,5.52,5.52
1998-07-24,7.25,6.92,6.63,6.21,5.96,5.76,5.55,5.55
1998-07-27,7.22,6.89,6.6,6.19,5.95,5.75,5.56,5.56
1998-07-28,7.11,6.75,6.47,6.08,5.84,5.66,5.49,5.49
1998-07-29,7.11,6.74,6.44,6.04,5.79,5.59,5.42,5.42
1998-07-30,7.13,6.78,6.49,6.08,5.83,5.63,5.44,5.44
1998-07-31,7.11,6.75,6.46,6.05,5.79,5.58,5.4,5.4
1998-08-03,7.08,6.69,6.39,5.99,5.73,5.52,5.35,5.35
1998-08-04,7.07,6.69,6.39,5.98,5.72,5.52,5.35,5.35
1998-08-05,7.07,6.67,6.38,5.98,5.74,5.55,5.39,5.39
1998-08-06,6.99,6.59,6.3,5.92,5.69,5.51,5.37,5.37
1998-08-07,6.96,6.56,6.27,5.89,5.67,5.5,5.37,5.37
1998-08-10,6.95,6.54,6.24,5.85,5.62,5.46,5.35,5.35
1998-08-11,6.95,6.52,6.21,5.81,5.58,5.42,5.32,5.32
1998-08-12,6.91,6.47,6.16,5.76,5.55,5.41,5.32,5.32
1998-08-13,6.97,6.55,6.24,5.85,5.64,5.49,5.38,5.38
1998-08-14,6.97,6.55,6.24,5.84,5.61,5.45,5.35,5.35
1998-08-17,6.97,6.54,6.23,5.82,5.59,5.44,5.34,5.34
1998-08-18,6.98,6.56,6.24,5.82,5.6,5.44,5.34,5.34
1998-08-19,7.02,6.6,6.28,5.86,5.62,5.46,5.34,5.34
1998-08-20,7.01,6.57,6.24,5.8,5.56,5.4,5.28,5.28
1998-08-21,6.96,6.49,6.15,5.71,5.47,5.31,5.23,5.23
1998-08-24,6.94,6.48,6.14,5.71,5.48,5.33,5.24,5.24
1998-08-25,6.86,6.42,6.09,5.68,5.46,5.31,5.21,5.21
1998-08-26,6.86,6.42,6.1,5.7,5.48,5.33,5.21,5.21
1998-08-27,6.77,6.32,6.01,5.6,5.37,5.21,5.11,5.11
1998-08-28,6.58,6.16,5.89,5.53,5.33,5.2,5.11,5.11
1998-08-31,6.58,6.16,5.89,5.53,5.33,5.2,5.11,5.11
1998-09-01,6.58,6.19,5.92,5.59,5.4,5.28,5.18,5.18
1998-09-02,6.66,6.24,5.97,5.62,5.42,5.28,5.16,5.16
1998-09-03,6.63,6.21,5.93,5.58,5.37,5.23,5.11,5.11
1998-09-04,6.62,6.2,5.93,5.58,5.38,5.23,5.11,5.11
1998-09-07,6.58,6.14,5.86,5.51,5.32,5.19,5.1,5.1
1998-09-08,6.64,6.21,5.93,5.58,5.38,5.23,5.12,5.12
1998-09-09,6.55,6.1,5.81,5.47,5.29,5.17,5.09,5.09
1998-09-10,6.44,5.96,5.66,5.31,5.14,5.04,4.98,4.98
1998-09-11,6.4,5.95,5.66,5.33,5.17,5.06,4.99,4.99
1998-09-14,6.41,5.97,5.69,5.36,5.19,5.08,4.99,4.99
1998-09-15,6.36,5.91,5.62,5.3,5.13,5.02,4.96,4.96
1998-09-16,6.4,5.94,5.64,5.3,5.12,5,4.92,4.92
1998-09-17,6.36,5.86,5.55,5.19,5.01,4.89,4.82,4.82
1998-09-18,6.35,5.86,5.56,5.2,5.01,4.89,4.81,4.81
1998-09-21,6.27,5.76,5.46,5.11,4.94,4.83,4.71,4.71
1998-09-22,6.32,5.82,5.51,5.17,4.99,4.87,4.75,4.75
1998-09-23,6.32,5.83,5.54,5.23,5.06,4.94,4.8,4.8
1998-09-24,6.28,5.8,5.52,5.21,5.06,4.95,4.84,4.84
1998-09-25,6.23,5.73,5.44,5.14,5.01,4.91,4.73,4.73
1998-09-28,6.19,5.69,5.4,5.1,4.96,4.84,4.62,4.62
1998-09-29,6.21,5.71,5.42,5.12,4.98,4.85,4.65,4.65
1998-09-30,6.19,5.65,5.35,5.04,4.9,4.79,4.66,4.66
1998-10-01,6.06,5.46,5.13,4.82,4.69,4.62,4.52,4.52
1998-10-02,6,5.36,5.01,4.7,4.59,4.54,4.43,4.43
1998-10-05,5.97,5.31,4.95,4.64,4.54,4.49,4.37,4.37
1998-10-06,6.06,5.41,5.04,4.74,4.64,4.6,4.46,4.46
1998-10-07,6.11,5.46,5.11,4.79,4.68,4.62,4.54,4.54
1998-10-08,6,5.35,5.03,4.8,4.78,4.8,4.76,4.76
1998-10-09,6,5.44,5.2,5.07,5.09,5.14,5.11,5.11
1998-10-12,6.07,5.52,5.28,5.16,5.18,5.22,5.16,5.16
1998-10-13,6.02,5.48,5.23,5.08,5.08,5.11,5.01,5.01
1998-10-14,6.02,5.47,5.21,5.04,5.02,5.02,4.89,4.89
1998-10-15,6.01,5.45,5.19,5.02,5,5.01,4.9,4.9
1998-10-16,5.86,5.29,5.05,4.93,4.97,5.04,4.99,4.99
1998-10-19,5.82,5.25,5.01,4.88,4.91,4.97,4.93,4.93
1998-10-20,5.88,5.35,5.11,4.98,4.99,5.04,5.01,5.01
1998-10-21,5.86,5.33,5.1,4.97,4.99,5.05,5.02,5.02
1998-10-22,5.9,5.38,5.15,5.03,5.04,5.09,5.05,5.05
1998-10-23,5.95,5.46,5.24,5.11,5.12,5.16,5.11,5.11
1998-10-26,5.96,5.47,5.24,5.07,5.05,5.07,5.01,5.01
1998-10-27,5.9,5.41,5.18,5.01,4.97,4.98,4.93,4.93
1998-10-28,5.9,5.4,5.17,5.02,5.01,5.03,4.98,4.98
1998-10-29,5.86,5.34,5.11,4.95,4.94,4.96,4.92,4.92
1998-10-30,5.85,5.34,5.12,4.97,4.97,5,4.94,4.94
1998-11-02,5.91,5.38,5.14,4.99,5,5.06,4.98,4.98
1998-11-03,5.85,5.29,5.03,4.86,4.87,4.94,4.87,4.87
1998-11-04,5.86,5.33,5.09,4.94,4.94,5,4.91,4.91
1998-11-05,5.83,5.32,5.08,4.93,4.93,4.99,4.94,4.94
1998-11-06,5.9,5.44,5.22,5.06,5.04,5.06,4.91,4.91
1998-11-09,5.89,5.44,5.2,5.02,4.99,5,4.89,4.89
1998-11-10,5.8,5.36,5.14,4.96,4.92,4.93,4.82,4.82
1998-11-11,5.91,5.49,5.26,5.05,5,4.98,4.81,4.81
1998-11-12,5.88,5.47,5.24,5.02,4.94,4.91,4.74,4.74
1998-11-13,5.89,5.46,5.22,4.99,4.91,4.87,4.7,4.7
1998-11-16,5.89,5.46,5.21,4.98,4.9,4.86,4.68,4.68
1998-11-17,5.86,5.43,5.17,4.93,4.85,4.81,4.65,4.65
1998-11-18,5.78,5.34,5.09,4.84,4.75,4.71,4.62,4.62
1998-11-19,5.78,5.35,5.09,4.84,4.76,4.72,4.62,4.62
1998-11-20,5.8,5.37,5.12,4.87,4.79,4.77,4.7,4.7
1998-11-23,5.77,5.34,5.08,4.84,4.76,4.75,4.73,4.73
1998-11-24,5.79,5.36,5.1,4.86,4.78,4.77,4.76,4.76
1998-11-25,5.77,5.34,5.08,4.84,4.76,4.75,4.69,4.69
1998-11-26,5.72,5.27,5.01,4.76,4.67,4.65,4.56,4.56
1998-11-27,5.72,5.28,5.02,4.77,4.69,4.68,4.59,4.59
1998-11-30,5.7,5.25,4.98,4.72,4.63,4.6,4.48,4.48
1998-12-01,5.66,5.2,4.93,4.68,4.59,4.57,4.46,4.46
1998-12-02,5.64,5.17,4.9,4.65,4.58,4.56,4.5,4.5
1998-12-03,5.51,5.06,4.8,4.59,4.54,4.57,4.54,4.54
1998-12-04,5.46,5.02,4.78,4.57,4.54,4.58,4.57,4.57
1998-12-07,5.47,5.03,4.78,4.57,4.54,4.57,4.59,4.59
1998-12-08,5.44,5.02,4.76,4.54,4.49,4.53,4.54,4.54
1998-12-09,5.43,5,4.73,4.48,4.42,4.45,4.51,4.51
1998-12-10,5.35,4.96,4.7,4.45,4.39,4.41,4.48,4.48
1998-12-11,5.29,4.92,4.67,4.44,4.38,4.41,4.47,4.47
1998-12-14,5.23,4.86,4.64,4.43,4.39,4.44,4.51,4.51
1998-12-15,5.22,4.87,4.65,4.43,4.39,4.43,4.48,4.48
1998-12-16,5.24,4.9,4.67,4.45,4.4,4.44,4.47,4.47
1998-12-17,5.29,4.95,4.7,4.46,4.39,4.4,4.4,4.4
1998-12-18,5.31,4.97,4.72,4.46,4.38,4.39,4.4,4.4
1998-12-21,5.33,5,4.76,4.5,4.43,4.42,4.42,4.42
1998-12-22,5.29,4.98,4.75,4.52,4.46,4.47,4.46,4.46
1998-12-23,5.18,4.89,4.66,4.43,4.37,4.39,4.42,4.42
1998-12-24,5.18,4.89,4.67,4.45,4.39,4.41,4.43,4.43
1998-12-25,5.18,4.89,4.67,4.45,4.39,4.41,4.43,4.43
1998-12-28,5.18,4.89,4.67,4.45,4.39,4.41,4.43,4.43
1998-12-29,5.18,4.88,4.65,4.42,4.36,4.38,4.41,4.41
1998-12-30,5.16,4.85,4.61,4.38,4.31,4.33,4.38,4.38
1998-12-31,5.11,4.82,4.6,4.37,4.31,4.32,4.38,4.38
1999-01-01,5.11,4.82,4.6,4.37,4.31,4.32,4.38,4.38
1999-01-04,5.14,4.84,4.6,4.34,4.25,4.25,4.35,4.35
1999-01-05,5.12,4.84,4.63,4.39,4.3,4.28,4.34,4.34
1999-01-06,5.11,4.83,4.62,4.39,4.3,4.29,4.38,4.38
1999-01-07,4.99,4.72,4.53,4.32,4.25,4.25,4.37,4.37
1999-01-08,4.97,4.68,4.49,4.28,4.22,4.23,4.38,4.38
1999-01-11,4.94,4.67,4.49,4.3,4.26,4.28,4.42,4.42
1999-01-12,4.95,4.7,4.54,4.36,4.32,4.35,4.51,4.51
1999-01-13,4.91,4.65,4.47,4.29,4.23,4.26,4.44,4.44
1999-01-14,4.91,4.65,4.47,4.27,4.21,4.24,4.42,4.42
1999-01-15,4.89,4.63,4.46,4.28,4.24,4.27,4.42,4.42
1999-01-18,4.9,4.64,4.47,4.3,4.25,4.27,4.4,4.4
1999-01-19,4.94,4.69,4.52,4.32,4.26,4.27,4.38,4.38
1999-01-20,4.94,4.68,4.5,4.3,4.23,4.24,4.36,4.36
1999-01-21,4.91,4.64,4.45,4.24,4.17,4.17,4.31,4.31
1999-01-22,4.87,4.59,4.39,4.18,4.11,4.12,4.3,4.3
1999-01-25,4.95,4.66,4.46,4.24,4.16,4.17,4.33,4.33
1999-01-26,4.98,4.7,4.48,4.24,4.15,4.14,4.3,4.3
1999-01-27,4.97,4.68,4.48,4.24,4.15,4.15,4.3,4.3
1999-01-28,4.97,4.68,4.47,4.24,4.16,4.15,4.3,4.3
1999-01-29,4.96,4.66,4.44,4.2,4.12,4.13,4.29,4.29
1999-02-01,4.96,4.66,4.44,4.21,4.13,4.15,4.33,4.33
1999-02-02,4.96,4.68,4.47,4.23,4.16,4.17,4.35,4.35
1999-02-03,4.99,4.74,4.54,4.3,4.22,4.21,4.36,4.36
1999-02-04,4.91,4.7,4.53,4.35,4.3,4.31,4.42,4.42
1999-02-05,4.85,4.64,4.48,4.3,4.25,4.27,4.42,4.42
1999-02-08,4.84,4.67,4.53,4.38,4.34,4.35,4.44,4.44
1999-02-09,4.86,4.69,4.55,4.37,4.31,4.3,4.41,4.41
1999-02-10,4.8,4.65,4.53,4.37,4.32,4.31,4.42,4.42
1999-02-11,4.77,4.65,4.53,4.38,4.32,4.31,4.43,4.43
1999-02-12,4.77,4.68,4.59,4.5,4.47,4.46,4.51,4.51
1999-02-15,4.8,4.73,4.65,4.55,4.51,4.49,4.57,4.57
1999-02-16,4.81,4.74,4.66,4.54,4.49,4.46,4.47,4.47
1999-02-17,4.83,4.77,4.69,4.58,4.51,4.45,4.45,4.45
1999-02-18,4.81,4.73,4.66,4.56,4.51,4.45,4.42,4.42
1999-02-19,4.79,4.7,4.63,4.52,4.47,4.43,4.45,4.45
1999-02-22,4.8,4.69,4.6,4.49,4.43,4.4,4.44,4.44
1999-02-23,4.78,4.66,4.56,4.45,4.4,4.36,4.41,4.41
1999-02-24,4.8,4.67,4.57,4.46,4.41,4.39,4.45,4.45
1999-02-25,4.88,4.79,4.71,4.61,4.57,4.53,4.52,4.52
1999-02-26,4.9,4.82,4.74,4.65,4.6,4.56,4.54,4.54
1999-03-01,4.94,4.92,4.86,4.76,4.7,4.64,4.6,4.6
1999-03-02,4.91,4.87,4.81,4.73,4.68,4.64,4.6,4.6
1999-03-03,5.02,5,4.94,4.85,4.79,4.72,4.64,4.64
1999-03-04,4.99,4.97,4.93,4.85,4.79,4.73,4.67,4.67
1999-03-05,4.91,4.87,4.81,4.72,4.66,4.61,4.58,4.58
1999-03-08,4.89,4.86,4.82,4.74,4.69,4.63,4.6,4.6
1999-03-09,4.93,4.92,4.88,4.81,4.75,4.7,4.67,4.67
1999-03-10,4.9,4.88,4.84,4.76,4.71,4.65,4.64,4.64
1999-03-11,4.87,4.84,4.79,4.71,4.66,4.61,4.6,4.6
1999-03-12,4.85,4.82,4.77,4.7,4.65,4.59,4.58,4.58
1999-03-15,4.85,4.82,4.77,4.7,4.65,4.59,4.58,4.58
1999-03-16,4.83,4.8,4.74,4.65,4.58,4.52,4.53,4.53
1999-03-17,4.81,4.75,4.68,4.58,4.52,4.46,4.47,4.47
1999-03-18,4.76,4.71,4.64,4.55,4.51,4.47,4.48,4.48
1999-03-19,4.77,4.72,4.66,4.57,4.52,4.49,4.49,4.49
1999-03-22,4.78,4.74,4.68,4.59,4.55,4.51,4.51,4.51
1999-03-23,4.74,4.71,4.68,4.61,4.58,4.54,4.53,4.53
1999-03-24,4.74,4.71,4.68,4.62,4.59,4.56,4.54,4.54
1999-03-25,4.72,4.7,4.66,4.6,4.57,4.54,4.55,4.55
1999-03-26,4.71,4.7,4.68,4.65,4.62,4.6,4.58,4.58
1999-03-29,4.68,4.67,4.66,4.63,4.62,4.6,4.6,4.6
1999-03-30,4.69,4.69,4.66,4.62,4.59,4.57,4.57,4.57
1999-03-31,4.68,4.66,4.63,4.58,4.55,4.53,4.55,4.55
1999-04-01,4.73,4.71,4.68,4.63,4.6,4.57,4.57,4.57
1999-04-02,4.73,4.71,4.68,4.63,4.6,4.57,4.57,4.57
1999-04-05,4.73,4.71,4.68,4.63,4.6,4.57,4.57,4.57
1999-04-06,4.69,4.65,4.61,4.54,4.49,4.46,4.51,4.51
1999-04-07,4.73,4.68,4.63,4.55,4.49,4.45,4.47,4.47
1999-04-08,4.8,4.75,4.69,4.59,4.52,4.46,4.46,4.46
1999-04-09,4.76,4.71,4.66,4.55,4.47,4.41,4.41,4.41
1999-04-12,4.79,4.74,4.67,4.56,4.47,4.41,4.45,4.45
1999-04-13,4.83,4.79,4.72,4.59,4.51,4.44,4.45,4.45
1999-04-14,4.83,4.77,4.7,4.58,4.5,4.44,4.47,4.47
1999-04-15,4.88,4.85,4.79,4.68,4.6,4.53,4.53,4.53
1999-04-16,4.87,4.84,4.79,4.68,4.61,4.55,4.55,4.55
1999-04-19,4.88,4.85,4.79,4.68,4.6,4.54,4.54,4.54
1999-04-20,4.84,4.8,4.74,4.63,4.55,4.49,4.47,4.47
1999-04-21,4.85,4.82,4.76,4.65,4.57,4.5,4.45,4.45
1999-04-22,4.9,4.87,4.81,4.69,4.61,4.55,4.51,4.51
1999-04-23,4.91,4.9,4.83,4.71,4.62,4.55,4.5,4.5
1999-04-26,4.91,4.92,4.87,4.75,4.67,4.6,4.53,4.53
1999-04-27,4.93,4.95,4.9,4.78,4.68,4.59,4.55,4.55
1999-04-28,4.94,4.96,4.92,4.81,4.73,4.64,4.6,4.6
1999-04-29,4.91,4.92,4.88,4.76,4.67,4.58,4.53,4.53
1999-04-30,4.93,4.95,4.91,4.81,4.72,4.63,4.54,4.54
1999-05-03,4.93,4.95,4.91,4.81,4.72,4.63,4.54,4.54
1999-05-04,4.98,5.03,5.01,4.93,4.84,4.75,4.64,4.64
1999-05-05,4.94,5.01,5,4.93,4.85,4.76,4.67,4.67
1999-05-06,4.97,5.03,5.03,4.97,4.9,4.81,4.7,4.7
1999-05-07,4.95,5,5.01,4.97,4.91,4.82,4.71,4.71
1999-05-10,4.91,4.96,4.97,4.94,4.89,4.81,4.72,4.72
1999-05-11,4.85,4.91,4.95,4.93,4.89,4.81,4.72,4.72
1999-05-12,4.82,4.87,4.9,4.88,4.84,4.76,4.7,4.7
1999-05-13,4.81,4.81,4.83,4.81,4.77,4.71,4.66,4.66
1999-05-14,4.91,4.95,4.97,4.96,4.93,4.87,4.75,4.75
1999-05-17,4.92,4.98,5,4.99,4.95,4.88,4.78,4.78
1999-05-18,4.93,5.02,5.05,5.03,4.98,4.89,4.78,4.78
1999-05-19,4.92,5,5.04,5.04,4.99,4.92,4.79,4.79
1999-05-20,4.89,4.96,4.99,4.98,4.94,4.86,4.73,4.73
1999-05-21,4.85,4.91,4.95,4.95,4.92,4.85,4.76,4.76
1999-05-24,4.8,4.87,4.92,4.92,4.89,4.82,4.74,4.74
1999-05-25,4.79,4.86,4.91,4.92,4.88,4.81,4.7,4.7
1999-05-26,4.84,4.92,4.97,4.96,4.91,4.82,4.73,4.73
1999-05-27,4.88,4.98,5.03,5.03,4.98,4.89,4.75,4.75
1999-05-28,4.91,5.02,5.07,5.07,5.02,4.92,4.77,4.77
1999-05-31,4.91,5.02,5.07,5.07,5.02,4.92,4.77,4.77
1999-06-01,4.95,5.08,5.16,5.18,5.12,5.01,4.83,4.83
1999-06-02,4.97,5.13,5.22,5.23,5.15,5.01,4.82,4.82
1999-06-03,4.94,5.1,5.19,5.21,5.14,5,4.81,4.81
1999-06-04,4.92,5.08,5.18,5.21,5.15,5.02,4.81,4.81
1999-06-07,4.88,5.04,5.14,5.18,5.12,4.98,4.75,4.75
1999-06-08,4.92,5.1,5.2,5.23,5.16,5.01,4.76,4.76
1999-06-09,4.93,5.09,5.2,5.23,5.18,5.04,4.79,4.79
1999-06-10,4.94,5.15,5.27,5.33,5.29,5.15,4.9,4.9
1999-06-11,4.91,5.15,5.28,5.33,5.28,5.14,4.91,4.91
1999-06-14,4.85,5.1,5.24,5.3,5.25,5.12,4.89,4.89
1999-06-15,4.78,5.02,5.15,5.21,5.16,5.02,4.77,4.77
1999-06-16,4.77,5,5.13,5.19,5.14,5.01,4.76,4.76
1999-06-17,4.78,5,5.11,5.15,5.09,4.95,4.69,4.69
1999-06-18,4.77,5,5.12,5.17,5.1,4.95,4.67,4.67
1999-06-21,4.81,5.08,5.22,5.28,5.22,5.05,4.7,4.7
1999-06-22,4.86,5.16,5.31,5.38,5.32,5.13,4.72,4.72
1999-06-23,4.85,5.17,5.34,5.41,5.35,5.17,4.75,4.75
1999-06-24,4.89,5.29,5.5,5.59,5.52,5.3,4.83,4.83
1999-06-25,4.87,5.25,5.45,5.52,5.42,5.19,4.67,4.67
1999-06-28,4.87,5.25,5.45,5.51,5.41,5.17,4.63,4.63
1999-06-29,4.86,5.22,5.41,5.47,5.37,5.15,4.65,4.65
1999-06-30,4.84,5.18,5.35,5.4,5.31,5.1,4.58,4.58
1999-07-01,4.88,5.22,5.39,5.45,5.39,5.19,4.6,4.6
1999-07-02,4.85,5.18,5.34,5.39,5.32,5.13,4.56,4.56
1999-07-05,4.89,5.2,5.36,5.42,5.36,5.18,4.62,4.62
1999-07-06,4.9,5.23,5.4,5.49,5.44,5.25,4.68,4.68
1999-07-07,4.89,5.23,5.41,5.52,5.48,5.29,4.67,4.67
1999-07-08,4.9,5.24,5.43,5.56,5.53,5.36,4.76,4.76
1999-07-09,4.87,5.19,5.38,5.5,5.49,5.33,4.76,4.76
1999-07-12,4.85,5.17,5.34,5.45,5.42,5.26,4.68,4.68
1999-07-13,4.83,5.13,5.3,5.4,5.38,5.22,4.63,4.63
1999-07-14,4.77,5.07,5.25,5.38,5.37,5.23,4.65,4.65
1999-07-15,4.82,5.16,5.34,5.47,5.45,5.31,4.72,4.72
1999-07-16,4.8,5.15,5.34,5.46,5.43,5.27,4.64,4.64
1999-07-19,4.81,5.17,5.37,5.48,5.44,5.26,4.61,4.61
1999-07-20,4.86,5.23,5.43,5.53,5.47,5.28,4.56,4.56
1999-07-21,4.9,5.27,5.45,5.52,5.43,5.23,4.59,4.59
1999-07-22,4.92,5.3,5.46,5.5,5.41,5.22,4.64,4.64
1999-07-23,4.96,5.34,5.5,5.55,5.47,5.29,4.7,4.7
1999-07-26,5.01,5.39,5.55,5.58,5.49,5.3,4.7,4.7
1999-07-27,5.04,5.41,5.56,5.58,5.49,5.28,4.67,4.67
1999-07-28,5.07,5.44,5.59,5.61,5.51,5.3,4.65,4.65
1999-07-29,5.19,5.57,5.71,5.71,5.61,5.38,4.69,4.69
1999-07-30,5.23,5.6,5.73,5.73,5.62,5.36,4.61,4.61
1999-08-02,5.3,5.66,5.77,5.72,5.58,5.3,4.53,4.53
1999-08-03,5.4,5.8,5.92,5.85,5.65,5.31,4.49,4.49
1999-08-04,5.41,5.83,5.95,5.87,5.66,5.27,4.31,4.31
1999-08-05,5.41,5.84,5.98,5.92,5.72,5.32,4.33,4.33
1999-08-06,5.41,5.87,6.04,6.04,5.87,5.49,4.36,4.36
1999-08-09,5.35,5.79,5.97,5.98,5.81,5.44,4.35,4.35
1999-08-10,5.3,5.74,5.92,5.94,5.78,5.44,4.48,4.48
1999-08-11,5.24,5.68,5.86,5.89,5.75,5.42,4.58,4.58
1999-08-12,5.23,5.66,5.83,5.85,5.7,5.37,4.61,4.61
1999-08-13,5.23,5.66,5.83,5.84,5.68,5.35,4.6,4.6
1999-08-16,5.22,5.65,5.82,5.82,5.66,5.35,4.67,4.67
1999-08-17,5.21,5.63,5.79,5.79,5.64,5.34,4.64,4.64
1999-08-18,5.16,5.57,5.71,5.69,5.54,5.25,4.62,4.62
1999-08-19,5.13,5.52,5.64,5.61,5.46,5.2,4.64,4.64
1999-08-20,5.17,5.56,5.68,5.63,5.48,5.22,4.65,4.65
1999-08-23,5.2,5.59,5.7,5.63,5.47,5.2,4.68,4.68
1999-08-24,5.24,5.63,5.73,5.65,5.48,5.2,4.65,4.65
1999-08-25,5.18,5.55,5.65,5.56,5.39,5.1,4.53,4.53
1999-08-26,5.21,5.58,5.67,5.58,5.41,5.11,4.52,4.52
1999-08-27,5.26,5.65,5.75,5.66,5.47,5.15,4.47,4.47
1999-08-30,5.26,5.65,5.75,5.66,5.47,5.15,4.47,4.47
1999-08-31,5.28,5.7,5.8,5.71,5.51,5.17,4.42,4.42
1999-09-01,5.34,5.77,5.88,5.79,5.59,5.24,4.41,4.41
1999-09-02,5.36,5.83,5.97,5.92,5.73,5.39,4.54,4.54
1999-09-03,5.25,5.69,5.84,5.81,5.64,5.31,4.45,4.45
1999-09-06,5.23,5.66,5.8,5.78,5.63,5.31,4.46,4.46
1999-09-07,5.26,5.71,5.87,5.87,5.73,5.42,4.5,4.5
1999-09-08,5.52,5.93,6.05,6.01,5.84,5.5,4.58,4.58
1999-09-09,5.56,5.93,6.03,5.98,5.83,5.5,4.64,4.64
1999-09-10,5.62,6.01,6.11,6.05,5.89,5.56,4.69,4.69
1999-09-13,5.67,6.06,6.16,6.1,5.93,5.6,4.75,4.75
1999-09-14,5.65,6.04,6.14,6.09,5.93,5.6,4.7,4.7
1999-09-15,5.66,6.05,6.15,6.11,5.97,5.64,4.69,4.69
1999-09-16,5.61,5.98,6.08,6.05,5.9,5.57,4.66,4.66
1999-09-17,5.61,5.96,6.05,5.99,5.83,5.48,4.59,4.59
1999-09-20,5.61,5.96,6.05,6.01,5.86,5.54,4.63,4.63
1999-09-21,5.63,5.98,6.08,6.04,5.9,5.58,4.69,4.69
1999-09-22,5.63,5.98,6.09,6.08,5.94,5.64,4.73,4.73
1999-09-23,5.61,5.96,6.07,6.07,5.94,5.63,4.74,4.74
1999-09-24,5.57,5.91,6.02,6,5.87,5.57,4.68,4.68
1999-09-27,5.6,5.96,6.08,6.09,5.96,5.66,4.74,4.74
1999-09-28,5.66,6.03,6.16,6.15,6.01,5.68,4.74,4.74
1999-09-29,5.7,6.07,6.21,6.2,6.05,5.71,4.75,4.75
1999-09-30,5.71,6.06,6.18,6.15,5.98,5.63,4.65,4.65
1999-10-01,5.84,6.2,6.31,6.28,6.11,5.74,4.67,4.67
1999-10-04,5.85,6.2,6.3,6.26,6.08,5.7,4.59,4.59
1999-10-05,5.85,6.19,6.29,6.25,6.06,5.69,4.62,4.62
1999-10-06,5.88,6.2,6.29,6.23,6.05,5.69,4.65,4.65
1999-10-07,5.87,6.17,6.25,6.2,6.02,5.66,4.61,4.61
1999-10-08,5.83,6.13,6.23,6.2,6.04,5.68,4.61,4.61
1999-10-11,5.83,6.13,6.22,6.19,6.03,5.68,4.61,4.61
1999-10-12,5.87,6.17,6.27,6.25,6.11,5.75,4.66,4.66
1999-10-13,5.86,6.16,6.26,6.24,6.09,5.72,4.61,4.61
1999-10-14,5.9,6.25,6.38,6.38,6.24,5.87,4.69,4.69
1999-10-15,5.87,6.21,6.33,6.32,6.17,5.8,4.62,4.62
1999-10-18,5.86,6.18,6.3,6.3,6.15,5.77,4.6,4.6
1999-10-19,5.87,6.19,6.3,6.28,6.12,5.74,4.59,4.59
1999-10-20,5.91,6.24,6.35,6.33,6.16,5.77,4.61,4.61
1999-10-21,5.87,6.2,6.31,6.28,6.1,5.7,4.54,4.54
1999-10-22,5.86,6.23,6.35,6.32,6.13,5.72,4.54,4.54
1999-10-25,5.9,6.29,6.42,6.4,6.22,5.81,4.61,4.61
1999-10-26,5.91,6.29,6.41,6.36,6.16,5.75,4.54,4.54
1999-10-27,5.88,6.23,6.33,6.25,6.03,5.62,4.47,4.47
1999-10-28,5.85,6.17,6.25,6.14,5.9,5.49,4.4,4.4
1999-10-29,5.8,6.08,6.14,6.02,5.79,5.38,4.3,4.3
1999-11-01,5.81,6.06,6.11,5.98,5.75,5.35,4.31,4.31
1999-11-02,5.83,6.05,6.07,5.91,5.67,5.25,4.18,4.18
1999-11-03,5.86,6.08,6.1,5.93,5.68,5.25,4.15,4.15
1999-11-04,5.79,5.99,5.99,5.79,5.52,5.08,3.98,3.98
1999-11-05,5.76,5.97,5.97,5.77,5.49,5.04,3.97,3.97
1999-11-08,5.71,5.92,5.93,5.75,5.49,5.06,4.05,4.05
1999-11-09,5.73,5.94,5.95,5.78,5.53,5.1,4.11,4.11
1999-11-10,5.73,5.95,5.96,5.8,5.55,5.12,4.13,4.13
1999-11-11,5.68,5.92,5.95,5.8,5.54,5.11,4.12,4.12
1999-11-12,5.66,5.87,5.88,5.7,5.43,4.99,4.03,4.03
1999-11-15,5.68,5.89,5.9,5.72,5.45,5,4.02,4.02
1999-11-16,5.68,5.88,5.88,5.68,5.39,4.93,3.95,3.95
1999-11-17,5.75,5.97,5.98,5.77,5.47,5,4,4
1999-11-18,5.82,6.06,6.07,5.85,5.55,5.06,4.02,4.02
1999-11-19,5.85,6.11,6.11,5.89,5.58,5.09,4.04,4.04
1999-11-22,5.89,6.15,6.16,5.94,5.63,5.14,4.12,4.12
1999-11-23,5.86,6.12,6.13,5.93,5.62,5.14,4.1,4.1
1999-11-24,5.92,6.19,6.21,6,5.7,5.2,4.12,4.12
1999-11-25,5.95,6.23,6.25,6.06,5.77,5.27,4.15,4.15
1999-11-26,6,6.27,6.28,6.07,5.77,5.25,4.1,4.1
1999-11-29,6.01,6.25,6.25,6.03,5.72,5.22,4.1,4.1
1999-11-30,6.02,6.24,6.21,5.96,5.65,5.15,4.11,4.11
1999-12-01,6.01,6.2,6.17,5.93,5.63,5.16,4.12,4.12
1999-12-02,6.02,6.21,6.18,5.98,5.7,5.25,4.17,4.17
1999-12-03,6.04,6.23,6.22,6.02,5.76,5.32,4.28,4.28
1999-12-06,6.03,6.2,6.17,5.96,5.7,5.27,4.28,4.28
1999-12-07,6.03,6.16,6.1,5.86,5.59,5.18,4.2,4.2
1999-12-08,6.04,6.19,6.13,5.89,5.62,5.19,4.17,4.17
1999-12-09,5.99,6.12,6.06,5.81,5.54,5.11,4.12,4.12
1999-12-10,5.98,6.09,6.01,5.73,5.44,5.02,4.07,4.07
1999-12-13,6.01,6.12,6.04,5.75,5.46,5.03,4.06,4.06
1999-12-14,6.05,6.16,6.08,5.8,5.51,5.08,4.1,4.1
1999-12-15,6.05,6.16,6.08,5.78,5.47,5.04,4.08,4.08
1999-12-16,6.12,6.25,6.17,5.91,5.63,5.21,4.2,4.2
1999-12-17,6.15,6.27,6.18,5.9,5.62,5.21,4.24,4.24
1999-12-20,6.14,6.25,6.17,5.9,5.63,5.22,4.25,4.25
1999-12-21,6.13,6.24,6.17,5.9,5.63,5.23,4.26,4.26
1999-12-22,6.15,6.3,6.23,5.98,5.72,5.31,4.34,4.34
1999-12-23,6.16,6.3,6.23,5.97,5.71,5.3,4.32,4.32
1999-12-24,6.16,6.3,6.23,5.98,5.71,5.3,4.33,4.33
1999-12-27,6.16,6.3,6.23,5.98,5.71,5.3,4.33,4.33
1999-12-28,6.16,6.3,6.23,5.98,5.71,5.3,4.33,4.33
1999-12-29,6.15,6.3,6.23,5.98,5.71,5.31,4.32,4.32
1999-12-30,6.22,6.34,6.28,6.04,5.78,5.38,4.36,4.36
1999-12-31,6.22,6.34,6.28,6.04,5.78,5.38,4.36,4.36
2000-01-03,6.22,6.34,6.28,6.04,5.78,5.38,4.36,4.36
2000-01-04,6.32,6.48,6.43,6.2,5.94,5.52,4.44,4.44
2000-01-05,6.33,6.5,6.46,6.26,6.02,5.6,4.46,4.46
2000-01-06,6.33,6.5,6.47,6.27,6.03,5.61,4.43,4.43
2000-01-07,6.3,6.45,6.42,6.22,5.98,5.56,4.37,4.37
2000-01-10,6.28,6.41,6.36,6.16,5.91,5.49,4.29,4.29
2000-01-11,6.32,6.47,6.43,6.24,6,5.57,4.31,4.31
2000-01-12,6.34,6.49,6.46,6.28,6.04,5.63,4.44,4.44
2000-01-13,6.31,6.45,6.41,6.21,5.96,5.54,4.39,4.39
2000-01-14,6.3,6.45,6.42,6.23,6,5.58,4.42,4.42
2000-01-17,6.34,6.5,6.47,6.29,6.05,5.64,4.45,4.45
2000-01-18,6.37,6.55,6.54,6.38,6.15,5.73,4.52,4.52
2000-01-19,6.33,6.51,6.5,6.33,6.09,5.67,4.52,4.52
2000-01-20,6.34,6.53,6.53,6.37,6.14,5.71,4.57,4.57
2000-01-21,6.33,6.51,6.51,6.34,6.1,5.69,4.58,4.58
2000-01-24,6.32,6.51,6.5,6.33,6.09,5.67,4.56,4.56
2000-01-25,6.3,6.47,6.46,6.27,6.02,5.6,4.47,4.47
2000-01-26,6.26,6.42,6.42,6.25,6.01,5.6,4.5,4.5
2000-01-27,6.32,6.5,6.5,6.34,6.11,5.7,4.58,4.58
2000-01-28,6.34,6.52,6.52,6.37,6.14,5.72,4.59,4.59
2000-01-31,6.32,6.47,6.46,6.29,6.04,5.61,4.48,4.48
2000-02-01,6.28,6.41,6.38,6.17,5.91,5.48,4.39,4.39
2000-02-02,6.24,6.39,6.37,6.18,5.92,5.49,4.42,4.42
2000-02-03,6.23,6.38,6.35,6.15,5.88,5.43,4.33,4.33
2000-02-04,6.27,6.42,6.41,6.22,5.96,5.51,4.38,4.38
2000-02-07,6.29,6.44,6.43,6.25,5.99,5.53,4.37,4.37
2000-02-08,6.27,6.41,6.4,6.21,5.95,5.49,4.35,4.35
2000-02-09,6.28,6.42,6.41,6.24,5.98,5.52,4.42,4.42
2000-02-10,6.28,6.42,6.41,6.25,6.01,5.56,4.47,4.47
2000-02-11,6.23,6.35,6.34,6.19,5.95,5.53,4.52,4.52
2000-02-14,6.19,6.28,6.26,6.11,5.88,5.47,4.49,4.49
2000-02-15,6.22,6.32,6.29,6.13,5.89,5.48,4.47,4.47
2000-02-16,6.34,6.44,6.42,6.24,6,5.57,4.51,4.51
2000-02-17,6.29,6.38,6.36,6.2,5.96,5.54,4.47,4.47
2000-02-18,6.28,6.36,6.34,6.16,5.92,5.48,4.39,4.39
2000-02-21,6.24,6.31,6.27,6.09,5.84,5.4,4.32,4.32
2000-02-22,6.21,6.27,6.21,6,5.74,5.31,4.28,4.28
2000-02-23,6.24,6.29,6.23,6.01,5.76,5.34,4.32,4.32
2000-02-24,6.22,6.25,6.18,5.93,5.66,5.24,4.25,4.25
2000-02-25,6.23,6.26,6.18,5.93,5.65,5.23,4.24,4.24
2000-02-28,6.24,6.28,6.2,5.95,5.67,5.24,4.25,4.25
2000-02-29,6.25,6.3,6.24,6.01,5.75,5.33,4.36,4.36
2000-03-01,6.21,6.26,6.2,5.97,5.72,5.31,4.33,4.33
2000-03-02,6.21,6.27,6.22,6,5.75,5.33,4.3,4.3
2000-03-03,6.2,6.24,6.18,5.95,5.68,5.25,4.24,4.24
2000-03-06,6.17,6.21,6.14,5.9,5.62,5.2,4.19,4.19
2000-03-07,6.17,6.2,6.13,5.89,5.6,5.17,4.17,4.17
2000-03-08,6.18,6.21,6.14,5.9,5.62,5.19,4.21,4.21
2000-03-09,6.17,6.2,6.12,5.87,5.58,5.15,4.22,4.22
2000-03-10,6.19,6.22,6.14,5.9,5.62,5.2,4.3,4.3
2000-03-13,6.18,6.2,6.13,5.89,5.61,5.19,4.29,4.29
2000-03-14,6.21,6.23,6.15,5.91,5.63,5.22,4.27,4.27
2000-03-15,6.22,6.24,6.16,5.9,5.62,5.19,4.22,4.22
2000-03-16,6.19,6.2,6.1,5.81,5.51,5.08,4.16,4.16
2000-03-17,6.2,6.19,6.08,5.78,5.47,5.03,4.13,4.13
2000-03-20,6.18,6.17,6.07,5.79,5.5,5.07,4.17,4.17
2000-03-21,6.19,6.18,6.08,5.8,5.51,5.1,4.19,4.19
2000-03-22,6.18,6.2,6.1,5.85,5.58,5.19,4.28,4.28
2000-03-23,6.2,6.22,6.12,5.83,5.54,5.13,4.25,4.25
2000-03-24,6.2,6.22,6.12,5.85,5.56,5.15,4.24,4.24
2000-03-27,6.3,6.36,6.27,5.99,5.69,5.26,4.33,4.33
2000-03-28,6.28,6.32,6.22,5.94,5.65,5.22,4.31,4.31
2000-03-29,6.27,6.32,6.22,5.94,5.65,5.22,4.34,4.34
2000-03-30,6.25,6.28,6.17,5.88,5.58,5.16,4.32,4.32
2000-03-31,6.25,6.27,6.16,5.86,5.56,5.15,4.35,4.35
2000-04-03,6.23,6.24,6.12,5.81,5.51,5.1,4.29,4.29
2000-04-04,6.26,6.26,6.14,5.84,5.54,5.13,4.3,4.3
2000-04-05,6.23,6.21,6.08,5.76,5.46,5.05,4.23,4.23
2000-04-06,6.23,6.24,6.13,5.82,5.53,5.13,4.31,4.31
2000-04-07,6.2,6.19,6.07,5.76,5.47,5.07,4.27,4.27
2000-04-10,6.2,6.21,6.09,5.79,5.5,5.1,4.29,4.29
2000-04-11,6.16,6.16,6.05,5.76,5.47,5.08,4.3,4.3
2000-04-12,6.18,6.19,6.08,5.78,5.49,5.11,4.35,4.35
2000-04-13,6.15,6.17,6.07,5.8,5.53,5.16,4.44,4.44
2000-04-14,6.16,6.18,6.08,5.81,5.54,5.17,4.43,4.43
2000-04-17,6.13,6.16,6.07,5.82,5.56,5.2,4.44,4.44
2000-04-18,6.15,6.17,6.08,5.81,5.54,5.18,4.43,4.43
2000-04-19,6.17,6.19,6.09,5.83,5.56,5.18,4.42,4.42
2000-04-20,6.2,6.21,6.12,5.84,5.57,5.19,4.41,4.41
2000-04-21,6.2,6.21,6.12,5.84,5.57,5.19,4.41,4.41
2000-04-24,6.2,6.21,6.12,5.84,5.57,5.19,4.41,4.41
2000-04-25,6.21,6.23,6.14,5.88,5.61,5.24,4.43,4.43
2000-04-26,6.17,6.18,6.08,5.82,5.56,5.19,4.38,4.38
2000-04-27,6.15,6.14,6.03,5.78,5.52,5.16,4.34,4.34
2000-04-28,6.1,6.07,5.96,5.7,5.46,5.1,4.26,4.26
2000-05-01,6.1,6.07,5.96,5.7,5.46,5.1,4.26,4.26
2000-05-02,6.11,6.07,5.96,5.71,5.48,5.13,4.29,4.29
2000-05-03,6.11,6.07,5.95,5.71,5.48,5.14,4.33,4.33
2000-05-04,6.15,6.13,6.02,5.79,5.57,5.25,4.43,4.43
2000-05-05,6.17,6.16,6.05,5.82,5.61,5.28,4.44,4.44
2000-05-08,6.18,6.16,6.04,5.79,5.57,5.23,4.39,4.39
2000-05-09,6.15,6.14,6.01,5.76,5.52,5.19,4.34,4.34
2000-05-10,6.15,6.13,6.02,5.76,5.53,5.18,4.32,4.32
2000-05-11,6.23,6.23,6.12,5.87,5.64,5.29,4.4,4.4
2000-05-12,6.26,6.26,6.14,5.87,5.63,5.28,4.42,4.42
2000-05-15,6.25,6.25,6.13,5.84,5.58,5.22,4.37,4.37
2000-05-16,6.27,6.26,6.13,5.82,5.55,5.19,4.34,4.34
2000-05-17,6.23,6.27,6.16,5.9,5.65,5.31,4.46,4.46
2000-05-18,6.18,6.22,6.14,5.92,5.7,5.37,4.5,4.5
2000-05-19,6.14,6.2,6.14,5.93,5.72,5.39,4.49,4.49
2000-05-22,6.1,6.15,6.08,5.87,5.64,5.31,4.44,4.44
2000-05-23,6.14,6.2,6.13,5.9,5.67,5.33,4.47,4.47
2000-05-24,6.14,6.2,6.12,5.87,5.63,5.29,4.46,4.46
2000-05-25,6.12,6.16,6.07,5.8,5.55,5.2,4.42,4.42
2000-05-26,6.12,6.14,6.03,5.74,5.46,5.11,4.37,4.37
2000-05-29,6.12,6.14,6.03,5.74,5.46,5.11,4.37,4.37
2000-05-30,6.15,6.17,6.05,5.76,5.49,5.12,4.35,4.35
2000-05-31,6.13,6.14,6.01,5.7,5.41,5.05,4.3,4.3
2000-06-01,6.11,6.1,5.97,5.65,5.37,5.02,4.31,4.31
2000-06-02,6.04,6.02,5.88,5.55,5.27,4.94,4.3,4.3
2000-06-05,6.07,6.05,5.91,5.58,5.3,4.97,4.36,4.36
2000-06-06,6.08,6.06,5.92,5.61,5.34,5,4.32,4.32
2000-06-07,6.06,6.05,5.92,5.61,5.34,5.01,4.3,4.3
2000-06-08,6.11,6.1,5.96,5.66,5.39,5.05,4.31,4.31
2000-06-09,6.09,6.08,5.93,5.62,5.35,5,4.28,4.28
2000-06-12,6.11,6.08,5.93,5.61,5.34,4.99,4.29,4.29
2000-06-13,6.09,6.07,5.92,5.6,5.33,4.99,4.33,4.33
2000-06-14,6.02,6.01,5.89,5.62,5.36,5.03,4.35,4.35
2000-06-15,5.99,5.98,5.87,5.61,5.38,5.08,4.4,4.4
2000-06-16,5.96,5.94,5.81,5.53,5.28,4.98,4.37,4.37
2000-06-19,5.93,5.91,5.79,5.53,5.3,5,4.38,4.38
2000-06-20,5.95,5.93,5.81,5.56,5.34,5.05,4.42,4.42
2000-06-21,6,5.99,5.88,5.64,5.43,5.15,4.49,4.49
2000-06-22,6,5.98,5.87,5.63,5.42,5.13,4.45,4.45
2000-06-23,6.02,6.01,5.9,5.67,5.46,5.17,4.47,4.47
2000-06-26,6.02,6.01,5.9,5.65,5.43,5.13,4.42,4.42
2000-06-27,6.01,6,5.9,5.67,5.44,5.13,4.44,4.44
2000-06-28,6.01,6,5.9,5.66,5.43,5.12,4.41,4.41
2000-06-29,5.97,5.95,5.84,5.6,5.38,5.07,4.37,4.37
2000-06-30,5.97,5.94,5.83,5.59,5.38,5.07,4.38,4.38
2000-07-03,5.97,5.95,5.85,5.62,5.41,5.11,4.38,4.38
2000-07-04,5.94,5.91,5.81,5.58,5.37,5.08,4.35,4.35
2000-07-05,5.89,5.86,5.76,5.53,5.33,5.04,4.36,4.36
2000-07-06,5.93,5.9,5.8,5.59,5.39,5.11,4.38,4.38
2000-07-07,5.89,5.84,5.74,5.52,5.32,5.04,4.36,4.36
2000-07-10,5.91,5.87,5.78,5.57,5.37,5.1,4.4,4.4
2000-07-11,5.93,5.89,5.78,5.55,5.35,5.07,4.38,4.38
2000-07-12,5.89,5.86,5.75,5.53,5.34,5.07,4.4,4.4
2000-07-13,5.9,5.86,5.75,5.53,5.34,5.08,4.43,4.43
2000-07-14,5.9,5.88,5.78,5.59,5.42,5.16,4.44,4.44
2000-07-17,5.91,5.89,5.8,5.61,5.43,5.17,4.46,4.46
2000-07-18,5.93,5.91,5.82,5.62,5.42,5.15,4.44,4.44
2000-07-19,5.94,5.92,5.82,5.6,5.4,5.11,4.39,4.39
2000-07-20,5.97,5.96,5.86,5.62,5.4,5.08,4.33,4.33
2000-07-21,5.99,5.95,5.84,5.59,5.35,5.04,4.31,4.31
2000-07-24,6,5.98,5.86,5.61,5.37,5.05,4.32,4.32
2000-07-25,5.98,5.95,5.83,5.58,5.35,5.04,4.32,4.32
2000-07-26,5.94,5.91,5.8,5.56,5.33,5.03,4.34,4.34
2000-07-27,5.94,5.91,5.8,5.56,5.34,5.05,4.38,4.38
2000-07-28,5.99,5.97,5.88,5.65,5.43,5.14,4.43,4.43
2000-07-31,6,5.97,5.87,5.64,5.42,5.14,4.44,4.44
2000-08-01,6.02,5.98,5.87,5.63,5.4,5.11,4.46,4.46
2000-08-02,6.03,5.99,5.88,5.65,5.43,5.14,4.48,4.48
2000-08-03,5.98,5.95,5.85,5.62,5.42,5.13,4.44,4.44
2000-08-04,5.98,5.94,5.85,5.64,5.44,5.17,4.48,4.48
2000-08-07,5.96,5.92,5.83,5.62,5.42,5.15,4.47,4.47
2000-08-08,5.96,5.92,5.82,5.61,5.41,5.13,4.43,4.43
2000-08-09,5.94,5.91,5.81,5.61,5.42,5.14,4.41,4.41
2000-08-10,5.94,5.91,5.82,5.62,5.43,5.15,4.43,4.43
2000-08-11,5.96,5.92,5.81,5.59,5.38,5.1,4.4,4.4
2000-08-14,5.99,5.96,5.86,5.64,5.44,5.16,4.43,4.43
2000-08-15,5.98,5.96,5.87,5.67,5.48,5.2,4.46,4.46
2000-08-16,6.01,5.99,5.89,5.68,5.48,5.2,4.47,4.47
2000-08-17,6.04,6.01,5.91,5.69,5.49,5.21,4.5,4.5
2000-08-18,6.01,5.98,5.88,5.67,5.47,5.2,4.52,4.52
2000-08-21,6.03,5.99,5.9,5.7,5.51,5.24,4.55,4.55
2000-08-22,6.02,6,5.9,5.7,5.51,5.24,4.54,4.54
2000-08-23,6.01,5.97,5.87,5.68,5.48,5.21,4.52,4.52
2000-08-24,5.99,5.95,5.85,5.64,5.44,5.17,4.49,4.49
2000-08-25,6,5.95,5.85,5.65,5.45,5.18,4.51,4.51
2000-08-28,6,5.95,5.85,5.65,5.45,5.18,4.51,4.51
2000-08-29,6.06,6,5.9,5.7,5.5,5.24,4.56,4.56
2000-08-30,6.04,5.99,5.88,5.68,5.5,5.25,4.56,4.56
2000-08-31,6.05,5.99,5.88,5.68,5.5,5.25,4.57,4.57
2000-09-01,6.01,5.94,5.82,5.6,5.41,5.16,4.49,4.49
2000-09-04,6.01,5.94,5.83,5.61,5.42,5.16,4.47,4.47
2000-09-05,6.02,5.95,5.85,5.64,5.45,5.19,4.52,4.52
2000-09-06,5.98,5.93,5.83,5.63,5.45,5.2,4.54,4.54
2000-09-07,5.94,5.89,5.8,5.61,5.43,5.19,4.55,4.55
2000-09-08,5.96,5.91,5.82,5.65,5.48,5.25,4.59,4.59
2000-09-11,5.97,5.91,5.82,5.65,5.49,5.26,4.61,4.61
2000-09-12,5.97,5.94,5.86,5.71,5.55,5.33,4.66,4.66
2000-09-13,5.96,5.93,5.86,5.71,5.55,5.33,4.71,4.71
2000-09-14,5.95,5.92,5.84,5.68,5.51,5.27,4.65,4.65
2000-09-15,5.95,5.92,5.85,5.7,5.54,5.31,4.71,4.71
2000-09-18,5.92,5.9,5.84,5.7,5.55,5.31,4.7,4.7
2000-09-19,5.9,5.87,5.81,5.67,5.52,5.28,4.67,4.67
2000-09-20,5.91,5.88,5.82,5.68,5.52,5.29,4.68,4.68
2000-09-21,5.89,5.86,5.8,5.65,5.49,5.26,4.68,4.68
2000-09-22,5.86,5.83,5.76,5.61,5.45,5.22,4.65,4.65
2000-09-25,5.88,5.87,5.81,5.66,5.51,5.27,4.71,4.71
2000-09-26,5.88,5.86,5.8,5.65,5.5,5.27,4.71,4.71
2000-09-27,5.88,5.86,5.8,5.65,5.49,5.25,4.68,4.68
2000-09-28,5.88,5.85,5.78,5.63,5.47,5.24,4.69,4.69
2000-09-29,5.84,5.79,5.7,5.53,5.36,5.14,4.62,4.62
2000-10-02,5.84,5.78,5.7,5.52,5.36,5.14,4.63,4.63
2000-10-03,5.85,5.79,5.7,5.52,5.36,5.15,4.65,4.65
2000-10-04,5.85,5.8,5.7,5.53,5.37,5.16,4.69,4.69
2000-10-05,5.85,5.8,5.7,5.53,5.37,5.16,4.66,4.66
2000-10-06,5.87,5.8,5.7,5.52,5.35,5.14,4.64,4.64
2000-10-09,5.84,5.76,5.65,5.45,5.27,5.06,4.59,4.59
2000-10-10,5.88,5.8,5.68,5.47,5.28,5.06,4.6,4.6
2000-10-11,5.86,5.77,5.65,5.44,5.26,5.04,4.59,4.59
2000-10-12,5.83,5.73,5.62,5.41,5.24,5.02,4.58,4.58
2000-10-13,5.79,5.71,5.6,5.41,5.24,5.05,4.62,4.62
2000-10-16,5.81,5.72,5.61,5.42,5.25,5.05,4.61,4.61
2000-10-17,5.8,5.72,5.62,5.43,5.27,5.06,4.59,4.59
2000-10-18,5.76,5.68,5.59,5.41,5.25,5.05,4.6,4.6
2000-10-19,5.75,5.69,5.6,5.43,5.27,5.07,4.62,4.62
2000-10-20,5.75,5.69,5.6,5.43,5.28,5.07,4.61,4.61
2000-10-23,5.76,5.69,5.61,5.44,5.28,5.08,4.64,4.64
2000-10-24,5.74,5.68,5.59,5.44,5.29,5.09,4.64,4.64
2000-10-25,5.75,5.69,5.61,5.45,5.3,5.09,4.59,4.59
2000-10-26,5.7,5.68,5.62,5.46,5.3,5.09,4.57,4.57
2000-10-27,5.73,5.71,5.65,5.5,5.34,5.13,4.59,4.59
2000-10-30,5.71,5.7,5.64,5.48,5.33,5.11,4.56,4.56
2000-10-31,5.73,5.7,5.63,5.47,5.31,5.09,4.52,4.52
2000-11-01,5.7,5.66,5.61,5.47,5.31,5.09,4.51,4.51
2000-11-02,5.68,5.63,5.57,5.44,5.29,5.08,4.52,4.52
2000-11-03,5.67,5.63,5.57,5.43,5.29,5.07,4.46,4.46
2000-11-06,5.67,5.62,5.56,5.43,5.29,5.06,4.45,4.45
2000-11-07,5.66,5.62,5.57,5.45,5.31,5.09,4.48,4.48
2000-11-08,5.67,5.62,5.57,5.45,5.31,5.09,4.48,4.48
2000-11-09,5.65,5.61,5.56,5.44,5.3,5.07,4.43,4.43
2000-11-10,5.64,5.6,5.55,5.42,5.27,5.05,4.41,4.41
2000-11-13,5.61,5.57,5.51,5.38,5.23,5.02,4.4,4.4
2000-11-14,5.61,5.55,5.5,5.38,5.25,5.04,4.45,4.45
2000-11-15,5.57,5.51,5.45,5.34,5.22,5.04,4.45,4.45
2000-11-16,5.55,5.48,5.42,5.31,5.19,4.99,4.43,4.43
2000-11-17,5.56,5.48,5.43,5.33,5.21,5.01,4.45,4.45
2000-11-20,5.55,5.48,5.43,5.33,5.21,5.02,4.45,4.45
2000-11-21,5.57,5.5,5.44,5.32,5.19,4.99,4.41,4.41
2000-11-22,5.54,5.44,5.36,5.23,5.09,4.89,4.31,4.31
2000-11-23,5.53,5.43,5.35,5.2,5.06,4.84,4.24,4.24
2000-11-24,5.52,5.44,5.36,5.21,5.06,4.84,4.26,4.26
2000-11-27,5.54,5.44,5.35,5.19,5.03,4.8,4.21,4.21
2000-11-28,5.53,5.42,5.33,5.17,5.02,4.78,4.19,4.19
2000-11-29,5.49,5.39,5.32,5.18,5.03,4.82,4.26,4.26
2000-11-30,5.48,5.37,5.3,5.15,5,4.79,4.26,4.26
2000-12-01,5.47,5.37,5.29,5.14,4.99,4.78,4.26,4.26
2000-12-04,5.42,5.35,5.27,5.13,4.97,4.75,4.25,4.25
2000-12-05,5.43,5.35,5.28,5.13,4.98,4.77,4.27,4.27
2000-12-06,5.41,5.3,5.24,5.12,4.98,4.77,4.27,4.27
2000-12-07,5.37,5.29,5.23,5.12,4.98,4.78,4.3,4.3
2000-12-08,5.42,5.31,5.26,5.16,5.03,4.83,4.34,4.34
2000-12-11,5.38,5.31,5.26,5.16,5.03,4.83,4.34,4.34
2000-12-12,5.4,5.3,5.26,5.17,5.04,4.84,4.34,4.34
2000-12-13,5.37,5.29,5.24,5.13,5,4.79,4.28,4.28
2000-12-14,5.38,5.33,5.28,5.17,5.04,4.81,4.29,4.29
2000-12-15,5.41,5.34,5.29,5.16,5.01,4.77,4.25,4.25
2000-12-18,5.42,5.34,5.28,5.16,5.01,4.77,4.26,4.26
2000-12-19,5.4,5.35,5.31,5.2,5.05,4.82,4.3,4.3
2000-12-20,5.34,5.25,5.21,5.14,5.02,4.81,4.32,4.32
2000-12-21,5.29,5.21,5.19,5.14,5.04,4.85,4.34,4.34
2000-12-22,5.28,5.2,5.17,5.12,5.03,4.83,4.32,4.32
2000-12-25,5.28,5.2,5.17,5.12,5.03,4.83,4.32,4.32
2000-12-26,5.28,5.2,5.17,5.12,5.03,4.83,4.32,4.32
2000-12-27,5.28,5.18,5.15,5.1,5,4.8,4.3,4.3
2000-12-28,5.25,5.2,5.17,5.1,5,4.8,4.3,4.3
2000-12-29,5.24,5.17,5.14,5.08,4.98,4.78,4.29,4.29
2001-01-01,5.24,5.17,5.14,5.08,4.98,4.78,4.29,4.29
2001-01-02,5.23,5.11,5.06,5,4.89,4.69,4.22,4.22
2001-01-03,5.22,5.09,5.04,4.96,4.83,4.6,4.17,4.17
2001-01-04,5.2,5.11,5.08,5.01,4.88,4.67,4.24,4.24
2001-01-05,5.17,5.1,5.07,5,4.88,4.68,4.27,4.27
2001-01-08,5.16,5.09,5.06,5,4.88,4.69,4.29,4.29
2001-01-09,5.19,5.13,5.11,5.05,4.93,4.74,4.33,4.33
2001-01-10,5.2,5.14,5.12,5.05,4.93,4.73,4.32,4.32
2001-01-11,5.21,5.14,5.12,5.05,4.93,4.73,4.32,4.32
2001-01-12,5.24,5.19,5.17,5.11,4.99,4.79,4.37,4.37
2001-01-15,5.22,5.16,5.14,5.07,4.96,4.77,4.34,4.34
2001-01-16,5.21,5.15,5.13,5.09,4.99,4.81,4.38,4.38
2001-01-17,5.24,5.18,5.16,5.1,4.99,4.81,4.39,4.39
2001-01-18,5.22,5.15,5.12,5.06,4.96,4.79,4.38,4.38
2001-01-19,5.22,5.15,5.12,5.06,4.96,4.79,4.37,4.37
2001-01-22,5.23,5.17,5.15,5.1,5,4.83,4.4,4.4
2001-01-23,5.23,5.19,5.17,5.11,5,4.82,4.4,4.4
2001-01-24,5.25,5.22,5.2,5.12,4.99,4.79,4.37,4.37
2001-01-25,5.27,5.23,5.2,5.12,4.98,4.77,4.34,4.34
2001-01-26,5.22,5.18,5.16,5.07,4.93,4.71,4.33,4.33
2001-01-29,5.19,5.17,5.15,5.06,4.93,4.72,4.37,4.37
2001-01-30,5.19,5.14,5.12,5.04,4.92,4.73,4.39,4.39
2001-01-31,5.15,5.09,5.06,4.98,4.86,4.67,4.37,4.37
2001-02-01,5.18,5.11,5.07,4.99,4.87,4.68,4.36,4.36
2001-02-02,5.22,5.14,5.1,5.01,4.88,4.68,4.37,4.37
2001-02-05,5.19,5.14,5.1,5,4.87,4.68,4.39,4.39
2001-02-06,5.2,5.13,5.09,5,4.87,4.68,4.38,4.38
2001-02-07,5.19,5.13,5.08,4.97,4.84,4.64,4.35,4.35
2001-02-08,5.22,5.15,5.11,5.02,4.89,4.7,4.39,4.39
2001-02-09,5.19,5.13,5.08,4.98,4.85,4.67,4.39,4.39
2001-02-12,5.19,5.11,5.06,4.97,4.85,4.68,4.41,4.41
2001-02-13,5.17,5.09,5.05,4.96,4.85,4.69,4.42,4.42
2001-02-14,5.21,5.14,5.1,5.02,4.91,4.74,4.44,4.44
2001-02-15,5.25,5.2,5.16,5.08,4.95,4.76,4.43,4.43
2001-02-16,5.21,5.16,5.15,5.07,4.95,4.76,4.43,4.43
2001-02-19,5.19,5.14,5.13,5.06,4.94,4.75,4.44,4.44
2001-02-20,5.18,5.11,5.09,5.03,4.93,4.76,4.45,4.45
2001-02-21,5.16,5.1,5.08,5.04,4.95,4.78,4.45,4.45
2001-02-22,5.16,5.09,5.09,5.05,4.97,4.81,4.49,4.49
2001-02-23,5.15,5.08,5.07,5.03,4.95,4.79,4.49,4.49
2001-02-26,5.11,5.06,5.05,5.03,4.95,4.79,4.48,4.48
2001-02-27,5.07,5.03,5.03,4.99,4.89,4.73,4.42,4.42
2001-02-28,5.06,5.03,5.03,4.98,4.88,4.71,4.38,4.38
2001-03-01,5.07,5.04,5.03,4.96,4.84,4.65,4.35,4.35
2001-03-02,5.09,5.06,5.04,4.97,4.84,4.65,4.36,4.36
2001-03-05,5.1,5.08,5.07,4.99,4.87,4.67,4.36,4.36
2001-03-06,5.12,5.09,5.07,4.99,4.86,4.67,4.38,4.38
2001-03-07,5.12,5.09,5.07,4.99,4.87,4.69,4.43,4.43
2001-03-08,5.09,5.05,5.02,4.95,4.84,4.68,4.49,4.49
2001-03-09,5.06,5.03,5,4.93,4.83,4.69,4.52,4.52
2001-03-12,5.04,4.99,4.98,4.91,4.82,4.68,4.51,4.51
2001-03-13,5.04,5,4.99,4.93,4.83,4.68,4.49,4.49
2001-03-14,4.97,4.92,4.91,4.84,4.75,4.6,4.45,4.45
2001-03-15,4.94,4.89,4.87,4.8,4.7,4.55,4.42,4.42
2001-03-16,4.9,4.83,4.81,4.73,4.63,4.5,4.35,4.35
2001-03-19,4.88,4.82,4.79,4.72,4.63,4.5,4.39,4.39
2001-03-20,4.91,4.86,4.84,4.77,4.67,4.53,4.39,4.39
2001-03-21,4.9,4.84,4.82,4.75,4.66,4.54,4.41,4.41
2001-03-22,4.81,4.75,4.73,4.67,4.6,4.49,4.4,4.4
2001-03-23,4.8,4.75,4.73,4.69,4.63,4.53,4.41,4.41
2001-03-26,4.84,4.78,4.76,4.73,4.67,4.57,4.44,4.44
2001-03-27,4.86,4.81,4.81,4.78,4.72,4.62,4.44,4.44
2001-03-28,4.89,4.86,4.85,4.81,4.73,4.63,4.48,4.48
2001-03-29,4.9,4.87,4.87,4.84,4.79,4.69,4.55,4.55
2001-03-30,4.89,4.86,4.86,4.84,4.8,4.72,4.6,4.6
2001-04-02,4.86,4.82,4.82,4.8,4.77,4.73,4.65,4.65
2001-04-03,4.85,4.81,4.8,4.78,4.75,4.71,4.67,4.67
2001-04-04,4.85,4.81,4.81,4.81,4.79,4.76,4.68,4.68
2001-04-05,4.86,4.82,4.83,4.83,4.8,4.76,4.68,4.68
2001-04-06,4.82,4.78,4.79,4.78,4.75,4.7,4.63,4.63
2001-04-09,4.8,4.77,4.78,4.78,4.76,4.71,4.62,4.62
2001-04-10,4.83,4.82,4.83,4.83,4.8,4.74,4.62,4.62
2001-04-11,4.94,4.94,4.95,4.94,4.9,4.82,4.65,4.65
2001-04-12,4.96,4.97,4.99,4.99,4.95,4.88,4.7,4.7
2001-04-13,4.96,4.97,4.99,4.99,4.95,4.88,4.7,4.7
2001-04-16,4.96,4.97,4.99,4.99,4.95,4.88,4.7,4.7
2001-04-17,4.97,4.98,5.01,5.01,4.97,4.91,4.75,4.75
2001-04-18,4.97,5,5.04,5.06,5.04,4.99,4.81,4.81
2001-04-19,4.94,4.98,5.03,5.07,5.06,5.03,4.85,4.85
2001-04-20,4.92,4.98,5.03,5.06,5.05,5,4.81,4.81
2001-04-23,4.87,4.92,4.97,5.01,5,4.96,4.8,4.8
2001-04-24,4.88,4.93,4.98,5.02,5.01,4.96,4.8,4.8
2001-04-25,4.86,4.93,5,5.05,5.04,4.99,4.81,4.81
2001-04-26,4.85,4.9,4.97,5.02,5,4.95,4.8,4.8
2001-04-27,4.86,4.93,4.99,5.06,5.05,5,4.83,4.83
2001-04-30,4.92,5,5.07,5.13,5.12,5.07,4.89,4.89
2001-05-01,4.91,4.98,5.05,5.1,5.09,5.04,4.85,4.85
2001-05-02,4.92,4.99,5.04,5.09,5.06,5,4.83,4.83
2001-05-03,4.91,4.97,5.02,5.06,5.04,4.98,4.82,4.82
2001-05-04,4.85,4.9,4.95,4.99,4.98,4.94,4.78,4.78
2001-05-07,4.85,4.9,4.95,4.99,4.98,4.94,4.78,4.78
2001-05-08,4.83,4.88,4.93,4.98,4.97,4.94,4.78,4.78
2001-05-09,4.83,4.87,4.93,4.97,4.95,4.91,4.75,4.75
2001-05-10,4.86,4.92,4.96,5,4.98,4.93,4.77,4.77
2001-05-11,4.9,4.97,5.02,5.05,5.03,4.98,4.83,4.83
2001-05-14,4.93,5.02,5.07,5.11,5.09,5.04,4.88,4.88
2001-05-15,4.95,5.04,5.09,5.12,5.09,5.04,4.86,4.86
2001-05-16,4.94,5.02,5.06,5.08,5.05,5,4.81,4.81
2001-05-17,4.98,5.08,5.12,5.12,5.08,5.01,4.79,4.79
2001-05-18,5.04,5.16,5.21,5.19,5.13,5.04,4.78,4.78
2001-05-21,5.06,5.18,5.22,5.2,5.14,5.05,4.79,4.79
2001-05-22,5.03,5.17,5.22,5.2,5.14,5.06,4.82,4.82
2001-05-23,5,5.15,5.22,5.23,5.19,5.12,4.88,4.88
2001-05-24,5.03,5.19,5.26,5.27,5.21,5.13,4.9,4.9
2001-05-25,5.05,5.21,5.28,5.29,5.24,5.17,4.96,4.96
2001-05-28,5.05,5.21,5.28,5.29,5.24,5.17,4.96,4.96
2001-05-29,5.05,5.21,5.27,5.28,5.22,5.15,5,5
2001-05-30,5.04,5.2,5.27,5.28,5.22,5.15,5.01,5.01
2001-05-31,5.04,5.19,5.26,5.28,5.23,5.16,5.02,5.02
2001-06-01,4.99,5.13,5.19,5.19,5.15,5.08,4.99,4.99
2001-06-04,5,5.12,5.18,5.2,5.15,5.09,5.01,5.01
2001-06-05,5.03,5.14,5.18,5.17,5.11,5.03,4.98,4.98
2001-06-06,5.05,5.15,5.19,5.17,5.11,5.04,4.95,4.95
2001-06-07,5.07,5.15,5.19,5.18,5.14,5.08,4.99,4.99
2001-06-08,5.07,5.16,5.19,5.18,5.15,5.11,5.05,5.05
2001-06-11,5.1,5.17,5.19,5.16,5.12,5.08,5.01,5.01
2001-06-12,5.27,5.38,5.37,5.3,5.22,5.15,5.07,5.07
2001-06-13,5.33,5.43,5.42,5.34,5.25,5.17,5.08,5.08
2001-06-14,5.29,5.39,5.38,5.3,5.2,5.1,5.03,5.03
2001-06-15,5.24,5.37,5.37,5.28,5.19,5.09,5,5
2001-06-18,5.24,5.35,5.35,5.27,5.18,5.09,4.98,4.98
2001-06-19,5.27,5.38,5.38,5.3,5.2,5.1,4.95,4.95
2001-06-20,5.29,5.41,5.41,5.33,5.23,5.11,4.95,4.95
2001-06-21,5.29,5.41,5.41,5.34,5.25,5.14,4.95,4.95
2001-06-22,5.24,5.34,5.34,5.27,5.17,5.07,4.89,4.89
2001-06-25,5.2,5.3,5.3,5.23,5.15,5.04,4.87,4.87
2001-06-26,5.19,5.29,5.31,5.26,5.18,5.08,4.91,4.91
2001-06-27,5.2,5.32,5.34,5.29,5.21,5.11,4.93,4.93
2001-06-28,5.26,5.41,5.44,5.39,5.3,5.2,5.01,5.01
2001-06-29,5.31,5.46,5.49,5.44,5.35,5.23,5.01,5.01
2001-07-02,5.3,5.44,5.47,5.43,5.35,5.25,5.05,5.05
2001-07-03,5.3,5.44,5.47,5.44,5.37,5.28,5.06,5.06
2001-07-04,5.3,5.43,5.46,5.42,5.35,5.26,5.02,5.02
2001-07-05,5.27,5.41,5.45,5.43,5.36,5.25,5,5
2001-07-06,5.18,5.3,5.33,5.31,5.24,5.13,4.89,4.89
2001-07-09,5.19,5.32,5.36,5.34,5.28,5.17,4.94,4.94
2001-07-10,5.17,5.29,5.33,5.32,5.25,5.15,4.92,4.92
2001-07-11,5.12,5.22,5.25,5.23,5.17,5.07,4.84,4.84
2001-07-12,5.18,5.26,5.29,5.26,5.2,5.09,4.86,4.86
2001-07-13,5.18,5.28,5.31,5.29,5.23,5.13,4.89,4.89
2001-07-16,5.17,5.27,5.3,5.28,5.21,5.11,4.89,4.89
2001-07-17,5.18,5.3,5.33,5.3,5.22,5.1,4.87,4.87
2001-07-18,5.17,5.29,5.32,5.28,5.19,5.07,4.85,4.85
2001-07-19,5.2,5.34,5.37,5.32,5.23,5.09,4.87,4.87
2001-07-20,5.17,5.3,5.32,5.27,5.17,5.04,4.83,4.83
2001-07-23,5.14,5.26,5.29,5.25,5.16,5.03,4.83,4.83
2001-07-24,5.13,5.25,5.28,5.25,5.16,5.04,4.84,4.84
2001-07-25,5.13,5.24,5.28,5.25,5.17,5.05,4.85,4.85
2001-07-26,5.09,5.22,5.26,5.24,5.17,5.06,4.84,4.84
2001-07-27,5.06,5.17,5.22,5.2,5.14,5.04,4.82,4.82
2001-07-30,5.03,5.15,5.2,5.19,5.13,5.02,4.79,4.79
2001-07-31,5.01,5.12,5.17,5.17,5.11,5,4.77,4.77
2001-08-01,5.04,5.17,5.21,5.21,5.14,5.03,4.79,4.79
2001-08-02,4.89,5.07,5.16,5.2,5.17,5.08,4.86,4.86
2001-08-03,4.81,5,5.1,5.16,5.13,5.06,4.84,4.84
2001-08-06,4.79,4.97,5.07,5.12,5.09,5.02,4.81,4.81
2001-08-07,4.79,4.97,5.07,5.11,5.08,5,4.78,4.78
2001-08-08,4.78,4.95,5.03,5.06,5.02,4.93,4.7,4.7
2001-08-09,4.71,4.88,4.96,4.99,4.96,4.87,4.65,4.65
2001-08-10,4.68,4.84,4.92,4.96,4.92,4.85,4.65,4.65
2001-08-13,4.66,4.81,4.9,4.94,4.92,4.84,4.64,4.64
2001-08-14,4.71,4.88,4.97,5.01,4.98,4.89,4.69,4.69
2001-08-15,4.83,5.02,5.09,5.1,5.03,4.92,4.69,4.69
2001-08-16,4.85,5.03,5.1,5.09,5.01,4.89,4.67,4.67
2001-08-17,4.79,4.95,5.01,5.01,4.93,4.82,4.6,4.6
2001-08-20,4.83,4.98,5.04,5.04,4.96,4.85,4.63,4.63
2001-08-21,4.85,5.01,5.07,5.06,4.98,4.86,4.65,4.65
2001-08-22,4.86,5.02,5.08,5.07,5,4.88,4.66,4.66
2001-08-23,4.83,4.98,5.04,5.05,4.98,4.88,4.64,4.64
2001-08-24,4.85,4.99,5.06,5.07,5.01,4.91,4.66,4.66
2001-08-27,4.85,4.99,5.06,5.07,5.01,4.91,4.66,4.66
2001-08-28,4.81,4.95,5,5,4.93,4.83,4.61,4.61
2001-08-29,4.78,4.93,4.99,5,4.93,4.83,4.63,4.63
2001-08-30,4.73,4.86,4.93,4.95,4.9,4.81,4.63,4.63
2001-08-31,4.72,4.86,4.93,4.97,4.94,4.87,4.68,4.68
2001-09-03,4.68,4.81,4.89,4.95,4.93,4.87,4.7,4.7
2001-09-04,4.79,4.95,5.04,5.1,5.07,5.01,4.83,4.83
2001-09-05,4.79,4.96,5.04,5.11,5.09,5.04,4.88,4.88
2001-09-06,4.71,4.88,4.98,5.06,5.05,5.01,4.85,4.85
2001-09-07,4.63,4.79,4.89,4.98,4.98,4.94,4.78,4.78
2001-09-10,4.61,4.78,4.88,4.97,4.97,4.94,4.79,4.79
2001-09-11,4.52,4.68,4.79,4.9,4.92,4.9,4.78,4.78
2001-09-12,4.36,4.53,4.67,4.83,4.88,4.91,4.84,4.84
2001-09-13,4.39,4.59,4.73,4.88,4.93,4.94,4.89,4.89
2001-09-14,4.32,4.5,4.65,4.79,4.84,4.86,4.87,4.87
2001-09-17,4.35,4.55,4.69,4.83,4.88,4.9,4.9,4.9
2001-09-18,4.33,4.55,4.71,4.85,4.89,4.91,4.94,4.94
2001-09-19,4.33,4.56,4.72,4.87,4.92,4.94,4.97,4.97
2001-09-20,4.33,4.57,4.73,4.89,4.93,4.95,4.97,4.97
2001-09-21,4.26,4.51,4.69,4.86,4.92,4.95,4.94,4.94
2001-09-24,4.26,4.52,4.7,4.89,4.95,4.98,4.97,4.97
2001-09-25,4.24,4.51,4.69,4.88,4.95,4.97,4.99,4.99
2001-09-26,4.27,4.52,4.69,4.86,4.91,4.92,4.9,4.9
2001-09-27,4.25,4.5,4.67,4.84,4.89,4.9,4.87,4.87
2001-09-28,4.28,4.53,4.7,4.87,4.92,4.92,4.86,4.86
2001-10-01,4.32,4.57,4.73,4.89,4.93,4.93,4.88,4.88
2001-10-02,4.31,4.53,4.68,4.83,4.88,4.89,4.92,4.92
2001-10-03,4.25,4.45,4.6,4.76,4.81,4.83,4.87,4.87
2001-10-04,4.23,4.44,4.59,4.74,4.79,4.82,4.88,4.88
2001-10-05,4.23,4.44,4.59,4.74,4.79,4.81,4.87,4.87
2001-10-08,4.24,4.44,4.59,4.72,4.75,4.76,4.77,4.77
2001-10-09,4.3,4.54,4.68,4.8,4.82,4.82,4.83,4.83
2001-10-10,4.33,4.57,4.71,4.83,4.84,4.82,4.81,4.81
2001-10-11,4.36,4.61,4.77,4.89,4.9,4.87,4.81,4.81
2001-10-12,4.34,4.59,4.75,4.87,4.89,4.86,4.8,4.8
2001-10-15,4.29,4.53,4.68,4.81,4.83,4.8,4.72,4.72
2001-10-16,4.28,4.51,4.66,4.8,4.82,4.79,4.71,4.71
2001-10-17,4.24,4.48,4.64,4.79,4.83,4.81,4.74,4.74
2001-10-18,4.24,4.48,4.65,4.8,4.82,4.81,4.74,4.74
2001-10-19,4.2,4.45,4.62,4.78,4.81,4.8,4.75,4.75
2001-10-22,4.18,4.42,4.59,4.76,4.8,4.8,4.76,4.76
2001-10-23,4.17,4.43,4.6,4.77,4.81,4.81,4.78,4.78
2001-10-24,4.08,4.33,4.51,4.69,4.74,4.75,4.73,4.73
2001-10-25,4.01,4.25,4.44,4.63,4.69,4.7,4.68,4.68
2001-10-26,4.03,4.28,4.47,4.65,4.7,4.71,4.66,4.66
2001-10-29,4.01,4.25,4.43,4.61,4.65,4.65,4.59,4.59
2001-10-30,3.94,4.16,4.34,4.52,4.57,4.58,4.54,4.54
2001-10-31,3.94,4.16,4.34,4.51,4.55,4.54,4.46,4.46
2001-11-01,3.91,4.11,4.29,4.45,4.48,4.45,4.36,4.36
2001-11-02,3.91,4.13,4.31,4.49,4.53,4.51,4.39,4.39
2001-11-05,3.8,4.02,4.22,4.42,4.47,4.45,4.36,4.36
2001-11-06,3.8,4.04,4.23,4.42,4.46,4.45,4.36,4.36
2001-11-07,3.72,3.95,4.15,4.36,4.42,4.42,4.36,4.36
2001-11-08,3.67,3.92,4.13,4.36,4.43,4.44,4.35,4.35
2001-11-09,3.65,3.9,4.11,4.34,4.41,4.42,4.33,4.33
2001-11-12,3.6,3.86,4.08,4.32,4.4,4.41,4.31,4.31
2001-11-13,3.68,3.96,4.18,4.43,4.51,4.52,4.41,4.41
2001-11-14,3.79,4.1,4.32,4.54,4.6,4.58,4.46,4.46
2001-11-15,3.93,4.25,4.46,4.66,4.7,4.66,4.52,4.52
2001-11-16,3.96,4.26,4.47,4.66,4.7,4.67,4.51,4.51
2001-11-19,3.93,4.23,4.43,4.63,4.68,4.66,4.53,4.53
2001-11-20,3.9,4.2,4.41,4.61,4.67,4.67,4.56,4.56
2001-11-21,3.96,4.29,4.49,4.69,4.73,4.72,4.62,4.62
2001-11-22,3.96,4.3,4.5,4.69,4.74,4.73,4.63,4.63
2001-11-23,3.94,4.28,4.48,4.67,4.72,4.71,4.62,4.62
2001-11-26,3.93,4.26,4.46,4.65,4.69,4.67,4.58,4.58
2001-11-27,4.06,4.45,4.64,4.79,4.81,4.76,4.6,4.6
2001-11-28,4.03,4.38,4.57,4.72,4.74,4.7,4.53,4.53
2001-11-29,4,4.35,4.55,4.7,4.72,4.67,4.52,4.52
2001-11-30,3.95,4.29,4.49,4.65,4.68,4.65,4.51,4.51
2001-12-03,3.91,4.23,4.42,4.6,4.64,4.62,4.5,4.5
2001-12-04,3.91,4.22,4.41,4.59,4.63,4.62,4.51,4.51
2001-12-05,4.05,4.4,4.58,4.74,4.77,4.75,4.61,4.61
2001-12-06,4.14,4.51,4.69,4.84,4.86,4.82,4.61,4.61
2001-12-07,4.2,4.6,4.8,4.96,4.98,4.95,4.76,4.76
2001-12-10,4.16,4.57,4.76,4.92,4.95,4.92,4.76,4.76
2001-12-11,4.11,4.52,4.72,4.88,4.91,4.89,4.73,4.73
2001-12-12,4.05,4.43,4.62,4.78,4.81,4.78,4.61,4.61
2001-12-13,4.1,4.49,4.68,4.83,4.83,4.79,4.58,4.58
2001-12-14,4.17,4.57,4.75,4.86,4.85,4.79,4.57,4.57
2001-12-17,4.19,4.59,4.78,4.91,4.91,4.85,4.65,4.65
2001-12-18,4.18,4.58,4.77,4.9,4.9,4.85,4.65,4.65
2001-12-19,4.15,4.54,4.73,4.87,4.87,4.8,4.59,4.59
2001-12-20,4.15,4.54,4.74,4.88,4.88,4.82,4.61,4.61
2001-12-21,4.18,4.58,4.78,4.92,4.93,4.87,4.65,4.65
2001-12-24,4.16,4.56,4.75,4.88,4.89,4.83,4.61,4.61
2001-12-25,4.16,4.56,4.75,4.88,4.89,4.83,4.61,4.61
2001-12-26,4.16,4.56,4.75,4.88,4.89,4.83,4.61,4.61
2001-12-27,4.25,4.67,4.87,5.02,5.02,4.96,4.72,4.72
2001-12-28,4.27,4.7,4.9,5.05,5.06,5,4.75,4.75
2001-12-31,4.3,4.72,4.92,5.08,5.09,5.03,4.78,4.78
2002-01-01,4.3,4.72,4.92,5.08,5.09,5.03,4.78,4.78
2002-01-02,4.24,4.65,4.85,5.01,5.02,4.97,4.73,4.73
2002-01-03,4.14,4.54,4.76,4.93,4.96,4.92,4.76,4.76
2002-01-04,4.25,4.66,4.85,4.99,5,4.96,4.78,4.78
2002-01-07,4.29,4.67,4.83,4.93,4.92,4.88,4.71,4.71
2002-01-08,4.31,4.68,4.84,4.93,4.92,4.88,4.74,4.74
2002-01-09,4.38,4.77,4.92,5,4.97,4.92,4.78,4.78
2002-01-10,4.34,4.72,4.87,4.94,4.92,4.87,4.73,4.73
2002-01-11,4.37,4.75,4.89,4.95,4.92,4.85,4.7,4.7
2002-01-14,4.27,4.64,4.8,4.88,4.86,4.8,4.68,4.68
2002-01-15,4.27,4.65,4.81,4.89,4.86,4.8,4.68,4.68
2002-01-16,4.22,4.6,4.76,4.84,4.82,4.76,4.63,4.63
2002-01-17,4.2,4.56,4.73,4.83,4.82,4.78,4.67,4.67
2002-01-18,4.18,4.55,4.72,4.84,4.84,4.81,4.69,4.69
2002-01-21,4.14,4.48,4.66,4.78,4.79,4.77,4.65,4.65
2002-01-22,4.19,4.54,4.71,4.83,4.84,4.81,4.65,4.65
2002-01-23,4.15,4.49,4.66,4.78,4.8,4.8,4.67,4.67
2002-01-24,4.21,4.57,4.74,4.86,4.88,4.87,4.73,4.73
2002-01-25,4.32,4.71,4.88,4.98,4.98,4.96,4.8,4.8
2002-01-28,4.32,4.7,4.87,4.97,4.97,4.93,4.78,4.78
2002-01-29,4.3,4.68,4.85,4.95,4.95,4.91,4.76,4.76
2002-01-30,4.28,4.66,4.82,4.92,4.91,4.86,4.73,4.73
2002-01-31,4.3,4.68,4.83,4.9,4.87,4.81,4.67,4.67
2002-02-01,4.29,4.67,4.82,4.89,4.86,4.8,4.64,4.64
2002-02-04,4.25,4.6,4.76,4.84,4.81,4.75,4.59,4.59
2002-02-05,4.22,4.56,4.72,4.8,4.78,4.73,4.59,4.59
2002-02-06,4.2,4.55,4.72,4.82,4.8,4.76,4.64,4.64
2002-02-07,4.27,4.65,4.83,4.94,4.93,4.89,4.77,4.77
2002-02-08,4.25,4.62,4.79,4.91,4.91,4.88,4.75,4.75
2002-02-11,4.26,4.62,4.79,4.91,4.92,4.88,4.76,4.76
2002-02-12,4.4,4.78,4.94,5.03,5.01,4.95,4.79,4.79
2002-02-13,4.38,4.75,4.92,5.01,5,4.95,4.8,4.8
2002-02-14,4.35,4.71,4.88,4.98,4.97,4.91,4.73,4.73
2002-02-15,4.33,4.67,4.83,4.92,4.9,4.84,4.68,4.68
2002-02-18,4.32,4.68,4.83,4.92,4.9,4.83,4.68,4.68
2002-02-19,4.28,4.64,4.81,4.91,4.91,4.86,4.72,4.72
2002-02-20,4.27,4.63,4.8,4.91,4.92,4.88,4.74,4.74
2002-02-21,4.26,4.63,4.8,4.93,4.94,4.91,4.77,4.77
2002-02-22,4.23,4.59,4.76,4.89,4.9,4.86,4.73,4.73
2002-02-25,4.26,4.62,4.79,4.92,4.92,4.89,4.76,4.76
2002-02-26,4.27,4.64,4.81,4.94,4.96,4.93,4.8,4.8
2002-02-27,4.27,4.64,4.82,4.95,4.95,4.92,4.79,4.79
2002-02-28,4.25,4.63,4.81,4.94,4.95,4.92,4.79,4.79
2002-03-01,4.32,4.7,4.88,5.01,5.01,4.98,4.84,4.84
2002-03-04,4.35,4.75,4.92,5.03,5.02,4.97,4.83,4.83
2002-03-05,4.39,4.8,4.97,5.09,5.09,5.04,4.89,4.89
2002-03-06,4.38,4.79,4.98,5.11,5.12,5.09,4.95,4.95
2002-03-07,4.46,4.89,5.07,5.19,5.19,5.14,4.97,4.97
2002-03-08,4.49,4.91,5.09,5.2,5.19,5.13,4.95,4.95
2002-03-11,4.49,4.9,5.07,5.18,5.17,5.11,4.95,4.95
2002-03-12,4.47,4.89,5.06,5.18,5.17,5.12,4.98,4.98
2002-03-13,4.49,4.9,5.08,5.2,5.2,5.16,5.01,5.01
2002-03-14,4.5,4.91,5.1,5.23,5.24,5.2,5.04,5.04
2002-03-15,4.51,4.94,5.12,5.23,5.23,5.18,5.01,5.01
2002-03-18,4.52,4.93,5.1,5.21,5.22,5.17,4.99,4.99
2002-03-19,4.49,4.91,5.09,5.21,5.22,5.19,5.01,5.01
2002-03-20,4.5,4.93,5.12,5.24,5.25,5.22,5.05,5.05
2002-03-21,4.58,5,5.18,5.29,5.29,5.24,5.07,5.07
2002-03-22,4.59,5.02,5.19,5.31,5.3,5.25,5.06,5.06
2002-03-25,4.61,5.04,5.22,5.33,5.32,5.27,5.07,5.07
2002-03-26,4.59,5.01,5.19,5.31,5.3,5.24,5.05,5.05
2002-03-27,4.55,4.97,5.14,5.25,5.24,5.18,4.99,4.99
2002-03-28,4.58,5.01,5.19,5.3,5.3,5.25,5.08,5.08
2002-03-29,4.58,5.01,5.19,5.3,5.3,5.25,5.08,5.08
2002-04-01,4.58,5.01,5.19,5.3,5.3,5.25,5.08,5.08
2002-04-02,4.6,5.02,5.2,5.31,5.3,5.24,5.07,5.07
2002-04-03,4.55,4.96,5.14,5.25,5.24,5.18,5.01,5.01
2002-04-04,4.52,4.92,5.09,5.2,5.19,5.13,4.96,4.96
2002-04-05,4.51,4.9,5.08,5.2,5.2,5.15,4.99,4.99
2002-04-08,4.49,4.88,5.07,5.2,5.21,5.17,5.02,5.02
2002-04-09,4.5,4.9,5.09,5.22,5.22,5.18,5.03,5.03
2002-04-10,4.49,4.9,5.09,5.23,5.24,5.2,5.06,5.06
2002-04-11,4.47,4.86,5.04,5.17,5.18,5.13,4.99,4.99
2002-04-12,4.45,4.83,5.02,5.16,5.17,5.13,4.99,4.99
2002-04-15,4.42,4.8,4.99,5.13,5.14,5.11,4.97,4.97
2002-04-16,4.49,4.89,5.08,5.22,5.23,5.19,5.03,5.03
2002-04-17,4.5,4.89,5.08,5.22,5.23,5.19,5.04,5.04
2002-04-18,4.47,4.87,5.08,5.23,5.26,5.22,5.07,5.07
2002-04-19,4.46,4.87,5.08,5.24,5.26,5.23,5.07,5.07
2002-04-22,4.43,4.82,5.03,5.19,5.22,5.19,5.04,5.04
2002-04-23,4.44,4.85,5.06,5.23,5.26,5.23,5.08,5.08
2002-04-24,4.43,4.83,5.04,5.2,5.22,5.19,5.05,5.05
2002-04-25,4.39,4.78,4.98,5.14,5.17,5.14,4.99,4.99
2002-04-26,4.34,4.73,4.94,5.1,5.13,5.1,4.96,4.96
2002-04-29,4.38,4.76,4.98,5.15,5.19,5.16,5.02,5.02
2002-04-30,4.39,4.78,4.98,5.15,5.18,5.16,5.03,5.03
2002-05-01,4.37,4.76,4.96,5.12,5.14,5.12,4.98,4.98
2002-05-02,4.41,4.83,5.04,5.19,5.21,5.18,5.04,5.04
2002-05-03,4.4,4.8,5,5.14,5.16,5.13,4.99,4.99
2002-05-06,4.4,4.8,5,5.14,5.16,5.13,4.99,4.99
2002-05-07,4.37,4.77,4.97,5.13,5.15,5.12,4.99,4.99
2002-05-08,4.39,4.8,5,5.17,5.19,5.17,5.04,5.04
2002-05-09,4.42,4.83,5.05,5.21,5.23,5.2,5.06,5.06
2002-05-10,4.44,4.85,5.06,5.22,5.25,5.22,5.08,5.08
2002-05-13,4.41,4.83,5.05,5.22,5.25,5.23,5.09,5.09
2002-05-14,4.45,4.87,5.09,5.26,5.29,5.26,5.1,5.1
2002-05-15,4.51,4.93,5.13,5.28,5.29,5.26,5.1,5.1
2002-05-16,4.51,4.92,5.12,5.27,5.29,5.26,5.11,5.11
2002-05-17,4.53,4.96,5.16,5.3,5.32,5.3,5.16,5.16
2002-05-20,4.52,4.93,5.11,5.24,5.25,5.22,5.1,5.1
2002-05-21,4.51,4.91,5.1,5.22,5.24,5.22,5.09,5.09
2002-05-22,4.47,4.87,5.06,5.21,5.23,5.22,5.1,5.1
2002-05-23,4.5,4.89,5.08,5.21,5.23,5.2,5.08,5.08
2002-05-24,4.5,4.87,5.06,5.2,5.22,5.2,5.07,5.07
2002-05-27,4.5,4.88,5.08,5.24,5.28,5.27,5.14,5.14
2002-05-28,4.48,4.86,5.06,5.21,5.24,5.23,5.12,5.12
2002-05-29,4.46,4.85,5.05,5.2,5.23,5.22,5.12,5.12
2002-05-30,4.48,4.86,5.05,5.2,5.22,5.21,5.12,5.12
2002-05-31,4.51,4.89,5.08,5.22,5.24,5.23,5.14,5.14
2002-06-03,4.51,4.89,5.08,5.22,5.24,5.23,5.14,5.14
2002-06-04,4.51,4.89,5.08,5.22,5.24,5.23,5.14,5.14
2002-06-05,4.51,4.86,5.04,5.18,5.2,5.19,5.11,5.11
2002-06-06,4.49,4.83,5.01,5.16,5.19,5.19,5.1,5.1
2002-06-07,4.45,4.8,4.99,5.15,5.19,5.2,5.12,5.12
2002-06-10,4.47,4.81,5,5.14,5.18,5.17,5.09,5.09
2002-06-11,4.49,4.85,5.03,5.17,5.2,5.19,5.11,5.11
2002-06-12,4.49,4.84,5.02,5.15,5.18,5.17,5.1,5.1
2002-06-13,4.44,4.78,4.94,5.05,5.07,5.05,4.98,4.98
2002-06-14,4.42,4.74,4.89,5,5.01,4.99,4.92,4.92
2002-06-17,4.44,4.77,4.92,5.02,5.02,4.99,4.93,4.93
2002-06-18,4.42,4.75,4.9,5,5,4.97,4.9,4.9
2002-06-19,4.39,4.73,4.88,4.97,4.97,4.94,4.87,4.87
2002-06-20,4.39,4.73,4.9,5,5.01,4.98,4.89,4.89
2002-06-21,4.39,4.73,4.9,5.02,5.02,5,4.89,4.89
2002-06-24,4.36,4.69,4.85,4.96,4.96,4.93,4.8,4.8
2002-06-25,4.4,4.75,4.93,5.05,5.05,5,4.85,4.85
2002-06-26,4.31,4.66,4.84,4.96,4.96,4.91,4.74,4.74
2002-06-27,4.33,4.68,4.86,4.97,4.97,4.91,4.74,4.74
2002-06-28,4.36,4.71,4.89,5.01,5.02,4.97,4.82,4.82
2002-07-01,4.35,4.7,4.88,5.01,5.02,4.98,4.82,4.82
2002-07-02,4.32,4.68,4.87,5,5.01,4.97,4.83,4.83
2002-07-03,4.3,4.66,4.84,4.99,5.02,5,4.85,4.85
2002-07-04,4.32,4.68,4.87,5.02,5.05,5.03,4.88,4.88
2002-07-05,4.36,4.74,4.94,5.09,5.11,5.08,4.93,4.93
2002-07-08,4.36,4.74,4.93,5.09,5.12,5.1,4.95,4.95
2002-07-09,4.33,4.71,4.92,5.08,5.12,5.1,4.94,4.94
2002-07-10,4.28,4.66,4.86,5.02,5.06,5.04,4.89,4.89
2002-07-11,4.22,4.59,4.79,4.95,4.98,4.96,4.82,4.82
2002-07-12,4.19,4.57,4.76,4.92,4.95,4.93,4.78,4.78
2002-07-15,4.15,4.51,4.71,4.88,4.91,4.9,4.75,4.75
2002-07-16,4.08,4.41,4.64,4.84,4.9,4.91,4.77,4.77
2002-07-17,4.1,4.47,4.7,4.9,4.96,4.97,4.85,4.85
2002-07-18,4.11,4.49,4.71,4.9,4.95,4.96,4.84,4.84
2002-07-19,4.06,4.42,4.65,4.85,4.91,4.92,4.79,4.79
2002-07-22,4,4.36,4.59,4.81,4.87,4.89,4.77,4.77
2002-07-23,4.02,4.37,4.61,4.82,4.89,4.91,4.79,4.79
2002-07-24,3.86,4.22,4.48,4.73,4.81,4.84,4.73,4.73
2002-07-25,3.91,4.28,4.53,4.77,4.85,4.88,4.75,4.75
2002-07-26,3.89,4.24,4.5,4.75,4.85,4.9,4.75,4.75
2002-07-29,3.9,4.28,4.54,4.81,4.91,4.95,4.81,4.81
2002-07-30,3.9,4.26,4.53,4.8,4.9,4.95,4.81,4.81
2002-07-31,3.83,4.17,4.43,4.72,4.85,4.92,4.8,4.8
2002-08-01,3.76,4.08,4.35,4.64,4.78,4.87,4.76,4.76
2002-08-02,3.74,4.05,4.31,4.59,4.74,4.83,4.72,4.72
2002-08-05,3.7,3.96,4.21,4.5,4.64,4.74,4.66,4.66
2002-08-06,3.73,4.04,4.28,4.56,4.69,4.78,4.69,4.69
2002-08-07,3.7,3.98,4.22,4.49,4.62,4.7,4.61,4.61
2002-08-08,3.72,4.02,4.27,4.53,4.66,4.73,4.63,4.63
2002-08-09,3.72,4.03,4.27,4.53,4.64,4.7,4.57,4.57
2002-08-12,3.72,4.02,4.26,4.51,4.62,4.67,4.5,4.5
2002-08-13,3.73,4.02,4.26,4.5,4.6,4.66,4.51,4.51
2002-08-14,3.7,3.97,4.2,4.44,4.54,4.59,4.45,4.45
2002-08-15,3.83,4.14,4.36,4.59,4.67,4.72,4.56,4.56
2002-08-16,3.86,4.18,4.4,4.61,4.69,4.73,4.56,4.56
2002-08-19,3.87,4.18,4.4,4.62,4.7,4.73,4.55,4.55
2002-08-20,3.83,4.13,4.36,4.58,4.66,4.7,4.52,4.52
2002-08-21,3.86,4.17,4.41,4.64,4.72,4.76,4.57,4.57
2002-08-22,3.89,4.2,4.43,4.67,4.77,4.81,4.62,4.62
2002-08-23,3.86,4.16,4.39,4.63,4.72,4.77,4.59,4.59
2002-08-26,3.86,4.16,4.39,4.63,4.72,4.77,4.59,4.59
2002-08-27,3.85,4.14,4.37,4.61,4.72,4.77,4.6,4.6
2002-08-28,3.8,4.07,4.29,4.53,4.63,4.68,4.52,4.52
2002-08-29,3.75,4.02,4.24,4.48,4.58,4.63,4.48,4.48
2002-08-30,3.77,4.04,4.26,4.5,4.6,4.64,4.49,4.49
2002-09-02,3.72,3.97,4.19,4.43,4.53,4.58,4.43,4.43
2002-09-03,3.66,3.9,4.12,4.36,4.46,4.5,4.36,4.36
2002-09-04,3.65,3.88,4.1,4.35,4.45,4.5,4.36,4.36
2002-09-05,3.64,3.87,4.08,4.33,4.44,4.5,4.38,4.38
2002-09-06,3.66,3.88,4.08,4.31,4.42,4.48,4.39,4.39
2002-09-09,3.7,3.92,4.12,4.34,4.44,4.49,4.39,4.39
2002-09-10,3.77,4,4.2,4.41,4.5,4.55,4.45,4.45
2002-09-11,3.85,4.09,4.27,4.47,4.56,4.59,4.48,4.48
2002-09-12,3.8,4.02,4.21,4.41,4.5,4.54,4.42,4.42
2002-09-13,3.75,3.96,4.15,4.37,4.47,4.52,4.41,4.41
2002-09-16,3.74,3.92,4.11,4.32,4.41,4.46,4.36,4.36
2002-09-17,3.75,3.96,4.14,4.35,4.44,4.49,4.39,4.39
2002-09-18,3.7,3.88,4.07,4.29,4.39,4.44,4.36,4.36
2002-09-19,3.62,3.79,3.99,4.22,4.33,4.39,4.32,4.32
2002-09-20,3.61,3.78,4,4.26,4.38,4.45,4.38,4.38
2002-09-23,3.58,3.74,3.96,4.22,4.35,4.42,4.36,4.36
2002-09-24,3.55,3.73,3.94,4.21,4.33,4.41,4.36,4.36
2002-09-25,3.58,3.76,3.98,4.24,4.37,4.45,4.42,4.42
2002-09-26,3.6,3.79,4,4.26,4.39,4.48,4.45,4.45
2002-09-27,3.59,3.79,4.01,4.27,4.4,4.48,4.43,4.43
2002-09-30,3.51,3.69,3.91,4.18,4.32,4.41,4.38,4.38
2002-10-01,3.51,3.69,3.9,4.18,4.33,4.44,4.43,4.43
2002-10-02,3.58,3.77,3.98,4.25,4.39,4.49,4.45,4.45
2002-10-03,3.6,3.8,4,4.27,4.41,4.52,4.49,4.49
2002-10-04,3.63,3.84,4.04,4.3,4.43,4.53,4.5,4.5
2002-10-07,3.58,3.77,3.97,4.23,4.36,4.46,4.43,4.43
2002-10-08,3.57,3.76,3.97,4.22,4.36,4.46,4.42,4.42
2002-10-09,3.59,3.77,3.97,4.22,4.35,4.45,4.41,4.41
2002-10-10,3.65,3.85,4.05,4.3,4.43,4.52,4.47,4.47
2002-10-11,3.7,3.91,4.1,4.35,4.47,4.56,4.48,4.48
2002-10-14,3.7,3.91,4.11,4.36,4.49,4.58,4.5,4.5
2002-10-15,3.79,4.02,4.22,4.46,4.59,4.68,4.59,4.59
2002-10-16,3.8,4.03,4.24,4.49,4.62,4.71,4.62,4.62
2002-10-17,3.79,4.02,4.23,4.47,4.6,4.68,4.59,4.59
2002-10-18,3.77,4.02,4.23,4.48,4.61,4.7,4.61,4.61
2002-10-21,3.77,4.01,4.22,4.48,4.62,4.71,4.63,4.63
2002-10-22,3.8,4.05,4.27,4.54,4.67,4.76,4.68,4.68
2002-10-23,3.72,3.96,4.18,4.46,4.6,4.7,4.63,4.63
2002-10-24,3.73,3.98,4.21,4.49,4.64,4.74,4.66,4.66
2002-10-25,3.68,3.92,4.15,4.44,4.6,4.7,4.63,4.63
2002-10-28,3.62,3.85,4.09,4.4,4.56,4.66,4.6,4.6
2002-10-29,3.58,3.81,4.05,4.35,4.51,4.62,4.57,4.57
2002-10-30,3.62,3.84,4.07,4.37,4.53,4.64,4.6,4.6
2002-10-31,3.61,3.82,4.04,4.33,4.49,4.6,4.55,4.55
2002-11-01,3.63,3.87,4.09,4.37,4.53,4.64,4.58,4.58
2002-11-04,3.64,3.87,4.1,4.39,4.56,4.67,4.63,4.63
2002-11-05,3.65,3.9,4.13,4.44,4.6,4.72,4.68,4.68
2002-11-06,3.65,3.91,4.15,4.44,4.61,4.73,4.7,4.7
2002-11-07,3.7,3.92,4.13,4.39,4.54,4.64,4.6,4.6
2002-11-08,3.69,3.91,4.1,4.35,4.49,4.58,4.55,4.55
2002-11-11,3.67,3.88,4.06,4.31,4.45,4.55,4.52,4.52
2002-11-12,3.68,3.86,4.04,4.27,4.41,4.52,4.5,4.5
2002-11-13,3.72,3.89,4.06,4.29,4.43,4.53,4.52,4.52
2002-11-14,3.77,3.94,4.11,4.34,4.47,4.58,4.57,4.57
2002-11-15,3.75,3.93,4.11,4.34,4.47,4.58,4.57,4.57
2002-11-18,3.77,3.95,4.12,4.35,4.48,4.59,4.58,4.58
2002-11-19,3.77,3.94,4.11,4.33,4.46,4.57,4.57,4.57
2002-11-20,3.75,3.92,4.09,4.31,4.45,4.56,4.57,4.57
2002-11-21,3.83,4.02,4.19,4.41,4.54,4.65,4.66,4.66
2002-11-22,3.82,4.02,4.19,4.42,4.55,4.66,4.66,4.66
2002-11-25,3.84,4.04,4.21,4.43,4.56,4.67,4.65,4.65
2002-11-26,3.82,4.01,4.18,4.41,4.53,4.63,4.6,4.6
2002-11-27,3.88,4.09,4.26,4.49,4.61,4.7,4.68,4.68
2002-11-28,3.92,4.13,4.3,4.52,4.62,4.7,4.65,4.65
2002-11-29,3.9,4.12,4.3,4.51,4.61,4.69,4.65,4.65
2002-12-02,3.92,4.16,4.33,4.54,4.65,4.73,4.7,4.7
2002-12-03,3.91,4.13,4.3,4.51,4.62,4.7,4.68,4.68
2002-12-04,3.91,4.11,4.28,4.49,4.6,4.68,4.65,4.65
2002-12-05,3.88,4.08,4.24,4.45,4.56,4.63,4.6,4.6
2002-12-06,3.84,4.03,4.19,4.4,4.51,4.59,4.57,4.57
2002-12-09,3.79,3.96,4.13,4.36,4.48,4.57,4.57,4.57
2002-12-10,3.77,3.95,4.12,4.36,4.49,4.59,4.6,4.6
2002-12-11,3.78,3.95,4.12,4.35,4.48,4.58,4.6,4.6
2002-12-12,3.74,3.9,4.07,4.31,4.44,4.55,4.58,4.58
2002-12-13,3.74,3.9,4.06,4.3,4.44,4.54,4.57,4.57
2002-12-16,3.76,3.91,4.08,4.31,4.44,4.55,4.58,4.58
2002-12-17,3.78,3.94,4.1,4.33,4.46,4.56,4.58,4.58
2002-12-18,3.75,3.89,4.05,4.27,4.4,4.5,4.54,4.54
2002-12-19,3.73,3.87,4.03,4.26,4.39,4.49,4.53,4.53
2002-12-20,3.74,3.88,4.04,4.27,4.41,4.51,4.55,4.55
2002-12-23,3.72,3.87,4.03,4.26,4.4,4.49,4.54,4.54
2002-12-24,3.74,3.88,4.04,4.27,4.4,4.5,4.54,4.54
2002-12-25,3.74,3.88,4.04,4.27,4.4,4.5,4.54,4.54
2002-12-26,3.74,3.88,4.04,4.27,4.4,4.5,4.54,4.54
2002-12-27,3.67,3.79,3.95,4.19,4.32,4.43,4.49,4.49
2002-12-30,3.66,3.79,3.95,4.19,4.32,4.43,4.49,4.49
2002-12-31,3.65,3.77,3.93,4.16,4.29,4.4,4.46,4.46
2003-01-01,3.65,3.77,3.93,4.16,4.29,4.4,4.46,4.46
2003-01-02,3.67,3.81,3.98,4.22,4.36,4.48,4.55,4.55
2003-01-03,3.69,3.82,3.99,4.24,4.38,4.5,4.57,4.57
2003-01-06,3.69,3.82,3.99,4.24,4.38,4.49,4.57,4.57
2003-01-07,3.69,3.82,3.98,4.22,4.37,4.48,4.57,4.57
2003-01-08,3.67,3.78,3.94,4.18,4.32,4.44,4.52,4.52
2003-01-09,3.65,3.78,3.95,4.19,4.33,4.45,4.52,4.52
2003-01-10,3.66,3.78,3.94,4.18,4.33,4.44,4.49,4.49
2003-01-13,3.69,3.81,3.98,4.22,4.37,4.48,4.52,4.52
2003-01-14,3.68,3.81,3.97,4.21,4.36,4.47,4.52,4.52
2003-01-15,3.71,3.83,3.99,4.22,4.36,4.47,4.52,4.52
2003-01-16,3.69,3.82,3.98,4.21,4.35,4.46,4.51,4.51
2003-01-17,3.65,3.75,3.89,4.11,4.25,4.36,4.43,4.43
2003-01-20,3.65,3.74,3.88,4.1,4.23,4.35,4.42,4.42
2003-01-21,3.66,3.74,3.88,4.09,4.23,4.34,4.41,4.41
2003-01-22,3.65,3.73,3.87,4.08,4.22,4.35,4.42,4.42
2003-01-23,3.66,3.73,3.87,4.08,4.21,4.33,4.4,4.4
2003-01-24,3.62,3.67,3.79,4,4.13,4.24,4.3,4.3
2003-01-27,3.58,3.64,3.77,3.99,4.12,4.23,4.26,4.26
2003-01-28,3.57,3.64,3.78,3.99,4.12,4.23,4.29,4.29
2003-01-29,3.55,3.63,3.76,3.98,4.11,4.23,4.3,4.3
2003-01-30,3.58,3.66,3.8,4.02,4.16,4.29,4.37,4.37
2003-01-31,3.58,3.65,3.79,4.01,4.16,4.28,4.37,4.37
2003-02-03,3.59,3.67,3.8,4.03,4.17,4.3,4.4,4.4
2003-02-04,3.51,3.61,3.75,3.97,4.11,4.23,4.33,4.33
2003-02-05,3.55,3.61,3.74,3.96,4.11,4.24,4.35,4.35
2003-02-06,3.36,3.44,3.61,3.89,4.08,4.24,4.37,4.37
2003-02-07,3.31,3.39,3.56,3.86,4.05,4.22,4.37,4.37
2003-02-10,3.31,3.4,3.57,3.87,4.06,4.24,4.4,4.4
2003-02-11,3.32,3.4,3.57,3.86,4.05,4.23,4.37,4.37
2003-02-12,3.32,3.36,3.52,3.8,4,4.18,4.35,4.35
2003-02-13,3.29,3.35,3.51,3.8,3.99,4.17,4.36,4.36
2003-02-14,3.33,3.4,3.56,3.85,4.05,4.22,4.38,4.38
2003-02-17,3.34,3.41,3.57,3.86,4.05,4.23,4.39,4.39
2003-02-18,3.33,3.42,3.59,3.87,4.06,4.23,4.39,4.39
2003-02-19,3.33,3.4,3.56,3.83,4.01,4.18,4.35,4.35
2003-02-20,3.32,3.38,3.54,3.81,3.99,4.16,4.35,4.35
2003-02-21,3.32,3.39,3.56,3.84,4.03,4.21,4.4,4.4
2003-02-24,3.25,3.33,3.49,3.79,3.99,4.19,4.41,4.41
2003-02-25,3.24,3.32,3.48,3.78,3.99,4.19,4.44,4.44
2003-02-26,3.29,3.34,3.5,3.8,4.02,4.24,4.47,4.47
2003-02-27,3.25,3.35,3.54,3.85,4.07,4.29,4.54,4.54
2003-02-28,3.23,3.32,3.49,3.8,4.01,4.23,4.47,4.47
2003-03-03,3.2,3.27,3.44,3.73,3.95,4.17,4.43,4.43
2003-03-04,3.2,3.26,3.42,3.73,3.95,4.17,4.44,4.44
2003-03-05,3.19,3.24,3.41,3.72,3.95,4.18,4.44,4.44
2003-03-06,3.2,3.25,3.41,3.72,3.95,4.17,4.44,4.44
2003-03-07,3.18,3.21,3.37,3.67,3.9,4.13,4.41,4.41
2003-03-10,3.15,3.18,3.34,3.64,3.87,4.1,4.39,4.39
2003-03-11,3.15,3.18,3.34,3.64,3.87,4.1,4.36,4.36
2003-03-12,3.16,3.19,3.35,3.66,3.89,4.11,4.37,4.37
2003-03-13,3.28,3.37,3.54,3.84,4.05,4.25,4.46,4.46
2003-03-14,3.32,3.42,3.6,3.91,4.11,4.32,4.54,4.54
2003-03-17,3.31,3.5,3.72,4.04,4.25,4.45,4.67,4.67
2003-03-18,3.36,3.54,3.75,4.06,4.26,4.45,4.62,4.62
2003-03-19,3.46,3.7,3.92,4.21,4.39,4.55,4.7,4.7
2003-03-20,3.44,3.69,3.92,4.2,4.38,4.54,4.69,4.69
2003-03-21,3.5,3.75,3.97,4.26,4.44,4.61,4.76,4.76
2003-03-24,3.44,3.69,3.91,4.19,4.37,4.53,4.68,4.68
2003-03-25,3.43,3.65,3.86,4.14,4.33,4.51,4.67,4.67
2003-03-26,3.45,3.66,3.86,4.14,4.33,4.51,4.7,4.7
2003-03-27,3.42,3.6,3.8,4.08,4.27,4.47,4.69,4.69
2003-03-28,3.37,3.56,3.76,4.06,4.25,4.44,4.65,4.65
2003-03-31,3.31,3.47,3.67,3.96,4.16,4.35,4.59,4.59
2003-04-01,3.29,3.46,3.67,3.97,4.17,4.38,4.64,4.64
2003-04-02,3.32,3.52,3.74,4.05,4.25,4.45,4.67,4.67
2003-04-03,3.34,3.56,3.78,4.1,4.3,4.49,4.69,4.69
2003-04-04,3.32,3.55,3.79,4.11,4.31,4.5,4.69,4.69
2003-04-07,3.38,3.64,3.88,4.19,4.39,4.57,4.73,4.73
2003-04-08,3.37,3.61,3.84,4.16,4.35,4.53,4.69,4.69
2003-04-09,3.35,3.59,3.82,4.14,4.34,4.53,4.7,4.7
2003-04-10,3.32,3.54,3.77,4.08,4.28,4.47,4.67,4.67
2003-04-11,3.42,3.64,3.85,4.15,4.35,4.53,4.72,4.72
2003-04-14,3.46,3.68,3.9,4.19,4.37,4.54,4.72,4.72
2003-04-15,3.46,3.67,3.88,4.16,4.34,4.52,4.7,4.7
2003-04-16,3.43,3.63,3.84,4.13,4.31,4.49,4.68,4.68
2003-04-17,3.38,3.59,3.8,4.09,4.29,4.47,4.66,4.66
2003-04-18,3.38,3.59,3.8,4.09,4.29,4.47,4.66,4.66
2003-04-21,3.38,3.59,3.8,4.09,4.29,4.47,4.66,4.66
2003-04-22,3.35,3.55,3.76,4.06,4.26,4.46,4.67,4.67
2003-04-23,3.4,3.58,3.79,4.1,4.3,4.5,4.7,4.7
2003-04-24,3.33,3.52,3.73,4.04,4.24,4.43,4.66,4.66
2003-04-25,3.29,3.49,3.71,4.04,4.24,4.42,4.66,4.66
2003-04-28,3.29,3.49,3.71,4.02,4.23,4.43,4.66,4.66
2003-04-29,3.32,3.51,3.73,4.04,4.24,4.44,4.67,4.67
2003-04-30,3.32,3.49,3.69,4.01,4.22,4.42,4.65,4.65
2003-05-01,3.26,3.42,3.62,3.94,4.15,4.35,4.6,4.6
2003-05-02,3.29,3.48,3.69,4,4.22,4.43,4.68,4.68
2003-05-05,3.29,3.48,3.69,4,4.22,4.43,4.68,4.68
2003-05-06,3.3,3.49,3.7,4.01,4.22,4.43,4.68,4.68
2003-05-07,3.27,3.44,3.64,3.94,4.14,4.34,4.61,4.61
2003-05-08,3.33,3.5,3.68,3.95,4.12,4.31,4.57,4.57
2003-05-09,3.41,3.54,3.7,3.95,4.12,4.3,4.56,4.56
2003-05-12,3.39,3.52,3.68,3.93,4.1,4.28,4.56,4.56
2003-05-13,3.38,3.49,3.64,3.9,4.08,4.27,4.56,4.56
2003-05-14,3.41,3.53,3.68,3.92,4.1,4.28,4.57,4.57
2003-05-15,3.37,3.48,3.63,3.88,4.06,4.25,4.5,4.5
2003-05-16,3.34,3.44,3.58,3.84,4.02,4.21,4.46,4.46
2003-05-19,3.29,3.37,3.52,3.78,3.98,4.17,4.43,4.43
2003-05-20,3.29,3.38,3.52,3.77,3.96,4.14,4.39,4.39
2003-05-21,3.21,3.31,3.46,3.73,3.92,4.12,4.35,4.35
2003-05-22,3.23,3.32,3.47,3.73,3.92,4.11,4.35,4.35
2003-05-23,3.22,3.3,3.45,3.7,3.88,4.06,4.32,4.32
2003-05-26,3.22,3.3,3.45,3.7,3.88,4.06,4.32,4.32
2003-05-27,3.24,3.33,3.48,3.73,3.91,4.09,4.34,4.34
2003-05-28,3.3,3.4,3.55,3.81,4,4.19,4.44,4.44
2003-05-29,3.27,3.35,3.5,3.75,3.94,4.13,4.4,4.4
2003-05-30,3.25,3.36,3.52,3.77,3.96,4.16,4.43,4.43
2003-06-02,3.32,3.4,3.54,3.8,4,4.2,4.49,4.49
2003-06-03,3.25,3.33,3.47,3.71,3.9,4.11,4.43,4.43
2003-06-04,3.31,3.41,3.56,3.79,3.96,4.15,4.46,4.46
2003-06-05,3.3,3.37,3.5,3.72,3.9,4.09,4.4,4.4
2003-06-06,3.31,3.39,3.52,3.76,3.95,4.16,4.47,4.47
2003-06-09,3.28,3.29,3.41,3.65,3.84,4.06,4.38,4.38
2003-06-10,3.24,3.26,3.38,3.62,3.82,4.04,4.4,4.4
2003-06-11,3.25,3.23,3.33,3.57,3.78,4.01,4.4,4.4
2003-06-12,3.23,3.25,3.36,3.6,3.8,4.03,4.4,4.4
2003-06-13,3.21,3.22,3.33,3.56,3.75,3.97,4.31,4.31
2003-06-16,3.22,3.27,3.38,3.59,3.77,3.98,4.31,4.31
2003-06-17,3.28,3.34,3.46,3.67,3.85,4.05,4.37,4.37
2003-06-18,3.3,3.38,3.51,3.75,3.94,4.14,4.44,4.44
2003-06-19,3.25,3.34,3.48,3.74,3.94,4.17,4.5,4.5
2003-06-20,3.23,3.33,3.48,3.75,3.95,4.17,4.5,4.5
2003-06-23,3.22,3.31,3.47,3.73,3.93,4.15,4.48,4.48
2003-06-24,3.23,3.34,3.5,3.76,3.96,4.18,4.52,4.52
2003-06-25,3.28,3.33,3.47,3.74,3.93,4.15,4.49,4.49
2003-06-26,3.33,3.47,3.64,3.9,4.08,4.27,4.57,4.57
2003-06-27,3.34,3.48,3.64,3.91,4.11,4.32,4.64,4.64
2003-06-30,3.28,3.4,3.56,3.84,4.05,4.27,4.6,4.6
2003-07-01,3.24,3.36,3.52,3.81,4.03,4.26,4.6,4.6
2003-07-02,3.26,3.39,3.57,3.87,4.1,4.34,4.66,4.66
2003-07-03,3.31,3.48,3.66,3.96,4.18,4.41,4.69,4.69
2003-07-04,3.29,3.45,3.63,3.92,4.14,4.36,4.65,4.65
2003-07-07,3.3,3.47,3.65,3.95,4.16,4.39,4.68,4.68
2003-07-08,3.33,3.47,3.65,3.94,4.16,4.39,4.67,4.67
2003-07-09,3.27,3.44,3.63,3.93,4.16,4.39,4.68,4.68
2003-07-10,3.23,3.37,3.56,3.86,4.09,4.33,4.64,4.64
2003-07-11,3.18,3.34,3.53,3.84,4.07,4.31,4.62,4.62
2003-07-14,3.17,3.33,3.52,3.83,4.06,4.3,4.61,4.61
2003-07-15,3.16,3.36,3.57,3.9,4.15,4.4,4.71,4.71
2003-07-16,3.18,3.4,3.62,3.96,4.19,4.43,4.73,4.73
2003-07-17,3.19,3.43,3.66,4,4.24,4.48,4.75,4.75
2003-07-18,3.19,3.41,3.64,3.98,4.22,4.46,4.74,4.74
2003-07-21,3.23,3.46,3.69,4.03,4.27,4.51,4.79,4.79
2003-07-22,3.23,3.46,3.68,4.02,4.25,4.48,4.75,4.75
2003-07-23,3.21,3.44,3.66,3.99,4.22,4.45,4.72,4.72
2003-07-24,3.3,3.56,3.78,4.09,4.3,4.52,4.79,4.79
2003-07-25,3.3,3.53,3.73,4.03,4.23,4.44,4.71,4.71
2003-07-28,3.33,3.61,3.83,4.15,4.36,4.57,4.81,4.81
2003-07-29,3.32,3.59,3.8,4.1,4.3,4.5,4.75,4.75
2003-07-30,3.34,3.61,3.83,4.13,4.33,4.53,4.77,4.77
2003-07-31,3.38,3.7,3.93,4.23,4.42,4.61,4.83,4.83
2003-08-01,3.57,3.89,4.09,4.34,4.48,4.61,4.76,4.76
2003-08-04,3.57,3.88,4.08,4.31,4.44,4.56,4.68,4.68
2003-08-05,3.58,3.9,4.1,4.33,4.47,4.59,4.73,4.73
2003-08-06,3.59,3.88,4.06,4.28,4.41,4.52,4.64,4.64
2003-08-07,3.54,3.84,4.02,4.24,4.37,4.49,4.6,4.6
2003-08-08,3.49,3.76,3.93,4.15,4.29,4.41,4.55,4.55
2003-08-11,3.56,3.85,4.02,4.23,4.36,4.48,4.62,4.62
2003-08-12,3.61,3.9,4.07,4.27,4.38,4.49,4.63,4.63
2003-08-13,3.59,3.92,4.12,4.34,4.48,4.6,4.73,4.73
2003-08-14,3.63,3.98,4.19,4.41,4.54,4.67,4.76,4.76
2003-08-15,3.59,3.93,4.14,4.37,4.51,4.63,4.72,4.72
2003-08-18,3.6,3.94,4.14,4.37,4.5,4.62,4.7,4.7
2003-08-19,3.63,3.96,4.16,4.38,4.5,4.61,4.67,4.67
2003-08-20,3.62,3.97,4.18,4.4,4.53,4.64,4.72,4.72
2003-08-21,3.66,4.01,4.22,4.44,4.56,4.66,4.72,4.72
2003-08-22,3.69,4.05,4.24,4.45,4.56,4.65,4.7,4.7
2003-08-25,3.69,4.05,4.24,4.45,4.56,4.65,4.7,4.7
2003-08-26,3.7,4.05,4.25,4.45,4.56,4.66,4.7,4.7
2003-08-27,3.7,4.05,4.26,4.48,4.59,4.69,4.74,4.74
2003-08-28,3.71,4.05,4.24,4.44,4.55,4.64,4.68,4.68
2003-08-29,3.73,4.07,4.26,4.46,4.56,4.66,4.7,4.7
2003-09-01,3.76,4.09,4.27,4.47,4.57,4.66,4.7,4.7
2003-09-02,3.82,4.17,4.37,4.58,4.69,4.78,4.8,4.8
2003-09-03,3.83,4.2,4.41,4.61,4.72,4.81,4.81,4.81
2003-09-04,3.82,4.17,4.38,4.59,4.7,4.79,4.8,4.8
2003-09-05,3.77,4.09,4.28,4.5,4.63,4.74,4.78,4.78
2003-09-08,3.72,4.02,4.21,4.44,4.58,4.7,4.75,4.75
2003-09-09,3.75,4.07,4.27,4.5,4.64,4.76,4.82,4.82
2003-09-10,3.74,4.04,4.22,4.45,4.58,4.71,4.77,4.77
2003-09-11,3.74,4.05,4.25,4.47,4.61,4.73,4.79,4.79
2003-09-12,3.72,3.98,4.15,4.37,4.49,4.62,4.7,4.7
2003-09-15,3.71,3.99,4.17,4.39,4.52,4.64,4.73,4.73
2003-09-16,3.76,4.06,4.25,4.46,4.58,4.69,4.77,4.77
2003-09-17,3.85,4.15,4.32,4.51,4.61,4.71,4.76,4.76
2003-09-18,3.83,4.14,4.31,4.49,4.58,4.67,4.73,4.73
2003-09-19,3.84,4.13,4.3,4.47,4.57,4.66,4.71,4.71
2003-09-22,3.82,4.11,4.28,4.46,4.56,4.65,4.71,4.71
2003-09-23,3.82,4.1,4.27,4.44,4.54,4.64,4.7,4.7
2003-09-24,3.8,4.07,4.24,4.43,4.55,4.66,4.72,4.72
2003-09-25,3.76,4.03,4.21,4.41,4.53,4.64,4.73,4.73
2003-09-26,3.75,4.01,4.18,4.36,4.47,4.57,4.67,4.67
2003-09-29,3.75,4.01,4.18,4.38,4.5,4.61,4.69,4.69
2003-09-30,3.73,3.97,4.13,4.34,4.47,4.58,4.67,4.67
2003-10-01,3.72,3.96,4.13,4.34,4.47,4.59,4.69,4.69
2003-10-02,3.78,4.06,4.24,4.45,4.58,4.69,4.78,4.78
2003-10-03,3.88,4.19,4.37,4.57,4.68,4.78,4.81,4.81
2003-10-06,3.91,4.2,4.37,4.56,4.66,4.74,4.75,4.75
2003-10-07,3.9,4.19,4.36,4.56,4.68,4.77,4.78,4.78
2003-10-08,3.92,4.2,4.37,4.57,4.69,4.78,4.81,4.81
2003-10-09,3.92,4.22,4.4,4.62,4.74,4.83,4.83,4.83
2003-10-10,3.89,4.19,4.36,4.57,4.68,4.77,4.77,4.77
2003-10-13,3.92,4.24,4.43,4.65,4.77,4.85,4.83,4.83
2003-10-14,3.97,4.31,4.5,4.7,4.81,4.88,4.85,4.85
2003-10-15,4.01,4.35,4.55,4.76,4.86,4.93,4.88,4.88
2003-10-16,4,4.35,4.54,4.75,4.85,4.91,4.85,4.85
2003-10-17,4.05,4.41,4.6,4.8,4.88,4.92,4.82,4.82
2003-10-20,4.06,4.42,4.61,4.8,4.87,4.91,4.81,4.81
2003-10-21,4.03,4.37,4.56,4.76,4.84,4.88,4.8,4.8
2003-10-22,4.14,4.48,4.66,4.84,4.91,4.93,4.83,4.83
2003-10-23,4.15,4.5,4.69,4.86,4.93,4.96,4.85,4.85
2003-10-24,4.18,4.54,4.73,4.9,4.96,4.98,4.84,4.84
2003-10-27,4.21,4.58,4.76,4.94,5.01,5.02,4.86,4.86
2003-10-28,4.23,4.6,4.78,4.94,4.99,4.99,4.82,4.82
2003-10-29,4.22,4.61,4.8,4.98,5.03,5.04,4.88,4.88
2003-10-30,4.22,4.59,4.78,4.97,5.04,5.05,4.89,4.89
2003-10-31,4.19,4.55,4.74,4.93,5,5.01,4.86,4.86
2003-11-03,4.27,4.64,4.83,5.02,5.1,5.11,4.93,4.93
2003-11-04,4.25,4.61,4.8,4.98,5.04,5.05,4.88,4.88
2003-11-05,4.23,4.57,4.75,4.93,4.99,5,4.82,4.82
2003-11-06,4.26,4.61,4.8,4.98,5.06,5.07,4.88,4.88
2003-11-07,4.27,4.61,4.8,4.99,5.06,5.08,4.89,4.89
2003-11-10,4.22,4.55,4.74,4.94,5.03,5.06,4.89,4.89
2003-11-11,4.19,4.51,4.71,4.94,5.04,5.08,4.91,4.91
2003-11-12,4.19,4.51,4.71,4.93,5.02,5.05,4.89,4.89
2003-11-13,4.16,4.47,4.66,4.87,4.97,5,4.87,4.87
2003-11-14,4.16,4.46,4.65,4.85,4.94,4.98,4.84,4.84
2003-11-17,4.13,4.41,4.6,4.81,4.9,4.95,4.81,4.81
2003-11-18,4.14,4.42,4.6,4.8,4.89,4.94,4.79,4.79
2003-11-19,4.14,4.45,4.64,4.86,4.96,5.01,4.87,4.87
2003-11-20,4.16,4.47,4.66,4.86,4.95,5,4.87,4.87
2003-11-21,4.15,4.45,4.64,4.85,4.95,5,4.87,4.87
2003-11-24,4.18,4.5,4.7,4.91,5.02,5.07,4.93,4.93
2003-11-25,4.22,4.54,4.73,4.94,5.03,5.08,4.96,4.96
2003-11-26,4.21,4.51,4.68,4.87,4.95,4.99,4.85,4.85
2003-11-27,4.25,4.55,4.73,4.91,4.99,5.03,4.88,4.88
2003-11-28,4.25,4.55,4.72,4.91,5,5.05,4.89,4.89
2003-12-01,4.27,4.57,4.75,4.93,5.01,5.05,4.89,4.89
2003-12-02,4.27,4.57,4.75,4.94,5.03,5.07,4.9,4.9
2003-12-03,4.24,4.53,4.71,4.9,4.99,5.04,4.9,4.9
2003-12-04,4.22,4.51,4.69,4.88,4.98,5.03,4.9,4.9
2003-12-05,4.15,4.41,4.57,4.76,4.85,4.91,4.8,4.8
2003-12-08,4.14,4.41,4.58,4.78,4.89,4.95,4.84,4.84
2003-12-09,4.16,4.43,4.61,4.8,4.89,4.95,4.83,4.83
2003-12-10,4.14,4.41,4.57,4.76,4.85,4.9,4.78,4.78
2003-12-11,4.16,4.44,4.61,4.79,4.89,4.94,4.81,4.81
2003-12-12,4.1,4.34,4.5,4.69,4.78,4.84,4.74,4.74
2003-12-15,4.09,4.33,4.49,4.68,4.78,4.83,4.73,4.73
2003-12-16,4.02,4.25,4.41,4.6,4.7,4.77,4.67,4.67
2003-12-17,4.03,4.26,4.41,4.59,4.68,4.74,4.65,4.65
2003-12-18,4.01,4.23,4.39,4.58,4.68,4.75,4.68,4.68
2003-12-19,4.04,4.28,4.43,4.62,4.72,4.79,4.72,4.72
2003-12-22,4.04,4.26,4.41,4.6,4.7,4.77,4.7,4.7
2003-12-23,4.04,4.25,4.4,4.59,4.69,4.76,4.69,4.69
2003-12-24,4.04,4.25,4.4,4.59,4.69,4.76,4.69,4.69
2003-12-25,4.04,4.25,4.4,4.59,4.69,4.76,4.69,4.69
2003-12-26,4.04,4.25,4.4,4.59,4.69,4.76,4.69,4.69
2003-12-29,4.04,4.26,4.41,4.6,4.7,4.77,4.69,4.69
2003-12-30,4.08,4.31,4.46,4.64,4.75,4.81,4.73,4.73
2003-12-31,4.06,4.29,4.44,4.61,4.7,4.77,4.7,4.7
2004-01-01,4.06,4.29,4.44,4.61,4.7,4.77,4.7,4.7
2004-01-02,4.1,4.36,4.51,4.68,4.77,4.83,4.76,4.76
2004-01-05,4.16,4.4,4.55,4.71,4.8,4.85,4.76,4.76
2004-01-06,4.14,4.39,4.53,4.7,4.77,4.83,4.74,4.74
2004-01-07,4.14,4.38,4.52,4.68,4.75,4.8,4.71,4.71
2004-01-08,4.13,4.36,4.5,4.66,4.74,4.79,4.71,4.71
2004-01-09,4.04,4.22,4.36,4.53,4.61,4.68,4.63,4.63
2004-01-12,3.99,4.18,4.32,4.49,4.58,4.65,4.62,4.62
2004-01-13,3.98,4.16,4.31,4.48,4.58,4.66,4.62,4.62
2004-01-14,4.01,4.2,4.34,4.51,4.6,4.67,4.63,4.63
2004-01-15,4.04,4.24,4.37,4.53,4.62,4.69,4.65,4.65
2004-01-16,4.04,4.23,4.37,4.55,4.64,4.72,4.7,4.7
2004-01-19,4.05,4.24,4.37,4.54,4.64,4.71,4.7,4.7
2004-01-20,4.08,4.26,4.39,4.55,4.63,4.7,4.69,4.69
2004-01-21,4.07,4.27,4.41,4.58,4.67,4.74,4.71,4.71
2004-01-22,4.08,4.29,4.43,4.6,4.7,4.76,4.71,4.71
2004-01-23,4.13,4.32,4.45,4.6,4.67,4.73,4.66,4.66
2004-01-26,4.18,4.38,4.52,4.67,4.75,4.81,4.73,4.73
2004-01-27,4.18,4.37,4.5,4.65,4.72,4.77,4.69,4.69
2004-01-28,4.17,4.37,4.5,4.66,4.73,4.79,4.72,4.72
2004-01-29,4.23,4.46,4.6,4.76,4.83,4.88,4.78,4.78
2004-01-30,4.21,4.43,4.57,4.73,4.81,4.86,4.75,4.75
2004-02-02,4.2,4.42,4.56,4.73,4.81,4.86,4.77,4.77
2004-02-03,4.19,4.4,4.55,4.72,4.8,4.86,4.77,4.77
2004-02-04,4.18,4.39,4.52,4.69,4.77,4.83,4.74,4.74
2004-02-05,4.18,4.39,4.52,4.68,4.76,4.82,4.75,4.75
2004-02-06,4.18,4.36,4.49,4.65,4.73,4.79,4.72,4.72
2004-02-09,4.14,4.32,4.46,4.62,4.71,4.78,4.72,4.72
2004-02-10,4.13,4.31,4.45,4.61,4.69,4.76,4.7,4.7
2004-02-11,4.12,4.29,4.42,4.58,4.67,4.73,4.67,4.67
2004-02-12,4.12,4.3,4.43,4.59,4.67,4.74,4.68,4.68
2004-02-13,4.1,4.28,4.42,4.58,4.66,4.73,4.67,4.67
2004-02-16,4.1,4.28,4.42,4.58,4.67,4.73,4.67,4.67
2004-02-17,4.08,4.25,4.39,4.56,4.65,4.71,4.68,4.68
2004-02-18,4.09,4.28,4.42,4.6,4.69,4.76,4.74,4.74
2004-02-19,4.15,4.34,4.48,4.65,4.74,4.81,4.79,4.79
2004-02-20,4.16,4.34,4.47,4.64,4.74,4.8,4.79,4.79
2004-02-23,4.19,4.36,4.5,4.67,4.76,4.83,4.82,4.82
2004-02-24,4.16,4.31,4.44,4.6,4.69,4.75,4.73,4.73
2004-02-25,4.14,4.3,4.43,4.59,4.68,4.74,4.73,4.73
2004-02-26,4.16,4.33,4.47,4.63,4.71,4.77,4.75,4.75
2004-02-27,4.16,4.32,4.45,4.6,4.68,4.73,4.72,4.72
2004-03-01,4.23,4.39,4.51,4.64,4.71,4.76,4.73,4.73
2004-03-02,4.24,4.4,4.51,4.64,4.71,4.75,4.72,4.72
2004-03-03,4.27,4.45,4.57,4.72,4.79,4.84,4.77,4.77
2004-03-04,4.26,4.43,4.54,4.69,4.76,4.81,4.74,4.74
2004-03-05,4.22,4.34,4.44,4.57,4.65,4.71,4.68,4.68
2004-03-08,4.18,4.29,4.38,4.51,4.58,4.63,4.62,4.62
2004-03-09,4.18,4.28,4.37,4.49,4.55,4.6,4.59,4.59
2004-03-10,4.21,4.31,4.4,4.52,4.57,4.62,4.59,4.59
2004-03-11,4.16,4.27,4.37,4.5,4.56,4.61,4.58,4.58
2004-03-12,4.15,4.25,4.35,4.48,4.55,4.61,4.58,4.58
2004-03-15,4.15,4.25,4.35,4.47,4.54,4.59,4.56,4.56
2004-03-16,4.17,4.29,4.4,4.52,4.59,4.64,4.61,4.61
2004-03-17,4.2,4.31,4.4,4.52,4.58,4.63,4.6,4.6
2004-03-18,4.23,4.34,4.42,4.53,4.59,4.64,4.59,4.59
2004-03-19,4.27,4.38,4.46,4.56,4.61,4.66,4.6,4.6
2004-03-22,4.27,4.38,4.45,4.55,4.6,4.64,4.59,4.59
2004-03-23,4.27,4.39,4.46,4.55,4.6,4.64,4.59,4.59
2004-03-24,4.27,4.38,4.45,4.54,4.59,4.63,4.57,4.57
2004-03-25,4.27,4.37,4.44,4.54,4.59,4.63,4.59,4.59
2004-03-26,4.28,4.38,4.45,4.54,4.6,4.64,4.6,4.6
2004-03-29,4.33,4.45,4.53,4.64,4.71,4.75,4.67,4.67
2004-03-30,4.34,4.45,4.53,4.64,4.7,4.75,4.66,4.66
2004-03-31,4.33,4.44,4.52,4.62,4.67,4.72,4.65,4.65
2004-04-01,4.35,4.46,4.54,4.64,4.7,4.74,4.65,4.65
2004-04-02,4.42,4.57,4.66,4.76,4.82,4.85,4.73,4.73
2004-04-05,4.45,4.59,4.68,4.79,4.86,4.9,4.76,4.76
2004-04-06,4.43,4.57,4.66,4.78,4.85,4.89,4.76,4.76
2004-04-07,4.43,4.55,4.63,4.75,4.81,4.85,4.74,4.74
2004-04-08,4.41,4.52,4.61,4.73,4.81,4.85,4.75,4.75
2004-04-09,4.41,4.52,4.61,4.73,4.81,4.85,4.75,4.75
2004-04-12,4.41,4.52,4.61,4.73,4.81,4.85,4.75,4.75
2004-04-13,4.43,4.58,4.68,4.82,4.9,4.94,4.82,4.82
2004-04-14,4.43,4.59,4.69,4.84,4.92,4.96,4.84,4.84
2004-04-15,4.43,4.58,4.68,4.82,4.89,4.93,4.81,4.81
2004-04-16,4.42,4.57,4.66,4.79,4.85,4.89,4.77,4.77
2004-04-19,4.43,4.58,4.68,4.81,4.88,4.92,4.8,4.8
2004-04-20,4.42,4.57,4.68,4.82,4.9,4.95,4.84,4.84
2004-04-21,4.41,4.57,4.68,4.83,4.91,4.96,4.86,4.86
2004-04-22,4.4,4.55,4.66,4.81,4.89,4.93,4.84,4.84
2004-04-23,4.39,4.55,4.66,4.81,4.89,4.94,4.85,4.85
2004-04-26,4.45,4.61,4.71,4.85,4.92,4.97,4.86,4.86
2004-04-27,4.46,4.62,4.73,4.86,4.93,4.96,4.85,4.85
2004-04-28,4.47,4.63,4.74,4.87,4.94,4.98,4.86,4.86
2004-04-29,4.48,4.63,4.74,4.87,4.94,4.98,4.86,4.86
2004-04-30,4.47,4.62,4.72,4.85,4.92,4.96,4.84,4.84
2004-05-03,4.47,4.62,4.72,4.85,4.92,4.96,4.84,4.84
2004-05-04,4.45,4.59,4.69,4.81,4.88,4.92,4.82,4.82
2004-05-05,4.44,4.59,4.69,4.82,4.89,4.93,4.83,4.83
2004-05-06,4.48,4.65,4.76,4.89,4.96,5,4.89,4.89
2004-05-07,4.56,4.76,4.86,4.99,5.05,5.08,4.94,4.94
2004-05-10,4.59,4.77,4.87,4.99,5.05,5.07,4.93,4.93
2004-05-11,4.56,4.74,4.84,4.96,5.02,5.05,4.92,4.92
2004-05-12,4.6,4.79,4.89,5,5.05,5.07,4.94,4.94
2004-05-13,4.64,4.84,4.94,5.05,5.09,5.1,4.96,4.96
2004-05-14,4.64,4.82,4.91,5.01,5.05,5.05,4.91,4.91
2004-05-17,4.61,4.78,4.87,4.96,5,5,4.87,4.87
2004-05-18,4.63,4.81,4.91,5.01,5.05,5.06,4.92,4.92
2004-05-19,4.74,4.9,4.99,5.08,5.11,5.11,4.95,4.95
2004-05-20,4.75,4.92,5,5.09,5.12,5.11,4.93,4.93
2004-05-21,4.76,4.93,5.01,5.08,5.11,5.1,4.92,4.92
2004-05-24,4.8,4.96,5.04,5.12,5.14,5.13,4.94,4.94
2004-05-25,4.78,4.95,5.02,5.09,5.12,5.11,4.93,4.93
2004-05-26,4.76,4.92,4.99,5.06,5.08,5.07,4.89,4.89
2004-05-27,4.77,4.93,4.99,5.05,5.07,5.05,4.86,4.86
2004-05-28,4.81,4.98,5.05,5.12,5.13,5.11,4.89,4.89
2004-05-31,4.81,4.98,5.05,5.12,5.13,5.11,4.89,4.89
2004-06-01,4.85,5.02,5.1,5.16,5.18,5.16,4.93,4.93
2004-06-02,4.87,5.05,5.12,5.18,5.19,5.16,4.93,4.93
2004-06-03,4.87,5.04,5.11,5.18,5.19,5.16,4.91,4.91
2004-06-04,4.87,5.05,5.13,5.19,5.2,5.17,4.91,4.91
2004-06-07,4.88,5.05,5.12,5.18,5.19,5.15,4.89,4.89
2004-06-08,4.87,5.03,5.1,5.16,5.17,5.13,4.88,4.88
2004-06-09,4.9,5.07,5.15,5.21,5.23,5.19,4.93,4.93
2004-06-10,4.9,5.05,5.12,5.18,5.19,5.16,4.89,4.89
2004-06-11,4.9,5.05,5.12,5.19,5.21,5.18,4.92,4.92
2004-06-14,4.94,5.09,5.16,5.21,5.23,5.19,4.92,4.92
2004-06-15,4.91,5.03,5.08,5.13,5.14,5.1,4.85,4.85
2004-06-16,4.9,5.04,5.11,5.17,5.18,5.15,4.9,4.9
2004-06-17,4.96,5.09,5.16,5.21,5.21,5.17,4.9,4.9
2004-06-18,4.92,5.04,5.1,5.15,5.15,5.12,4.86,4.86
2004-06-21,4.89,5.02,5.09,5.14,5.15,5.11,4.86,4.86
2004-06-22,4.89,5.03,5.09,5.15,5.16,5.13,4.88,4.88
2004-06-23,4.85,4.97,5.04,5.11,5.13,5.11,4.88,4.88
2004-06-24,4.82,4.93,4.99,5.05,5.07,5.05,4.84,4.84
2004-06-25,4.83,4.95,5.01,5.08,5.1,5.08,4.85,4.85
2004-06-28,4.84,4.95,5.03,5.11,5.14,5.12,4.89,4.89
2004-06-29,4.85,4.95,5.03,5.11,5.14,5.12,4.88,4.88
2004-06-30,4.82,4.89,4.96,5.04,5.07,5.06,4.84,4.84
2004-07-01,4.8,4.89,4.97,5.05,5.08,5.05,4.83,4.83
2004-07-02,4.79,4.86,4.93,5.01,5.03,5,4.8,4.8
2004-07-05,4.79,4.88,4.95,5.02,5.04,5.01,4.82,4.82
2004-07-06,4.81,4.9,4.97,5.03,5.05,5.01,4.81,4.81
2004-07-07,4.81,4.9,4.96,5.02,5.03,4.99,4.78,4.78
2004-07-08,4.8,4.89,4.95,5.02,5.03,4.99,4.78,4.78
2004-07-09,4.8,4.9,4.97,5.03,5.04,5.01,4.8,4.8
2004-07-12,4.81,4.9,4.97,5.03,5.03,5,4.78,4.78
2004-07-13,4.83,4.95,5.02,5.09,5.1,5.06,4.83,4.83
2004-07-14,4.81,4.93,5,5.07,5.08,5.04,4.82,4.82
2004-07-15,4.81,4.92,5,5.08,5.09,5.05,4.83,4.83
2004-07-16,4.76,4.84,4.91,4.99,5.01,4.99,4.78,4.78
2004-07-19,4.73,4.84,4.92,5,5.02,4.99,4.79,4.79
2004-07-20,4.73,4.84,4.92,5,5.02,5,4.8,4.8
2004-07-21,4.81,4.93,5.01,5.1,5.12,5.09,4.86,4.86
2004-07-22,4.85,4.95,5.02,5.09,5.09,5.06,4.82,4.82
2004-07-23,4.88,4.98,5.05,5.11,5.12,5.07,4.83,4.83
2004-07-26,4.89,5,5.07,5.13,5.14,5.1,4.84,4.84
2004-07-27,4.9,5.01,5.09,5.15,5.16,5.12,4.85,4.85
2004-07-28,4.91,5.02,5.1,5.17,5.19,5.14,4.86,4.86
2004-07-29,4.91,5.02,5.1,5.17,5.18,5.13,4.86,4.86
2004-07-30,4.91,4.98,5.04,5.1,5.1,5.05,4.79,4.79
2004-08-02,4.91,4.98,5.04,5.1,5.1,5.05,4.79,4.79
2004-08-03,4.91,4.99,5.05,5.1,5.1,5.05,4.77,4.77
2004-08-04,4.91,4.98,5.04,5.09,5.09,5.04,4.75,4.75
2004-08-05,4.86,4.9,4.94,5,5.01,4.96,4.7,4.7
2004-08-06,4.8,4.81,4.85,4.91,4.93,4.89,4.66,4.66
2004-08-09,4.8,4.84,4.89,4.95,4.96,4.93,4.69,4.69
2004-08-10,4.79,4.83,4.87,4.93,4.94,4.9,4.67,4.67
2004-08-11,4.81,4.86,4.92,4.98,4.99,4.95,4.7,4.7
2004-08-12,4.79,4.82,4.87,4.93,4.94,4.91,4.67,4.67
2004-08-13,4.78,4.81,4.86,4.92,4.93,4.9,4.67,4.67
2004-08-16,4.8,4.84,4.89,4.95,4.97,4.95,4.71,4.71
2004-08-17,4.8,4.83,4.88,4.94,4.96,4.94,4.7,4.7
2004-08-18,4.78,4.81,4.86,4.92,4.95,4.93,4.7,4.7
2004-08-19,4.78,4.8,4.85,4.92,4.94,4.93,4.69,4.69
2004-08-20,4.77,4.79,4.83,4.9,4.92,4.91,4.68,4.68
2004-08-23,4.81,4.85,4.9,4.98,5.01,4.99,4.75,4.75
2004-08-24,4.82,4.86,4.9,4.97,5,4.98,4.73,4.73
2004-08-25,4.8,4.82,4.86,4.93,4.96,4.94,4.7,4.7
2004-08-26,4.8,4.81,4.84,4.9,4.93,4.91,4.67,4.67
2004-08-27,4.78,4.78,4.83,4.9,4.93,4.92,4.68,4.68
2004-08-30,4.78,4.78,4.83,4.9,4.93,4.92,4.68,4.68
2004-08-31,4.74,4.73,4.78,4.86,4.89,4.88,4.65,4.65
2004-09-01,4.7,4.71,4.77,4.86,4.9,4.89,4.68,4.68
2004-09-02,4.72,4.74,4.79,4.89,4.93,4.93,4.7,4.7
2004-09-03,4.76,4.79,4.85,4.95,4.99,4.99,4.74,4.74
2004-09-06,4.74,4.74,4.8,4.89,4.94,4.94,4.7,4.7
2004-09-07,4.75,4.76,4.82,4.91,4.95,4.95,4.71,4.71
2004-09-08,4.76,4.76,4.81,4.9,4.94,4.93,4.7,4.7
2004-09-09,4.73,4.73,4.78,4.86,4.9,4.89,4.66,4.66
2004-09-10,4.72,4.71,4.75,4.84,4.88,4.87,4.65,4.65
2004-09-13,4.72,4.72,4.77,4.86,4.9,4.89,4.67,4.67
2004-09-14,4.7,4.69,4.74,4.84,4.88,4.88,4.65,4.65
2004-09-15,4.7,4.72,4.77,4.85,4.89,4.88,4.66,4.66
2004-09-16,4.76,4.77,4.81,4.88,4.9,4.88,4.67,4.67
2004-09-17,4.73,4.75,4.79,4.86,4.88,4.86,4.66,4.66
2004-09-20,4.73,4.74,4.78,4.84,4.86,4.84,4.64,4.64
2004-09-21,4.71,4.71,4.75,4.82,4.85,4.83,4.63,4.63
2004-09-22,4.67,4.66,4.7,4.77,4.8,4.78,4.6,4.6
2004-09-23,4.67,4.67,4.7,4.76,4.78,4.76,4.59,4.59
2004-09-24,4.69,4.69,4.73,4.78,4.8,4.78,4.6,4.6
2004-09-27,4.68,4.66,4.69,4.74,4.76,4.74,4.58,4.58
2004-09-28,4.67,4.65,4.69,4.75,4.77,4.76,4.59,4.59
2004-09-29,4.65,4.62,4.67,4.75,4.79,4.78,4.61,4.61
2004-09-30,4.63,4.61,4.66,4.74,4.79,4.79,4.63,4.63
2004-10-01,4.62,4.62,4.67,4.76,4.81,4.82,4.66,4.66
2004-10-04,4.65,4.64,4.69,4.79,4.84,4.85,4.69,4.69
2004-10-05,4.63,4.61,4.65,4.74,4.79,4.8,4.66,4.66
2004-10-06,4.61,4.6,4.64,4.73,4.78,4.8,4.66,4.66
2004-10-07,4.62,4.6,4.65,4.75,4.8,4.82,4.69,4.69
2004-10-08,4.58,4.56,4.6,4.69,4.74,4.75,4.64,4.64
2004-10-11,4.58,4.55,4.6,4.69,4.74,4.76,4.64,4.64
2004-10-12,4.54,4.5,4.54,4.64,4.69,4.71,4.6,4.6
2004-10-13,4.55,4.52,4.56,4.64,4.7,4.72,4.6,4.6
2004-10-14,4.56,4.51,4.55,4.63,4.68,4.69,4.56,4.56
2004-10-15,4.57,4.53,4.56,4.64,4.68,4.69,4.55,4.55
2004-10-18,4.56,4.51,4.54,4.62,4.67,4.68,4.55,4.55
2004-10-19,4.56,4.52,4.56,4.65,4.7,4.72,4.57,4.57
2004-10-20,4.52,4.45,4.49,4.58,4.63,4.65,4.53,4.53
2004-10-21,4.55,4.48,4.51,4.6,4.65,4.66,4.52,4.52
2004-10-22,4.53,4.46,4.5,4.59,4.64,4.66,4.52,4.52
2004-10-25,4.51,4.43,4.47,4.57,4.62,4.65,4.52,4.52
2004-10-26,4.52,4.45,4.49,4.58,4.63,4.66,4.54,4.54
2004-10-27,4.54,4.48,4.52,4.61,4.66,4.68,4.55,4.55
2004-10-28,4.57,4.52,4.56,4.64,4.7,4.71,4.58,4.58
2004-10-29,4.56,4.51,4.54,4.63,4.68,4.7,4.57,4.57
2004-11-01,4.56,4.5,4.54,4.63,4.69,4.71,4.57,4.57
2004-11-02,4.61,4.57,4.61,4.7,4.75,4.77,4.62,4.62
2004-11-03,4.62,4.57,4.6,4.68,4.74,4.75,4.59,4.59
2004-11-04,4.59,4.54,4.56,4.64,4.69,4.7,4.55,4.55
2004-11-05,4.63,4.59,4.62,4.7,4.74,4.75,4.58,4.58
2004-11-08,4.64,4.59,4.61,4.69,4.73,4.74,4.56,4.56
2004-11-09,4.63,4.57,4.6,4.67,4.71,4.71,4.54,4.54
2004-11-10,4.58,4.52,4.55,4.64,4.69,4.71,4.56,4.56
2004-11-11,4.55,4.48,4.51,4.59,4.64,4.66,4.52,4.52
2004-11-12,4.53,4.45,4.47,4.55,4.6,4.62,4.49,4.49
2004-11-15,4.51,4.43,4.46,4.53,4.58,4.6,4.47,4.47
2004-11-16,4.52,4.44,4.46,4.52,4.56,4.58,4.46,4.46
2004-11-17,4.53,4.47,4.49,4.56,4.6,4.62,4.48,4.48
2004-11-18,4.56,4.52,4.55,4.61,4.65,4.67,4.51,4.51
2004-11-19,4.56,4.52,4.54,4.6,4.64,4.64,4.48,4.48
2004-11-22,4.54,4.49,4.51,4.56,4.59,4.6,4.45,4.45
2004-11-23,4.51,4.45,4.47,4.54,4.57,4.58,4.44,4.44
2004-11-24,4.49,4.43,4.46,4.52,4.56,4.58,4.43,4.43
2004-11-25,4.46,4.38,4.41,4.47,4.52,4.54,4.4,4.4
2004-11-26,4.43,4.35,4.38,4.46,4.52,4.54,4.39,4.39
2004-11-29,4.41,4.34,4.38,4.47,4.53,4.57,4.44,4.44
2004-11-30,4.44,4.36,4.39,4.47,4.53,4.56,4.45,4.45
2004-12-01,4.47,4.42,4.44,4.52,4.56,4.59,4.45,4.45
2004-12-02,4.5,4.46,4.49,4.57,4.62,4.64,4.49,4.49
2004-12-03,4.5,4.43,4.46,4.53,4.58,4.61,4.48,4.48
2004-12-06,4.46,4.39,4.41,4.48,4.53,4.56,4.45,4.45
2004-12-07,4.45,4.36,4.38,4.46,4.51,4.54,4.43,4.43
2004-12-08,4.44,4.35,4.37,4.44,4.48,4.51,4.41,4.41
2004-12-09,4.43,4.33,4.35,4.41,4.46,4.49,4.41,4.41
2004-12-10,4.44,4.34,4.35,4.41,4.45,4.48,4.41,4.41
2004-12-13,4.43,4.33,4.34,4.39,4.44,4.47,4.39,4.39
2004-12-14,4.45,4.35,4.35,4.4,4.44,4.47,4.38,4.38
2004-12-15,4.44,4.32,4.32,4.36,4.39,4.41,4.34,4.34
2004-12-16,4.47,4.37,4.37,4.39,4.41,4.42,4.34,4.34
2004-12-17,4.51,4.42,4.4,4.42,4.43,4.44,4.34,4.34
2004-12-20,4.52,4.42,4.4,4.41,4.41,4.41,4.32,4.32
2004-12-21,4.51,4.42,4.41,4.42,4.43,4.44,4.35,4.35
2004-12-22,4.48,4.37,4.36,4.38,4.4,4.41,4.33,4.33
2004-12-23,4.45,4.34,4.33,4.36,4.39,4.41,4.33,4.33
2004-12-24,4.44,4.33,4.33,4.37,4.39,4.41,4.34,4.34
2004-12-27,4.44,4.33,4.33,4.37,4.39,4.41,4.34,4.34
2004-12-28,4.44,4.33,4.33,4.37,4.39,4.41,4.34,4.34
2004-12-29,4.48,4.41,4.43,4.48,4.51,4.53,4.45,4.45
2004-12-30,4.48,4.41,4.42,4.47,4.51,4.53,4.45,4.45
2004-12-31,4.47,4.38,4.39,4.43,4.46,4.49,4.41,4.41
2005-01-03,4.47,4.38,4.39,4.43,4.46,4.49,4.41,4.41
2005-01-04,4.46,4.37,4.38,4.42,4.45,4.48,4.4,4.4
2005-01-05,4.47,4.38,4.38,4.43,4.46,4.5,4.42,4.42
2005-01-06,4.46,4.34,4.35,4.39,4.43,4.47,4.38,4.38
2005-01-07,4.46,4.35,4.35,4.39,4.43,4.46,4.37,4.37
2005-01-10,4.45,4.34,4.34,4.38,4.42,4.45,4.38,4.38
2005-01-11,4.45,4.34,4.34,4.39,4.43,4.46,4.4,4.4
2005-01-12,4.45,4.34,4.35,4.4,4.44,4.47,4.41,4.41
2005-01-13,4.43,4.3,4.31,4.36,4.4,4.44,4.39,4.39
2005-01-14,4.42,4.31,4.32,4.37,4.41,4.45,4.41,4.41
2005-01-17,4.4,4.29,4.3,4.36,4.4,4.44,4.4,4.4
2005-01-18,4.49,4.39,4.4,4.44,4.47,4.49,4.42,4.42
2005-01-19,4.5,4.41,4.42,4.46,4.49,4.51,4.43,4.43
2005-01-20,4.52,4.43,4.45,4.5,4.53,4.55,4.46,4.46
2005-01-21,4.49,4.39,4.41,4.47,4.52,4.55,4.47,4.47
2005-01-24,4.48,4.39,4.41,4.47,4.51,4.54,4.47,4.47
2005-01-25,4.49,4.39,4.41,4.46,4.5,4.54,4.46,4.46
2005-01-26,4.51,4.42,4.43,4.48,4.52,4.55,4.46,4.46
2005-01-27,4.53,4.44,4.46,4.5,4.53,4.57,4.5,4.5
2005-01-28,4.51,4.43,4.43,4.47,4.51,4.54,4.48,4.48
2005-01-31,4.52,4.43,4.44,4.48,4.51,4.54,4.48,4.48
2005-02-01,4.52,4.43,4.43,4.46,4.49,4.52,4.46,4.46
2005-02-02,4.52,4.43,4.44,4.47,4.49,4.53,4.47,4.47
2005-02-03,4.54,4.45,4.46,4.49,4.51,4.54,4.47,4.47
2005-02-04,4.52,4.43,4.42,4.42,4.44,4.46,4.39,4.39
2005-02-07,4.54,4.44,4.42,4.41,4.42,4.43,4.35,4.35
2005-02-08,4.57,4.46,4.44,4.42,4.41,4.42,4.32,4.32
2005-02-09,4.59,4.48,4.46,4.43,4.41,4.4,4.3,4.3
2005-02-10,4.57,4.47,4.45,4.43,4.42,4.42,4.32,4.32
2005-02-11,4.59,4.49,4.48,4.46,4.45,4.45,4.35,4.35
2005-02-14,4.63,4.54,4.52,4.5,4.49,4.49,4.38,4.38
2005-02-15,4.62,4.53,4.52,4.51,4.5,4.5,4.38,4.38
2005-02-16,4.59,4.51,4.51,4.51,4.51,4.5,4.4,4.4
2005-02-17,4.6,4.53,4.53,4.54,4.54,4.53,4.42,4.42
2005-02-18,4.61,4.55,4.55,4.58,4.59,4.59,4.49,4.49
2005-02-21,4.64,4.59,4.6,4.62,4.63,4.63,4.51,4.51
2005-02-22,4.67,4.61,4.61,4.63,4.63,4.63,4.52,4.52
2005-02-23,4.71,4.66,4.65,4.66,4.66,4.65,4.54,4.54
2005-02-24,4.75,4.72,4.72,4.72,4.72,4.71,4.58,4.58
2005-02-25,4.75,4.71,4.7,4.7,4.69,4.68,4.55,4.55
2005-02-28,4.75,4.7,4.69,4.68,4.67,4.65,4.52,4.52
2005-03-01,4.77,4.73,4.72,4.72,4.71,4.71,4.59,4.59
2005-03-02,4.79,4.77,4.76,4.77,4.77,4.76,4.66,4.66
2005-03-03,4.79,4.76,4.75,4.75,4.75,4.75,4.66,4.66
2005-03-04,4.78,4.73,4.72,4.72,4.72,4.71,4.63,4.63
2005-03-07,4.77,4.73,4.73,4.72,4.72,4.71,4.63,4.63
2005-03-08,4.8,4.78,4.77,4.77,4.77,4.76,4.68,4.68
2005-03-09,4.8,4.78,4.78,4.79,4.79,4.79,4.69,4.69
2005-03-10,4.81,4.78,4.78,4.79,4.8,4.8,4.72,4.72
2005-03-11,4.79,4.77,4.77,4.78,4.78,4.78,4.71,4.71
2005-03-14,4.78,4.76,4.76,4.77,4.78,4.78,4.7,4.7
2005-03-15,4.76,4.72,4.72,4.72,4.72,4.72,4.63,4.63
2005-03-16,4.75,4.7,4.69,4.7,4.71,4.71,4.62,4.62
2005-03-17,4.74,4.7,4.7,4.71,4.73,4.75,4.68,4.68
2005-03-18,4.75,4.71,4.71,4.73,4.75,4.77,4.69,4.69
2005-03-21,4.75,4.71,4.72,4.74,4.76,4.78,4.7,4.7
2005-03-22,4.72,4.67,4.67,4.68,4.71,4.73,4.65,4.65
2005-03-23,4.76,4.72,4.72,4.74,4.76,4.78,4.7,4.7
2005-03-24,4.75,4.71,4.71,4.72,4.74,4.75,4.67,4.67
2005-03-25,4.75,4.71,4.71,4.72,4.74,4.75,4.67,4.67
2005-03-28,4.75,4.71,4.71,4.72,4.74,4.75,4.67,4.67
2005-03-29,4.74,4.7,4.69,4.7,4.71,4.73,4.64,4.64
2005-03-30,4.71,4.66,4.65,4.65,4.67,4.68,4.6,4.6
2005-03-31,4.68,4.62,4.6,4.61,4.62,4.64,4.57,4.57
2005-04-01,4.68,4.63,4.63,4.64,4.66,4.68,4.63,4.63
2005-04-04,4.66,4.6,4.59,4.6,4.62,4.64,4.6,4.6
2005-04-05,4.67,4.61,4.6,4.61,4.63,4.66,4.62,4.62
2005-04-06,4.66,4.6,4.59,4.6,4.62,4.64,4.59,4.59
2005-04-07,4.63,4.55,4.54,4.55,4.57,4.6,4.56,4.56
2005-04-08,4.64,4.57,4.57,4.59,4.61,4.64,4.61,4.61
2005-04-11,4.64,4.57,4.57,4.58,4.61,4.63,4.6,4.6
2005-04-12,4.64,4.58,4.57,4.58,4.61,4.63,4.61,4.61
2005-04-13,4.61,4.55,4.54,4.56,4.59,4.62,4.59,4.59
2005-04-14,4.61,4.55,4.54,4.55,4.58,4.6,4.57,4.57
2005-04-15,4.59,4.51,4.5,4.51,4.53,4.56,4.54,4.54
2005-04-18,4.56,4.49,4.48,4.48,4.51,4.53,4.51,4.51
2005-04-19,4.61,4.52,4.51,4.51,4.52,4.54,4.5,4.5
2005-04-20,4.63,4.55,4.53,4.52,4.53,4.54,4.49,4.49
2005-04-21,4.61,4.53,4.51,4.51,4.52,4.53,4.48,4.48
2005-04-22,4.62,4.54,4.52,4.52,4.53,4.54,4.49,4.49
2005-04-25,4.62,4.53,4.51,4.51,4.51,4.52,4.48,4.48
2005-04-26,4.61,4.52,4.5,4.5,4.51,4.52,4.48,4.48
2005-04-27,4.6,4.5,4.48,4.48,4.49,4.5,4.46,4.46
2005-04-28,4.58,4.48,4.45,4.45,4.47,4.49,4.45,4.45
2005-04-29,4.58,4.48,4.45,4.45,4.46,4.47,4.43,4.43
2005-05-02,4.58,4.48,4.45,4.45,4.46,4.47,4.43,4.43
2005-05-03,4.56,4.46,4.43,4.43,4.44,4.46,4.42,4.42
2005-05-04,4.57,4.47,4.45,4.46,4.47,4.49,4.46,4.46
2005-05-05,4.55,4.44,4.42,4.43,4.45,4.47,4.45,4.45
2005-05-06,4.56,4.48,4.47,4.5,4.52,4.55,4.52,4.52
2005-05-09,4.55,4.45,4.44,4.46,4.49,4.51,4.49,4.49
2005-05-10,4.55,4.43,4.41,4.42,4.44,4.46,4.44,4.44
2005-05-11,4.48,4.34,4.32,4.34,4.36,4.39,4.38,4.38
2005-05-12,4.45,4.31,4.29,4.3,4.33,4.37,4.37,4.37
2005-05-13,4.42,4.27,4.24,4.26,4.29,4.33,4.33,4.33
2005-05-16,4.41,4.27,4.25,4.27,4.3,4.33,4.33,4.33
2005-05-17,4.42,4.26,4.24,4.26,4.29,4.31,4.31,4.31
2005-05-18,4.41,4.25,4.23,4.25,4.28,4.31,4.3,4.3
2005-05-19,4.43,4.28,4.25,4.27,4.3,4.33,4.31,4.31
2005-05-20,4.44,4.29,4.27,4.29,4.33,4.35,4.33,4.33
2005-05-23,4.42,4.26,4.23,4.26,4.29,4.32,4.31,4.31
2005-05-24,4.41,4.24,4.21,4.23,4.26,4.29,4.29,4.29
2005-05-25,4.4,4.22,4.19,4.22,4.25,4.28,4.27,4.27
2005-05-26,4.44,4.27,4.24,4.26,4.29,4.32,4.34,4.34
2005-05-27,4.44,4.28,4.26,4.28,4.32,4.36,4.39,4.39
2005-05-30,4.44,4.28,4.26,4.28,4.32,4.36,4.39,4.39
2005-05-31,4.41,4.22,4.19,4.21,4.24,4.28,4.33,4.33
2005-06-01,4.38,4.17,4.13,4.14,4.18,4.22,4.27,4.27
2005-06-02,4.37,4.17,4.13,4.14,4.17,4.21,4.26,4.26
2005-06-03,4.37,4.18,4.14,4.16,4.19,4.23,4.27,4.27
2005-06-06,4.39,4.2,4.17,4.18,4.21,4.25,4.28,4.28
2005-06-07,4.38,4.18,4.14,4.15,4.17,4.21,4.24,4.24
2005-06-08,4.36,4.16,4.12,4.12,4.15,4.18,4.21,4.21
2005-06-09,4.39,4.19,4.14,4.15,4.17,4.2,4.23,4.23
2005-06-10,4.4,4.21,4.16,4.17,4.19,4.22,4.23,4.23
2005-06-13,4.4,4.22,4.19,4.2,4.23,4.26,4.27,4.27
2005-06-14,4.44,4.27,4.24,4.24,4.26,4.29,4.29,4.29
2005-06-15,4.46,4.3,4.28,4.3,4.33,4.36,4.36,4.36
2005-06-16,4.46,4.3,4.28,4.31,4.35,4.38,4.38,4.38
2005-06-17,4.45,4.29,4.26,4.29,4.33,4.36,4.36,4.36
2005-06-20,4.47,4.31,4.28,4.31,4.35,4.38,4.38,4.38
2005-06-21,4.44,4.26,4.22,4.25,4.28,4.32,4.33,4.33
2005-06-22,4.34,4.14,4.11,4.14,4.19,4.23,4.27,4.27
2005-06-23,4.31,4.11,4.09,4.13,4.19,4.24,4.29,4.29
2005-06-24,4.3,4.1,4.07,4.11,4.15,4.2,4.25,4.25
2005-06-27,4.26,4.06,4.03,4.07,4.11,4.15,4.21,4.21
2005-06-28,4.28,4.1,4.08,4.12,4.16,4.2,4.24,4.24
2005-06-29,4.27,4.09,4.06,4.1,4.14,4.19,4.24,4.24
2005-06-30,4.2,4.02,4,4.04,4.1,4.15,4.21,4.21
2005-07-01,4.2,4.05,4.04,4.09,4.14,4.18,4.23,4.23
2005-07-04,4.21,4.06,4.05,4.1,4.15,4.2,4.24,4.24
2005-07-05,4.24,4.11,4.1,4.15,4.2,4.24,4.27,4.27
2005-07-06,4.23,4.11,4.11,4.17,4.22,4.26,4.29,4.29
2005-07-07,4.07,4,4.01,4.07,4.13,4.18,4.23,4.23
2005-07-08,4.14,4.03,4.03,4.09,4.14,4.19,4.24,4.24
2005-07-11,4.17,4.09,4.1,4.16,4.22,4.27,4.3,4.3
2005-07-12,4.2,4.11,4.11,4.18,4.23,4.28,4.32,4.32
2005-07-13,4.18,4.09,4.1,4.18,4.24,4.29,4.34,4.34
2005-07-14,4.19,4.1,4.12,4.2,4.27,4.32,4.37,4.37
2005-07-15,4.18,4.09,4.11,4.19,4.26,4.32,4.36,4.36
2005-07-18,4.16,4.06,4.07,4.15,4.22,4.27,4.33,4.33
2005-07-19,4.18,4.09,4.1,4.19,4.25,4.31,4.36,4.36
2005-07-20,4.17,4.09,4.12,4.2,4.27,4.33,4.38,4.38
2005-07-21,4.22,4.15,4.17,4.23,4.29,4.33,4.39,4.39
2005-07-22,4.17,4.09,4.1,4.17,4.22,4.27,4.33,4.33
2005-07-25,4.16,4.08,4.1,4.16,4.21,4.26,4.32,4.32
2005-07-26,4.18,4.11,4.13,4.19,4.24,4.28,4.33,4.33
2005-07-27,4.18,4.12,4.13,4.19,4.23,4.27,4.33,4.33
2005-07-28,4.2,4.13,4.15,4.2,4.25,4.28,4.33,4.33
2005-07-29,4.21,4.15,4.17,4.22,4.26,4.29,4.32,4.32
2005-08-01,4.27,4.21,4.23,4.27,4.31,4.33,4.36,4.36
2005-08-02,4.27,4.22,4.23,4.29,4.33,4.35,4.37,4.37
2005-08-03,4.29,4.23,4.24,4.29,4.33,4.35,4.38,4.38
2005-08-04,4.25,4.19,4.2,4.26,4.31,4.34,4.37,4.37
2005-08-05,4.26,4.23,4.26,4.32,4.36,4.39,4.42,4.42
2005-08-08,4.27,4.23,4.25,4.3,4.35,4.37,4.4,4.4
2005-08-09,4.28,4.23,4.25,4.31,4.35,4.38,4.4,4.4
2005-08-10,4.3,4.26,4.28,4.32,4.35,4.37,4.39,4.39
2005-08-11,4.32,4.27,4.29,4.33,4.36,4.38,4.39,4.39
2005-08-12,4.29,4.23,4.24,4.27,4.3,4.31,4.33,4.33
2005-08-15,4.28,4.22,4.23,4.26,4.29,4.3,4.33,4.33
2005-08-16,4.29,4.21,4.21,4.23,4.26,4.28,4.29,4.29
2005-08-17,4.29,4.21,4.2,4.22,4.25,4.27,4.28,4.28
2005-08-18,4.29,4.2,4.18,4.19,4.21,4.24,4.25,4.25
2005-08-19,4.28,4.19,4.18,4.2,4.23,4.26,4.27,4.27
2005-08-22,4.28,4.18,4.16,4.19,4.22,4.25,4.28,4.28
2005-08-23,4.27,4.17,4.15,4.17,4.2,4.23,4.26,4.26
2005-08-24,4.26,4.15,4.14,4.16,4.19,4.22,4.25,4.25
2005-08-25,4.24,4.13,4.11,4.13,4.16,4.2,4.24,4.24
2005-08-26,4.24,4.13,4.11,4.13,4.15,4.18,4.21,4.21
2005-08-29,4.24,4.13,4.11,4.13,4.15,4.18,4.21,4.21
2005-08-30,4.22,4.09,4.07,4.09,4.12,4.14,4.18,4.18
2005-08-31,4.19,4.06,4.05,4.07,4.09,4.12,4.17,4.17
2005-09-01,4.18,4.04,4.01,4.03,4.05,4.08,4.13,4.13
2005-09-02,4.18,4.05,4.04,4.06,4.08,4.1,4.14,4.14
2005-09-05,4.18,4.06,4.04,4.06,4.08,4.11,4.16,4.16
2005-09-06,4.19,4.08,4.07,4.1,4.13,4.16,4.19,4.19
2005-09-07,4.21,4.11,4.1,4.13,4.15,4.18,4.2,4.2
2005-09-08,4.21,4.1,4.09,4.11,4.13,4.16,4.18,4.18
2005-09-09,4.2,4.08,4.06,4.08,4.1,4.12,4.15,4.15
2005-09-12,4.24,4.15,4.14,4.16,4.18,4.2,4.21,4.21
2005-09-13,4.25,4.13,4.11,4.12,4.14,4.15,4.17,4.17
2005-09-14,4.25,4.13,4.11,4.11,4.12,4.14,4.15,4.15
2005-09-15,4.24,4.12,4.1,4.11,4.13,4.15,4.17,4.17
2005-09-16,4.27,4.16,4.15,4.16,4.18,4.21,4.23,4.23
2005-09-19,4.24,4.13,4.12,4.13,4.15,4.18,4.2,4.2
2005-09-20,4.25,4.13,4.12,4.14,4.16,4.18,4.2,4.2
2005-09-21,4.21,4.09,4.07,4.08,4.1,4.12,4.14,4.14
2005-09-22,4.2,4.09,4.07,4.09,4.11,4.14,4.16,4.16
2005-09-23,4.22,4.12,4.11,4.13,4.15,4.17,4.19,4.19
2005-09-26,4.26,4.16,4.17,4.2,4.22,4.25,4.24,4.24
2005-09-27,4.29,4.2,4.19,4.21,4.23,4.25,4.24,4.24
2005-09-28,4.27,4.18,4.17,4.19,4.21,4.22,4.21,4.21
2005-09-29,4.24,4.14,4.14,4.17,4.2,4.22,4.2,4.2
2005-09-30,4.23,4.15,4.15,4.19,4.22,4.25,4.23,4.23
2005-10-03,4.23,4.16,4.17,4.21,4.24,4.27,4.26,4.26
2005-10-04,4.24,4.14,4.15,4.18,4.22,4.24,4.24,4.24
2005-10-05,4.22,4.13,4.13,4.17,4.2,4.23,4.23,4.23
2005-10-06,4.19,4.1,4.11,4.16,4.19,4.22,4.23,4.23
2005-10-07,4.18,4.1,4.12,4.17,4.21,4.23,4.24,4.24
2005-10-10,4.15,4.08,4.1,4.15,4.19,4.22,4.23,4.23
2005-10-11,4.17,4.11,4.13,4.18,4.21,4.24,4.24,4.24
2005-10-12,4.21,4.15,4.17,4.23,4.26,4.29,4.29,4.29
2005-10-13,4.24,4.2,4.23,4.29,4.33,4.36,4.34,4.34
2005-10-14,4.27,4.23,4.25,4.31,4.35,4.38,4.35,4.35
2005-10-17,4.29,4.24,4.27,4.33,4.36,4.38,4.34,4.34
2005-10-18,4.26,4.21,4.24,4.3,4.34,4.36,4.32,4.32
2005-10-19,4.27,4.22,4.23,4.28,4.31,4.33,4.29,4.29
2005-10-20,4.33,4.28,4.29,4.33,4.35,4.36,4.3,4.3
2005-10-21,4.31,4.25,4.26,4.3,4.32,4.32,4.27,4.27
2005-10-24,4.31,4.25,4.26,4.29,4.31,4.31,4.26,4.26
2005-10-25,4.33,4.29,4.3,4.34,4.36,4.36,4.3,4.3
2005-10-26,4.34,4.3,4.31,4.35,4.37,4.38,4.32,4.32
2005-10-27,4.33,4.28,4.3,4.33,4.35,4.36,4.3,4.3
2005-10-28,4.33,4.28,4.29,4.31,4.31,4.3,4.26,4.26
2005-10-31,4.32,4.27,4.27,4.29,4.29,4.28,4.24,4.24
2005-11-01,4.34,4.3,4.3,4.3,4.3,4.28,4.22,4.22
2005-11-02,4.38,4.34,4.35,4.36,4.36,4.35,4.27,4.27
2005-11-03,4.39,4.37,4.38,4.4,4.4,4.38,4.3,4.3
2005-11-04,4.4,4.37,4.38,4.4,4.39,4.38,4.29,4.29
2005-11-07,4.38,4.35,4.37,4.39,4.38,4.37,4.28,4.28
2005-11-08,4.37,4.33,4.34,4.36,4.36,4.34,4.26,4.26
2005-11-09,4.38,4.36,4.38,4.4,4.4,4.38,4.29,4.29
2005-11-10,4.39,4.36,4.38,4.4,4.39,4.37,4.28,4.28
2005-11-11,4.4,4.38,4.39,4.41,4.4,4.38,4.28,4.28
2005-11-14,4.39,4.36,4.38,4.39,4.39,4.37,4.26,4.26
2005-11-15,4.36,4.32,4.33,4.33,4.31,4.28,4.18,4.18
2005-11-16,4.31,4.23,4.22,4.2,4.18,4.15,4.06,4.06
2005-11-17,4.29,4.22,4.21,4.21,4.2,4.18,4.11,4.11
2005-11-18,4.3,4.24,4.24,4.24,4.23,4.21,4.14,4.14
2005-11-21,4.29,4.21,4.2,4.2,4.18,4.17,4.1,4.1
2005-11-22,4.29,4.21,4.21,4.21,4.2,4.19,4.12,4.12
2005-11-23,4.29,4.22,4.21,4.22,4.21,4.2,4.13,4.13
2005-11-24,4.27,4.19,4.18,4.18,4.17,4.15,4.1,4.1
2005-11-25,4.27,4.19,4.18,4.18,4.17,4.15,4.09,4.09
2005-11-28,4.27,4.19,4.18,4.18,4.17,4.15,4.07,4.07
2005-11-29,4.29,4.23,4.22,4.22,4.21,4.19,4.1,4.1
2005-11-30,4.31,4.23,4.22,4.21,4.19,4.17,4.09,4.09
2005-12-01,4.29,4.2,4.18,4.17,4.15,4.13,4.06,4.06
2005-12-02,4.3,4.22,4.21,4.2,4.19,4.17,4.1,4.1
2005-12-05,4.33,4.25,4.24,4.24,4.23,4.22,4.14,4.14
2005-12-06,4.32,4.24,4.23,4.22,4.2,4.19,4.11,4.11
2005-12-07,4.35,4.3,4.29,4.27,4.26,4.23,4.13,4.13
2005-12-08,4.35,4.28,4.26,4.24,4.22,4.19,4.08,4.08
2005-12-09,4.39,4.36,4.35,4.33,4.3,4.27,4.13,4.13
2005-12-12,4.39,4.34,4.33,4.31,4.27,4.24,4.1,4.1
2005-12-13,4.37,4.32,4.31,4.29,4.26,4.23,4.1,4.1
2005-12-14,4.35,4.3,4.3,4.28,4.25,4.22,4.09,4.09
2005-12-15,4.37,4.32,4.31,4.28,4.26,4.22,4.1,4.1
2005-12-16,4.36,4.3,4.28,4.25,4.21,4.17,4.06,4.06
2005-12-19,4.29,4.22,4.21,4.2,4.17,4.14,4.03,4.03
2005-12-20,4.26,4.2,4.2,4.18,4.15,4.12,4.02,4.02
2005-12-21,4.25,4.2,4.21,4.21,4.19,4.16,4.05,4.05
2005-12-22,4.22,4.17,4.17,4.17,4.16,4.13,4.03,4.03
2005-12-23,4.2,4.16,4.16,4.17,4.15,4.13,4.03,4.03
2005-12-26,4.2,4.16,4.16,4.17,4.15,4.13,4.03,4.03
2005-12-27,4.2,4.16,4.16,4.17,4.15,4.13,4.03,4.03
2005-12-28,4.18,4.12,4.13,4.12,4.09,4.06,3.97,3.97
2005-12-29,4.2,4.13,4.13,4.12,4.1,4.07,3.99,3.99
2005-12-30,4.2,4.13,4.12,4.11,4.08,4.05,3.96,3.96
2006-01-02,4.2,4.13,4.12,4.11,4.08,4.05,3.96,3.96
2006-01-03,4.21,4.13,4.12,4.1,4.08,4.06,3.96,3.96
2006-01-04,4.19,4.11,4.09,4.07,4.05,4.02,3.92,3.92
2006-01-05,4.2,4.12,4.1,4.08,4.05,4.02,3.9,3.9
2006-01-06,4.23,4.15,4.13,4.09,4.06,4.02,3.88,3.88
2006-01-09,4.27,4.19,4.17,4.13,4.09,4.04,3.9,3.9
2006-01-10,4.29,4.22,4.2,4.16,4.12,4.08,3.91,3.91
2006-01-11,4.27,4.2,4.18,4.14,4.1,4.05,3.88,3.88
2006-01-12,4.26,4.18,4.15,4.11,4.07,4.02,3.86,3.86
2006-01-13,4.24,4.15,4.13,4.08,4.04,3.99,3.82,3.82
2006-01-16,4.22,4.14,4.12,4.08,4.03,3.99,3.81,3.81
2006-01-17,4.21,4.11,4.08,4.03,3.98,3.92,3.73,3.73
2006-01-18,4.21,4.13,4.1,4.03,3.97,3.9,3.7,3.7
2006-01-19,4.24,4.17,4.14,4.09,4.03,3.97,3.77,3.77
2006-01-20,4.25,4.19,4.16,4.1,4.04,3.97,3.77,3.77
2006-01-23,4.25,4.18,4.15,4.09,4.02,3.95,3.73,3.73
2006-01-24,4.27,4.2,4.18,4.11,4.04,3.96,3.73,3.73
2006-01-25,4.3,4.25,4.23,4.17,4.11,4.04,3.81,3.81
2006-01-26,4.32,4.27,4.26,4.21,4.16,4.1,3.9,3.9
2006-01-27,4.32,4.26,4.25,4.21,4.17,4.13,3.93,3.93
2006-01-30,4.31,4.24,4.23,4.19,4.15,4.1,3.9,3.9
2006-01-31,4.31,4.25,4.23,4.18,4.13,4.08,3.86,3.86
2006-02-01,4.33,4.29,4.27,4.22,4.17,4.12,3.9,3.9
2006-02-02,4.34,4.3,4.29,4.24,4.2,4.14,3.92,3.92
2006-02-03,4.31,4.26,4.25,4.21,4.17,4.11,3.9,3.9
2006-02-06,4.31,4.26,4.25,4.22,4.17,4.12,3.91,3.91
2006-02-07,4.29,4.25,4.24,4.22,4.19,4.15,3.95,3.95
2006-02-08,4.27,4.23,4.23,4.21,4.18,4.15,3.96,3.96
2006-02-09,4.26,4.2,4.2,4.17,4.13,4.1,3.9,3.9
2006-02-10,4.25,4.2,4.19,4.16,4.12,4.08,3.87,3.87
2006-02-13,4.25,4.21,4.2,4.18,4.16,4.13,3.92,3.92
2006-02-14,4.2,4.14,4.14,4.13,4.12,4.1,3.91,3.91
2006-02-15,4.24,4.18,4.18,4.17,4.15,4.13,3.94,3.94
2006-02-16,4.22,4.16,4.15,4.14,4.12,4.09,3.92,3.92
2006-02-17,4.21,4.15,4.14,4.11,4.09,4.05,3.89,3.89
2006-02-20,4.22,4.15,4.14,4.11,4.08,4.03,3.87,3.87
2006-02-21,4.22,4.16,4.15,4.12,4.09,4.04,3.88,3.88
2006-02-22,4.26,4.19,4.17,4.12,4.08,4.02,3.85,3.85
2006-02-23,4.27,4.21,4.19,4.14,4.1,4.05,3.86,3.86
2006-02-24,4.31,4.26,4.24,4.19,4.15,4.1,3.9,3.9
2006-02-27,4.33,4.3,4.29,4.24,4.2,4.15,3.94,3.94
2006-02-28,4.32,4.28,4.27,4.22,4.17,4.12,3.91,3.91
2006-03-01,4.32,4.28,4.26,4.21,4.16,4.1,3.89,3.89
2006-03-02,4.34,4.32,4.3,4.26,4.21,4.16,3.94,3.94
2006-03-03,4.36,4.35,4.34,4.29,4.24,4.19,3.95,3.95
2006-03-06,4.35,4.34,4.33,4.28,4.24,4.19,3.95,3.95
2006-03-07,4.37,4.35,4.34,4.29,4.24,4.19,3.96,3.96
2006-03-08,4.36,4.34,4.33,4.3,4.26,4.22,4.01,4.01
2006-03-09,4.36,4.35,4.34,4.31,4.29,4.25,4.05,4.05
2006-03-10,4.38,4.37,4.37,4.34,4.32,4.29,4.09,4.09
2006-03-13,4.4,4.39,4.38,4.35,4.33,4.29,4.07,4.07
2006-03-14,4.37,4.35,4.34,4.32,4.29,4.25,4.05,4.05
2006-03-15,4.37,4.35,4.35,4.32,4.3,4.26,4.08,4.08
2006-03-16,4.36,4.34,4.34,4.32,4.3,4.25,4.06,4.06
2006-03-17,4.37,4.37,4.37,4.36,4.34,4.31,4.12,4.12
2006-03-20,4.37,4.36,4.36,4.34,4.32,4.29,4.12,4.12
2006-03-21,4.39,4.39,4.38,4.36,4.34,4.3,4.12,4.12
2006-03-22,4.39,4.38,4.37,4.34,4.31,4.26,4.06,4.06
2006-03-23,4.39,4.39,4.39,4.36,4.33,4.28,4.06,4.06
2006-03-24,4.39,4.38,4.38,4.35,4.32,4.27,4.05,4.05
2006-03-27,4.38,4.38,4.38,4.35,4.33,4.28,4.08,4.08
2006-03-28,4.4,4.41,4.41,4.4,4.38,4.34,4.13,4.13
2006-03-29,4.42,4.42,4.42,4.4,4.37,4.33,4.12,4.12
2006-03-30,4.42,4.42,4.42,4.4,4.38,4.33,4.12,4.12
2006-03-31,4.42,4.42,4.42,4.4,4.38,4.34,4.14,4.14
2006-04-03,4.42,4.42,4.42,4.41,4.4,4.37,4.16,4.16
2006-04-04,4.42,4.43,4.44,4.42,4.4,4.37,4.16,4.16
2006-04-05,4.38,4.38,4.39,4.38,4.37,4.34,4.15,4.15
2006-04-06,4.4,4.4,4.41,4.41,4.4,4.38,4.2,4.2
2006-04-07,4.39,4.4,4.41,4.4,4.39,4.36,4.19,4.19
2006-04-10,4.41,4.42,4.43,4.43,4.42,4.39,4.21,4.21
2006-04-11,4.42,4.43,4.44,4.43,4.43,4.4,4.23,4.23
2006-04-12,4.42,4.43,4.44,4.44,4.43,4.41,4.24,4.24
2006-04-13,4.46,4.5,4.51,4.51,4.5,4.48,4.28,4.28
2006-04-14,4.46,4.5,4.51,4.51,4.5,4.48,4.28,4.28
2006-04-17,4.46,4.5,4.51,4.51,4.5,4.48,4.28,4.28
2006-04-18,4.46,4.49,4.5,4.5,4.5,4.47,4.26,4.26
2006-04-19,4.46,4.49,4.5,4.5,4.49,4.47,4.24,4.24
2006-04-20,4.44,4.47,4.48,4.49,4.49,4.46,4.24,4.24
2006-04-21,4.44,4.48,4.5,4.51,4.51,4.5,4.28,4.28
2006-04-24,4.47,4.51,4.53,4.54,4.55,4.53,4.32,4.32
2006-04-25,4.51,4.56,4.59,4.6,4.61,4.59,4.36,4.36
2006-04-26,4.54,4.61,4.64,4.65,4.65,4.63,4.4,4.4
2006-04-27,4.55,4.6,4.62,4.63,4.63,4.61,4.37,4.37
2006-04-28,4.53,4.58,4.61,4.62,4.62,4.58,4.33,4.33
2006-05-01,4.53,4.58,4.61,4.62,4.62,4.58,4.33,4.33
2006-05-02,4.56,4.62,4.64,4.64,4.63,4.59,4.32,4.32
2006-05-03,4.59,4.66,4.68,4.68,4.66,4.61,4.33,4.33
2006-05-04,4.65,4.71,4.73,4.72,4.69,4.64,4.36,4.36
2006-05-05,4.65,4.7,4.72,4.7,4.68,4.63,4.36,4.36
2006-05-08,4.66,4.73,4.74,4.73,4.7,4.65,4.37,4.37
2006-05-09,4.68,4.74,4.76,4.74,4.71,4.65,4.38,4.38
2006-05-10,4.64,4.7,4.72,4.7,4.68,4.63,4.38,4.38
2006-05-11,4.68,4.75,4.76,4.75,4.72,4.67,4.39,4.39
2006-05-12,4.71,4.78,4.8,4.77,4.74,4.68,4.39,4.39
2006-05-15,4.68,4.74,4.75,4.72,4.68,4.62,4.32,4.32
2006-05-16,4.66,4.71,4.71,4.68,4.63,4.56,4.24,4.24
2006-05-17,4.69,4.77,4.78,4.75,4.71,4.64,4.33,4.33
2006-05-18,4.66,4.7,4.7,4.65,4.59,4.51,4.2,4.2
2006-05-19,4.66,4.71,4.71,4.67,4.62,4.54,4.25,4.25
2006-05-22,4.63,4.67,4.67,4.63,4.58,4.5,4.22,4.22
2006-05-23,4.65,4.69,4.7,4.67,4.63,4.56,4.29,4.29
2006-05-24,4.63,4.66,4.67,4.63,4.59,4.52,4.27,4.27
2006-05-25,4.61,4.63,4.63,4.59,4.55,4.49,4.25,4.25
2006-05-26,4.61,4.64,4.64,4.6,4.55,4.49,4.28,4.28
2006-05-29,4.61,4.64,4.64,4.6,4.55,4.49,4.28,4.28
2006-05-30,4.62,4.66,4.66,4.62,4.58,4.52,4.28,4.28
2006-05-31,4.63,4.67,4.67,4.64,4.6,4.54,4.3,4.3
2006-06-01,4.66,4.7,4.7,4.67,4.64,4.58,4.34,4.34
2006-06-02,4.64,4.66,4.66,4.63,4.59,4.53,4.31,4.31
2006-06-05,4.63,4.67,4.67,4.64,4.6,4.55,4.32,4.32
2006-06-06,4.66,4.7,4.71,4.69,4.66,4.61,4.38,4.38
2006-06-07,4.66,4.7,4.7,4.67,4.63,4.58,4.36,4.36
2006-06-08,4.63,4.67,4.67,4.64,4.61,4.56,4.36,4.36
2006-06-09,4.6,4.64,4.64,4.61,4.57,4.52,4.33,4.33
2006-06-12,4.61,4.63,4.63,4.59,4.55,4.5,4.29,4.29
2006-06-13,4.61,4.63,4.62,4.57,4.53,4.47,4.26,4.26
2006-06-14,4.62,4.65,4.64,4.59,4.54,4.48,4.25,4.25
2006-06-15,4.68,4.73,4.73,4.68,4.63,4.57,4.32,4.32
2006-06-16,4.69,4.73,4.72,4.67,4.62,4.55,4.3,4.3
2006-06-19,4.72,4.78,4.77,4.72,4.67,4.6,4.36,4.36
2006-06-20,4.74,4.81,4.82,4.78,4.73,4.66,4.41,4.41
2006-06-21,4.73,4.8,4.81,4.77,4.73,4.66,4.41,4.41
2006-06-22,4.71,4.8,4.81,4.78,4.74,4.68,4.41,4.41
2006-06-23,4.72,4.82,4.83,4.8,4.75,4.69,4.41,4.41
2006-06-26,4.74,4.82,4.83,4.79,4.74,4.67,4.4,4.4
2006-06-27,4.74,4.82,4.83,4.79,4.74,4.68,4.41,4.41
2006-06-28,4.74,4.83,4.84,4.8,4.75,4.68,4.43,4.43
2006-06-29,4.71,4.79,4.8,4.76,4.72,4.66,4.42,4.42
2006-06-30,4.68,4.75,4.77,4.74,4.71,4.65,4.41,4.41
2006-07-03,4.69,4.78,4.8,4.78,4.74,4.68,4.44,4.44
2006-07-04,4.68,4.75,4.76,4.74,4.7,4.63,4.38,4.38
2006-07-05,4.68,4.77,4.79,4.77,4.73,4.67,4.42,4.42
2006-07-06,4.69,4.75,4.76,4.73,4.69,4.63,4.39,4.39
2006-07-07,4.66,4.71,4.72,4.69,4.65,4.59,4.36,4.36
2006-07-10,4.68,4.73,4.74,4.71,4.67,4.61,4.37,4.37
2006-07-11,4.67,4.72,4.72,4.69,4.64,4.58,4.34,4.34
2006-07-12,4.69,4.74,4.75,4.72,4.68,4.62,4.36,4.36
2006-07-13,4.66,4.71,4.72,4.69,4.65,4.58,4.33,4.33
2006-07-14,4.63,4.67,4.67,4.64,4.59,4.53,4.28,4.28
2006-07-17,4.64,4.69,4.7,4.67,4.63,4.56,4.33,4.33
2006-07-18,4.71,4.77,4.77,4.72,4.67,4.6,4.35,4.35
2006-07-19,4.72,4.76,4.75,4.7,4.65,4.57,4.32,4.32
2006-07-20,4.72,4.76,4.75,4.7,4.64,4.57,4.31,4.31
2006-07-21,4.7,4.73,4.72,4.67,4.62,4.55,4.31,4.31
2006-07-24,4.7,4.72,4.71,4.66,4.61,4.54,4.3,4.3
2006-07-25,4.71,4.74,4.73,4.69,4.64,4.57,4.33,4.33
2006-07-26,4.72,4.75,4.74,4.7,4.66,4.6,4.35,4.35
2006-07-27,4.7,4.71,4.7,4.67,4.63,4.56,4.31,4.31
2006-07-28,4.69,4.69,4.68,4.65,4.61,4.54,4.3,4.3
2006-07-31,4.71,4.71,4.7,4.67,4.62,4.55,4.3,4.3
2006-08-01,4.73,4.73,4.72,4.68,4.63,4.56,4.31,4.31
2006-08-02,4.73,4.75,4.74,4.7,4.66,4.59,4.34,4.34
2006-08-03,4.82,4.86,4.85,4.8,4.75,4.67,4.39,4.39
2006-08-04,4.9,4.89,4.86,4.79,4.73,4.63,4.35,4.35
2006-08-07,4.91,4.89,4.86,4.78,4.7,4.6,4.32,4.32
2006-08-08,4.93,4.91,4.87,4.79,4.7,4.59,4.3,4.3
2006-08-09,4.91,4.9,4.87,4.79,4.71,4.61,4.33,4.33
2006-08-10,4.92,4.91,4.88,4.8,4.73,4.63,4.35,4.35
2006-08-11,4.95,4.95,4.92,4.85,4.78,4.68,4.38,4.38
2006-08-14,4.97,4.98,4.95,4.87,4.8,4.69,4.39,4.39
2006-08-15,4.95,4.95,4.92,4.85,4.77,4.66,4.37,4.37
2006-08-16,4.92,4.91,4.87,4.8,4.73,4.64,4.34,4.34
2006-08-17,4.9,4.87,4.84,4.76,4.7,4.61,4.33,4.33
2006-08-18,4.89,4.85,4.8,4.72,4.65,4.56,4.28,4.28
2006-08-21,4.87,4.82,4.77,4.68,4.61,4.52,4.24,4.24
2006-08-22,4.86,4.79,4.73,4.65,4.58,4.49,4.22,4.22
2006-08-23,4.88,4.81,4.75,4.67,4.59,4.51,4.23,4.23
2006-08-24,4.88,4.82,4.76,4.67,4.6,4.51,4.23,4.23
2006-08-25,4.89,4.82,4.76,4.67,4.59,4.5,4.21,4.21
2006-08-28,4.89,4.82,4.76,4.67,4.59,4.5,4.21,4.21
2006-08-29,4.9,4.82,4.77,4.68,4.6,4.49,4.21,4.21
2006-08-30,4.89,4.82,4.76,4.66,4.58,4.47,4.2,4.2
2006-08-31,4.88,4.81,4.74,4.64,4.54,4.44,4.16,4.16
2006-09-01,4.86,4.78,4.72,4.62,4.53,4.42,4.15,4.15
2006-09-04,4.87,4.79,4.73,4.63,4.55,4.45,4.18,4.18
2006-09-05,4.88,4.79,4.74,4.65,4.57,4.47,4.2,4.2
2006-09-06,4.88,4.81,4.76,4.67,4.59,4.49,4.21,4.21
2006-09-07,4.89,4.81,4.75,4.67,4.59,4.49,4.2,4.2
2006-09-08,4.87,4.79,4.74,4.65,4.56,4.46,4.18,4.18
2006-09-11,4.89,4.83,4.77,4.68,4.6,4.49,4.19,4.19
2006-09-12,4.93,4.87,4.82,4.73,4.64,4.53,4.23,4.23
2006-09-13,4.93,4.86,4.8,4.7,4.6,4.49,4.19,4.19
2006-09-14,4.95,4.87,4.8,4.7,4.61,4.49,4.19,4.19
2006-09-15,4.97,4.89,4.82,4.71,4.62,4.5,4.19,4.19
2006-09-18,5,4.94,4.88,4.78,4.68,4.57,4.25,4.25
2006-09-19,4.99,4.92,4.85,4.75,4.65,4.54,4.21,4.21
2006-09-20,4.99,4.91,4.85,4.74,4.64,4.52,4.19,4.19
2006-09-21,5,4.91,4.84,4.73,4.62,4.49,4.16,4.16
2006-09-22,4.95,4.84,4.76,4.64,4.54,4.42,4.09,4.09
2006-09-25,4.94,4.82,4.73,4.61,4.5,4.38,4.06,4.06
2006-09-26,4.94,4.82,4.73,4.61,4.5,4.38,4.08,4.08
2006-09-27,4.93,4.8,4.72,4.6,4.51,4.4,4.1,4.1
2006-09-28,4.92,4.79,4.72,4.61,4.52,4.42,4.13,4.13
2006-09-29,4.93,4.82,4.74,4.64,4.55,4.45,4.16,4.16
2006-10-02,4.96,4.85,4.77,4.66,4.56,4.45,4.15,4.15
2006-10-03,4.99,4.88,4.8,4.69,4.59,4.47,4.16,4.16
2006-10-04,4.98,4.86,4.78,4.67,4.57,4.45,4.13,4.13
2006-10-05,4.97,4.84,4.77,4.66,4.56,4.44,4.13,4.13
2006-10-06,4.98,4.87,4.81,4.7,4.6,4.48,4.15,4.15
2006-10-09,4.98,4.88,4.8,4.69,4.6,4.48,4.15,4.15
2006-10-10,5.01,4.92,4.85,4.75,4.65,4.53,4.19,4.19
2006-10-11,5.01,4.92,4.86,4.75,4.65,4.53,4.19,4.19
2006-10-12,5.02,4.92,4.86,4.76,4.66,4.54,4.19,4.19
2006-10-13,5.03,4.95,4.89,4.79,4.69,4.56,4.22,4.22
2006-10-16,5.03,4.94,4.88,4.78,4.69,4.56,4.21,4.21
2006-10-17,5.03,4.94,4.88,4.78,4.67,4.55,4.21,4.21
2006-10-18,5.03,4.94,4.89,4.79,4.69,4.57,4.22,4.22
2006-10-19,5.03,4.94,4.89,4.8,4.7,4.58,4.23,4.23
2006-10-20,5.05,4.98,4.92,4.83,4.73,4.61,4.24,4.24
2006-10-23,5.07,5,4.95,4.85,4.74,4.62,4.25,4.25
2006-10-24,5.08,5.01,4.95,4.85,4.75,4.62,4.24,4.24
2006-10-25,5.09,5.01,4.96,4.85,4.75,4.61,4.23,4.23
2006-10-26,5.07,4.99,4.93,4.82,4.71,4.57,4.19,4.19
2006-10-27,5.06,4.96,4.89,4.77,4.65,4.5,4.12,4.12
2006-10-30,5.07,4.96,4.88,4.75,4.62,4.47,4.1,4.1
2006-10-31,5.05,4.92,4.84,4.7,4.57,4.42,4.06,4.06
2006-11-01,5.02,4.9,4.82,4.68,4.56,4.42,4.07,4.07
2006-11-02,5.04,4.92,4.85,4.72,4.6,4.46,4.12,4.12
2006-11-03,5.06,4.96,4.89,4.76,4.64,4.49,4.12,4.12
2006-11-06,5.08,4.99,4.92,4.78,4.66,4.51,4.14,4.14
2006-11-07,5.07,4.96,4.88,4.74,4.61,4.45,4.09,4.09
2006-11-08,5.08,4.99,4.91,4.77,4.63,4.47,4.11,4.11
2006-11-09,5.08,4.96,4.88,4.74,4.6,4.45,4.1,4.1
2006-11-10,5.05,4.94,4.86,4.71,4.58,4.43,4.08,4.08
2006-11-13,5.07,4.96,4.89,4.75,4.62,4.47,4.12,4.12
2006-11-14,5.04,4.93,4.85,4.72,4.59,4.44,4.11,4.11
2006-11-15,5.02,4.91,4.85,4.72,4.61,4.47,4.14,4.14
2006-11-16,5.05,4.94,4.86,4.73,4.62,4.48,4.14,4.14
2006-11-17,5.05,4.93,4.85,4.72,4.61,4.47,4.13,4.13
2006-11-20,5.03,4.91,4.84,4.71,4.59,4.45,4.11,4.11
2006-11-21,5.04,4.93,4.85,4.72,4.6,4.45,4.12,4.12
2006-11-22,5.04,4.93,4.86,4.73,4.6,4.46,4.13,4.13
2006-11-23,5.05,4.95,4.87,4.75,4.63,4.48,4.15,4.15
2006-11-24,5.03,4.92,4.84,4.7,4.58,4.43,4.11,4.11
2006-11-27,5.05,4.94,4.87,4.74,4.61,4.47,4.15,4.15
2006-11-28,5.03,4.92,4.84,4.71,4.58,4.43,4.11,4.11
2006-11-29,5.04,4.93,4.86,4.72,4.59,4.44,4.12,4.12
2006-11-30,5.04,4.92,4.83,4.69,4.56,4.41,4.09,4.09
2006-12-01,5.01,4.88,4.79,4.65,4.51,4.36,4.06,4.06
2006-12-04,4.98,4.85,4.77,4.63,4.51,4.37,4.07,4.07
2006-12-05,4.98,4.85,4.78,4.65,4.53,4.4,4.11,4.11
2006-12-06,4.98,4.85,4.78,4.65,4.54,4.4,4.11,4.11
2006-12-07,5,4.87,4.8,4.68,4.56,4.42,4.13,4.13
2006-12-08,5.02,4.9,4.83,4.71,4.59,4.45,4.15,4.15
2006-12-11,5.05,4.94,4.87,4.75,4.63,4.49,4.18,4.18
2006-12-12,5.08,4.97,4.9,4.78,4.65,4.51,4.19,4.19
2006-12-13,5.1,5,4.92,4.8,4.67,4.52,4.22,4.22
2006-12-14,5.14,5.04,4.97,4.85,4.72,4.57,4.24,4.24
2006-12-15,5.14,5.04,4.97,4.85,4.72,4.57,4.23,4.23
2006-12-18,5.15,5.06,4.99,4.87,4.74,4.59,4.24,4.24
2006-12-19,5.16,5.08,5.01,4.89,4.77,4.62,4.27,4.27
2006-12-20,5.17,5.08,5.01,4.88,4.76,4.6,4.24,4.24
2006-12-21,5.18,5.09,5.03,4.9,4.77,4.61,4.25,4.25
2006-12-22,5.18,5.1,5.03,4.9,4.77,4.62,4.25,4.25
2006-12-25,5.18,5.1,5.03,4.9,4.77,4.62,4.25,4.25
2006-12-26,5.18,5.1,5.03,4.9,4.77,4.62,4.25,4.25
2006-12-27,5.2,5.13,5.07,4.95,4.83,4.67,4.3,4.3
2006-12-28,5.2,5.13,5.07,4.95,4.83,4.67,4.31,4.31
2006-12-29,5.18,5.1,5.04,4.91,4.78,4.63,4.26,4.26
2007-01-01,5.18,5.1,5.04,4.91,4.78,4.63,4.26,4.26
2007-01-02,5.19,5.11,5.05,4.93,4.8,4.64,4.27,4.27
2007-01-03,5.19,5.12,5.06,4.94,4.82,4.67,4.3,4.3
2007-01-04,5.2,5.11,5.05,4.93,4.81,4.66,4.28,4.28
2007-01-05,5.21,5.13,5.07,4.95,4.84,4.69,4.29,4.29
2007-01-08,5.22,5.14,5.06,4.94,4.82,4.67,4.27,4.27
2007-01-09,5.23,5.15,5.08,4.96,4.84,4.68,4.27,4.27
2007-01-10,5.24,5.15,5.08,4.96,4.84,4.69,4.28,4.28
2007-01-11,5.33,5.27,5.19,5.04,4.9,4.73,4.31,4.31
2007-01-12,5.43,5.32,5.23,5.08,4.95,4.78,4.36,4.36
2007-01-15,5.43,5.31,5.22,5.07,4.94,4.78,4.36,4.36
2007-01-16,5.43,5.31,5.22,5.07,4.93,4.76,4.34,4.34
2007-01-17,5.46,5.35,5.25,5.09,4.95,4.77,4.34,4.34
2007-01-18,5.49,5.37,5.27,5.11,4.96,4.78,4.33,4.33
2007-01-19,5.49,5.38,5.28,5.12,4.96,4.78,4.33,4.33
2007-01-22,5.51,5.39,5.29,5.11,4.95,4.76,4.31,4.31
2007-01-23,5.51,5.4,5.3,5.12,4.96,4.77,4.32,4.32
2007-01-24,5.46,5.36,5.27,5.12,4.97,4.78,4.35,4.35
2007-01-25,5.48,5.39,5.31,5.16,5.02,4.83,4.39,4.39
2007-01-26,5.49,5.4,5.31,5.16,5.03,4.86,4.43,4.43
2007-01-29,5.5,5.4,5.32,5.18,5.05,4.88,4.45,4.45
2007-01-30,5.47,5.37,5.29,5.15,5.02,4.86,4.45,4.45
2007-01-31,5.47,5.37,5.29,5.15,5.02,4.85,4.43,4.43
2007-02-01,5.49,5.4,5.32,5.18,5.05,4.88,4.44,4.44
2007-02-02,5.51,5.42,5.33,5.18,5.04,4.87,4.43,4.43
2007-02-05,5.51,5.42,5.34,5.18,5.04,4.85,4.41,4.41
2007-02-06,5.52,5.43,5.34,5.18,5.03,4.85,4.41,4.41
2007-02-07,5.51,5.4,5.3,5.15,5.01,4.83,4.4,4.4
2007-02-08,5.47,5.33,5.24,5.09,4.96,4.79,4.39,4.39
2007-02-09,5.45,5.35,5.27,5.13,5,4.84,4.44,4.44
2007-02-12,5.46,5.36,5.27,5.14,5.02,4.86,4.44,4.44
2007-02-13,5.4,5.3,5.22,5.1,4.98,4.83,4.43,4.43
2007-02-14,5.4,5.31,5.23,5.1,4.98,4.83,4.42,4.42
2007-02-15,5.35,5.24,5.15,5.01,4.89,4.73,4.37,4.37
2007-02-16,5.36,5.25,5.17,5.02,4.9,4.73,4.37,4.37
2007-02-19,5.38,5.27,5.18,5.04,4.91,4.75,4.37,4.37
2007-02-20,5.4,5.28,5.19,5.05,4.93,4.77,4.4,4.4
2007-02-21,5.38,5.27,5.18,5.03,4.9,4.74,4.37,4.37
2007-02-22,5.39,5.29,5.21,5.07,4.95,4.79,4.42,4.42
2007-02-23,5.38,5.28,5.19,5.04,4.91,4.75,4.39,4.39
2007-02-26,5.39,5.28,5.17,5.01,4.88,4.73,4.36,4.36
2007-02-27,5.37,5.24,5.14,4.98,4.85,4.69,4.31,4.31
2007-02-28,5.36,5.23,5.13,4.97,4.84,4.68,4.31,4.31
2007-03-01,5.37,5.24,5.13,4.97,4.84,4.67,4.3,4.3
2007-03-02,5.35,5.21,5.11,4.95,4.82,4.67,4.29,4.29
2007-03-05,5.3,5.18,5.07,4.92,4.8,4.64,4.28,4.28
2007-03-06,5.33,5.19,5.09,4.94,4.81,4.66,4.3,4.3
2007-03-07,5.33,5.19,5.09,4.94,4.81,4.66,4.3,4.3
2007-03-08,5.32,5.18,5.08,4.93,4.81,4.67,4.31,4.31
2007-03-09,5.33,5.2,5.11,4.97,4.85,4.71,4.35,4.35
2007-03-12,5.34,5.2,5.1,4.96,4.85,4.7,4.35,4.35
2007-03-13,5.31,5.17,5.06,4.92,4.81,4.66,4.32,4.32
2007-03-14,5.28,5.14,5.03,4.89,4.78,4.63,4.29,4.29
2007-03-15,5.31,5.18,5.08,4.94,4.82,4.67,4.32,4.32
2007-03-16,5.31,5.18,5.08,4.95,4.83,4.68,4.32,4.32
2007-03-19,5.34,5.22,5.12,4.98,4.86,4.7,4.35,4.35
2007-03-20,5.4,5.27,5.17,5.02,4.89,4.72,4.35,4.35
2007-03-21,5.39,5.27,5.17,5.02,4.89,4.72,4.35,4.35
2007-03-22,5.42,5.29,5.18,5.03,4.91,4.75,4.37,4.37
2007-03-23,5.42,5.31,5.22,5.07,4.95,4.79,4.41,4.41
2007-03-26,5.43,5.31,5.22,5.08,4.96,4.79,4.43,4.43
2007-03-27,5.43,5.33,5.24,5.11,4.99,4.83,4.47,4.47
2007-03-28,5.43,5.32,5.23,5.09,4.98,4.82,4.45,4.45
2007-03-29,5.44,5.34,5.26,5.12,5,4.84,4.47,4.47
2007-03-30,5.46,5.36,5.27,5.14,5.02,4.86,4.47,4.47
2007-04-02,5.49,5.39,5.3,5.16,5.03,4.86,4.47,4.47
2007-04-03,5.5,5.41,5.32,5.19,5.07,4.91,4.52,4.52
2007-04-04,5.48,5.38,5.29,5.15,5.04,4.88,4.5,4.5
2007-04-05,5.47,5.36,5.27,5.14,5.04,4.89,4.52,4.52
2007-04-06,5.47,5.36,5.27,5.14,5.04,4.89,4.52,4.52
2007-04-09,5.47,5.36,5.27,5.14,5.04,4.89,4.52,4.52
2007-04-10,5.47,5.37,5.26,5.11,5.01,4.91,4.55,4.55
2007-04-11,5.47,5.37,5.26,5.11,5.02,4.91,4.55,4.55
2007-04-12,5.49,5.39,5.29,5.14,5.05,4.94,4.58,4.58
2007-04-13,5.5,5.41,5.31,5.16,5.08,4.99,4.63,4.63
2007-04-16,5.51,5.42,5.31,5.15,5.06,4.96,4.6,4.6
2007-04-17,5.57,5.46,5.34,5.17,5.07,4.97,4.6,4.6
2007-04-18,5.55,5.43,5.3,5.13,5.03,4.93,4.56,4.56
2007-04-19,5.55,5.44,5.31,5.14,5.05,4.95,4.58,4.58
2007-04-20,5.56,5.44,5.32,5.15,5.05,4.95,4.57,4.57
2007-04-23,5.55,5.43,5.31,5.13,5.04,4.94,4.57,4.57
2007-04-24,5.56,5.44,5.31,5.14,5.04,4.94,4.57,4.57
2007-04-25,5.57,5.45,5.32,5.14,5.04,4.94,4.58,4.58
2007-04-26,5.58,5.47,5.34,5.17,5.07,4.97,4.62,4.62
2007-04-27,5.59,5.47,5.35,5.18,5.09,5,4.64,4.64
2007-04-30,5.57,5.44,5.31,5.13,5.03,4.92,4.56,4.56
2007-05-01,5.59,5.48,5.35,5.16,5.06,4.95,4.58,4.58
2007-05-02,5.61,5.5,5.37,5.19,5.09,4.98,4.61,4.61
2007-05-03,5.62,5.52,5.39,5.22,5.12,5.02,4.65,4.65
2007-05-04,5.62,5.51,5.38,5.2,5.1,4.99,4.63,4.63
2007-05-07,5.62,5.51,5.38,5.2,5.1,4.99,4.63,4.63
2007-05-08,5.63,5.5,5.37,5.18,5.08,4.97,4.6,4.6
2007-05-09,5.62,5.5,5.36,5.18,5.07,4.97,4.59,4.59
2007-05-10,5.61,5.5,5.37,5.19,5.09,4.99,4.61,4.61
2007-05-11,5.6,5.49,5.36,5.18,5.07,4.96,4.6,4.6
2007-05-14,5.62,5.52,5.4,5.22,5.12,5.01,4.64,4.64
2007-05-15,5.6,5.51,5.39,5.22,5.12,5.02,4.64,4.64
2007-05-16,5.6,5.52,5.41,5.23,5.12,5,4.61,4.61
2007-05-17,5.63,5.55,5.44,5.26,5.15,5.03,4.63,4.63
2007-05-18,5.62,5.55,5.44,5.26,5.16,5.04,4.65,4.65
2007-05-21,5.64,5.57,5.46,5.28,5.17,5.05,4.64,4.64
2007-05-22,5.65,5.58,5.47,5.28,5.17,5.04,4.63,4.63
2007-05-23,5.7,5.64,5.53,5.34,5.22,5.09,4.67,4.67
2007-05-24,5.7,5.63,5.52,5.33,5.21,5.07,4.65,4.65
2007-05-25,5.72,5.65,5.54,5.35,5.23,5.1,4.68,4.68
2007-05-28,5.72,5.65,5.54,5.35,5.23,5.1,4.68,4.68
2007-05-29,5.73,5.66,5.55,5.36,5.23,5.1,4.69,4.69
2007-05-30,5.73,5.66,5.54,5.36,5.24,5.12,4.71,4.71
2007-05-31,5.74,5.68,5.57,5.38,5.26,5.13,4.7,4.7
2007-06-01,5.77,5.72,5.61,5.42,5.3,5.16,4.73,4.73
2007-06-04,5.79,5.73,5.62,5.42,5.3,5.16,4.73,4.73
2007-06-05,5.78,5.73,5.62,5.44,5.32,5.19,4.76,4.76
2007-06-06,5.75,5.67,5.56,5.39,5.28,5.15,4.73,4.73
2007-06-07,5.77,5.71,5.61,5.45,5.35,5.23,4.81,4.81
2007-06-08,5.78,5.73,5.64,5.48,5.39,5.27,4.85,4.85
2007-06-11,5.77,5.73,5.63,5.48,5.38,5.27,4.84,4.84
2007-06-12,5.8,5.78,5.7,5.55,5.45,5.32,4.88,4.88
2007-06-13,5.81,5.79,5.71,5.58,5.48,5.36,4.9,4.9
2007-06-14,5.76,5.73,5.66,5.55,5.47,5.36,4.91,4.91
2007-06-15,5.77,5.74,5.67,5.55,5.48,5.37,4.93,4.93
2007-06-18,5.77,5.74,5.68,5.57,5.49,5.38,4.94,4.94
2007-06-19,5.76,5.72,5.66,5.55,5.47,5.35,4.91,4.91
2007-06-20,5.8,5.76,5.7,5.59,5.5,5.39,4.93,4.93
2007-06-21,5.83,5.79,5.72,5.6,5.51,5.39,4.93,4.93
2007-06-22,5.84,5.79,5.73,5.61,5.53,5.41,4.95,4.95
2007-06-25,5.83,5.77,5.7,5.58,5.5,5.38,4.92,4.92
2007-06-26,5.81,5.75,5.68,5.56,5.48,5.36,4.91,4.91
2007-06-27,5.79,5.72,5.64,5.51,5.43,5.32,4.88,4.88
2007-06-28,5.81,5.73,5.65,5.53,5.44,5.33,4.88,4.88
2007-06-29,5.83,5.76,5.69,5.56,5.48,5.36,4.9,4.9
2007-07-02,5.81,5.72,5.64,5.51,5.43,5.31,4.86,4.86
2007-07-03,5.81,5.74,5.67,5.55,5.47,5.36,4.9,4.9
2007-07-04,5.84,5.77,5.7,5.59,5.5,5.39,4.92,4.92
2007-07-05,5.86,5.79,5.72,5.61,5.53,5.41,4.93,4.93
2007-07-06,5.87,5.81,5.74,5.63,5.56,5.44,4.96,4.96
2007-07-09,5.87,5.8,5.73,5.63,5.56,5.44,4.96,4.96
2007-07-10,5.83,5.73,5.65,5.53,5.46,5.34,4.86,4.86
2007-07-11,5.83,5.74,5.66,5.54,5.46,5.34,4.86,4.86
2007-07-12,5.83,5.76,5.69,5.59,5.5,5.36,4.87,4.87
2007-07-13,5.85,5.77,5.71,5.61,5.53,5.39,4.92,4.92
2007-07-16,5.84,5.75,5.68,5.58,5.49,5.36,4.89,4.89
2007-07-17,5.9,5.8,5.73,5.62,5.52,5.38,4.9,4.9
2007-07-18,5.88,5.77,5.68,5.55,5.45,5.31,4.83,4.83
2007-07-19,5.86,5.75,5.66,5.54,5.45,5.31,4.82,4.82
2007-07-20,5.83,5.69,5.61,5.49,5.38,5.21,4.73,4.73
2007-07-23,5.83,5.69,5.62,5.5,5.39,5.21,4.73,4.73
2007-07-24,5.84,5.69,5.61,5.5,5.38,5.21,4.71,4.71
2007-07-25,5.82,5.65,5.57,5.46,5.35,5.18,4.7,4.7
2007-07-26,5.77,5.56,5.46,5.36,5.27,5.12,4.65,4.65
2007-07-27,5.73,5.5,5.4,5.31,5.24,5.11,4.64,4.64
2007-07-30,5.72,5.48,5.38,5.28,5.2,5.07,4.62,4.62
2007-07-31,5.77,5.55,5.45,5.35,5.26,5.12,4.66,4.66
2007-08-01,5.76,5.54,5.44,5.34,5.25,5.11,4.65,4.65
2007-08-02,5.79,5.58,5.48,5.38,5.28,5.14,4.68,4.68
2007-08-03,5.79,5.58,5.47,5.34,5.24,5.08,4.63,4.63
2007-08-06,5.77,5.56,5.46,5.34,5.24,5.09,4.65,4.65
2007-08-07,5.78,5.57,5.47,5.35,5.25,5.1,4.65,4.65
2007-08-08,5.82,5.64,5.55,5.44,5.34,5.19,4.72,4.72
2007-08-09,5.82,5.6,5.5,5.39,5.3,5.15,4.7,4.7
2007-08-10,5.76,5.54,5.44,5.34,5.26,5.13,4.69,4.69
2007-08-13,5.77,5.55,5.46,5.36,5.27,5.14,4.69,4.69
2007-08-14,5.71,5.48,5.38,5.29,5.21,5.08,4.65,4.65
2007-08-15,5.66,5.42,5.32,5.24,5.16,5.04,4.62,4.62
2007-08-16,5.6,5.35,5.25,5.18,5.12,5.01,4.59,4.59
2007-08-17,5.58,5.32,5.23,5.16,5.11,5.01,4.58,4.58
2007-08-20,5.59,5.34,5.24,5.17,5.11,5,4.57,4.57
2007-08-21,5.54,5.26,5.16,5.09,5.04,4.94,4.53,4.53
2007-08-22,5.57,5.34,5.26,5.19,5.14,5.03,4.6,4.6
2007-08-23,5.62,5.35,5.25,5.17,5.11,5,4.57,4.57
2007-08-24,5.59,5.35,5.25,5.18,5.12,5.01,4.59,4.59
2007-08-27,5.59,5.35,5.25,5.18,5.12,5.01,4.59,4.59
2007-08-28,5.6,5.33,5.22,5.15,5.09,4.98,4.56,4.56
2007-08-29,5.57,5.29,5.19,5.1,5.04,4.94,4.54,4.54
2007-08-30,5.57,5.28,5.18,5.09,5.03,4.93,4.54,4.54
2007-08-31,5.59,5.3,5.19,5.1,5.04,4.94,4.55,4.55
2007-09-03,5.62,5.34,5.23,5.15,5.08,4.98,4.59,4.59
2007-09-04,5.62,5.35,5.24,5.16,5.09,4.98,4.6,4.6
2007-09-05,5.59,5.29,5.18,5.1,5.04,4.94,4.57,4.57
2007-09-06,5.53,5.24,5.14,5.07,5.02,4.93,4.57,4.57
2007-09-07,5.45,5.15,5.04,4.98,4.94,4.86,4.52,4.52
2007-09-10,5.38,5.07,4.97,4.92,4.89,4.82,4.49,4.49
2007-09-11,5.34,5.01,4.91,4.89,4.88,4.83,4.52,4.52
2007-09-12,5.31,4.99,4.91,4.89,4.88,4.83,4.52,4.52
2007-09-13,5.35,5.08,5,4.95,4.92,4.85,4.55,4.55
2007-09-14,5.33,5.01,4.92,4.89,4.86,4.8,4.51,4.51
2007-09-17,5.3,4.99,4.9,4.87,4.84,4.78,4.51,4.51
2007-09-18,5.37,5.11,5.03,4.97,4.93,4.87,4.58,4.58
2007-09-19,5.35,5.1,5.02,4.99,4.97,4.92,4.63,4.63
2007-09-20,5.36,5.14,5.07,5.03,5.01,4.96,4.64,4.64
2007-09-21,5.38,5.17,5.11,5.08,5.06,5.01,4.68,4.68
2007-09-24,5.38,5.16,5.09,5.06,5.05,5,4.68,4.68
2007-09-25,5.33,5.07,5.01,5,5,4.96,4.65,4.65
2007-09-26,5.35,5.07,5.01,5.02,5.03,4.99,4.69,4.69
2007-09-27,5.34,5.08,5.02,5.02,5.03,5,4.69,4.69
2007-09-28,5.28,5.01,4.95,4.96,4.98,4.95,4.65,4.65
2007-10-01,5.23,4.98,4.92,4.94,4.96,4.94,4.65,4.65
2007-10-02,5.24,4.98,4.92,4.92,4.93,4.91,4.64,4.64
2007-10-03,5.24,4.97,4.91,4.92,4.93,4.91,4.65,4.65
2007-10-04,5.27,4.99,4.92,4.91,4.91,4.88,4.61,4.61
2007-10-05,5.3,5.01,4.93,4.92,4.92,4.89,4.61,4.61
2007-10-08,5.33,5.03,4.95,4.93,4.92,4.89,4.6,4.6
2007-10-09,5.35,5.02,4.93,4.89,4.87,4.83,4.53,4.53
2007-10-10,5.44,5.17,5.08,5.01,4.97,4.9,4.59,4.59
2007-10-11,5.43,5.16,5.08,5.03,5,4.94,4.62,4.62
2007-10-12,5.44,5.2,5.13,5.09,5.06,5,4.67,4.67
2007-10-15,5.47,5.23,5.15,5.1,5.07,5.01,4.69,4.69
2007-10-16,5.44,5.18,5.11,5.07,5.05,5,4.69,4.69
2007-10-17,5.4,5.14,5.06,5.03,5.01,4.96,4.66,4.66
2007-10-18,5.36,5.08,5,4.96,4.95,4.91,4.63,4.63
2007-10-19,5.32,5.02,4.93,4.89,4.87,4.83,4.56,4.56
2007-10-22,5.27,4.99,4.91,4.87,4.85,4.82,4.56,4.56
2007-10-23,5.29,5.02,4.93,4.89,4.87,4.83,4.57,4.57
2007-10-24,5.27,4.97,4.88,4.84,4.82,4.78,4.53,4.53
2007-10-25,5.27,4.97,4.88,4.84,4.83,4.8,4.54,4.54
2007-10-26,5.25,4.96,4.87,4.83,4.83,4.8,4.56,4.56
2007-10-29,5.26,4.96,4.87,4.83,4.82,4.8,4.54,4.54
2007-10-30,5.3,5,4.91,4.86,4.85,4.82,4.55,4.55
2007-10-31,5.33,5.06,4.97,4.92,4.9,4.87,4.59,4.59
2007-11-01,5.35,5.05,4.96,4.91,4.89,4.86,4.57,4.57
2007-11-02,5.3,4.98,4.89,4.85,4.84,4.81,4.54,4.54
2007-11-05,5.25,4.95,4.87,4.84,4.83,4.81,4.55,4.55
2007-11-06,5.24,4.94,4.86,4.84,4.84,4.82,4.57,4.57
2007-11-07,5.2,4.9,4.82,4.8,4.8,4.78,4.55,4.55
2007-11-08,5.15,4.82,4.74,4.73,4.75,4.74,4.52,4.52
2007-11-09,5.1,4.74,4.66,4.67,4.7,4.7,4.5,4.5
2007-11-12,5.1,4.74,4.67,4.69,4.72,4.72,4.51,4.51
2007-11-13,5.11,4.73,4.66,4.68,4.71,4.71,4.51,4.51
2007-11-14,5.08,4.7,4.63,4.66,4.7,4.71,4.51,4.51
2007-11-15,5.02,4.61,4.54,4.59,4.64,4.65,4.47,4.47
2007-11-16,4.97,4.54,4.47,4.53,4.59,4.61,4.44,4.44
2007-11-19,4.96,4.52,4.45,4.51,4.57,4.59,4.43,4.43
2007-11-20,4.94,4.51,4.45,4.52,4.58,4.61,4.45,4.45
2007-11-21,4.91,4.44,4.38,4.45,4.52,4.56,4.42,4.42
2007-11-22,4.87,4.38,4.32,4.41,4.49,4.53,4.39,4.39
2007-11-23,4.86,4.38,4.34,4.45,4.53,4.58,4.44,4.44
2007-11-26,4.88,4.4,4.35,4.45,4.53,4.56,4.43,4.43
2007-11-27,4.91,4.47,4.42,4.5,4.56,4.59,4.46,4.46
2007-11-28,5.01,4.6,4.55,4.6,4.65,4.67,4.52,4.52
2007-11-29,4.95,4.48,4.41,4.48,4.54,4.58,4.46,4.46
2007-11-30,4.97,4.54,4.48,4.55,4.61,4.64,4.51,4.51
2007-12-03,4.95,4.51,4.44,4.51,4.56,4.59,4.48,4.48
2007-12-04,4.92,4.45,4.39,4.45,4.5,4.54,4.44,4.44
2007-12-05,4.84,4.39,4.33,4.4,4.46,4.5,4.41,4.41
2007-12-06,4.85,4.43,4.38,4.46,4.52,4.56,4.45,4.45
2007-12-07,4.89,4.5,4.46,4.55,4.61,4.66,4.52,4.52
2007-12-10,4.89,4.52,4.5,4.6,4.67,4.71,4.56,4.56
2007-12-11,4.9,4.48,4.45,4.56,4.64,4.68,4.52,4.52
2007-12-12,4.96,4.63,4.61,4.71,4.78,4.81,4.63,4.63
2007-12-13,4.95,4.61,4.59,4.68,4.74,4.77,4.58,4.58
2007-12-14,4.96,4.64,4.63,4.71,4.77,4.8,4.6,4.6
2007-12-17,4.95,4.61,4.59,4.67,4.73,4.76,4.56,4.56
2007-12-18,4.94,4.6,4.58,4.67,4.73,4.75,4.55,4.55
2007-12-19,4.86,4.53,4.51,4.59,4.66,4.69,4.52,4.52
2007-12-20,4.83,4.44,4.41,4.49,4.56,4.59,4.45,4.45
2007-12-21,4.84,4.49,4.46,4.54,4.61,4.64,4.51,4.51
2007-12-24,4.82,4.44,4.41,4.49,4.56,4.59,4.46,4.46
2007-12-25,4.82,4.44,4.41,4.49,4.56,4.59,4.46,4.46
2007-12-26,4.82,4.44,4.41,4.49,4.56,4.59,4.46,4.46
2007-12-27,4.82,4.45,4.42,4.52,4.6,4.64,4.5,4.5
2007-12-28,4.78,4.39,4.35,4.44,4.52,4.56,4.43,4.43
2007-12-31,4.76,4.34,4.3,4.39,4.47,4.52,4.38,4.38
2008-01-01,4.76,4.34,4.3,4.39,4.47,4.52,4.38,4.38
2008-01-02,4.72,4.29,4.24,4.34,4.41,4.46,4.36,4.36
2008-01-03,4.67,4.28,4.24,4.33,4.42,4.47,4.37,4.37
2008-01-04,4.67,4.24,4.2,4.29,4.37,4.42,4.34,4.34
2008-01-07,4.64,4.24,4.19,4.28,4.37,4.43,4.35,4.35
2008-01-08,4.65,4.28,4.24,4.32,4.41,4.47,4.39,4.39
2008-01-09,4.6,4.22,4.18,4.27,4.35,4.42,4.36,4.36
2008-01-10,4.59,4.23,4.18,4.26,4.35,4.42,4.36,4.36
2008-01-11,4.62,4.23,4.18,4.27,4.37,4.44,4.4,4.4
2008-01-14,4.53,4.17,4.13,4.23,4.34,4.44,4.41,4.41
2008-01-15,4.54,4.19,4.14,4.23,4.32,4.41,4.38,4.38
2008-01-16,4.54,4.21,4.16,4.22,4.31,4.39,4.35,4.35
2008-01-17,4.59,4.25,4.2,4.26,4.34,4.42,4.36,4.36
2008-01-18,4.6,4.26,4.2,4.27,4.36,4.45,4.38,4.38
2008-01-21,4.52,4.17,4.12,4.2,4.29,4.38,4.33,4.33
2008-01-22,4.47,4.23,4.21,4.31,4.42,4.52,4.45,4.45
2008-01-23,4.46,4.16,4.14,4.23,4.34,4.44,4.4,4.4
2008-01-24,4.57,4.3,4.27,4.36,4.45,4.54,4.48,4.48
2008-01-25,4.64,4.35,4.31,4.37,4.45,4.53,4.45,4.45
2008-01-28,4.6,4.3,4.26,4.32,4.41,4.49,4.41,4.41
2008-01-29,4.65,4.39,4.35,4.42,4.5,4.59,4.5,4.5
2008-01-30,4.64,4.36,4.33,4.4,4.48,4.57,4.48,4.48
2008-01-31,4.54,4.24,4.2,4.29,4.39,4.49,4.42,4.42
2008-02-01,4.52,4.21,4.17,4.27,4.39,4.49,4.42,4.42
2008-02-04,4.53,4.23,4.21,4.31,4.42,4.53,4.44,4.44
2008-02-05,4.48,4.13,4.1,4.21,4.33,4.43,4.38,4.38
2008-02-06,4.43,4.09,4.08,4.22,4.36,4.49,4.45,4.45
2008-02-07,4.38,4.03,4.02,4.17,4.32,4.46,4.43,4.43
2008-02-08,4.38,4.03,4.01,4.17,4.33,4.47,4.44,4.44
2008-02-11,4.45,4.09,4.08,4.23,4.39,4.52,4.49,4.49
2008-02-12,4.51,4.22,4.22,4.37,4.52,4.65,4.59,4.59
2008-02-13,4.55,4.23,4.22,4.36,4.51,4.64,4.59,4.59
2008-02-14,4.54,4.22,4.21,4.36,4.51,4.65,4.63,4.63
2008-02-15,4.49,4.14,4.14,4.31,4.48,4.63,4.61,4.61
2008-02-18,4.5,4.19,4.19,4.36,4.53,4.67,4.65,4.65
2008-02-19,4.5,4.18,4.18,4.35,4.51,4.66,4.64,4.64
2008-02-20,4.51,4.19,4.19,4.37,4.55,4.7,4.67,4.67
2008-02-21,4.57,4.24,4.23,4.39,4.55,4.7,4.65,4.65
2008-02-22,4.56,4.24,4.24,4.4,4.56,4.7,4.65,4.65
2008-02-25,4.58,4.27,4.27,4.44,4.6,4.74,4.68,4.68
2008-02-26,4.57,4.26,4.27,4.43,4.59,4.73,4.68,4.68
2008-02-27,4.57,4.27,4.27,4.44,4.6,4.75,4.68,4.68
2008-02-28,4.51,4.17,4.16,4.33,4.5,4.66,4.61,4.61
2008-02-29,4.42,4.03,4.02,4.19,4.37,4.53,4.5,4.5
2008-03-03,4.4,4.02,4.01,4.18,4.35,4.5,4.48,4.48
2008-03-04,4.4,3.98,3.96,4.14,4.31,4.47,4.46,4.46
2008-03-05,4.42,4.01,4,4.19,4.37,4.54,4.53,4.53
2008-03-06,4.35,3.87,3.86,4.07,4.27,4.46,4.48,4.48
2008-03-07,4.26,3.75,3.75,3.98,4.2,4.4,4.45,4.45
2008-03-10,4.21,3.67,3.67,3.92,4.16,4.37,4.43,4.43
2008-03-11,4.26,3.77,3.77,4.01,4.23,4.44,4.47,4.47
2008-03-12,4.4,3.97,3.95,4.13,4.31,4.49,4.53,4.53
2008-03-13,4.34,3.87,3.85,4.04,4.23,4.43,4.51,4.51
2008-03-14,4.35,3.83,3.8,4.01,4.21,4.41,4.49,4.49
2008-03-17,4.18,3.68,3.68,3.92,4.15,4.39,4.51,4.51
2008-03-18,4.25,3.76,3.74,3.96,4.19,4.44,4.55,4.55
2008-03-19,4.23,3.71,3.68,3.9,4.13,4.39,4.54,4.54
2008-03-20,4.29,3.77,3.74,3.92,4.12,4.36,4.51,4.51
2008-03-21,4.29,3.77,3.74,3.92,4.12,4.36,4.51,4.51
2008-03-24,4.29,3.77,3.74,3.92,4.12,4.36,4.51,4.51
2008-03-25,4.48,4.04,3.99,4.11,4.27,4.49,4.59,4.59
2008-03-26,4.5,4.05,3.99,4.11,4.27,4.49,4.58,4.58
2008-03-27,4.52,4.11,4.05,4.15,4.32,4.55,4.65,4.65
2008-03-28,4.44,4.01,3.94,4.05,4.23,4.47,4.61,4.61
2008-03-31,4.31,3.86,3.81,3.95,4.15,4.42,4.6,4.6
2008-04-01,4.4,4,3.94,4.07,4.25,4.51,4.64,4.64
2008-04-02,4.41,4.01,3.95,4.07,4.25,4.5,4.61,4.61
2008-04-03,4.38,3.98,3.94,4.08,4.27,4.52,4.64,4.64
2008-04-04,4.35,3.96,3.93,4.08,4.28,4.53,4.64,4.64
2008-04-07,4.38,4.01,3.98,4.14,4.33,4.58,4.69,4.69
2008-04-08,4.35,4,3.97,4.13,4.33,4.58,4.68,4.68
2008-04-09,4.34,3.99,3.97,4.14,4.35,4.6,4.7,4.7
2008-04-10,4.31,3.95,3.93,4.1,4.3,4.56,4.68,4.68
2008-04-11,4.28,3.91,3.88,4.04,4.24,4.49,4.61,4.61
2008-04-14,4.28,3.93,3.91,4.07,4.27,4.52,4.64,4.64
2008-04-15,4.24,3.91,3.9,4.07,4.27,4.52,4.64,4.64
2008-04-16,4.29,3.98,3.98,4.16,4.36,4.62,4.73,4.73
2008-04-17,4.38,4.12,4.12,4.29,4.48,4.72,4.8,4.8
2008-04-18,4.51,4.34,4.35,4.46,4.6,4.78,4.81,4.81
2008-04-21,4.5,4.3,4.3,4.41,4.54,4.72,4.76,4.76
2008-04-22,4.59,4.41,4.4,4.48,4.58,4.74,4.74,4.74
2008-04-23,4.59,4.41,4.4,4.47,4.56,4.71,4.71,4.71
2008-04-24,4.62,4.48,4.48,4.56,4.67,4.82,4.79,4.79
2008-04-25,4.64,4.5,4.5,4.58,4.68,4.83,4.77,4.77
2008-04-28,4.61,4.45,4.44,4.52,4.64,4.79,4.75,4.75
2008-04-29,4.57,4.39,4.38,4.46,4.58,4.74,4.71,4.71
2008-04-30,4.53,4.35,4.34,4.44,4.56,4.73,4.71,4.71
2008-05-01,4.52,4.33,4.32,4.4,4.52,4.69,4.68,4.68
2008-05-02,4.58,4.43,4.43,4.52,4.64,4.81,4.77,4.77
2008-05-05,4.58,4.43,4.43,4.52,4.64,4.81,4.77,4.77
2008-05-06,4.53,4.35,4.35,4.44,4.56,4.74,4.72,4.72
2008-05-07,4.52,4.38,4.38,4.47,4.6,4.78,4.77,4.77
2008-05-08,4.45,4.25,4.25,4.35,4.49,4.68,4.72,4.72
2008-05-09,4.45,4.24,4.23,4.33,4.46,4.65,4.69,4.69
2008-05-12,4.54,4.31,4.28,4.36,4.47,4.66,4.7,4.7
2008-05-13,4.69,4.47,4.43,4.48,4.58,4.75,4.74,4.74
2008-05-14,4.79,4.62,4.58,4.61,4.7,4.85,4.8,4.8
2008-05-15,4.85,4.69,4.65,4.66,4.74,4.87,4.81,4.81
2008-05-16,4.84,4.67,4.62,4.61,4.68,4.8,4.73,4.73
2008-05-19,4.88,4.75,4.7,4.69,4.74,4.86,4.8,4.8
2008-05-20,4.86,4.72,4.67,4.66,4.71,4.83,4.77,4.77
2008-05-21,4.9,4.78,4.74,4.74,4.79,4.9,4.83,4.83
2008-05-22,4.98,4.92,4.89,4.87,4.9,4.97,4.84,4.84
2008-05-23,5.02,4.92,4.88,4.85,4.88,4.95,4.8,4.8
2008-05-26,5.02,4.92,4.88,4.85,4.88,4.95,4.8,4.8
2008-05-27,5.02,4.93,4.89,4.86,4.88,4.95,4.82,4.82
2008-05-28,5.04,4.96,4.92,4.9,4.92,4.99,4.85,4.85
2008-05-29,5.09,5.04,5,4.97,4.99,5.05,4.86,4.86
2008-05-30,5.07,5,4.96,4.93,4.95,5,4.83,4.83
2008-06-02,4.99,4.9,4.87,4.88,4.92,4.99,4.84,4.84
2008-06-03,4.99,4.93,4.92,4.95,5.01,5.08,4.9,4.9
2008-06-04,4.95,4.84,4.83,4.86,4.91,4.99,4.82,4.82
2008-06-05,5.03,4.99,4.98,4.99,5.03,5.08,4.89,4.89
2008-06-06,5.11,5.02,4.99,4.98,5,5.03,4.84,4.84
2008-06-09,5.33,5.32,5.29,5.22,5.18,5.15,4.88,4.88
2008-06-10,5.36,5.31,5.26,5.2,5.17,5.15,4.87,4.87
2008-06-11,5.27,5.24,5.21,5.18,5.17,5.16,4.91,4.91
2008-06-12,5.34,5.34,5.31,5.25,5.21,5.17,4.89,4.89
2008-06-13,5.44,5.48,5.47,5.4,5.34,5.28,4.96,4.96
2008-06-16,5.42,5.47,5.45,5.37,5.3,5.22,4.9,4.9
2008-06-17,5.3,5.3,5.29,5.26,5.23,5.19,4.9,4.9
2008-06-18,5.3,5.31,5.3,5.27,5.23,5.19,4.88,4.88
2008-06-19,5.44,5.46,5.44,5.38,5.33,5.26,4.92,4.92
2008-06-20,5.37,5.34,5.31,5.27,5.23,5.18,4.88,4.88
2008-06-23,5.31,5.28,5.26,5.23,5.2,5.16,4.89,4.89
2008-06-24,5.29,5.25,5.24,5.23,5.22,5.19,4.91,4.91
2008-06-25,5.24,5.17,5.16,5.17,5.18,5.16,4.86,4.86
2008-06-26,5.15,5.06,5.04,5.05,5.06,5.05,4.79,4.79
2008-06-27,5.16,5.08,5.07,5.07,5.08,5.08,4.83,4.83
2008-06-30,5.22,5.16,5.15,5.16,5.17,5.17,4.9,4.9
2008-07-01,5.23,5.16,5.15,5.16,5.18,5.2,4.95,4.95
2008-07-02,5.19,5.1,5.09,5.13,5.16,5.18,4.92,4.92
2008-07-03,5.11,5.01,5,5.03,5.06,5.09,4.88,4.88
2008-07-04,5.05,4.95,4.93,4.96,4.99,5.02,4.83,4.83
2008-07-07,5,4.89,4.88,4.9,4.94,4.98,4.8,4.8
2008-07-08,5.01,4.86,4.84,4.86,4.91,4.97,4.81,4.81
2008-07-09,5.03,4.87,4.83,4.85,4.89,4.94,4.78,4.78
2008-07-10,5,4.84,4.8,4.82,4.86,4.92,4.76,4.76
2008-07-11,5.02,4.86,4.83,4.85,4.89,4.95,4.8,4.8
2008-07-14,5.04,4.88,4.85,4.85,4.89,4.95,4.79,4.79
2008-07-15,5,4.84,4.79,4.81,4.85,4.91,4.78,4.78
2008-07-16,5.03,4.89,4.85,4.84,4.86,4.92,4.8,4.8
2008-07-17,5.05,4.93,4.89,4.88,4.89,4.94,4.79,4.79
2008-07-18,5.12,5.07,5.04,5.03,5.04,5.07,4.9,4.9
2008-07-21,5.13,5.07,5.05,5.04,5.05,5.09,4.9,4.9
2008-07-22,5.09,5.01,4.98,4.97,4.99,5.03,4.86,4.86
2008-07-23,5.15,5.06,5.04,5.03,5.04,5.08,4.87,4.87
2008-07-24,5.04,4.93,4.91,4.92,4.96,5.01,4.83,4.83
2008-07-25,5.04,4.95,4.92,4.93,4.97,5.02,4.85,4.85
2008-07-28,5.02,4.9,4.87,4.89,4.93,4.99,4.81,4.81
2008-07-29,5,4.85,4.82,4.84,4.88,4.94,4.77,4.77
2008-07-30,4.97,4.82,4.78,4.79,4.83,4.89,4.74,4.74
2008-07-31,4.98,4.8,4.75,4.75,4.78,4.85,4.74,4.74
2008-08-01,5.02,4.84,4.79,4.79,4.82,4.89,4.79,4.79
2008-08-04,4.99,4.79,4.74,4.74,4.78,4.85,4.77,4.77
2008-08-05,4.97,4.74,4.69,4.7,4.74,4.82,4.76,4.76
2008-08-06,4.95,4.7,4.64,4.66,4.71,4.8,4.72,4.72
2008-08-07,4.92,4.64,4.58,4.6,4.65,4.75,4.69,4.69
2008-08-08,4.93,4.66,4.59,4.6,4.65,4.74,4.69,4.69
2008-08-11,5,4.75,4.67,4.65,4.68,4.76,4.69,4.69
2008-08-12,4.95,4.66,4.58,4.57,4.61,4.69,4.64,4.64
2008-08-13,4.8,4.5,4.43,4.46,4.55,4.67,4.68,4.68
2008-08-14,4.82,4.55,4.49,4.52,4.6,4.72,4.71,4.71
2008-08-15,4.81,4.53,4.46,4.47,4.54,4.66,4.67,4.67
2008-08-18,4.81,4.54,4.47,4.49,4.56,4.67,4.67,4.67
2008-08-19,4.81,4.55,4.48,4.5,4.56,4.66,4.66,4.66
2008-08-20,4.81,4.54,4.47,4.48,4.53,4.64,4.66,4.66
2008-08-21,4.84,4.57,4.5,4.5,4.54,4.64,4.66,4.66
2008-08-22,4.85,4.6,4.53,4.53,4.58,4.68,4.69,4.69
2008-08-25,4.85,4.6,4.53,4.53,4.58,4.68,4.69,4.69
2008-08-26,4.78,4.49,4.41,4.41,4.47,4.57,4.62,4.62
2008-08-27,4.79,4.51,4.44,4.44,4.5,4.59,4.62,4.62
2008-08-28,4.79,4.5,4.4,4.39,4.44,4.53,4.6,4.6
2008-08-29,4.77,4.48,4.39,4.39,4.44,4.53,4.59,4.59
2008-09-01,4.7,4.4,4.33,4.34,4.41,4.52,4.59,4.59
2008-09-02,4.7,4.43,4.36,4.38,4.44,4.55,4.61,4.61
2008-09-03,4.66,4.39,4.33,4.36,4.43,4.55,4.62,4.62
2008-09-04,4.63,4.37,4.3,4.33,4.4,4.51,4.57,4.57
2008-09-05,4.59,4.3,4.24,4.26,4.33,4.44,4.52,4.52
2008-09-08,4.67,4.43,4.37,4.39,4.44,4.53,4.58,4.58
2008-09-09,4.65,4.39,4.33,4.34,4.39,4.49,4.56,4.56
2008-09-10,4.64,4.39,4.33,4.34,4.4,4.5,4.57,4.57
2008-09-11,4.63,4.37,4.32,4.34,4.4,4.5,4.58,4.58
2008-09-12,4.69,4.49,4.45,4.47,4.54,4.64,4.69,4.69
2008-09-15,4.51,4.28,4.25,4.31,4.4,4.52,4.61,4.61
2008-09-16,4.39,4.2,4.19,4.26,4.35,4.49,4.56,4.56
2008-09-17,4.38,4.19,4.19,4.27,4.35,4.47,4.53,4.53
2008-09-18,4.24,4.1,4.13,4.24,4.34,4.47,4.56,4.56
2008-09-19,4.4,4.32,4.36,4.44,4.52,4.64,4.68,4.68
2008-09-22,4.46,4.42,4.46,4.54,4.61,4.72,4.74,4.74
2008-09-23,4.36,4.34,4.38,4.49,4.58,4.71,4.75,4.75
2008-09-24,4.3,4.24,4.27,4.38,4.48,4.62,4.7,4.7
2008-09-25,4.32,4.28,4.33,4.43,4.53,4.67,4.75,4.75
2008-09-26,4.29,4.2,4.23,4.35,4.46,4.61,4.72,4.72
2008-09-29,4.12,3.96,4,4.14,4.28,4.46,4.64,4.64
2008-09-30,4.06,3.97,4.02,4.18,4.33,4.52,4.68,4.68
2008-10-01,4.02,3.93,3.98,4.14,4.3,4.5,4.64,4.64
2008-10-02,3.98,3.9,3.94,4.09,4.25,4.45,4.58,4.58
2008-10-03,4.06,3.96,3.98,4.12,4.28,4.48,4.56,4.56
2008-10-06,3.79,3.63,3.68,3.88,4.08,4.33,4.44,4.44
2008-10-07,3.62,3.57,3.66,3.89,4.1,4.35,4.5,4.5
2008-10-08,3.44,3.51,3.67,3.95,4.16,4.4,4.55,4.55
2008-10-09,3.48,3.64,3.82,4.08,4.25,4.46,4.68,4.68
2008-10-10,3.38,3.57,3.8,4.12,4.32,4.56,4.83,4.83
2008-10-13,3.5,3.78,4.03,4.34,4.53,4.75,5.03,5.03
2008-10-14,3.69,3.96,4.2,4.47,4.63,4.82,5.07,5.07
2008-10-15,3.65,3.9,4.15,4.43,4.6,4.79,5.02,5.02
2008-10-16,3.58,3.85,4.11,4.42,4.6,4.79,4.95,4.95
2008-10-17,3.49,3.72,3.99,4.33,4.54,4.75,4.86,4.86
2008-10-20,3.38,3.61,3.88,4.24,4.47,4.71,4.84,4.84
2008-10-21,3.36,3.55,3.83,4.22,4.48,4.73,4.87,4.87
2008-10-22,3.13,3.3,3.59,4.03,4.32,4.61,4.82,4.82
2008-10-23,3.18,3.36,3.65,4.06,4.33,4.59,4.79,4.79
2008-10-24,3.01,3.19,3.49,3.92,4.21,4.5,4.7,4.7
2008-10-27,3.01,3.21,3.51,3.95,4.23,4.52,4.74,4.74
2008-10-28,3.03,3.23,3.53,3.96,4.25,4.55,4.8,4.8
2008-10-29,2.98,3.15,3.45,3.92,4.24,4.56,4.82,4.82
2008-10-30,2.9,3.07,3.39,3.9,4.26,4.6,4.84,4.84
2008-10-31,2.86,3.06,3.4,3.96,4.34,4.7,4.92,4.92
2008-11-03,2.84,3.01,3.36,3.92,4.31,4.68,4.93,4.93
2008-11-04,2.77,2.96,3.31,3.89,4.29,4.67,4.96,4.96
2008-11-05,2.68,2.88,3.23,3.82,4.24,4.63,4.96,4.96
2008-11-06,2.49,2.71,3.09,3.7,4.13,4.54,5,5
2008-11-07,2.29,2.66,3.04,3.61,4.01,4.41,4.91,4.91
2008-11-10,2.32,2.72,3.1,3.64,4.01,4.4,4.95,4.95
2008-11-11,2.31,2.73,3.12,3.67,4.04,4.43,4.97,4.97
2008-11-12,2.11,2.52,2.93,3.53,3.94,4.35,4.9,4.9
2008-11-13,2.02,2.47,2.89,3.5,3.92,4.33,4.87,4.87
2008-11-14,1.94,2.42,2.85,3.46,3.89,4.32,4.86,4.86
2008-11-17,1.89,2.37,2.81,3.46,3.92,4.36,4.94,4.94
2008-11-18,1.85,2.35,2.8,3.44,3.9,4.35,4.94,4.94
2008-11-19,1.87,2.4,2.83,3.44,3.86,4.3,4.9,4.9
2008-11-20,1.76,2.26,2.69,3.29,3.72,4.16,4.76,4.76
2008-11-21,1.73,2.24,2.67,3.27,3.69,4.13,4.64,4.64
2008-11-24,1.76,2.32,2.75,3.34,3.76,4.19,4.68,4.68
2008-11-25,1.8,2.43,2.84,3.36,3.71,4.11,4.63,4.63
2008-11-26,1.8,2.46,2.86,3.33,3.65,4.03,4.55,4.55
2008-11-27,1.88,2.6,3.01,3.41,3.67,4,4.5,4.5
2008-11-28,1.78,2.46,2.89,3.37,3.67,4.01,4.57,4.57
2008-12-01,1.62,2.28,2.71,3.22,3.55,3.91,4.52,4.52
2008-12-02,1.43,2.04,2.49,3.03,3.39,3.78,4.4,4.4
2008-12-03,1.32,1.95,2.4,2.96,3.33,3.73,4.27,4.27
2008-12-04,1.37,2.08,2.53,3.04,3.37,3.74,4.28,4.28
2008-12-05,1.44,2.13,2.57,3.05,3.35,3.71,4.29,4.29
2008-12-08,1.46,2.25,2.75,3.24,3.52,3.85,4.46,4.46
2008-12-09,1.42,2.23,2.73,3.24,3.53,3.85,4.46,4.46
2008-12-10,1.38,2.22,2.76,3.27,3.54,3.84,4.45,4.45
2008-12-11,1.35,2.2,2.76,3.3,3.57,3.88,4.49,4.49
2008-12-12,1.31,2.13,2.7,3.27,3.58,3.9,4.51,4.51
2008-12-15,1.29,2.09,2.65,3.2,3.48,3.77,4.41,4.41
2008-12-16,1.25,2.03,2.58,3.13,3.41,3.7,4.34,4.34
2008-12-17,1.09,1.85,2.41,2.96,3.24,3.54,4.18,4.18
2008-12-18,0.99,1.72,2.29,2.88,3.19,3.51,4.21,4.21
2008-12-19,1.04,1.73,2.29,2.87,3.18,3.51,4.2,4.2
2008-12-22,1.01,1.69,2.24,2.83,3.15,3.47,4.12,4.12
2008-12-23,1,1.68,2.23,2.83,3.15,3.47,4.13,4.13
2008-12-24,0.95,1.62,2.17,2.76,3.08,3.4,4.06,4.06
2008-12-25,0.95,1.62,2.17,2.76,3.08,3.4,4.06,4.06
2008-12-26,0.95,1.62,2.17,2.76,3.08,3.4,4.06,4.06
2008-12-29,0.96,1.66,2.22,2.81,3.13,3.45,4.12,4.12
2008-12-30,0.92,1.6,2.16,2.78,3.11,3.44,4.12,4.12
2008-12-31,0.91,1.51,2.06,2.7,3.05,3.39,4.06,4.06
2009-01-01,0.91,1.51,2.06,2.7,3.05,3.39,4.06,4.06
2009-01-02,0.93,1.49,2.03,2.68,3.05,3.41,4.1,4.1
2009-01-05,1.02,1.57,2.1,2.76,3.15,3.52,4.18,4.18
2009-01-06,1.03,1.57,2.11,2.81,3.22,3.63,4.3,4.3
2009-01-07,0.98,1.56,2.11,2.82,3.24,3.65,4.3,4.3
2009-01-08,0.92,1.47,2.02,2.73,3.16,3.59,4.26,4.26
2009-01-09,0.92,1.42,1.95,2.65,3.08,3.5,4.16,4.16
2009-01-12,0.91,1.41,1.94,2.65,3.08,3.51,4.17,4.17
2009-01-13,0.93,1.46,2,2.72,3.16,3.58,4.28,4.28
2009-01-14,0.93,1.44,1.99,2.68,3.09,3.48,4.21,4.21
2009-01-15,0.94,1.44,1.97,2.67,3.09,3.51,4.25,4.25
2009-01-16,0.98,1.51,2.06,2.78,3.23,3.66,4.42,4.42
2009-01-19,0.99,1.52,2.09,2.86,3.34,3.79,4.56,4.56
2009-01-20,0.95,1.47,2.05,2.87,3.39,3.88,4.66,4.66
2009-01-21,0.83,1.36,1.95,2.78,3.31,3.81,4.67,4.67
2009-01-22,0.85,1.38,1.97,2.82,3.36,3.88,4.75,4.75
2009-01-23,0.86,1.4,2,2.9,3.5,4.07,4.93,4.93
2009-01-26,0.86,1.39,1.99,2.9,3.5,4.07,4.88,4.88
2009-01-27,0.9,1.42,2.01,2.89,3.48,4.04,4.8,4.8
2009-01-28,0.89,1.41,1.99,2.86,3.46,4.02,4.71,4.71
2009-01-29,0.89,1.38,1.96,2.86,3.48,4.06,4.71,4.71
2009-01-30,0.95,1.43,1.99,2.87,3.5,4.08,4.7,4.7
2009-02-02,0.97,1.45,2,2.87,3.49,4.06,4.69,4.69
2009-02-03,1.05,1.54,2.07,2.92,3.53,4.11,4.74,4.74
2009-02-04,1.03,1.56,2.1,2.94,3.55,4.12,4.72,4.72
2009-02-05,1,1.52,2.05,2.87,3.48,4.07,4.65,4.65
2009-02-06,1.01,1.55,2.07,2.89,3.5,4.09,4.61,4.61
2009-02-09,1,1.53,2.06,2.89,3.51,4.11,4.63,4.63
2009-02-10,0.96,1.51,2.03,2.84,3.43,4.01,4.55,4.55
2009-02-11,0.73,1.21,1.74,2.58,3.2,3.8,4.47,4.47
2009-02-12,0.66,1.07,1.59,2.43,3.05,3.66,4.4,4.4
2009-02-13,0.73,1.19,1.71,2.53,3.13,3.73,4.45,4.45
2009-02-16,0.76,1.22,1.72,2.49,3.05,3.63,4.44,4.44
2009-02-17,0.78,1.22,1.71,2.45,2.98,3.54,4.39,4.39
2009-02-18,0.87,1.34,1.81,2.49,2.97,3.5,4.4,4.4
2009-02-19,0.88,1.36,1.84,2.56,3.08,3.65,4.51,4.51
2009-02-20,0.87,1.35,1.81,2.5,2.99,3.55,4.47,4.47
2009-02-23,0.89,1.39,1.85,2.52,3.02,3.58,4.53,4.53
2009-02-24,0.84,1.32,1.77,2.45,2.96,3.54,4.5,4.5
2009-02-25,0.79,1.29,1.76,2.46,2.99,3.58,4.53,4.53
2009-02-26,0.81,1.36,1.87,2.64,3.22,3.83,4.66,4.66
2009-02-27,0.77,1.32,1.83,2.62,3.2,3.82,4.71,4.71
2009-03-02,0.72,1.25,1.77,2.56,3.13,3.75,4.67,4.67
2009-03-03,0.66,1.17,1.7,2.51,3.11,3.76,4.72,4.72
2009-03-04,0.66,1.18,1.72,2.55,3.16,3.84,4.93,4.93
2009-03-05,0.66,1.16,1.66,2.37,2.9,3.52,4.53,4.53
2009-03-06,0.71,1.2,1.65,2.21,2.61,3.16,4.04,4.04
2009-03-09,0.76,1.32,1.78,2.31,2.7,3.22,4.15,4.15
2009-03-10,0.76,1.3,1.74,2.27,2.66,3.22,4.19,4.19
2009-03-11,0.79,1.37,1.79,2.28,2.63,3.19,4.13,4.13
2009-03-12,0.78,1.36,1.79,2.24,2.56,3.06,3.93,3.93
2009-03-13,0.79,1.39,1.84,2.29,2.59,3.06,3.92,3.92
2009-03-16,0.83,1.47,1.93,2.38,2.68,3.14,4,4
2009-03-17,0.82,1.48,1.96,2.42,2.71,3.17,4.02,4.02
2009-03-18,0.81,1.48,1.97,2.46,2.76,3.21,4.06,4.06
2009-03-19,0.75,1.41,1.91,2.4,2.68,3.13,4.03,4.03
2009-03-20,0.71,1.38,1.89,2.39,2.68,3.13,4.03,4.03
2009-03-23,0.72,1.39,1.92,2.47,2.79,3.25,4.14,4.14
2009-03-24,0.7,1.35,1.92,2.57,2.96,3.45,4.33,4.33
2009-03-25,0.71,1.32,1.89,2.54,2.93,3.41,4.32,4.32
2009-03-26,0.74,1.37,1.94,2.6,2.98,3.45,4.34,4.34
2009-03-27,0.75,1.38,1.94,2.59,2.96,3.43,4.34,4.34
2009-03-30,0.69,1.28,1.84,2.48,2.86,3.32,4.25,4.25
2009-03-31,0.69,1.28,1.83,2.47,2.83,3.3,4.26,4.26
2009-04-01,0.67,1.25,1.78,2.4,2.76,3.25,4.26,4.26
2009-04-02,0.81,1.47,2.01,2.62,2.99,3.48,4.5,4.5
2009-04-03,0.84,1.5,2.05,2.66,3.03,3.52,4.51,4.51
2009-04-06,0.9,1.61,2.15,2.72,3.06,3.53,4.51,4.51
2009-04-07,0.86,1.59,2.14,2.73,3.07,3.55,4.54,4.54
2009-04-08,0.82,1.52,2.07,2.65,2.98,3.46,4.52,4.52
2009-04-09,0.79,1.5,2.05,2.61,2.93,3.4,4.46,4.46
2009-04-10,0.79,1.5,2.05,2.61,2.93,3.4,4.46,4.46
2009-04-13,0.79,1.5,2.05,2.61,2.93,3.4,4.46,4.46
2009-04-14,0.76,1.46,2,2.54,2.85,3.32,4.42,4.42
2009-04-15,0.81,1.53,2.07,2.6,2.89,3.36,4.53,4.53
2009-04-16,0.79,1.47,2.02,2.56,2.87,3.34,4.51,4.51
2009-04-17,0.86,1.6,2.15,2.69,2.99,3.46,4.6,4.6
2009-04-20,0.82,1.5,2.03,2.55,2.85,3.31,4.45,4.45
2009-04-21,0.88,1.61,2.13,2.62,2.92,3.39,4.48,4.48
2009-04-22,0.86,1.61,2.16,2.72,3.06,3.55,4.56,4.56
2009-04-23,0.76,1.46,2.04,2.69,3.1,3.64,4.63,4.63
2009-04-24,0.73,1.42,2,2.66,3.08,3.62,4.57,4.57
2009-04-27,0.71,1.39,1.96,2.63,3.06,3.61,4.53,4.53
2009-04-28,0.68,1.31,1.88,2.57,3.02,3.58,4.51,4.51
2009-04-29,0.68,1.3,1.88,2.56,3.01,3.58,4.54,4.54
2009-04-30,0.67,1.3,1.88,2.59,3.06,3.64,4.58,4.58
2009-05-01,0.67,1.31,1.9,2.62,3.09,3.67,4.6,4.6
2009-05-04,0.67,1.31,1.9,2.62,3.09,3.67,4.6,4.6
2009-05-05,0.69,1.34,1.93,2.64,3.1,3.68,4.59,4.59
2009-05-06,0.73,1.41,2,2.71,3.17,3.74,4.63,4.63
2009-05-07,0.73,1.43,2.03,2.75,3.22,3.8,4.61,4.61
2009-05-08,0.74,1.47,2.08,2.79,3.26,3.84,4.64,4.64
2009-05-11,0.7,1.41,2.02,2.72,3.19,3.77,4.61,4.61
2009-05-12,0.72,1.44,2.05,2.75,3.19,3.76,4.59,4.59
2009-05-13,0.64,1.32,1.92,2.62,3.05,3.62,4.5,4.5
2009-05-14,0.63,1.3,1.9,2.59,3.02,3.58,4.51,4.51
2009-05-15,0.66,1.35,1.97,2.66,3.09,3.64,4.56,4.56
2009-05-18,0.63,1.3,1.91,2.61,3.03,3.58,4.51,4.51
2009-05-19,0.63,1.3,1.92,2.63,3.06,3.6,4.53,4.53
2009-05-20,0.64,1.34,1.98,2.71,3.15,3.68,4.6,4.6
2009-05-21,0.62,1.3,1.93,2.69,3.17,3.76,4.71,4.71
2009-05-22,0.66,1.35,1.99,2.74,3.23,3.85,4.8,4.8
2009-05-25,0.66,1.35,1.99,2.74,3.23,3.85,4.8,4.8
2009-05-26,0.62,1.28,1.9,2.64,3.14,3.77,4.7,4.7
2009-05-27,0.67,1.36,1.97,2.7,3.19,3.81,4.72,4.72
2009-05-28,0.67,1.36,1.99,2.74,3.23,3.86,4.76,4.76
2009-05-29,0.66,1.35,1.98,2.72,3.2,3.81,4.71,4.71
2009-06-01,0.71,1.45,2.08,2.82,3.29,3.89,4.78,4.78
2009-06-02,0.71,1.45,2.08,2.82,3.31,3.94,4.81,4.81
2009-06-03,0.68,1.4,2.03,2.76,3.23,3.83,4.71,4.71
2009-06-04,0.74,1.49,2.12,2.84,3.3,3.89,4.76,4.76
2009-06-05,0.81,1.62,2.25,2.95,3.38,3.95,4.76,4.76
2009-06-08,0.91,1.78,2.4,3.03,3.38,3.87,4.65,4.65
2009-06-09,0.9,1.76,2.37,2.97,3.34,3.85,4.64,4.64
2009-06-10,0.88,1.77,2.4,3.04,3.41,3.91,4.71,4.71
2009-06-11,0.91,1.86,2.51,3.16,3.52,4.02,4.83,4.83
2009-06-12,0.87,1.8,2.44,3.08,3.45,3.96,4.84,4.84
2009-06-15,0.82,1.72,2.35,2.97,3.33,3.85,4.8,4.8
2009-06-16,0.85,1.77,2.4,3.01,3.36,3.88,4.82,4.82
2009-06-17,0.8,1.68,2.31,2.92,3.26,3.76,4.73,4.73
2009-06-18,0.81,1.7,2.33,2.94,3.3,3.82,4.79,4.79
2009-06-19,0.79,1.65,2.28,2.9,3.25,3.77,4.73,4.73
2009-06-22,0.76,1.6,2.23,2.84,3.19,3.71,4.69,4.69
2009-06-23,0.74,1.57,2.19,2.81,3.17,3.7,4.68,4.68
2009-06-24,0.7,1.51,2.14,2.77,3.14,3.68,4.69,4.69
2009-06-25,0.69,1.49,2.13,2.78,3.15,3.67,4.67,4.67
2009-06-26,0.7,1.52,2.18,2.86,3.23,3.71,4.59,4.59
2009-06-29,0.76,1.61,2.26,2.88,3.19,3.62,4.52,4.52
2009-06-30,0.83,1.72,2.36,2.97,3.28,3.7,4.57,4.57
2009-07-01,0.84,1.76,2.42,3.06,3.39,3.81,4.64,4.64
2009-07-02,0.79,1.69,2.35,3.02,3.37,3.81,4.62,4.62
2009-07-03,0.77,1.66,2.32,3,3.36,3.8,4.61,4.61
2009-07-06,0.72,1.61,2.27,2.95,3.3,3.74,4.57,4.57
2009-07-07,0.71,1.59,2.26,2.95,3.32,3.77,4.56,4.56
2009-07-08,0.66,1.5,2.17,2.88,3.27,3.73,4.48,4.48
2009-07-09,0.71,1.59,2.27,3.03,3.44,3.9,4.58,4.58
2009-07-10,0.67,1.53,2.22,2.98,3.4,3.86,4.55,4.55
2009-07-13,0.63,1.47,2.16,2.93,3.35,3.79,4.48,4.48
2009-07-14,0.68,1.54,2.23,2.99,3.41,3.85,4.55,4.55
2009-07-15,0.71,1.6,2.29,3.05,3.46,3.9,4.62,4.62
2009-07-16,0.69,1.58,2.27,3.03,3.45,3.89,4.64,4.64
2009-07-17,0.7,1.6,2.3,3.06,3.48,3.91,4.66,4.66
2009-07-20,0.74,1.66,2.35,3.1,3.5,3.94,4.69,4.69
2009-07-21,0.74,1.66,2.35,3.08,3.47,3.9,4.67,4.67
2009-07-22,0.74,1.68,2.38,3.14,3.54,3.97,4.74,4.74
2009-07-23,0.82,1.81,2.51,3.26,3.66,4.09,4.84,4.84
2009-07-24,0.79,1.78,2.49,3.24,3.65,4.09,4.82,4.82
2009-07-27,0.82,1.82,2.52,3.26,3.66,4.09,4.82,4.82
2009-07-28,0.8,1.8,2.5,3.23,3.63,4.06,4.8,4.8
2009-07-29,0.81,1.81,2.51,3.26,3.67,4.1,4.84,4.84
2009-07-30,0.81,1.81,2.5,3.23,3.63,4.07,4.84,4.84
2009-07-31,0.74,1.7,2.38,3.08,3.47,3.91,4.74,4.74
2009-08-03,0.78,1.78,2.45,3.15,3.54,3.99,4.82,4.82
2009-08-04,0.82,1.8,2.46,3.14,3.51,3.95,4.77,4.77
2009-08-05,0.84,1.8,2.46,3.14,3.5,3.93,4.74,4.74
2009-08-06,0.86,1.77,2.38,3.03,3.41,3.86,4.6,4.6
2009-08-07,0.84,1.8,2.43,3.1,3.48,3.9,4.48,4.48
2009-08-10,0.75,1.68,2.34,3.06,3.47,3.9,4.43,4.43
2009-08-11,0.72,1.65,2.33,3.08,3.5,3.93,4.44,4.44
2009-08-12,0.66,1.56,2.25,3.03,3.48,3.91,4.4,4.4
2009-08-13,0.59,1.51,2.21,3.02,3.47,3.91,4.39,4.39
2009-08-14,0.54,1.43,2.13,2.93,3.37,3.81,4.31,4.31
2009-08-17,0.55,1.41,2.09,2.86,3.29,3.73,4.2,4.2
2009-08-18,0.63,1.5,2.16,2.91,3.34,3.77,4.27,4.27
2009-08-19,0.58,1.4,2.04,2.79,3.24,3.7,4.25,4.25
2009-08-20,0.57,1.39,2.04,2.8,3.26,3.73,4.27,4.27
2009-08-21,0.56,1.38,2.03,2.8,3.28,3.76,4.27,4.27
2009-08-24,0.56,1.36,2,2.78,3.26,3.75,4.23,4.23
2009-08-25,0.53,1.29,1.9,2.66,3.15,3.67,4.18,4.18
2009-08-26,0.58,1.35,1.95,2.65,3.11,3.62,4.16,4.16
2009-08-27,0.6,1.39,1.97,2.67,3.13,3.63,4.16,4.16
2009-08-28,0.58,1.39,1.99,2.69,3.15,3.63,4.11,4.11
2009-08-31,0.58,1.39,1.99,2.69,3.15,3.63,4.11,4.11
2009-09-01,0.59,1.41,2,2.7,3.15,3.64,4.14,4.14
2009-09-02,0.6,1.4,1.98,2.67,3.13,3.62,4.14,4.14
2009-09-03,0.63,1.44,2.04,2.74,3.19,3.67,4.19,4.19
2009-09-04,0.6,1.41,2.01,2.73,3.2,3.7,4.22,4.22
2009-09-07,0.59,1.4,2,2.74,3.22,3.72,4.23,4.23
2009-09-08,0.61,1.43,2.03,2.77,3.26,3.77,4.24,4.24
2009-09-09,0.63,1.48,2.09,2.84,3.33,3.84,4.3,4.3
2009-09-10,0.61,1.43,2.03,2.77,3.26,3.77,4.25,4.25
2009-09-11,0.6,1.4,1.99,2.72,3.2,3.71,4.19,4.19
2009-09-14,0.61,1.41,2.01,2.73,3.21,3.71,4.16,4.16
2009-09-15,0.52,1.29,1.9,2.69,3.21,3.73,4.15,4.15
2009-09-16,0.56,1.34,1.97,2.76,3.28,3.79,4.2,4.2
2009-09-17,0.58,1.36,1.99,2.79,3.32,3.84,4.23,4.23
2009-09-18,0.58,1.37,1.99,2.8,3.33,3.85,4.21,4.21
2009-09-21,0.59,1.38,2,2.8,3.32,3.83,4.21,4.21
2009-09-22,0.6,1.38,2,2.82,3.36,3.88,4.26,4.26
2009-09-23,0.61,1.38,2,2.81,3.35,3.86,4.24,4.24
2009-09-24,0.56,1.29,1.91,2.73,3.28,3.81,4.2,4.2
2009-09-25,0.55,1.26,1.86,2.67,3.21,3.74,4.15,4.15
2009-09-28,0.58,1.29,1.88,2.68,3.22,3.75,4.16,4.16
2009-09-29,0.65,1.39,1.96,2.71,3.22,3.74,4.15,4.15
2009-09-30,0.66,1.38,1.94,2.68,3.19,3.71,4.15,4.15
2009-10-01,0.6,1.28,1.83,2.58,3.09,3.63,4.14,4.14
2009-10-02,0.59,1.27,1.81,2.54,3.04,3.57,4.11,4.11
2009-10-05,0.59,1.26,1.8,2.51,3,3.52,4.07,4.07
2009-10-06,0.6,1.25,1.79,2.5,3,3.53,4.07,4.07
2009-10-07,0.6,1.24,1.76,2.47,2.97,3.51,4.07,4.07
2009-10-08,0.59,1.21,1.73,2.45,2.95,3.49,4.04,4.04
2009-10-09,0.65,1.3,1.83,2.55,3.05,3.58,4.12,4.12
2009-10-12,0.62,1.24,1.76,2.48,2.98,3.51,4.06,4.06
2009-10-13,0.64,1.27,1.78,2.49,3,3.53,4.11,4.11
2009-10-14,0.66,1.32,1.86,2.59,3.1,3.63,4.18,4.18
2009-10-15,0.67,1.36,1.91,2.65,3.16,3.69,4.21,4.21
2009-10-16,0.69,1.4,1.95,2.7,3.21,3.72,4.24,4.24
2009-10-19,0.69,1.4,1.96,2.71,3.22,3.74,4.26,4.26
2009-10-20,0.66,1.34,1.9,2.65,3.16,3.68,4.23,4.23
2009-10-21,0.76,1.51,2.07,2.82,3.32,3.83,4.36,4.36
2009-10-22,0.76,1.51,2.09,2.84,3.34,3.85,4.37,4.37
2009-10-23,0.73,1.46,2.03,2.79,3.3,3.81,4.32,4.32
2009-10-26,0.72,1.46,2.04,2.81,3.32,3.84,4.32,4.32
2009-10-27,0.67,1.38,1.97,2.74,3.25,3.76,4.26,4.26
2009-10-28,0.67,1.39,1.97,2.74,3.25,3.75,4.25,4.25
2009-10-29,0.7,1.45,2.04,2.8,3.3,3.81,4.3,4.3
2009-10-30,0.69,1.43,2.01,2.77,3.26,3.77,4.28,4.28
2009-11-02,0.72,1.48,2.06,2.82,3.31,3.81,4.32,4.32
2009-11-03,0.71,1.49,2.09,2.87,3.37,3.87,4.39,4.39
2009-11-04,0.71,1.5,2.12,2.92,3.43,3.94,4.46,4.46
2009-11-05,0.71,1.51,2.14,2.96,3.49,4,4.5,4.5
2009-11-06,0.68,1.46,2.1,2.96,3.51,4.04,4.52,4.52
2009-11-09,0.65,1.39,2.03,2.9,3.46,3.99,4.48,4.48
2009-11-10,0.65,1.39,2.02,2.87,3.42,3.94,4.42,4.42
2009-11-11,0.61,1.33,1.95,2.81,3.38,3.92,4.4,4.4
2009-11-12,0.64,1.32,1.92,2.79,3.39,3.95,4.43,4.43
2009-11-13,0.69,1.38,1.97,2.83,3.41,3.97,4.47,4.47
2009-11-16,0.69,1.38,1.97,2.8,3.37,3.92,4.42,4.42
2009-11-17,0.65,1.32,1.9,2.73,3.29,3.84,4.34,4.34
2009-11-18,0.63,1.31,1.89,2.73,3.31,3.86,4.34,4.34
2009-11-19,0.62,1.29,1.88,2.71,3.28,3.82,4.3,4.3
2009-11-20,0.62,1.29,1.87,2.7,3.26,3.81,4.29,4.29
2009-11-23,0.63,1.31,1.9,2.73,3.3,3.84,4.3,4.3
2009-11-24,0.63,1.3,1.9,2.74,3.3,3.83,4.29,4.29
2009-11-25,0.63,1.29,1.88,2.72,3.27,3.81,4.3,4.3
2009-11-26,0.61,1.25,1.83,2.66,3.19,3.71,4.23,4.23
2009-11-27,0.63,1.28,1.86,2.68,3.21,3.72,4.26,4.26
2009-11-30,0.61,1.26,1.84,2.66,3.19,3.7,4.24,4.24
2009-12-01,0.6,1.22,1.81,2.64,3.2,3.74,4.27,4.27
2009-12-02,0.6,1.22,1.8,2.65,3.23,3.78,4.3,4.3
2009-12-03,0.61,1.22,1.8,2.66,3.25,3.82,4.34,4.34
2009-12-04,0.64,1.28,1.87,2.74,3.33,3.9,4.39,4.39
2009-12-07,0.63,1.25,1.84,2.72,3.31,3.88,4.39,4.39
2009-12-08,0.61,1.23,1.82,2.7,3.3,3.89,4.4,4.4
2009-12-09,0.6,1.2,1.78,2.66,3.27,3.86,4.4,4.4
2009-12-10,0.62,1.26,1.86,2.77,3.4,4,4.52,4.52
2009-12-11,0.66,1.32,1.92,2.83,3.46,4.05,4.55,4.55
2009-12-14,0.65,1.3,1.9,2.8,3.43,4.03,4.51,4.51
2009-12-15,0.68,1.35,1.95,2.85,3.49,4.08,4.54,4.54
2009-12-16,0.67,1.34,1.94,2.84,3.48,4.08,4.53,4.53
2009-12-17,0.64,1.29,1.9,2.8,3.44,4.04,4.49,4.49
2009-12-18,0.59,1.22,1.82,2.72,3.36,3.96,4.4,4.4
2009-12-21,0.65,1.31,1.92,2.83,3.46,4.06,4.48,4.48
2009-12-22,0.69,1.36,1.96,2.87,3.5,4.1,4.53,4.53
2009-12-23,0.72,1.43,2.05,2.95,3.58,4.17,4.6,4.6
2009-12-24,0.73,1.45,2.06,2.97,3.6,4.18,4.61,4.61
2009-12-25,0.73,1.45,2.06,2.97,3.6,4.18,4.61,4.61
2009-12-28,0.73,1.45,2.06,2.97,3.6,4.18,4.61,4.61
2009-12-29,0.75,1.5,2.13,3.04,3.67,4.26,4.66,4.66
2009-12-30,0.75,1.49,2.12,3.03,3.67,4.25,4.65,4.65
2009-12-31,0.71,1.44,2.07,2.98,3.62,4.2,4.59,4.59
2010-01-01,0.71,1.44,2.07,2.98,3.62,4.2,4.59,4.59
2010-01-04,0.72,1.45,2.08,2.97,3.58,4.14,4.54,4.54
2010-01-05,0.73,1.49,2.13,3.04,3.64,4.2,4.6,4.6
2010-01-06,0.71,1.47,2.11,3.04,3.67,4.25,4.65,4.65
2010-01-07,0.7,1.45,2.1,3.04,3.67,4.25,4.64,4.64
2010-01-08,0.7,1.45,2.11,3.05,3.69,4.26,4.62,4.62
2010-01-11,0.67,1.39,2.04,2.98,3.61,4.18,4.55,4.55
2010-01-12,0.65,1.37,2.01,2.94,3.57,4.13,4.51,4.51
2010-01-13,0.67,1.4,2.04,2.96,3.59,4.15,4.54,4.54
2010-01-14,0.68,1.42,2.06,2.98,3.61,4.18,4.55,4.55
2010-01-15,0.67,1.4,2.04,2.95,3.57,4.13,4.51,4.51
2010-01-18,0.68,1.41,2.04,2.96,3.58,4.13,4.5,4.5
2010-01-19,0.74,1.5,2.14,3.05,3.67,4.22,4.56,4.56
2010-01-20,0.74,1.51,2.15,3.05,3.65,4.21,4.58,4.58
2010-01-21,0.68,1.41,2.04,2.95,3.57,4.13,4.53,4.53
2010-01-22,0.69,1.42,2.05,2.96,3.57,4.12,4.53,4.53
2010-01-25,0.68,1.41,2.04,2.94,3.55,4.11,4.54,4.54
2010-01-26,0.66,1.37,2,2.9,3.52,4.08,4.51,4.51
2010-01-27,0.67,1.38,1.99,2.89,3.51,4.08,4.51,4.51
2010-01-28,0.72,1.45,2.08,2.97,3.59,4.15,4.57,4.57
2010-01-29,0.71,1.43,2.05,2.94,3.55,4.11,4.53,4.53
2010-02-01,0.69,1.4,2.02,2.92,3.53,4.1,4.52,4.52
2010-02-02,0.68,1.38,2,2.92,3.55,4.12,4.53,4.53
2010-02-03,0.68,1.37,1.99,2.9,3.54,4.12,4.54,4.54
2010-02-04,0.67,1.35,1.96,2.88,3.52,4.11,4.54,4.54
2010-02-05,0.66,1.33,1.94,2.86,3.5,4.1,4.54,4.54
2010-02-08,0.7,1.39,2,2.93,3.57,4.16,4.57,4.57
2010-02-09,0.71,1.39,2.01,2.93,3.58,4.17,4.59,4.59
2010-02-10,0.67,1.31,1.93,2.87,3.53,4.14,4.58,4.58
2010-02-11,0.71,1.37,1.99,2.95,3.63,4.25,4.67,4.67
2010-02-12,0.7,1.35,1.97,2.95,3.64,4.27,4.71,4.71
2010-02-15,0.72,1.38,2,2.97,3.66,4.3,4.73,4.73
2010-02-16,0.7,1.35,1.96,2.92,3.61,4.26,4.72,4.72
2010-02-17,0.7,1.35,1.96,2.92,3.6,4.25,4.74,4.74
2010-02-18,0.7,1.34,1.95,2.92,3.64,4.32,4.81,4.81
2010-02-19,0.71,1.36,1.98,2.97,3.71,4.4,4.88,4.88
2010-02-22,0.7,1.35,1.97,2.96,3.68,4.36,4.88,4.88
2010-02-23,0.68,1.31,1.93,2.91,3.63,4.31,4.87,4.87
2010-02-24,0.67,1.26,1.86,2.83,3.54,4.22,4.8,4.8
2010-02-25,0.65,1.21,1.81,2.8,3.54,4.24,4.78,4.78
2010-02-26,0.64,1.19,1.78,2.78,3.53,4.24,4.77,4.77
2010-03-01,0.67,1.24,1.84,2.84,3.58,4.28,4.82,4.82
2010-03-02,0.67,1.23,1.82,2.81,3.54,4.22,4.76,4.76
2010-03-03,0.72,1.31,1.9,2.86,3.56,4.23,4.76,4.76
2010-03-04,0.7,1.3,1.89,2.84,3.54,4.2,4.71,4.71
2010-03-05,0.74,1.36,1.96,2.91,3.6,4.26,4.76,4.76
2010-03-08,0.73,1.37,1.97,2.93,3.63,4.3,4.79,4.79
2010-03-09,0.69,1.29,1.89,2.86,3.57,4.25,4.75,4.75
2010-03-10,0.69,1.29,1.89,2.87,3.6,4.28,4.79,4.79
2010-03-11,0.7,1.31,1.92,2.92,3.65,4.36,4.86,4.86
2010-03-12,0.69,1.29,1.89,2.87,3.61,4.31,4.84,4.84
2010-03-15,0.69,1.28,1.87,2.85,3.57,4.28,4.82,4.82
2010-03-16,0.69,1.28,1.86,2.82,3.54,4.24,4.8,4.8
2010-03-17,0.71,1.29,1.88,2.83,3.53,4.22,4.76,4.76
2010-03-18,0.72,1.33,1.92,2.85,3.53,4.19,4.75,4.75
2010-03-19,0.72,1.33,1.92,2.85,3.52,4.17,4.73,4.73
2010-03-22,0.7,1.3,1.88,2.81,3.48,4.14,4.71,4.71
2010-03-23,0.69,1.27,1.86,2.8,3.48,4.14,4.71,4.71
2010-03-24,0.7,1.29,1.88,2.83,3.53,4.19,4.77,4.77
2010-03-25,0.69,1.28,1.88,2.86,3.57,4.26,4.78,4.78
2010-03-26,0.69,1.28,1.88,2.86,3.58,4.27,4.77,4.77
2010-03-29,0.68,1.26,1.85,2.81,3.52,4.2,4.7,4.7
2010-03-30,0.7,1.28,1.87,2.83,3.54,4.22,4.71,4.71
2010-03-31,0.68,1.25,1.83,2.79,3.5,4.18,4.66,4.66
2010-04-01,0.69,1.26,1.84,2.79,3.49,4.17,4.63,4.63
2010-04-02,0.69,1.26,1.84,2.79,3.49,4.17,4.63,4.63
2010-04-05,0.69,1.26,1.84,2.79,3.49,4.17,4.63,4.63
2010-04-06,0.73,1.33,1.92,2.87,3.58,4.25,4.71,4.71
2010-04-07,0.71,1.32,1.92,2.9,3.62,4.3,4.76,4.76
2010-04-08,0.67,1.25,1.85,2.84,3.57,4.26,4.75,4.75
2010-04-09,0.69,1.28,1.88,2.87,3.61,4.31,4.79,4.79
2010-04-12,0.69,1.29,1.9,2.88,3.61,4.31,4.78,4.78
2010-04-13,0.67,1.26,1.86,2.85,3.58,4.28,4.77,4.77
2010-04-14,0.68,1.26,1.86,2.85,3.58,4.29,4.76,4.76
2010-04-15,0.68,1.27,1.87,2.86,3.59,4.3,4.78,4.78
2010-04-16,0.66,1.23,1.82,2.8,3.54,4.25,4.76,4.76
2010-04-19,0.67,1.25,1.84,2.82,3.55,4.26,4.76,4.76
2010-04-20,0.68,1.27,1.86,2.84,3.58,4.29,4.77,4.77
2010-04-21,0.71,1.31,1.9,2.86,3.58,4.28,4.77,4.77
2010-04-22,0.72,1.34,1.93,2.86,3.56,4.24,4.74,4.74
2010-04-23,0.76,1.4,2,2.94,3.62,4.29,4.77,4.77
2010-04-26,0.76,1.41,2,2.92,3.59,4.25,4.74,4.74
2010-04-27,0.72,1.35,1.94,2.86,3.54,4.21,4.71,4.71
2010-04-28,0.73,1.33,1.91,2.84,3.52,4.19,4.69,4.69
2010-04-29,0.73,1.34,1.92,2.85,3.53,4.2,4.7,4.7
2010-04-30,0.68,1.26,1.83,2.75,3.44,4.1,4.63,4.63
2010-05-03,0.68,1.26,1.83,2.75,3.44,4.1,4.63,4.63
2010-05-04,0.67,1.23,1.79,2.7,3.37,4.02,4.55,4.55
2010-05-05,0.66,1.21,1.77,2.67,3.35,4,4.54,4.54
2010-05-06,0.67,1.22,1.77,2.67,3.33,3.98,4.51,4.51
2010-05-07,0.69,1.23,1.79,2.69,3.37,4.02,4.52,4.52
2010-05-10,0.7,1.28,1.85,2.77,3.45,4.11,4.62,4.62
2010-05-11,0.71,1.27,1.83,2.74,3.41,4.07,4.63,4.63
2010-05-12,0.66,1.2,1.76,2.68,3.36,4.03,4.62,4.62
2010-05-13,0.64,1.14,1.69,2.63,3.34,4.04,4.64,4.64
2010-05-14,0.64,1.09,1.61,2.53,3.25,3.96,4.58,4.58
2010-05-17,0.62,1.06,1.58,2.5,3.23,3.95,4.58,4.58
2010-05-18,0.64,1.08,1.59,2.51,3.24,3.96,4.59,4.59
2010-05-19,0.63,1.04,1.52,2.42,3.14,3.87,4.51,4.51
2010-05-20,0.61,0.99,1.46,2.34,3.04,3.76,4.4,4.4
2010-05-21,0.63,1.01,1.48,2.34,3.04,3.74,4.35,4.35
2010-05-24,0.64,1.03,1.49,2.34,3.03,3.74,4.38,4.38
2010-05-25,0.61,0.98,1.42,2.25,2.94,3.66,4.33,4.33
2010-05-26,0.63,1.02,1.48,2.34,3.04,3.76,4.45,4.45
2010-05-27,0.63,1.05,1.54,2.41,3.1,3.82,4.49,4.49
2010-05-28,0.61,1.05,1.54,2.41,3.09,3.79,4.48,4.48
2010-05-31,0.61,1.05,1.54,2.41,3.09,3.79,4.48,4.48
2010-06-01,0.62,1.06,1.56,2.42,3.1,3.78,4.48,4.48
2010-06-02,0.61,1.04,1.53,2.39,3.06,3.75,4.48,4.48
2010-06-03,0.63,1.07,1.56,2.42,3.1,3.8,4.52,4.52
2010-06-04,0.6,1.02,1.49,2.34,3.02,3.73,4.47,4.47
2010-06-07,0.58,0.98,1.46,2.31,3,3.71,4.45,4.45
2010-06-08,0.58,0.96,1.43,2.28,2.97,3.68,4.42,4.42
2010-06-09,0.6,0.99,1.47,2.33,3.03,3.74,4.45,4.45
2010-06-10,0.63,1.05,1.53,2.39,3.07,3.77,4.46,4.46
2010-06-11,0.6,1,1.47,2.32,2.99,3.68,4.39,4.39
2010-06-14,0.66,1.09,1.58,2.42,3.09,3.77,4.46,4.46
2010-06-15,0.63,1.06,1.55,2.41,3.08,3.77,4.48,4.48
2010-06-16,0.63,1.05,1.54,2.4,3.07,3.76,4.49,4.49
2010-06-17,0.63,1.04,1.52,2.37,3.03,3.71,4.45,4.45
2010-06-18,0.65,1.08,1.57,2.42,3.08,3.76,4.47,4.47
2010-06-21,0.64,1.06,1.54,2.39,3.05,3.74,4.43,4.43
2010-06-22,0.59,0.98,1.46,2.32,2.99,3.69,4.42,4.42
2010-06-23,0.6,0.97,1.45,2.31,2.98,3.67,4.41,4.41
2010-06-24,0.58,0.93,1.4,2.25,2.92,3.61,4.4,4.4
2010-06-25,0.59,0.93,1.39,2.24,2.91,3.61,4.42,4.42
2010-06-28,0.6,0.95,1.4,2.24,2.91,3.61,4.44,4.44
2010-06-29,0.63,0.99,1.44,2.27,2.93,3.62,4.44,4.44
2010-06-30,0.6,0.94,1.38,2.21,2.88,3.59,4.38,4.38
2010-07-01,0.61,0.95,1.38,2.2,2.85,3.54,4.32,4.32
2010-07-02,0.63,0.98,1.41,2.23,2.89,3.59,4.34,4.34
2010-07-05,0.6,0.94,1.37,2.19,2.85,3.55,4.3,4.3
2010-07-06,0.6,0.94,1.38,2.2,2.87,3.58,4.34,4.34
2010-07-07,0.61,0.96,1.39,2.21,2.88,3.59,4.36,4.36
2010-07-08,0.62,0.96,1.4,2.22,2.89,3.6,4.38,4.38
2010-07-09,0.6,0.93,1.36,2.18,2.85,3.56,4.35,4.35
2010-07-12,0.61,0.94,1.37,2.19,2.86,3.57,4.37,4.37
2010-07-13,0.62,0.97,1.4,2.23,2.9,3.61,4.39,4.39
2010-07-14,0.64,0.99,1.43,2.26,2.93,3.63,4.42,4.42
2010-07-15,0.63,0.97,1.41,2.24,2.91,3.61,4.41,4.41
2010-07-16,0.61,0.95,1.39,2.21,2.87,3.58,4.38,4.38
2010-07-19,0.63,0.98,1.41,2.22,2.88,3.59,4.41,4.41
2010-07-20,0.64,0.99,1.43,2.24,2.89,3.59,4.43,4.43
2010-07-21,0.64,0.99,1.43,2.24,2.89,3.59,4.47,4.47
2010-07-22,0.64,1,1.44,2.24,2.9,3.6,4.46,4.46
2010-07-23,0.69,1.08,1.52,2.33,2.98,3.67,4.51,4.51
2010-07-26,0.71,1.11,1.56,2.36,3,3.69,4.55,4.55
2010-07-27,0.73,1.15,1.61,2.42,3.06,3.74,4.6,4.6
2010-07-28,0.7,1.12,1.57,2.38,3.02,3.72,4.62,4.62
2010-07-29,0.66,1.05,1.5,2.31,2.96,3.66,4.59,4.59
2010-07-30,0.63,0.99,1.43,2.23,2.87,3.57,4.5,4.5
2010-08-02,0.65,1.02,1.46,2.26,2.9,3.59,4.49,4.49
2010-08-03,0.64,0.99,1.42,2.21,2.84,3.52,4.43,4.43
2010-08-04,0.65,1.01,1.44,2.22,2.85,3.53,4.42,4.42
2010-08-05,0.65,0.99,1.41,2.18,2.8,3.48,4.37,4.37
2010-08-06,0.65,0.98,1.39,2.16,2.79,3.47,4.37,4.37
2010-08-09,0.65,0.99,1.4,2.18,2.8,3.49,4.4,4.4
2010-08-10,0.64,0.98,1.39,2.17,2.81,3.5,4.43,4.43
2010-08-11,0.62,0.91,1.29,2.04,2.68,3.4,4.42,4.42
2010-08-12,0.61,0.89,1.26,2.01,2.65,3.37,4.35,4.35
2010-08-13,0.62,0.91,1.28,2.02,2.66,3.37,4.35,4.35
2010-08-16,0.59,0.86,1.22,1.96,2.6,3.3,4.23,4.23
2010-08-17,0.61,0.87,1.24,1.98,2.62,3.32,4.23,4.23
2010-08-18,0.59,0.86,1.22,1.95,2.58,3.28,4.23,4.23
2010-08-19,0.58,0.83,1.19,1.92,2.56,3.27,4.2,4.2
2010-08-20,0.57,0.8,1.15,1.88,2.52,3.23,4.19,4.19
2010-08-23,0.57,0.8,1.14,1.88,2.52,3.23,4.18,4.18
2010-08-24,0.55,0.74,1.07,1.79,2.43,3.14,4.05,4.05
2010-08-25,0.58,0.76,1.07,1.77,2.4,3.1,3.99,3.99
2010-08-26,0.58,0.77,1.09,1.78,2.4,3.08,3.98,3.98
2010-08-27,0.59,0.79,1.11,1.8,2.41,3.09,4,4
2010-08-30,0.59,0.79,1.11,1.8,2.41,3.09,4,4
2010-08-31,0.58,0.77,1.08,1.76,2.35,3.02,3.94,3.94
2010-09-01,0.6,0.83,1.15,1.85,2.45,3.12,4.05,4.05
2010-09-02,0.62,0.85,1.19,1.88,2.48,3.15,4.1,4.1
2010-09-03,0.62,0.86,1.2,1.91,2.52,3.2,4.16,4.16
2010-09-06,0.6,0.84,1.18,1.89,2.5,3.18,4.13,4.13
2010-09-07,0.58,0.79,1.12,1.82,2.43,3.11,4.08,4.08
2010-09-08,0.58,0.81,1.16,1.88,2.5,3.19,4.13,4.13
2010-09-09,0.6,0.84,1.19,1.92,2.55,3.25,4.19,4.19
2010-09-10,0.63,0.91,1.27,2,2.63,3.33,4.27,4.27
2010-09-13,0.62,0.9,1.26,2,2.63,3.32,4.27,4.27
2010-09-14,0.59,0.84,1.19,1.93,2.56,3.26,4.24,4.24
2010-09-15,0.6,0.85,1.2,1.94,2.58,3.28,4.23,4.23
2010-09-16,0.62,0.88,1.24,1.99,2.64,3.35,4.3,4.3
2010-09-17,0.61,0.88,1.23,1.98,2.63,3.34,4.29,4.29
2010-09-20,0.63,0.9,1.26,2.01,2.65,3.36,4.32,4.32
2010-09-21,0.61,0.87,1.23,1.97,2.62,3.33,4.28,4.28
2010-09-22,0.58,0.8,1.13,1.84,2.47,3.18,4.13,4.13
2010-09-23,0.57,0.78,1.1,1.81,2.45,3.16,4.1,4.1
2010-09-24,0.61,0.84,1.17,1.89,2.53,3.25,4.16,4.16
2010-09-27,0.59,0.8,1.12,1.84,2.47,3.18,4.1,4.1
2010-09-28,0.59,0.79,1.11,1.81,2.43,3.13,4.02,4.02
2010-09-29,0.58,0.77,1.08,1.78,2.41,3.11,3.96,3.96
2010-09-30,0.59,0.79,1.1,1.81,2.45,3.15,4.01,4.01
2010-10-01,0.59,0.79,1.11,1.83,2.47,3.17,4.03,4.03
2010-10-04,0.58,0.77,1.08,1.79,2.43,3.13,4.02,4.02
2010-10-05,0.6,0.8,1.12,1.82,2.46,3.17,4.07,4.07
2010-10-06,0.57,0.76,1.07,1.77,2.4,3.1,4.05,4.05
2010-10-07,0.59,0.78,1.1,1.8,2.43,3.13,4.08,4.08
2010-10-08,0.57,0.75,1.05,1.74,2.36,3.07,4.03,4.03
2010-10-11,0.58,0.76,1.07,1.76,2.38,3.09,4.07,4.07
2010-10-12,0.58,0.75,1.05,1.73,2.34,3.05,4.07,4.07
2010-10-13,0.59,0.77,1.06,1.75,2.37,3.09,4.1,4.1
2010-10-14,0.59,0.77,1.06,1.75,2.37,3.09,4.1,4.1
2010-10-15,0.61,0.8,1.1,1.8,2.43,3.15,4.18,4.18
2010-10-18,0.6,0.79,1.09,1.8,2.44,3.18,4.2,4.2
2010-10-19,0.59,0.77,1.08,1.81,2.47,3.22,4.25,4.25
2010-10-20,0.57,0.72,1.02,1.75,2.43,3.21,4.24,4.24
2010-10-21,0.57,0.7,0.98,1.7,2.38,3.16,4.19,4.19
2010-10-22,0.59,0.74,1.02,1.73,2.4,3.17,4.21,4.21
2010-10-25,0.6,0.75,1.03,1.72,2.38,3.14,4.18,4.18
2010-10-26,0.64,0.84,1.15,1.87,2.53,3.27,4.25,4.25
2010-10-27,0.63,0.86,1.19,1.94,2.62,3.37,4.36,4.36
2010-10-28,0.64,0.86,1.2,1.94,2.61,3.37,4.36,4.36
2010-10-29,0.61,0.82,1.14,1.88,2.55,3.3,4.3,4.3
2010-11-01,0.61,0.82,1.13,1.86,2.52,3.27,4.27,4.27
2010-11-02,0.61,0.82,1.13,1.85,2.51,3.26,4.27,4.27
2010-11-03,0.61,0.81,1.12,1.83,2.48,3.22,4.24,4.24
2010-11-04,0.59,0.78,1.08,1.78,2.43,3.18,4.23,4.23
2010-11-05,0.6,0.79,1.09,1.8,2.45,3.2,4.26,4.26
2010-11-08,0.62,0.82,1.12,1.83,2.47,3.23,4.28,4.28
2010-11-09,0.64,0.85,1.15,1.86,2.51,3.26,4.32,4.32
2010-11-10,0.67,0.92,1.26,1.98,2.63,3.38,4.39,4.39
2010-11-11,0.68,0.94,1.27,1.99,2.63,3.37,4.4,4.4
2010-11-12,0.69,0.98,1.33,2.05,2.69,3.42,4.42,4.42
2010-11-15,0.69,1,1.37,2.12,2.76,3.49,4.5,4.5
2010-11-16,0.69,1.01,1.38,2.14,2.79,3.53,4.52,4.52
2010-11-17,0.67,0.98,1.36,2.11,2.76,3.5,4.47,4.47
2010-11-18,0.69,1.03,1.43,2.22,2.88,3.62,4.54,4.54
2010-11-19,0.67,1,1.41,2.21,2.88,3.62,4.55,4.55
2010-11-22,0.64,0.96,1.36,2.15,2.82,3.56,4.48,4.48
2010-11-23,0.6,0.89,1.28,2.08,2.75,3.49,4.42,4.42
2010-11-24,0.63,0.93,1.33,2.14,2.82,3.57,4.48,4.48
2010-11-25,0.64,0.95,1.36,2.17,2.85,3.6,4.49,4.49
2010-11-26,0.64,0.94,1.35,2.16,2.83,3.57,4.46,4.46
2010-11-29,0.63,0.93,1.33,2.14,2.82,3.57,4.48,4.48
2010-11-30,0.59,0.85,1.23,2.03,2.71,3.46,4.4,4.4
2010-12-01,0.63,0.92,1.33,2.15,2.84,3.59,4.49,4.49
2010-12-02,0.65,0.95,1.36,2.19,2.88,3.64,4.54,4.54
2010-12-03,0.65,0.96,1.37,2.2,2.89,3.65,4.54,4.54
2010-12-06,0.63,0.94,1.35,2.18,2.87,3.63,4.54,4.54
2010-12-07,0.66,0.98,1.4,2.23,2.93,3.7,4.6,4.6
2010-12-08,0.7,1.05,1.49,2.33,3.03,3.78,4.64,4.64
2010-12-09,0.68,1.02,1.46,2.3,2.99,3.73,4.56,4.56
2010-12-10,0.69,1.04,1.48,2.33,3.01,3.74,4.55,4.55
2010-12-13,0.72,1.1,1.55,2.39,3.06,3.78,4.6,4.6
2010-12-14,0.73,1.15,1.6,2.45,3.12,3.83,4.64,4.64
2010-12-15,0.73,1.15,1.61,2.46,3.13,3.83,4.62,4.62
2010-12-16,0.73,1.16,1.63,2.49,3.16,3.85,4.6,4.6
2010-12-17,0.72,1.13,1.59,2.43,3.09,3.78,4.53,4.53
2010-12-20,0.7,1.09,1.54,2.37,3.02,3.69,4.42,4.42
2010-12-21,0.72,1.13,1.58,2.4,3.05,3.72,4.43,4.43
2010-12-22,0.73,1.15,1.6,2.42,3.06,3.72,4.42,4.42
2010-12-23,0.73,1.14,1.6,2.42,3.05,3.71,4.42,4.42
2010-12-24,0.73,1.16,1.62,2.43,3.07,3.72,4.43,4.43
2010-12-27,0.73,1.16,1.62,2.43,3.07,3.72,4.43,4.43
2010-12-28,0.73,1.16,1.62,2.43,3.07,3.72,4.43,4.43
2010-12-29,0.74,1.18,1.65,2.48,3.12,3.78,4.48,4.48
2010-12-30,0.7,1.1,1.56,2.39,3.03,3.69,4.4,4.4
2010-12-31,0.65,1.03,1.49,2.31,2.95,3.62,4.33,4.33
2011-01-03,0.65,1.03,1.49,2.31,2.95,3.62,4.33,4.33
2011-01-04,0.68,1.09,1.55,2.38,3.02,3.68,4.41,4.41
2011-01-05,0.72,1.13,1.6,2.45,3.1,3.78,4.51,4.51
2011-01-06,0.71,1.13,1.6,2.44,3.09,3.75,4.48,4.48
2011-01-07,0.73,1.14,1.6,2.44,3.08,3.74,4.47,4.47
2011-01-10,0.77,1.18,1.64,2.47,3.09,3.73,4.47,4.47
2011-01-11,0.81,1.24,1.7,2.52,3.14,3.78,4.54,4.54
2011-01-12,0.85,1.3,1.77,2.6,3.23,3.86,4.58,4.58
2011-01-13,0.83,1.25,1.72,2.55,3.19,3.84,4.56,4.56
2011-01-14,0.84,1.27,1.73,2.56,3.2,3.83,4.55,4.55
2011-01-17,0.85,1.28,1.74,2.57,3.2,3.84,4.56,4.56
2011-01-18,0.88,1.31,1.77,2.61,3.25,3.89,4.59,4.59
2011-01-19,0.83,1.24,1.7,2.54,3.2,3.86,4.58,4.58
2011-01-20,0.86,1.28,1.75,2.6,3.26,3.92,4.61,4.61
2011-01-21,0.85,1.28,1.74,2.6,3.26,3.92,4.6,4.6
2011-01-24,0.84,1.25,1.72,2.57,3.23,3.9,4.6,4.6
2011-01-25,0.74,1.13,1.6,2.48,3.17,3.87,4.59,4.59
2011-01-26,0.78,1.21,1.68,2.56,3.24,3.92,4.61,4.61
2011-01-27,0.79,1.22,1.7,2.58,3.26,3.92,4.61,4.61
2011-01-28,0.78,1.21,1.7,2.57,3.23,3.89,4.59,4.59
2011-01-31,0.79,1.24,1.72,2.59,3.24,3.88,4.58,4.58
2011-02-01,0.86,1.33,1.82,2.67,3.3,3.93,4.61,4.61
2011-02-02,0.92,1.42,1.91,2.74,3.36,3.97,4.63,4.63
2011-02-03,0.9,1.37,1.87,2.72,3.36,3.99,4.63,4.63
2011-02-04,0.94,1.45,1.95,2.8,3.43,4.04,4.65,4.65
2011-02-07,0.97,1.48,1.99,2.84,3.45,4.04,4.65,4.65
2011-02-08,0.95,1.46,1.97,2.82,3.45,4.05,4.66,4.66
2011-02-09,0.97,1.49,2.01,2.87,3.5,4.1,4.7,4.7
2011-02-10,0.96,1.49,2,2.87,3.49,4.1,4.68,4.68
2011-02-11,0.95,1.48,1.99,2.84,3.46,4.06,4.64,4.64
2011-02-14,0.94,1.46,1.96,2.82,3.45,4.05,4.61,4.61
2011-02-15,0.96,1.49,2,2.85,3.47,4.07,4.63,4.63
2011-02-16,0.93,1.46,1.96,2.81,3.43,4.04,4.64,4.64
2011-02-17,0.91,1.41,1.92,2.76,3.37,3.99,4.61,4.61
2011-02-18,0.96,1.48,1.98,2.82,3.43,4.03,4.62,4.62
2011-02-21,0.94,1.44,1.93,2.75,3.36,3.95,4.55,4.55
2011-02-22,0.96,1.45,1.92,2.72,3.31,3.9,4.51,4.51
2011-02-23,0.98,1.48,1.95,2.73,3.31,3.89,4.5,4.5
2011-02-24,0.94,1.42,1.9,2.7,3.31,3.91,4.52,4.52
2011-02-25,0.89,1.37,1.84,2.66,3.28,3.9,4.54,4.54
2011-02-28,0.9,1.37,1.84,2.65,3.27,3.89,4.52,4.52
2011-03-01,0.92,1.38,1.85,2.67,3.29,3.92,4.53,4.53
2011-03-02,0.92,1.37,1.84,2.66,3.3,3.94,4.55,4.55
2011-03-03,0.95,1.43,1.91,2.74,3.37,4,4.59,4.59
2011-03-04,0.93,1.39,1.86,2.67,3.3,3.92,4.54,4.54
2011-03-07,0.92,1.37,1.84,2.66,3.3,3.93,4.54,4.54
2011-03-08,0.92,1.38,1.86,2.69,3.33,3.98,4.57,4.57
2011-03-09,0.93,1.39,1.86,2.69,3.32,3.96,4.57,4.57
2011-03-10,0.9,1.33,1.79,2.61,3.24,3.88,4.51,4.51
2011-03-11,0.86,1.28,1.73,2.55,3.2,3.85,4.5,4.5
2011-03-14,0.83,1.23,1.67,2.49,3.14,3.79,4.47,4.47
2011-03-15,0.81,1.21,1.65,2.46,3.1,3.76,4.46,4.46
2011-03-16,0.79,1.17,1.61,2.41,3.04,3.69,4.39,4.39
2011-03-17,0.84,1.26,1.71,2.51,3.13,3.77,4.45,4.45
2011-03-18,0.82,1.21,1.65,2.45,3.08,3.73,4.42,4.42
2011-03-21,0.83,1.25,1.69,2.49,3.11,3.75,4.45,4.45
2011-03-22,0.9,1.33,1.78,2.57,3.18,3.81,4.5,4.5
2011-03-23,0.88,1.31,1.76,2.53,3.13,3.76,4.46,4.46
2011-03-24,0.87,1.3,1.75,2.55,3.16,3.8,4.48,4.48
2011-03-25,0.87,1.31,1.77,2.57,3.18,3.81,4.49,4.49
2011-03-28,0.88,1.32,1.78,2.58,3.2,3.82,4.49,4.49
2011-03-29,0.89,1.34,1.8,2.6,3.21,3.84,4.49,4.49
2011-03-30,0.9,1.37,1.84,2.65,3.26,3.88,4.51,4.51
2011-03-31,0.94,1.39,1.85,2.66,3.27,3.9,4.51,4.51
2011-04-01,0.96,1.44,1.91,2.71,3.32,3.93,4.51,4.51
2011-04-04,0.95,1.43,1.89,2.7,3.31,3.92,4.5,4.5
2011-04-05,0.99,1.49,1.96,2.76,3.36,3.96,4.53,4.53
2011-04-06,0.96,1.45,1.93,2.74,3.35,3.97,4.55,4.55
2011-04-07,0.94,1.43,1.91,2.72,3.34,3.96,4.54,4.54
2011-04-08,0.94,1.46,1.95,2.78,3.4,4.02,4.59,4.59
2011-04-11,0.94,1.45,1.95,2.78,3.41,4.04,4.61,4.61
2011-04-12,0.82,1.3,1.8,2.64,3.28,3.92,4.54,4.54
2011-04-13,0.83,1.32,1.81,2.65,3.29,3.93,4.53,4.53
2011-04-14,0.82,1.3,1.79,2.63,3.27,3.91,4.51,4.51
2011-04-15,0.8,1.26,1.73,2.55,3.18,3.82,4.43,4.43
2011-04-18,0.77,1.2,1.66,2.49,3.13,3.78,4.41,4.41
2011-04-19,0.79,1.21,1.68,2.5,3.14,3.79,4.44,4.44
2011-04-20,0.79,1.22,1.69,2.52,3.15,3.8,4.45,4.45
2011-04-21,0.78,1.2,1.67,2.49,3.12,3.76,4.41,4.41
2011-04-22,0.78,1.2,1.67,2.49,3.12,3.76,4.41,4.41
2011-04-25,0.78,1.2,1.67,2.49,3.12,3.76,4.41,4.41
2011-04-26,0.75,1.16,1.63,2.44,3.07,3.72,4.37,4.37
2011-04-27,0.81,1.26,1.72,2.53,3.16,3.79,4.42,4.42
2011-04-28,0.75,1.18,1.64,2.45,3.08,3.71,4.34,4.34
2011-04-29,0.75,1.18,1.64,2.45,3.08,3.71,4.34,4.34
2011-05-02,0.75,1.18,1.64,2.45,3.08,3.71,4.34,4.34
2011-05-03,0.7,1.09,1.55,2.36,2.99,3.65,4.31,4.31
2011-05-04,0.72,1.09,1.52,2.31,2.95,3.62,4.32,4.32
2011-05-05,0.72,1.1,1.53,2.32,2.96,3.63,4.36,4.36
2011-05-06,0.72,1.09,1.52,2.32,2.96,3.63,4.38,4.38
2011-05-09,0.71,1.07,1.49,2.28,2.93,3.61,4.36,4.36
2011-05-10,0.73,1.1,1.53,2.32,2.95,3.62,4.36,4.36
2011-05-11,0.76,1.16,1.6,2.39,3.02,3.68,4.39,4.39
2011-05-12,0.73,1.1,1.53,2.32,2.95,3.62,4.37,4.37
2011-05-13,0.73,1.09,1.52,2.31,2.95,3.62,4.37,4.37
2011-05-16,0.73,1.09,1.52,2.32,2.96,3.63,4.39,4.39
2011-05-17,0.73,1.09,1.52,2.31,2.94,3.61,4.38,4.38
2011-05-18,0.74,1.11,1.54,2.32,2.95,3.62,4.4,4.4
2011-05-19,0.74,1.11,1.55,2.34,2.97,3.64,4.4,4.4
2011-05-20,0.72,1.09,1.52,2.3,2.93,3.6,4.36,4.36
2011-05-23,0.7,1.04,1.46,2.25,2.89,3.56,4.34,4.34
2011-05-24,0.7,1.05,1.48,2.28,2.93,3.6,4.35,4.35
2011-05-25,0.69,1.03,1.46,2.26,2.9,3.58,4.33,4.33
2011-05-26,0.69,1.03,1.46,2.25,2.89,3.57,4.32,4.32
2011-05-27,0.69,1.03,1.46,2.24,2.87,3.56,4.32,4.32
2011-05-30,0.69,1.03,1.46,2.24,2.87,3.56,4.32,4.32
2011-05-31,0.7,1.05,1.47,2.25,2.88,3.57,4.31,4.31
2011-06-01,0.69,1.01,1.41,2.19,2.83,3.52,4.28,4.28
2011-06-02,0.69,0.99,1.39,2.17,2.82,3.52,4.31,4.31
2011-06-03,0.7,1.01,1.41,2.19,2.84,3.55,4.33,4.33
2011-06-06,0.7,1.01,1.4,2.18,2.83,3.54,4.34,4.34
2011-06-07,0.71,1.03,1.43,2.22,2.88,3.61,4.41,4.41
2011-06-08,0.69,0.99,1.38,2.17,2.84,3.57,4.36,4.36
2011-06-09,0.69,0.98,1.37,2.15,2.82,3.55,4.38,4.38
2011-06-10,0.66,0.94,1.31,2.09,2.76,3.5,4.34,4.34
2011-06-13,0.68,0.97,1.35,2.13,2.8,3.53,4.37,4.37
2011-06-14,0.68,0.98,1.37,2.16,2.84,3.57,4.39,4.39
2011-06-15,0.66,0.93,1.32,2.11,2.79,3.53,4.38,4.38
2011-06-16,0.63,0.88,1.26,2.04,2.72,3.46,4.33,4.33
2011-06-17,0.65,0.91,1.29,2.07,2.74,3.48,4.36,4.36
2011-06-20,0.66,0.92,1.3,2.08,2.75,3.49,4.38,4.38
2011-06-21,0.66,0.93,1.32,2.1,2.77,3.51,4.4,4.4
2011-06-22,0.63,0.89,1.26,2.05,2.73,3.48,4.4,4.4
2011-06-23,0.61,0.84,1.21,1.99,2.67,3.43,4.38,4.38
2011-06-24,0.61,0.83,1.2,1.98,2.66,3.42,4.36,4.36
2011-06-27,0.63,0.87,1.23,2.01,2.69,3.45,4.36,4.36
2011-06-28,0.66,0.93,1.3,2.09,2.78,3.54,4.45,4.45
2011-06-29,0.67,0.96,1.35,2.16,2.85,3.62,4.49,4.49
2011-06-30,0.68,0.98,1.39,2.2,2.9,3.67,4.5,4.5
2011-07-01,0.68,0.99,1.41,2.23,2.92,3.68,4.5,4.5
2011-07-04,0.67,0.98,1.39,2.2,2.89,3.65,4.49,4.49
2011-07-05,0.67,0.97,1.36,2.16,2.85,3.61,4.48,4.48
2011-07-06,0.66,0.92,1.29,2.07,2.76,3.54,4.44,4.44
2011-07-07,0.66,0.94,1.32,2.12,2.82,3.6,4.48,4.48
2011-07-08,0.64,0.88,1.25,2.02,2.71,3.49,4.41,4.41
2011-07-11,0.61,0.83,1.17,1.92,2.6,3.38,4.36,4.36
2011-07-12,0.61,0.82,1.17,1.92,2.6,3.39,4.34,4.34
2011-07-13,0.61,0.85,1.22,1.98,2.65,3.42,4.4,4.4
2011-07-14,0.61,0.85,1.21,1.97,2.64,3.41,4.38,4.38
2011-07-15,0.6,0.83,1.19,1.95,2.61,3.38,4.35,4.35
2011-07-18,0.61,0.83,1.17,1.91,2.57,3.33,4.32,4.32
2011-07-19,0.62,0.84,1.2,1.94,2.6,3.36,4.33,4.33
2011-07-20,0.63,0.86,1.21,1.96,2.62,3.38,4.34,4.34
2011-07-21,0.64,0.9,1.28,2.05,2.72,3.48,4.39,4.39
2011-07-22,0.61,0.86,1.22,1.98,2.65,3.4,4.34,4.34
2011-07-25,0.61,0.83,1.18,1.91,2.57,3.33,4.28,4.28
2011-07-26,0.62,0.85,1.2,1.94,2.6,3.37,4.32,4.32
2011-07-27,0.61,0.81,1.15,1.87,2.52,3.29,4.29,4.29
2011-07-28,0.6,0.79,1.12,1.85,2.5,3.28,4.3,4.3
2011-07-29,0.59,0.75,1.05,1.75,2.4,3.18,4.22,4.22
2011-08-01,0.59,0.73,1.02,1.71,2.35,3.13,4.21,4.21
2011-08-02,0.6,0.72,1,1.66,2.3,3.09,4.21,4.21
2011-08-03,0.61,0.72,0.99,1.64,2.28,3.06,4.14,4.14
2011-08-04,0.59,0.69,0.95,1.6,2.23,3,4.07,4.07
2011-08-05,0.54,0.66,0.94,1.61,2.25,3.02,4.07,4.07
2011-08-08,0.55,0.65,0.9,1.55,2.19,2.97,4.09,4.09
2011-08-09,0.57,0.68,0.95,1.61,2.25,3.03,4.16,4.16
2011-08-10,0.53,0.58,0.78,1.39,2.02,2.82,4.03,4.03
2011-08-11,0.56,0.62,0.82,1.41,2.02,2.82,4.06,4.06
2011-08-12,0.6,0.67,0.88,1.46,2.07,2.86,4.1,4.1
2011-08-15,0.62,0.69,0.9,1.47,2.08,2.86,4.1,4.1
2011-08-16,0.6,0.69,0.92,1.51,2.11,2.88,4.14,4.14
2011-08-17,0.57,0.64,0.85,1.42,2.01,2.77,4,4
2011-08-18,0.55,0.59,0.78,1.32,1.88,2.61,3.83,3.83
2011-08-19,0.57,0.63,0.84,1.39,1.97,2.7,3.85,3.85
2011-08-22,0.56,0.63,0.84,1.4,1.98,2.71,3.83,3.83
2011-08-23,0.57,0.64,0.85,1.41,1.98,2.7,3.85,3.85
2011-08-24,0.58,0.67,0.91,1.5,2.08,2.8,3.89,3.89
2011-08-25,0.56,0.65,0.89,1.49,2.07,2.79,3.85,3.85
2011-08-26,0.58,0.69,0.94,1.53,2.09,2.79,3.85,3.85
2011-08-29,0.58,0.69,0.94,1.53,2.09,2.79,3.85,3.85
2011-08-30,0.55,0.65,0.91,1.52,2.09,2.79,3.89,3.89
2011-08-31,0.58,0.71,0.98,1.61,2.19,2.9,4.02,4.02
2011-09-01,0.55,0.65,0.91,1.53,2.12,2.83,3.93,3.93
2011-09-02,0.55,0.63,0.87,1.46,2.03,2.73,3.86,3.86
2011-09-05,0.55,0.59,0.79,1.33,1.88,2.58,3.74,3.74
2011-09-06,0.57,0.63,0.83,1.35,1.88,2.58,3.75,3.75
2011-09-07,0.57,0.64,0.85,1.39,1.94,2.63,3.8,3.8
2011-09-08,0.56,0.63,0.85,1.41,1.96,2.65,3.78,3.78
2011-09-09,0.54,0.58,0.78,1.32,1.86,2.55,3.68,3.68
2011-09-12,0.54,0.57,0.74,1.26,1.79,2.46,3.62,3.62
2011-09-13,0.54,0.58,0.77,1.28,1.8,2.47,3.62,3.62
2011-09-14,0.55,0.6,0.8,1.32,1.84,2.5,3.64,3.64
2011-09-15,0.54,0.6,0.82,1.39,1.94,2.61,3.72,3.72
2011-09-16,0.53,0.58,0.79,1.36,1.91,2.58,3.68,3.68
2011-09-19,0.53,0.57,0.77,1.31,1.84,2.48,3.59,3.59
2011-09-20,0.54,0.58,0.78,1.32,1.85,2.49,3.6,3.6
2011-09-21,0.53,0.58,0.79,1.33,1.86,2.51,3.66,3.66
2011-09-22,0.53,0.6,0.8,1.32,1.81,2.42,3.54,3.54
2011-09-23,0.53,0.61,0.83,1.36,1.85,2.45,3.53,3.53
2011-09-26,0.55,0.63,0.86,1.41,1.9,2.5,3.58,3.58
2011-09-27,0.55,0.65,0.91,1.49,2.01,2.63,3.68,3.68
2011-09-28,0.55,0.65,0.89,1.47,1.99,2.6,3.63,3.63
2011-09-29,0.56,0.66,0.9,1.48,2,2.62,3.64,3.64
2011-09-30,0.56,0.63,0.86,1.4,1.91,2.51,3.54,3.54
2011-10-03,0.56,0.62,0.82,1.35,1.84,2.43,3.41,3.41
2011-10-04,0.57,0.63,0.82,1.31,1.77,2.34,3.3,3.3
2011-10-05,0.57,0.64,0.86,1.38,1.87,2.45,3.38,3.38
2011-10-06,0.59,0.68,0.9,1.41,1.91,2.49,3.38,3.38
2011-10-07,0.59,0.68,0.91,1.45,1.98,2.57,3.39,3.39
2011-10-10,0.6,0.7,0.93,1.51,2.05,2.66,3.44,3.44
2011-10-11,0.59,0.71,0.94,1.53,2.07,2.67,3.47,3.47
2011-10-12,0.59,0.72,0.98,1.59,2.15,2.76,3.56,3.56
2011-10-13,0.58,0.67,0.9,1.49,2.05,2.66,3.46,3.46
2011-10-14,0.58,0.68,0.93,1.55,2.11,2.73,3.5,3.5
2011-10-17,0.57,0.67,0.91,1.5,2.05,2.65,3.45,3.45
2011-10-18,0.57,0.65,0.88,1.45,1.98,2.56,3.37,3.37
2011-10-19,0.57,0.66,0.9,1.48,2.01,2.6,3.38,3.38
2011-10-20,0.57,0.65,0.89,1.47,2.01,2.59,3.38,3.38
2011-10-21,0.56,0.66,0.91,1.52,2.06,2.66,3.46,3.46
2011-10-24,0.56,0.67,0.92,1.53,2.07,2.67,3.5,3.5
2011-10-25,0.54,0.64,0.89,1.48,2.02,2.62,3.42,3.42
2011-10-26,0.55,0.63,0.86,1.43,1.96,2.55,3.37,3.37
2011-10-27,0.55,0.65,0.91,1.53,2.1,2.73,3.53,3.53
2011-10-28,0.55,0.64,0.9,1.54,2.12,2.76,3.58,3.58
2011-10-31,0.53,0.57,0.79,1.37,1.93,2.56,3.43,3.43
2011-11-01,0.53,0.56,0.74,1.24,1.74,2.32,3.25,3.25
2011-11-02,0.54,0.58,0.78,1.3,1.81,2.4,3.29,3.29
2011-11-03,0.54,0.58,0.78,1.34,1.87,2.49,3.37,3.37
2011-11-04,0.54,0.58,0.77,1.31,1.83,2.44,3.33,3.33
2011-11-07,0.53,0.56,0.75,1.27,1.8,2.41,3.31,3.31
2011-11-08,0.53,0.55,0.73,1.25,1.77,2.38,3.26,3.26
2011-11-09,0.54,0.55,0.72,1.21,1.71,2.29,3.19,3.19
2011-11-10,0.53,0.55,0.72,1.22,1.72,2.32,3.19,3.19
2011-11-11,0.54,0.57,0.76,1.29,1.82,2.42,3.27,3.27
2011-11-14,0.51,0.52,0.69,1.2,1.72,2.32,3.2,3.2
2011-11-15,0.51,0.51,0.67,1.16,1.67,2.26,3.12,3.12
2011-11-16,0.52,0.53,0.69,1.19,1.69,2.29,3.12,3.12
2011-11-17,0.52,0.56,0.75,1.26,1.77,2.35,3.15,3.15
2011-11-18,0.51,0.54,0.73,1.27,1.79,2.39,3.21,3.21
2011-11-21,0.5,0.52,0.7,1.22,1.74,2.34,3.19,3.19
2011-11-22,0.5,0.51,0.68,1.2,1.72,2.31,3.14,3.14
2011-11-23,0.5,0.51,0.68,1.2,1.7,2.28,3.08,3.08
2011-11-24,0.49,0.51,0.69,1.21,1.73,2.3,3.07,3.07
2011-11-25,0.48,0.5,0.71,1.29,1.84,2.44,3.16,3.16
2011-11-28,0.44,0.43,0.62,1.21,1.78,2.39,3.1,3.1
2011-11-29,0.45,0.44,0.63,1.2,1.76,2.36,3.05,3.05
2011-11-30,0.47,0.49,0.69,1.28,1.83,2.43,3.13,3.13
2011-12-01,0.42,0.38,0.58,1.19,1.77,2.39,3.2,3.2
2011-12-02,0.43,0.4,0.59,1.19,1.78,2.42,3.29,3.29
2011-12-05,0.43,0.4,0.59,1.2,1.8,2.47,3.34,3.34
2011-12-06,0.42,0.35,0.51,1.08,1.68,2.35,3.2,3.2
2011-12-07,0.42,0.37,0.52,1.08,1.67,2.34,3.25,3.25
2011-12-08,0.42,0.35,0.48,1,1.56,2.24,3.23,3.23
2011-12-09,0.44,0.39,0.54,1.06,1.61,2.28,3.26,3.26
2011-12-12,0.42,0.36,0.5,1.02,1.56,2.22,3.19,3.19
2011-12-13,0.41,0.37,0.52,1.04,1.58,2.24,3.23,3.23
2011-12-14,0.4,0.35,0.51,1.03,1.57,2.21,3.19,3.19
2011-12-15,0.41,0.38,0.55,1.08,1.61,2.23,3.19,3.19
2011-12-16,0.38,0.32,0.48,1.01,1.54,2.17,3.11,3.11
2011-12-19,0.38,0.34,0.51,1.05,1.58,2.2,3.09,3.09
2011-12-20,0.41,0.37,0.55,1.09,1.61,2.22,3.1,3.1
2011-12-21,0.4,0.36,0.53,1.06,1.57,2.16,3.09,3.09
2011-12-22,0.39,0.35,0.51,1.05,1.57,2.17,3.1,3.1
2011-12-23,0.4,0.35,0.52,1.05,1.57,2.16,3.09,3.09
2011-12-26,0.4,0.35,0.52,1.05,1.57,2.16,3.09,3.09
2011-12-27,0.4,0.35,0.52,1.05,1.57,2.16,3.09,3.09
2011-12-28,0.38,0.34,0.5,1.03,1.55,2.15,3.07,3.07
2011-12-29,0.37,0.31,0.46,0.98,1.49,2.09,3.02,3.02
2011-12-30,0.38,0.33,0.49,1,1.51,2.1,3.05,3.05
2012-01-02,0.38,0.33,0.49,1,1.51,2.1,3.05,3.05
2012-01-03,0.38,0.35,0.53,1.05,1.56,2.15,3.08,3.08
2012-01-04,0.4,0.39,0.56,1.07,1.57,2.17,3.09,3.09
2012-01-05,0.43,0.4,0.57,1.07,1.58,2.17,3.08,3.08
2012-01-06,0.44,0.4,0.55,1.04,1.55,2.15,3.05,3.05
2012-01-09,0.43,0.38,0.52,1,1.51,2.12,3.04,3.04
2012-01-10,0.44,0.42,0.57,1.06,1.57,2.19,3.09,3.09
2012-01-11,0.44,0.39,0.53,1.01,1.51,2.13,3.05,3.05
2012-01-12,0.44,0.39,0.52,1,1.52,2.14,3.06,3.06
2012-01-13,0.44,0.38,0.5,0.96,1.47,2.1,3.01,3.01
2012-01-16,0.45,0.38,0.5,0.97,1.48,2.1,3,3
2012-01-17,0.44,0.4,0.52,0.98,1.48,2.09,2.99,2.99
2012-01-18,0.46,0.42,0.54,0.99,1.48,2.08,2.98,2.98
2012-01-19,0.44,0.38,0.52,1.02,1.55,2.18,3.06,3.06
2012-01-20,0.45,0.4,0.54,1.05,1.59,2.24,3.12,3.12
2012-01-23,0.44,0.42,0.59,1.12,1.66,2.3,3.18,3.18
2012-01-24,0.45,0.44,0.61,1.14,1.68,2.31,3.17,3.17
2012-01-25,0.45,0.42,0.58,1.11,1.65,2.29,3.15,3.15
2012-01-26,0.43,0.38,0.52,1.04,1.59,2.23,3.12,3.12
2012-01-27,0.44,0.37,0.51,1.02,1.56,2.2,3.12,3.12
2012-01-30,0.43,0.36,0.49,0.97,1.49,2.12,3.06,3.06
2012-01-31,0.42,0.34,0.47,0.95,1.47,2.1,3.02,3.02
2012-02-01,0.44,0.38,0.51,1.01,1.54,2.18,3.07,3.07
2012-02-02,0.43,0.38,0.53,1.05,1.59,2.23,3.16,3.16
2012-02-03,0.43,0.4,0.57,1.11,1.67,2.32,3.24,3.24
2012-02-06,0.43,0.41,0.58,1.11,1.66,2.3,3.24,3.24
2012-02-07,0.45,0.43,0.61,1.16,1.71,2.36,3.28,3.28
2012-02-08,0.43,0.4,0.57,1.12,1.69,2.34,3.27,3.27
2012-02-09,0.44,0.41,0.57,1.11,1.69,2.4,3.43,3.43
2012-02-10,0.43,0.36,0.49,1,1.57,2.29,3.39,3.39
2012-02-13,0.43,0.36,0.49,0.99,1.56,2.29,3.37,3.37
2012-02-14,0.44,0.36,0.48,0.97,1.53,2.25,3.33,3.33
2012-02-15,0.44,0.36,0.48,0.96,1.52,2.23,3.32,3.32
2012-02-16,0.44,0.38,0.51,1,1.56,2.28,3.38,3.38
2012-02-17,0.45,0.4,0.55,1.06,1.63,2.34,3.42,3.42
2012-02-20,0.44,0.41,0.57,1.1,1.67,2.4,3.46,3.46
2012-02-21,0.44,0.41,0.56,1.08,1.65,2.37,3.43,3.43
2012-02-22,0.44,0.38,0.52,1.02,1.58,2.3,3.37,3.37
2012-02-23,0.44,0.37,0.5,0.99,1.54,2.26,3.34,3.34
2012-02-24,0.45,0.36,0.48,0.97,1.52,2.23,3.3,3.3
2012-02-27,0.44,0.37,0.48,0.95,1.5,2.21,3.27,3.27
2012-02-28,0.45,0.38,0.49,0.96,1.5,2.2,3.25,3.25
2012-02-29,0.45,0.38,0.51,1,1.56,2.26,3.3,3.3
2012-03-01,0.46,0.42,0.56,1.06,1.61,2.31,3.34,3.34
2012-03-02,0.44,0.37,0.49,0.98,1.54,2.23,3.27,3.27
2012-03-05,0.46,0.42,0.55,1.04,1.59,2.28,3.31,3.31
2012-03-06,0.45,0.4,0.53,1.01,1.55,2.22,3.26,3.26
2012-03-07,0.45,0.41,0.55,1.03,1.57,2.23,3.26,3.26
2012-03-08,0.45,0.41,0.55,1.04,1.57,2.24,3.27,3.27
2012-03-09,0.45,0.41,0.56,1.05,1.58,2.25,3.29,3.29
2012-03-12,0.45,0.41,0.55,1.01,1.53,2.19,3.23,3.23
2012-03-13,0.46,0.44,0.59,1.08,1.6,2.27,3.3,3.3
2012-03-14,0.47,0.48,0.66,1.2,1.76,2.44,3.46,3.46
2012-03-15,0.44,0.43,0.63,1.2,1.78,2.48,3.49,3.49
2012-03-16,0.44,0.45,0.66,1.26,1.86,2.56,3.55,3.55
2012-03-19,0.45,0.46,0.66,1.25,1.84,2.54,3.54,3.54
2012-03-20,0.45,0.45,0.65,1.24,1.83,2.54,3.54,3.54
2012-03-21,0.45,0.45,0.65,1.22,1.8,2.49,3.49,3.49
2012-03-22,0.45,0.44,0.63,1.19,1.75,2.44,3.47,3.47
2012-03-23,0.44,0.43,0.61,1.14,1.7,2.38,3.42,3.42
2012-03-26,0.46,0.47,0.65,1.19,1.75,2.44,3.48,3.48
2012-03-27,0.45,0.44,0.61,1.13,1.68,2.36,3.44,3.44
2012-03-28,0.45,0.43,0.59,1.09,1.63,2.31,3.41,3.41
2012-03-29,0.45,0.42,0.57,1.07,1.61,2.3,3.41,3.41
2012-03-30,0.45,0.4,0.55,1.06,1.61,2.3,3.43,3.43
2012-04-02,0.45,0.41,0.56,1.08,1.63,2.33,3.45,3.45
2012-04-03,0.44,0.39,0.55,1.05,1.59,2.27,3.39,3.39
2012-04-04,0.44,0.41,0.57,1.09,1.63,2.31,3.42,3.42
2012-04-05,0.44,0.39,0.55,1.06,1.59,2.26,3.37,3.37
2012-04-06,0.44,0.39,0.55,1.06,1.59,2.26,3.37,3.37
2012-04-09,0.44,0.39,0.55,1.06,1.59,2.26,3.37,3.37
2012-04-10,0.43,0.36,0.5,0.96,1.45,2.1,3.25,3.25
2012-04-11,0.43,0.38,0.52,0.99,1.49,2.15,3.28,3.28
2012-04-12,0.43,0.37,0.51,0.99,1.52,2.19,3.32,3.32
2012-04-13,0.43,0.37,0.49,0.96,1.48,2.14,3.29,3.29
2012-04-16,0.44,0.37,0.5,0.96,1.47,2.13,3.3,3.3
2012-04-17,0.44,0.4,0.54,1.02,1.54,2.2,3.35,3.35
2012-04-18,0.45,0.43,0.59,1.08,1.59,2.24,3.36,3.36
2012-04-19,0.45,0.44,0.61,1.11,1.61,2.26,3.38,3.38
2012-04-20,0.46,0.47,0.66,1.16,1.66,2.28,3.39,3.39
2012-04-23,0.45,0.45,0.62,1.11,1.6,2.23,3.37,3.37
2012-04-24,0.44,0.42,0.59,1.08,1.57,2.2,3.36,3.36
2012-04-25,0.43,0.42,0.59,1.09,1.6,2.25,3.36,3.36
2012-04-26,0.43,0.39,0.56,1.05,1.56,2.21,3.34,3.34
2012-04-27,0.43,0.41,0.58,1.08,1.59,2.23,3.37,3.37
2012-04-30,0.44,0.44,0.61,1.11,1.6,2.22,3.37,3.37
2012-05-01,0.43,0.43,0.6,1.09,1.59,2.21,3.35,3.35
2012-05-02,0.43,0.41,0.58,1.06,1.54,2.16,3.3,3.3
2012-05-03,0.42,0.41,0.58,1.06,1.54,2.15,3.3,3.3
2012-05-04,0.42,0.4,0.56,1.02,1.5,2.11,3.27,3.27
2012-05-07,0.42,0.4,0.56,1.02,1.5,2.11,3.27,3.27
2012-05-08,0.42,0.4,0.55,0.99,1.44,2.04,3.23,3.23
2012-05-09,0.42,0.4,0.54,0.97,1.42,2.02,3.2,3.2
2012-05-10,0.43,0.42,0.58,1.04,1.51,2.11,3.26,3.26
2012-05-11,0.43,0.4,0.55,1.01,1.48,2.09,3.25,3.25
2012-05-14,0.42,0.38,0.51,0.94,1.4,2,3.17,3.17
2012-05-15,0.42,0.38,0.52,0.95,1.41,2.01,3.19,3.19
2012-05-16,0.41,0.36,0.49,0.92,1.39,2,3.15,3.15
2012-05-17,0.4,0.33,0.44,0.87,1.34,1.96,3.11,3.11
2012-05-18,0.39,0.3,0.42,0.85,1.33,1.95,3.06,3.06
2012-05-21,0.38,0.29,0.42,0.87,1.35,1.97,3.1,3.1
2012-05-22,0.37,0.29,0.42,0.88,1.37,2,3.12,3.12
2012-05-23,0.34,0.25,0.37,0.8,1.28,1.89,3.06,3.06
2012-05-24,0.33,0.23,0.35,0.8,1.28,1.9,3.04,3.04
2012-05-25,0.32,0.22,0.34,0.78,1.26,1.88,3.03,3.03
2012-05-28,0.33,0.23,0.35,0.79,1.27,1.89,3.05,3.05
2012-05-29,0.34,0.27,0.39,0.82,1.29,1.9,3.07,3.07
2012-05-30,0.34,0.24,0.34,0.73,1.17,1.76,2.99,2.99
2012-05-31,0.32,0.22,0.32,0.68,1.1,1.68,2.9,2.9
2012-06-01,0.33,0.24,0.34,0.68,1.08,1.64,2.81,2.81
2012-06-04,0.33,0.24,0.34,0.68,1.08,1.64,2.81,2.81
2012-06-05,0.33,0.24,0.34,0.68,1.08,1.64,2.81,2.81
2012-06-06,0.31,0.26,0.38,0.78,1.21,1.78,2.91,2.91
2012-06-07,0.31,0.26,0.4,0.83,1.26,1.83,2.96,2.96
2012-06-08,0.3,0.23,0.36,0.76,1.18,1.74,2.88,2.88
2012-06-11,0.31,0.25,0.39,0.8,1.22,1.76,2.91,2.91
2012-06-12,0.32,0.27,0.42,0.85,1.27,1.81,2.94,2.94
2012-06-13,0.32,0.28,0.43,0.87,1.32,1.87,3.02,3.02
2012-06-14,0.33,0.28,0.43,0.88,1.31,1.86,3.05,3.05
2012-06-15,0.29,0.22,0.35,0.79,1.24,1.8,2.96,2.96
2012-06-18,0.3,0.23,0.35,0.77,1.23,1.79,2.93,2.93
2012-06-19,0.3,0.22,0.34,0.78,1.26,1.85,2.99,2.99
2012-06-20,0.33,0.28,0.41,0.84,1.31,1.9,3,3
2012-06-21,0.32,0.26,0.38,0.8,1.25,1.83,2.92,2.92
2012-06-22,0.33,0.29,0.41,0.83,1.28,1.85,2.9,2.9
2012-06-25,0.32,0.26,0.38,0.79,1.23,1.8,2.87,2.87
2012-06-26,0.33,0.27,0.38,0.79,1.24,1.81,2.91,2.91
2012-06-27,0.32,0.27,0.39,0.8,1.24,1.82,2.92,2.92
2012-06-28,0.32,0.25,0.36,0.76,1.2,1.77,2.89,2.89
2012-06-29,0.32,0.27,0.4,0.83,1.28,1.87,2.98,2.98
2012-07-02,0.32,0.26,0.39,0.81,1.26,1.83,2.95,2.95
2012-07-03,0.32,0.3,0.44,0.87,1.32,1.89,3.02,3.02
2012-07-04,0.31,0.27,0.42,0.86,1.3,1.86,2.98,2.98
2012-07-05,0.29,0.2,0.33,0.76,1.22,1.8,2.96,2.96
2012-07-06,0.28,0.18,0.28,0.7,1.16,1.73,2.92,2.92
2012-07-09,0.28,0.18,0.28,0.7,1.14,1.72,2.89,2.89
2012-07-10,0.29,0.19,0.3,0.71,1.15,1.72,2.9,2.9
2012-07-11,0.29,0.19,0.3,0.69,1.13,1.7,2.89,2.89
2012-07-12,0.28,0.18,0.28,0.67,1.1,1.67,2.84,2.84
2012-07-13,0.29,0.19,0.29,0.68,1.12,1.69,2.83,2.83
2012-07-16,0.29,0.17,0.26,0.64,1.07,1.63,2.78,2.78
2012-07-17,0.29,0.17,0.25,0.63,1.07,1.64,2.8,2.8
2012-07-18,0.25,0.12,0.2,0.58,1.03,1.61,2.77,2.77
2012-07-19,0.23,0.11,0.2,0.62,1.07,1.67,2.82,2.82
2012-07-20,0.22,0.09,0.17,0.58,1.03,1.62,2.81,2.81
2012-07-23,0.2,0.07,0.16,0.56,1.02,1.61,2.81,2.81
2012-07-24,0.19,0.06,0.15,0.56,1.01,1.61,2.8,2.8
2012-07-25,0.18,0.04,0.14,0.54,1,1.6,2.81,2.81
2012-07-26,0.18,0.07,0.17,0.57,1.02,1.62,2.81,2.81
2012-07-27,0.2,0.1,0.21,0.62,1.08,1.68,2.85,2.85
2012-07-30,0.19,0.1,0.21,0.63,1.09,1.68,2.86,2.86
2012-07-31,0.18,0.07,0.17,0.57,1.02,1.61,2.8,2.8
2012-08-01,0.17,0.07,0.18,0.6,1.06,1.66,2.83,2.83
2012-08-02,0.16,0.03,0.12,0.53,0.99,1.58,2.77,2.77
2012-08-03,0.18,0.09,0.2,0.63,1.1,1.71,2.86,2.86
2012-08-06,0.17,0.05,0.15,0.58,1.05,1.65,2.77,2.77
2012-08-07,0.18,0.1,0.22,0.66,1.14,1.75,2.86,2.86
2012-08-08,0.2,0.11,0.21,0.64,1.11,1.71,2.82,2.82
2012-08-09,0.23,0.13,0.25,0.68,1.16,1.77,2.86,2.86
2012-08-10,0.22,0.1,0.2,0.62,1.09,1.68,2.79,2.79
2012-08-13,0.23,0.11,0.21,0.63,1.11,1.71,2.83,2.83
2012-08-14,0.24,0.13,0.24,0.67,1.15,1.75,2.86,2.86
2012-08-15,0.25,0.17,0.29,0.73,1.22,1.83,2.94,2.94
2012-08-16,0.25,0.18,0.3,0.75,1.23,1.84,2.94,2.94
2012-08-17,0.25,0.15,0.27,0.72,1.21,1.82,2.91,2.91
2012-08-20,0.25,0.15,0.27,0.73,1.21,1.82,2.91,2.91
2012-08-21,0.26,0.2,0.33,0.78,1.26,1.86,2.97,2.97
2012-08-22,0.26,0.17,0.29,0.73,1.2,1.79,2.93,2.93
2012-08-23,0.25,0.15,0.26,0.69,1.15,1.72,2.87,2.87
2012-08-24,0.23,0.12,0.22,0.65,1.11,1.68,2.84,2.84
2012-08-27,0.23,0.12,0.22,0.65,1.11,1.68,2.84,2.84
2012-08-28,0.23,0.1,0.2,0.61,1.07,1.64,2.81,2.81
2012-08-29,0.24,0.12,0.22,0.64,1.08,1.66,2.82,2.82
2012-08-30,0.22,0.09,0.18,0.59,1.03,1.61,2.78,2.78
2012-08-31,0.21,0.07,0.16,0.58,1.04,1.62,2.81,2.81
2012-09-03,0.22,0.07,0.16,0.58,1.05,1.65,2.83,2.83
2012-09-04,0.22,0.07,0.15,0.56,1.03,1.62,2.81,2.81
2012-09-05,0.23,0.09,0.18,0.59,1.04,1.64,2.84,2.84
2012-09-06,0.24,0.13,0.22,0.64,1.11,1.71,2.92,2.92
2012-09-07,0.24,0.11,0.2,0.61,1.07,1.68,2.9,2.9
2012-09-10,0.26,0.14,0.24,0.66,1.12,1.73,2.96,2.96
2012-09-11,0.27,0.17,0.27,0.68,1.13,1.73,2.98,2.98
2012-09-12,0.28,0.21,0.33,0.76,1.23,1.83,3.03,3.03
2012-09-13,0.27,0.21,0.33,0.75,1.21,1.81,3,3
2012-09-14,0.3,0.28,0.43,0.89,1.36,1.96,3.14,3.14
2012-09-17,0.29,0.26,0.41,0.86,1.33,1.92,3.09,3.09
2012-09-18,0.28,0.24,0.39,0.83,1.28,1.87,3.05,3.05
2012-09-19,0.29,0.24,0.37,0.8,1.25,1.83,3.04,3.04
2012-09-20,0.28,0.23,0.35,0.77,1.21,1.78,2.99,2.99
2012-09-21,0.29,0.24,0.37,0.79,1.24,1.83,3.03,3.03
2012-09-24,0.29,0.23,0.36,0.78,1.22,1.8,3.02,3.02
2012-09-25,0.28,0.22,0.35,0.78,1.23,1.81,3.01,3.01
2012-09-26,0.28,0.2,0.3,0.68,1.1,1.67,2.9,2.9
2012-09-27,0.28,0.2,0.31,0.71,1.14,1.71,2.95,2.95
2012-09-28,0.28,0.19,0.3,0.7,1.13,1.71,2.96,2.96
2012-10-01,0.28,0.19,0.3,0.71,1.15,1.73,2.96,2.96
2012-10-02,0.28,0.18,0.28,0.68,1.12,1.71,2.95,2.95
2012-10-03,0.27,0.17,0.26,0.65,1.09,1.68,2.94,2.94
2012-10-04,0.27,0.17,0.26,0.66,1.11,1.7,2.95,2.95
2012-10-05,0.28,0.2,0.31,0.72,1.17,1.77,3.02,3.02
2012-10-08,0.28,0.18,0.28,0.68,1.13,1.73,2.99,2.99
2012-10-09,0.28,0.18,0.28,0.68,1.13,1.73,2.97,2.97
2012-10-10,0.29,0.21,0.32,0.72,1.17,1.77,2.99,2.99
2012-10-11,0.29,0.22,0.33,0.74,1.19,1.78,3,3
2012-10-12,0.29,0.19,0.28,0.69,1.14,1.72,2.95,2.95
2012-10-15,0.3,0.21,0.32,0.72,1.17,1.76,2.98,2.98
2012-10-16,0.31,0.25,0.36,0.78,1.24,1.83,3.04,3.04
2012-10-17,0.31,0.27,0.41,0.86,1.33,1.93,3.12,3.12
2012-10-18,0.31,0.28,0.42,0.87,1.34,1.93,3.1,3.1
2012-10-19,0.3,0.26,0.39,0.83,1.3,1.9,3.09,3.09
2012-10-22,0.3,0.27,0.41,0.86,1.33,1.92,3.12,3.12
2012-10-23,0.29,0.24,0.36,0.79,1.25,1.84,3.05,3.05
2012-10-24,0.29,0.24,0.37,0.81,1.28,1.87,3.06,3.06
2012-10-25,0.3,0.27,0.41,0.87,1.34,1.94,3.1,3.1
2012-10-26,0.3,0.25,0.38,0.83,1.3,1.9,3.05,3.05
2012-10-29,0.29,0.22,0.34,0.77,1.23,1.82,2.98,2.98
2012-10-30,0.3,0.25,0.38,0.81,1.26,1.85,3,3
2012-10-31,0.31,0.26,0.39,0.83,1.29,1.87,3.02,3.02
2012-11-01,0.31,0.27,0.4,0.84,1.3,1.89,3.05,3.05
2012-11-02,0.3,0.25,0.38,0.82,1.28,1.88,3.05,3.05
2012-11-05,0.3,0.23,0.35,0.78,1.24,1.84,3.03,3.03
2012-11-06,0.3,0.23,0.34,0.77,1.24,1.84,3.05,3.05
2012-11-07,0.3,0.21,0.31,0.73,1.18,1.78,3,3
2012-11-08,0.3,0.21,0.32,0.74,1.2,1.79,2.98,2.98
2012-11-09,0.31,0.22,0.32,0.73,1.17,1.75,2.96,2.96
2012-11-12,0.31,0.22,0.32,0.72,1.16,1.74,2.96,2.96
2012-11-13,0.32,0.24,0.34,0.73,1.16,1.73,2.95,2.95
2012-11-14,0.31,0.24,0.35,0.75,1.19,1.78,3,3
2012-11-15,0.3,0.23,0.34,0.75,1.18,1.76,2.98,2.98
2012-11-16,0.3,0.24,0.35,0.76,1.19,1.76,2.95,2.95
2012-11-19,0.31,0.26,0.39,0.8,1.23,1.8,2.99,2.99
2012-11-20,0.32,0.3,0.43,0.86,1.3,1.88,3.07,3.07
2012-11-21,0.32,0.31,0.44,0.86,1.31,1.88,3.07,3.07
2012-11-22,0.33,0.31,0.45,0.87,1.3,1.87,3.04,3.04
2012-11-23,0.33,0.31,0.45,0.87,1.3,1.87,3.02,3.02
2012-11-26,0.33,0.32,0.45,0.87,1.3,1.86,3.03,3.03
2012-11-27,0.34,0.33,0.47,0.89,1.32,1.88,3.04,3.04
2012-11-28,0.32,0.28,0.41,0.81,1.24,1.79,2.96,2.96
2012-11-29,0.32,0.28,0.4,0.81,1.23,1.78,2.95,2.95
2012-11-30,0.34,0.31,0.44,0.83,1.25,1.8,2.96,2.96
2012-12-03,0.35,0.34,0.47,0.87,1.29,1.85,2.99,2.99
2012-12-04,0.34,0.32,0.45,0.85,1.28,1.84,3,3
2012-12-05,0.34,0.3,0.42,0.82,1.25,1.81,3.06,3.06
2012-12-06,0.32,0.26,0.37,0.78,1.21,1.78,3.02,3.02
2012-12-07,0.31,0.25,0.37,0.78,1.21,1.78,3.03,3.03
2012-12-10,0.32,0.27,0.39,0.81,1.24,1.81,3.06,3.06
2012-12-11,0.33,0.29,0.41,0.83,1.27,1.85,3.08,3.08
2012-12-12,0.33,0.29,0.42,0.84,1.29,1.87,3.06,3.06
2012-12-13,0.34,0.32,0.45,0.87,1.32,1.91,3.08,3.08
2012-12-14,0.34,0.33,0.47,0.89,1.34,1.91,3.08,3.08
2012-12-17,0.35,0.35,0.49,0.92,1.37,1.94,3.09,3.09
2012-12-18,0.36,0.38,0.53,0.97,1.43,2.01,3.13,3.13
2012-12-19,0.36,0.38,0.53,0.99,1.45,2.02,3.15,3.15
2012-12-20,0.36,0.37,0.53,0.99,1.44,2.01,3.14,3.14
2012-12-21,0.34,0.33,0.48,0.93,1.38,1.95,3.09,3.09
2012-12-24,0.35,0.34,0.49,0.94,1.39,1.95,3.09,3.09
2012-12-25,0.35,0.34,0.49,0.94,1.39,1.95,3.09,3.09
2012-12-26,0.35,0.34,0.49,0.94,1.39,1.95,3.09,3.09
2012-12-27,0.32,0.29,0.43,0.87,1.31,1.87,3.02,3.02
2012-12-28,0.34,0.31,0.46,0.89,1.33,1.88,3.03,3.03
2012-12-31,0.34,0.32,0.46,0.89,1.33,1.89,3.03,3.03
2013-01-01,0.34,0.32,0.46,0.89,1.33,1.89,3.03,3.03
2013-01-02,0.32,0.4,0.56,1.02,1.48,2.06,3.19,3.19
2013-01-03,0.35,0.44,0.62,1.09,1.56,2.14,3.25,3.25
2013-01-04,0.36,0.46,0.65,1.13,1.6,2.19,3.28,3.28
2013-01-07,0.34,0.43,0.62,1.1,1.57,2.16,3.24,3.24
2013-01-08,0.32,0.39,0.57,1.05,1.52,2.1,3.18,3.18
2013-01-09,0.31,0.38,0.56,1.04,1.51,2.1,3.18,3.18
2013-01-10,0.32,0.4,0.59,1.09,1.58,2.17,3.25,3.25
2013-01-11,0.32,0.4,0.59,1.08,1.57,2.16,3.25,3.25
2013-01-14,0.31,0.38,0.56,1.05,1.52,2.11,3.21,3.21
2013-01-15,0.31,0.37,0.55,1.03,1.5,2.1,3.21,3.21
2013-01-16,0.3,0.35,0.52,1,1.48,2.07,3.19,3.19
2013-01-17,0.31,0.38,0.56,1.04,1.52,2.12,3.24,3.24
2013-01-18,0.31,0.37,0.54,1.02,1.49,2.09,3.21,3.21
2013-01-21,0.34,0.41,0.58,1.06,1.54,2.13,3.25,3.25
2013-01-22,0.32,0.39,0.57,1.04,1.51,2.1,3.23,3.23
2013-01-23,0.3,0.36,0.53,1,1.48,2.08,3.21,3.21
2013-01-24,0.3,0.36,0.53,1.02,1.5,2.1,3.23,3.23
2013-01-25,0.3,0.37,0.55,1.05,1.54,2.14,3.27,3.27
2013-01-28,0.31,0.39,0.58,1.09,1.59,2.19,3.31,3.31
2013-01-29,0.31,0.38,0.57,1.08,1.57,2.17,3.3,3.3
2013-01-30,0.31,0.38,0.58,1.1,1.6,2.2,3.32,3.32
2013-01-31,0.31,0.38,0.57,1.08,1.58,2.19,3.3,3.3
2013-02-01,0.29,0.35,0.54,1.06,1.57,2.19,3.29,3.29
2013-02-04,0.27,0.31,0.51,1.04,1.55,2.18,3.27,3.27
2013-02-05,0.28,0.33,0.53,1.07,1.59,2.22,3.31,3.31
2013-02-06,0.28,0.32,0.51,1.05,1.57,2.2,3.3,3.3
2013-02-07,0.27,0.31,0.51,1.05,1.58,2.21,3.32,3.32
2013-02-08,0.26,0.3,0.5,1.04,1.57,2.2,3.33,3.33
2013-02-11,0.27,0.31,0.5,1.05,1.58,2.22,3.36,3.36
2013-02-12,0.27,0.3,0.5,1.05,1.58,2.22,3.38,3.38
2013-02-13,0.3,0.34,0.55,1.12,1.68,2.33,3.46,3.46
2013-02-14,0.26,0.29,0.5,1.09,1.66,2.33,3.44,3.44
2013-02-15,0.27,0.29,0.51,1.09,1.66,2.33,3.44,3.44
2013-02-18,0.26,0.29,0.51,1.09,1.66,2.33,3.46,3.46
2013-02-19,0.26,0.28,0.49,1.08,1.65,2.32,3.45,3.45
2013-02-20,0.24,0.24,0.45,1.06,1.66,2.34,3.46,3.46
2013-02-21,0.23,0.21,0.4,0.99,1.57,2.26,3.38,3.38
2013-02-22,0.23,0.23,0.42,1,1.58,2.26,3.37,3.37
2013-02-25,0.21,0.2,0.39,0.97,1.55,2.24,3.36,3.36
2013-02-26,0.18,0.17,0.35,0.9,1.45,2.12,3.28,3.28
2013-02-27,0.21,0.21,0.38,0.91,1.45,2.1,3.27,3.27
2013-02-28,0.21,0.22,0.39,0.92,1.46,2.11,3.25,3.25
2013-03-01,0.17,0.17,0.34,0.85,1.37,2.01,3.15,3.15
2013-03-04,0.18,0.19,0.36,0.88,1.4,2.04,3.19,3.19
2013-03-05,0.18,0.19,0.37,0.91,1.45,2.1,3.25,3.25
2013-03-06,0.14,0.16,0.35,0.89,1.43,2.1,3.24,3.24
2013-03-07,0.16,0.19,0.38,0.93,1.49,2.16,3.3,3.3
2013-03-08,0.17,0.21,0.41,0.96,1.52,2.2,3.34,3.34
2013-03-11,0.14,0.18,0.37,0.92,1.48,2.16,3.3,3.3
2013-03-12,0.13,0.16,0.34,0.88,1.43,2.11,3.28,3.28
2013-03-13,0.14,0.18,0.36,0.89,1.43,2.11,3.29,3.29
2013-03-14,0.14,0.18,0.36,0.88,1.42,2.11,3.3,3.3
2013-03-15,0.14,0.18,0.35,0.87,1.4,2.08,3.27,3.27
2013-03-18,0.13,0.16,0.33,0.83,1.36,2.03,3.22,3.22
2013-03-19,0.13,0.15,0.3,0.78,1.3,1.96,3.15,3.15
2013-03-20,0.14,0.15,0.31,0.8,1.33,2.01,3.17,3.17
2013-03-21,0.15,0.16,0.32,0.8,1.32,1.99,3.17,3.17
2013-03-22,0.17,0.18,0.33,0.8,1.32,1.98,3.16,3.16
2013-03-25,0.14,0.15,0.3,0.77,1.27,1.93,3.11,3.11
2013-03-26,0.15,0.16,0.31,0.77,1.27,1.92,3.12,3.12
2013-03-27,0.14,0.14,0.27,0.72,1.2,1.85,3.06,3.06
2013-03-28,0.17,0.17,0.31,0.76,1.25,1.9,3.1,3.1
2013-03-29,0.17,0.17,0.31,0.76,1.25,1.9,3.1,3.1
2013-04-01,0.17,0.17,0.31,0.76,1.25,1.9,3.1,3.1
2013-04-02,0.17,0.17,0.31,0.76,1.26,1.91,3.11,3.11
2013-04-03,0.16,0.16,0.29,0.74,1.23,1.88,3.08,3.08
2013-04-04,0.17,0.16,0.29,0.72,1.2,1.83,3.02,3.02
2013-04-05,0.16,0.15,0.26,0.67,1.13,1.75,2.89,2.89
2013-04-08,0.19,0.19,0.31,0.73,1.19,1.82,2.94,2.94
2013-04-09,0.2,0.2,0.32,0.75,1.23,1.86,2.98,2.98
2013-04-10,0.21,0.21,0.34,0.79,1.28,1.91,3.04,3.04
2013-04-11,0.18,0.19,0.32,0.78,1.26,1.9,3.05,3.05
2013-04-12,0.18,0.17,0.3,0.75,1.23,1.86,3.03,3.03
2013-04-15,0.18,0.17,0.3,0.73,1.21,1.84,3.01,3.01
2013-04-16,0.19,0.19,0.32,0.76,1.24,1.87,3.03,3.03
2013-04-17,0.19,0.17,0.29,0.72,1.19,1.81,2.99,2.99
2013-04-18,0.17,0.16,0.29,0.71,1.17,1.79,2.96,2.96
2013-04-19,0.2,0.19,0.31,0.72,1.18,1.79,2.97,2.97
2013-04-22,0.2,0.19,0.31,0.72,1.17,1.78,2.96,2.96
2013-04-23,0.23,0.23,0.35,0.77,1.23,1.84,3.02,3.02
2013-04-24,0.22,0.21,0.33,0.74,1.2,1.82,3,3
2013-04-25,0.23,0.23,0.35,0.78,1.24,1.86,3.02,3.02
2013-04-26,0.22,0.21,0.33,0.74,1.2,1.81,2.98,2.98
2013-04-29,0.2,0.19,0.32,0.72,1.17,1.78,2.95,2.95
2013-04-30,0.21,0.2,0.32,0.73,1.19,1.79,2.95,2.95
2013-05-01,0.2,0.19,0.31,0.73,1.18,1.79,2.93,2.93
2013-05-02,0.19,0.17,0.29,0.69,1.14,1.73,2.88,2.88
2013-05-03,0.23,0.23,0.37,0.79,1.25,1.85,2.99,2.99
2013-05-06,0.23,0.23,0.37,0.79,1.25,1.85,2.99,2.99
2013-05-07,0.24,0.25,0.4,0.85,1.32,1.92,3.05,3.05
2013-05-08,0.23,0.24,0.38,0.82,1.29,1.89,3.03,3.03
2013-05-09,0.23,0.25,0.39,0.84,1.31,1.91,3.07,3.07
2013-05-10,0.26,0.29,0.45,0.91,1.4,2.02,3.15,3.15
2013-05-13,0.25,0.28,0.44,0.91,1.4,2.02,3.15,3.15
2013-05-14,0.26,0.29,0.45,0.92,1.41,2.04,3.16,3.16
2013-05-15,0.28,0.31,0.47,0.95,1.44,2.07,3.19,3.19
2013-05-16,0.26,0.28,0.43,0.9,1.39,2.01,3.15,3.15
2013-05-17,0.28,0.3,0.45,0.91,1.4,2.03,3.18,3.18
2013-05-20,0.29,0.31,0.47,0.93,1.43,2.06,3.2,3.2
2013-05-21,0.3,0.32,0.47,0.94,1.44,2.08,3.22,3.22
2013-05-22,0.29,0.3,0.45,0.91,1.41,2.04,3.19,3.19
2013-05-23,0.29,0.31,0.46,0.93,1.43,2.06,3.18,3.18
2013-05-24,0.29,0.31,0.46,0.93,1.41,2.04,3.15,3.15
2013-05-27,0.29,0.31,0.46,0.93,1.41,2.04,3.15,3.15
2013-05-28,0.32,0.34,0.5,0.98,1.47,2.11,3.21,3.21
2013-05-29,0.31,0.35,0.53,1.02,1.52,2.15,3.25,3.25
2013-05-30,0.31,0.34,0.51,0.99,1.48,2.11,3.22,3.22
2013-05-31,0.31,0.36,0.53,1.02,1.53,2.16,3.26,3.26
2013-06-03,0.29,0.34,0.53,1.02,1.52,2.16,3.27,3.27
2013-06-04,0.31,0.37,0.56,1.06,1.56,2.2,3.31,3.31
2013-06-05,0.3,0.35,0.54,1.03,1.54,2.18,3.29,3.29
2013-06-06,0.3,0.36,0.55,1.05,1.56,2.2,3.28,3.28
2013-06-07,0.32,0.39,0.59,1.1,1.6,2.23,3.3,3.3
2013-06-10,0.34,0.42,0.63,1.15,1.67,2.3,3.36,3.36
2013-06-11,0.35,0.48,0.71,1.25,1.74,2.33,3.35,3.35
2013-06-12,0.33,0.45,0.67,1.21,1.71,2.31,3.34,3.34
2013-06-13,0.33,0.43,0.65,1.18,1.67,2.28,3.33,3.33
2013-06-14,0.32,0.4,0.61,1.13,1.62,2.22,3.31,3.31
2013-06-17,0.32,0.41,0.62,1.14,1.63,2.24,3.34,3.34
2013-06-18,0.35,0.44,0.66,1.19,1.69,2.3,3.36,3.36
2013-06-19,0.34,0.44,0.66,1.19,1.68,2.28,3.34,3.34
2013-06-20,0.36,0.52,0.8,1.38,1.88,2.46,3.43,3.43
2013-06-21,0.37,0.53,0.82,1.43,1.96,2.56,3.51,3.51
2013-06-24,0.38,0.61,0.94,1.6,2.14,2.72,3.58,3.58
2013-06-25,0.34,0.54,0.87,1.53,2.08,2.69,3.57,3.57
2013-06-26,0.29,0.45,0.76,1.42,1.99,2.61,3.53,3.53
2013-06-27,0.3,0.45,0.76,1.41,1.97,2.59,3.51,3.51
2013-06-28,0.28,0.42,0.73,1.4,1.98,2.62,3.53,3.53
2013-07-01,0.27,0.41,0.72,1.39,1.96,2.6,3.5,3.5
2013-07-02,0.27,0.4,0.7,1.36,1.93,2.56,3.49,3.49
2013-07-03,0.3,0.44,0.74,1.39,1.95,2.57,3.5,3.5
2013-07-04,0.29,0.41,0.69,1.35,1.93,2.57,3.52,3.52
2013-07-05,0.29,0.43,0.73,1.42,2.02,2.68,3.58,3.58
2013-07-08,0.28,0.41,0.71,1.4,2.01,2.68,3.6,3.6
2013-07-09,0.26,0.36,0.65,1.34,1.95,2.63,3.57,3.57
2013-07-10,0.28,0.38,0.67,1.33,1.93,2.61,3.54,3.54
2013-07-11,0.28,0.37,0.65,1.31,1.9,2.57,3.51,3.51
2013-07-12,0.27,0.36,0.63,1.27,1.85,2.51,3.46,3.46
2013-07-15,0.27,0.37,0.64,1.29,1.87,2.53,3.48,3.48
2013-07-16,0.26,0.33,0.58,1.21,1.8,2.47,3.46,3.46
2013-07-17,0.26,0.31,0.57,1.21,1.81,2.49,3.48,3.48
2013-07-18,0.24,0.29,0.54,1.17,1.77,2.46,3.47,3.47
2013-07-19,0.27,0.33,0.59,1.22,1.81,2.49,3.5,3.5
2013-07-22,0.28,0.34,0.59,1.21,1.79,2.47,3.47,3.47
2013-07-23,0.28,0.36,0.62,1.25,1.83,2.51,3.52,3.52
2013-07-24,0.29,0.38,0.66,1.31,1.91,2.6,3.57,3.57
2013-07-25,0.27,0.36,0.64,1.3,1.91,2.59,3.55,3.55
2013-07-26,0.24,0.32,0.59,1.24,1.84,2.53,3.53,3.53
2013-07-29,0.26,0.34,0.6,1.24,1.84,2.53,3.53,3.53
2013-07-30,0.26,0.34,0.6,1.23,1.83,2.52,3.52,3.52
2013-07-31,0.26,0.33,0.6,1.25,1.86,2.56,3.54,3.54
2013-08-01,0.27,0.34,0.61,1.28,1.9,2.61,3.55,3.55
2013-08-02,0.28,0.37,0.65,1.32,1.94,2.63,3.56,3.56
2013-08-05,0.3,0.41,0.71,1.38,1.99,2.68,3.59,3.59
2013-08-06,0.28,0.41,0.71,1.4,2,2.69,3.59,3.59
2013-08-07,0.28,0.41,0.72,1.41,2.01,2.69,3.59,3.59
2013-08-08,0.28,0.4,0.7,1.4,2.01,2.7,3.61,3.61
2013-08-09,0.26,0.37,0.68,1.38,1.99,2.68,3.6,3.6
2013-08-12,0.28,0.39,0.7,1.4,2,2.68,3.6,3.6
2013-08-13,0.31,0.46,0.79,1.51,2.13,2.82,3.68,3.68
2013-08-14,0.31,0.48,0.83,1.56,2.18,2.86,3.73,3.73
2013-08-15,0.29,0.49,0.86,1.61,2.23,2.9,3.75,3.75
2013-08-16,0.29,0.49,0.86,1.62,2.25,2.93,3.75,3.75
2013-08-19,0.3,0.5,0.88,1.66,2.29,2.97,3.76,3.76
2013-08-20,0.27,0.44,0.81,1.58,2.22,2.91,3.71,3.71
2013-08-21,0.29,0.47,0.84,1.61,2.26,2.94,3.72,3.72
2013-08-22,0.29,0.47,0.85,1.63,2.27,2.94,3.69,3.69
2013-08-23,0.3,0.51,0.88,1.65,2.27,2.93,3.66,3.66
2013-08-26,0.3,0.51,0.88,1.65,2.27,2.93,3.66,3.66
2013-08-27,0.29,0.46,0.82,1.55,2.16,2.82,3.59,3.59
2013-08-28,0.32,0.5,0.86,1.59,2.2,2.85,3.63,3.63
2013-08-29,0.3,0.47,0.82,1.56,2.17,2.83,3.62,3.62
2013-08-30,0.3,0.47,0.83,1.57,2.18,2.83,3.64,3.64
2013-09-02,0.32,0.51,0.87,1.63,2.24,2.89,3.66,3.66
2013-09-03,0.33,0.53,0.9,1.66,2.28,2.93,3.67,3.67
2013-09-04,0.33,0.54,0.91,1.67,2.28,2.92,3.69,3.69
2013-09-05,0.36,0.62,1.03,1.81,2.42,3.05,3.76,3.76
2013-09-06,0.33,0.57,0.97,1.75,2.36,2.99,3.7,3.7
2013-09-09,0.34,0.59,0.99,1.76,2.37,3,3.73,3.73
2013-09-10,0.33,0.6,1.02,1.82,2.44,3.07,3.78,3.78
2013-09-11,0.32,0.59,1,1.79,2.42,3.05,3.77,3.77
2013-09-12,0.32,0.56,0.96,1.74,2.36,3,3.75,3.75
2013-09-13,0.32,0.55,0.94,1.72,2.34,2.97,3.71,3.71
2013-09-16,0.34,0.55,0.93,1.7,2.31,2.94,3.7,3.7
2013-09-17,0.34,0.58,0.98,1.75,2.36,2.99,3.72,3.72
2013-09-18,0.36,0.63,1.05,1.83,2.43,3.05,3.76,3.76
2013-09-19,0.34,0.57,0.95,1.71,2.32,2.95,3.7,3.7
2013-09-20,0.34,0.57,0.96,1.72,2.33,2.97,3.72,3.72
2013-09-23,0.33,0.56,0.95,1.71,2.32,2.96,3.71,3.71
2013-09-24,0.3,0.5,0.87,1.61,2.21,2.85,3.65,3.65
2013-09-25,0.31,0.5,0.86,1.58,2.17,2.8,3.61,3.61
2013-09-26,0.32,0.51,0.86,1.57,2.16,2.8,3.6,3.6
2013-09-27,0.31,0.5,0.85,1.55,2.13,2.76,3.56,3.56
2013-09-30,0.32,0.51,0.86,1.56,2.13,2.76,3.54,3.54
2013-10-01,0.32,0.51,0.85,1.56,2.13,2.76,3.52,3.52
2013-10-02,0.31,0.49,0.83,1.54,2.13,2.75,3.52,3.52
2013-10-03,0.31,0.49,0.84,1.55,2.13,2.74,3.51,3.51
2013-10-04,0.32,0.52,0.89,1.61,2.18,2.79,3.53,3.53
2013-10-07,0.3,0.5,0.86,1.58,2.16,2.76,3.52,3.52
2013-10-08,0.31,0.5,0.86,1.59,2.16,2.76,3.51,3.51
2013-10-09,0.31,0.49,0.84,1.56,2.14,2.75,3.51,3.51
2013-10-10,0.31,0.5,0.86,1.6,2.19,2.81,3.55,3.55
2013-10-11,0.32,0.5,0.86,1.59,2.17,2.79,3.55,3.55
2013-10-14,0.33,0.52,0.88,1.61,2.2,2.82,3.57,3.57
2013-10-15,0.35,0.57,0.93,1.66,2.25,2.87,3.62,3.62
2013-10-16,0.36,0.57,0.95,1.69,2.29,2.92,3.65,3.65
2013-10-17,0.35,0.55,0.9,1.62,2.2,2.83,3.59,3.59
2013-10-18,0.35,0.54,0.88,1.59,2.17,2.79,3.57,3.57
2013-10-21,0.36,0.56,0.91,1.62,2.2,2.82,3.6,3.6
2013-10-22,0.32,0.49,0.82,1.52,2.1,2.72,3.51,3.51
2013-10-23,0.31,0.48,0.8,1.49,2.06,2.68,3.47,3.47
2013-10-24,0.34,0.51,0.84,1.53,2.1,2.71,3.51,3.51
2013-10-25,0.33,0.5,0.83,1.52,2.08,2.69,3.5,3.5
2013-10-28,0.34,0.51,0.84,1.53,2.09,2.69,3.49,3.49
2013-10-29,0.32,0.49,0.82,1.5,2.07,2.68,3.47,3.47
2013-10-30,0.3,0.46,0.79,1.46,2.02,2.63,3.44,3.44
2013-10-31,0.31,0.49,0.83,1.52,2.09,2.7,3.49,3.49
2013-11-01,0.32,0.5,0.83,1.54,2.12,2.74,3.53,3.53
2013-11-04,0.31,0.48,0.82,1.52,2.1,2.73,3.52,3.52
2013-11-05,0.33,0.54,0.9,1.61,2.2,2.81,3.58,3.58
2013-11-06,0.32,0.53,0.89,1.61,2.19,2.82,3.58,3.58
2013-11-07,0.3,0.48,0.83,1.55,2.15,2.78,3.57,3.57
2013-11-08,0.34,0.55,0.91,1.64,2.24,2.87,3.64,3.64
2013-11-11,0.34,0.57,0.94,1.67,2.27,2.9,3.66,3.66
2013-11-12,0.33,0.54,0.91,1.65,2.26,2.9,3.66,3.66
2013-11-13,0.34,0.54,0.91,1.65,2.26,2.9,3.66,3.66
2013-11-14,0.33,0.52,0.88,1.62,2.22,2.86,3.64,3.64
2013-11-15,0.31,0.5,0.85,1.59,2.2,2.84,3.61,3.61
2013-11-18,0.33,0.5,0.85,1.57,2.18,2.82,3.6,3.6
2013-11-19,0.34,0.53,0.87,1.59,2.19,2.83,3.6,3.6
2013-11-20,0.34,0.52,0.87,1.6,2.2,2.84,3.61,3.61
2013-11-21,0.34,0.54,0.91,1.67,2.29,2.94,3.69,3.69
2013-11-22,0.34,0.52,0.89,1.64,2.26,2.91,3.65,3.65
2013-11-25,0.33,0.51,0.88,1.62,2.23,2.88,3.64,3.64
2013-11-26,0.33,0.51,0.87,1.6,2.2,2.84,3.62,3.62
2013-11-27,0.35,0.53,0.89,1.62,2.22,2.86,3.65,3.65
2013-11-28,0.34,0.52,0.87,1.61,2.21,2.85,3.65,3.65
2013-11-29,0.35,0.54,0.9,1.64,2.24,2.88,3.65,3.65
2013-12-02,0.38,0.59,0.96,1.71,2.32,2.96,3.71,3.71
2013-12-03,0.36,0.57,0.94,1.69,2.3,2.93,3.68,3.68
2013-12-04,0.37,0.6,0.98,1.75,2.37,3.02,3.73,3.73
2013-12-05,0.37,0.59,0.98,1.76,2.39,3.03,3.74,3.74
2013-12-06,0.38,0.6,0.99,1.76,2.38,3.01,3.7,3.7
2013-12-09,0.37,0.6,1.01,1.78,2.4,3.03,3.71,3.71
2013-12-10,0.35,0.58,0.98,1.76,2.37,3,3.68,3.68
2013-12-11,0.34,0.57,0.97,1.75,2.36,2.99,3.67,3.67
2013-12-12,0.36,0.59,0.99,1.78,2.4,3.03,3.68,3.68
2013-12-13,0.35,0.58,0.99,1.77,2.4,3.03,3.68,3.68
2013-12-16,0.34,0.57,0.97,1.76,2.38,3.01,3.67,3.67
2013-12-17,0.33,0.55,0.96,1.75,2.37,3.01,3.66,3.66
2013-12-18,0.34,0.59,1.01,1.81,2.42,3.05,3.69,3.69
2013-12-19,0.37,0.65,1.08,1.87,2.48,3.09,3.72,3.72
2013-12-20,0.37,0.65,1.09,1.88,2.48,3.06,3.7,3.7
2013-12-23,0.39,0.69,1.13,1.92,2.51,3.09,3.72,3.72
2013-12-24,0.4,0.71,1.15,1.95,2.53,3.11,3.73,3.73
2013-12-25,0.4,0.71,1.15,1.95,2.53,3.11,3.73,3.73
2013-12-26,0.4,0.71,1.15,1.95,2.53,3.11,3.73,3.73
2013-12-27,0.44,0.77,1.23,2.04,2.63,3.2,3.79,3.79
2013-12-30,0.38,0.71,1.18,1.99,2.58,3.16,3.74,3.74
2013-12-31,0.37,0.72,1.18,2,2.59,3.16,3.73,3.73
2014-01-01,0.37,0.72,1.18,2,2.59,3.16,3.73,3.73
2014-01-02,0.35,0.68,1.15,1.98,2.58,3.16,3.75,3.75
2014-01-03,0.36,0.68,1.15,1.98,2.58,3.16,3.73,3.73
2014-01-06,0.34,0.65,1.11,1.93,2.53,3.11,3.71,3.71
2014-01-07,0.35,0.66,1.11,1.92,2.51,3.08,3.69,3.69
2014-01-08,0.38,0.72,1.17,1.97,2.55,3.11,3.71,3.71
2014-01-09,0.38,0.72,1.18,1.98,2.55,3.11,3.71,3.71
2014-01-10,0.35,0.67,1.11,1.89,2.46,3.01,3.66,3.66
2014-01-13,0.33,0.63,1.06,1.84,2.4,2.96,3.62,3.62
2014-01-14,0.35,0.65,1.08,1.84,2.4,2.96,3.62,3.62
2014-01-15,0.36,0.67,1.11,1.88,2.44,3,3.65,3.65
2014-01-16,0.35,0.64,1.07,1.83,2.39,2.94,3.62,3.62
2014-01-17,0.37,0.67,1.1,1.86,2.41,2.96,3.64,3.64
2014-01-20,0.38,0.68,1.11,1.86,2.41,2.95,3.63,3.63
2014-01-21,0.37,0.69,1.12,1.88,2.42,2.96,3.63,3.63
2014-01-22,0.4,0.74,1.19,1.94,2.47,3,3.65,3.65
2014-01-23,0.37,0.7,1.13,1.88,2.41,2.93,3.61,3.61
2014-01-24,0.37,0.68,1.1,1.83,2.36,2.89,3.59,3.59
2014-01-27,0.38,0.69,1.12,1.85,2.37,2.9,3.6,3.6
2014-01-28,0.38,0.71,1.14,1.88,2.41,2.93,3.63,3.63
2014-01-29,0.35,0.65,1.08,1.82,2.35,2.89,3.6,3.6
2014-01-30,0.36,0.66,1.08,1.81,2.34,2.87,3.59,3.59
2014-01-31,0.35,0.64,1.05,1.78,2.31,2.83,3.55,3.55
2014-02-03,0.33,0.62,1.03,1.77,2.3,2.82,3.53,3.53
2014-02-04,0.34,0.62,1.02,1.76,2.29,2.83,3.54,3.54
2014-02-05,0.36,0.61,1,1.73,2.28,2.82,3.54,3.54
2014-02-06,0.37,0.64,1.04,1.78,2.33,2.88,3.58,3.58
2014-02-07,0.34,0.61,1.01,1.74,2.3,2.84,3.56,3.56
2014-02-10,0.35,0.61,1.01,1.75,2.3,2.86,3.58,3.58
2014-02-11,0.35,0.63,1.04,1.77,2.32,2.87,3.59,3.59
2014-02-12,0.39,0.71,1.14,1.89,2.42,2.95,3.64,3.64
2014-02-13,0.36,0.68,1.11,1.85,2.39,2.91,3.61,3.61
2014-02-14,0.37,0.69,1.12,1.87,2.4,2.92,3.6,3.6
2014-02-17,0.35,0.67,1.1,1.85,2.39,2.91,3.59,3.59
2014-02-18,0.34,0.65,1.07,1.82,2.36,2.88,3.58,3.58
2014-02-19,0.34,0.63,1.05,1.79,2.34,2.87,3.57,3.57
2014-02-20,0.37,0.68,1.11,1.86,2.41,2.94,3.62,3.62
2014-02-21,0.35,0.66,1.09,1.84,2.39,2.92,3.6,3.6
2014-02-24,0.35,0.65,1.08,1.83,2.37,2.91,3.58,3.58
2014-02-25,0.35,0.67,1.09,1.82,2.35,2.88,3.57,3.57
2014-02-26,0.36,0.67,1.08,1.81,2.33,2.86,3.56,3.56
2014-02-27,0.35,0.65,1.05,1.76,2.29,2.81,3.52,3.52
2014-02-28,0.34,0.66,1.07,1.8,2.33,2.86,3.55,3.55
2014-03-03,0.34,0.64,1.04,1.75,2.27,2.79,3.5,3.5
2014-03-04,0.34,0.65,1.06,1.78,2.3,2.83,3.52,3.52
2014-03-05,0.34,0.65,1.07,1.79,2.33,2.86,3.54,3.54
2014-03-06,0.34,0.66,1.09,1.82,2.37,2.91,3.58,3.58
2014-03-07,0.33,0.66,1.09,1.83,2.38,2.92,3.59,3.59
2014-03-10,0.34,0.67,1.1,1.84,2.39,2.93,3.6,3.6
2014-03-11,0.34,0.67,1.1,1.83,2.37,2.92,3.58,3.58
2014-03-12,0.34,0.67,1.09,1.81,2.35,2.88,3.56,3.56
2014-03-13,0.32,0.64,1.05,1.77,2.3,2.83,3.53,3.53
2014-03-14,0.33,0.64,1.05,1.75,2.27,2.8,3.49,3.49
2014-03-17,0.35,0.66,1.06,1.77,2.29,2.81,3.5,3.5
2014-03-18,0.35,0.66,1.07,1.77,2.29,2.81,3.49,3.49
2014-03-19,0.34,0.67,1.08,1.78,2.3,2.83,3.52,3.52
2014-03-20,0.36,0.7,1.13,1.85,2.37,2.9,3.6,3.6
2014-03-21,0.35,0.7,1.13,1.85,2.36,2.88,3.57,3.57
2014-03-24,0.34,0.69,1.11,1.81,2.32,2.83,3.52,3.52
2014-03-25,0.36,0.71,1.13,1.83,2.33,2.84,3.54,3.54
2014-03-26,0.36,0.71,1.13,1.82,2.32,2.83,3.54,3.54
2014-03-27,0.36,0.71,1.13,1.81,2.3,2.81,3.53,3.53
2014-03-28,0.39,0.76,1.18,1.86,2.36,2.86,3.56,3.56
2014-03-31,0.39,0.76,1.19,1.87,2.37,2.87,3.55,3.55
2014-04-01,0.38,0.75,1.18,1.87,2.37,2.88,3.55,3.55
2014-04-02,0.39,0.76,1.19,1.9,2.4,2.91,3.57,3.57
2014-04-03,0.37,0.74,1.17,1.87,2.38,2.89,3.56,3.56
2014-04-04,0.35,0.71,1.12,1.81,2.31,2.82,3.52,3.52
2014-04-07,0.35,0.7,1.11,1.79,2.29,2.8,3.51,3.51
2014-04-08,0.36,0.72,1.14,1.82,2.31,2.83,3.53,3.53
2014-04-09,0.36,0.72,1.13,1.82,2.31,2.83,3.53,3.53
2014-04-10,0.35,0.68,1.07,1.74,2.23,2.75,3.47,3.47
2014-04-11,0.36,0.69,1.08,1.74,2.23,2.75,3.46,3.46
2014-04-14,0.37,0.71,1.1,1.76,2.25,2.77,3.49,3.49
2014-04-15,0.36,0.69,1.08,1.74,2.22,2.74,3.47,3.47
2014-04-16,0.38,0.73,1.13,1.78,2.26,2.77,3.48,3.48
2014-04-17,0.4,0.77,1.18,1.83,2.3,2.79,3.49,3.49
2014-04-18,0.4,0.77,1.18,1.83,2.3,2.79,3.49,3.49
2014-04-21,0.4,0.77,1.18,1.83,2.3,2.79,3.49,3.49
2014-04-22,0.42,0.81,1.23,1.89,2.36,2.85,3.52,3.52
2014-04-23,0.38,0.76,1.18,1.84,2.31,2.81,3.5,3.5
2014-04-24,0.39,0.79,1.21,1.87,2.34,2.83,3.52,3.52
2014-04-25,0.37,0.76,1.17,1.82,2.29,2.77,3.48,3.48
2014-04-28,0.38,0.77,1.19,1.85,2.32,2.8,3.5,3.5
2014-04-29,0.37,0.78,1.21,1.88,2.34,2.83,3.51,3.51
2014-04-30,0.36,0.77,1.2,1.86,2.33,2.81,3.5,3.5
2014-05-01,0.35,0.76,1.19,1.84,2.3,2.78,3.48,3.48
2014-05-02,0.36,0.78,1.2,1.86,2.31,2.78,3.47,3.47
2014-05-05,0.36,0.78,1.2,1.86,2.31,2.78,3.47,3.47
2014-05-06,0.4,0.83,1.26,1.9,2.34,2.79,3.47,3.47
2014-05-07,0.4,0.83,1.27,1.91,2.35,2.8,3.47,3.47
2014-05-08,0.37,0.8,1.24,1.89,2.33,2.79,3.46,3.46
2014-05-09,0.4,0.83,1.27,1.92,2.37,2.82,3.48,3.48
2014-05-12,0.42,0.87,1.31,1.97,2.42,2.87,3.51,3.51
2014-05-13,0.4,0.83,1.26,1.91,2.36,2.82,3.47,3.47
2014-05-14,0.37,0.76,1.17,1.81,2.26,2.73,3.42,3.42
2014-05-15,0.35,0.74,1.14,1.75,2.19,2.66,3.39,3.39
2014-05-16,0.38,0.78,1.18,1.8,2.24,2.7,3.41,3.41
2014-05-19,0.38,0.78,1.19,1.81,2.26,2.72,3.41,3.41
2014-05-20,0.38,0.8,1.21,1.84,2.29,2.76,3.45,3.45
2014-05-21,0.4,0.82,1.24,1.87,2.32,2.79,3.46,3.46
2014-05-22,0.4,0.82,1.24,1.88,2.33,2.8,3.47,3.47
2014-05-23,0.38,0.8,1.22,1.86,2.31,2.77,3.46,3.46
2014-05-26,0.38,0.8,1.22,1.86,2.31,2.77,3.46,3.46
2014-05-27,0.38,0.8,1.23,1.86,2.31,2.78,3.47,3.47
2014-05-28,0.36,0.75,1.16,1.78,2.22,2.69,3.41,3.41
2014-05-29,0.37,0.76,1.16,1.77,2.21,2.67,3.39,3.39
2014-05-30,0.38,0.78,1.18,1.8,2.24,2.7,3.41,3.41
2014-06-02,0.4,0.8,1.21,1.84,2.29,2.75,3.45,3.45
2014-06-03,0.41,0.82,1.24,1.88,2.33,2.8,3.48,3.48
2014-06-04,0.42,0.84,1.26,1.91,2.37,2.84,3.5,3.5
2014-06-05,0.39,0.81,1.23,1.89,2.35,2.83,3.49,3.49
2014-06-06,0.4,0.81,1.23,1.88,2.33,2.81,3.48,3.48
2014-06-09,0.42,0.84,1.27,1.92,2.37,2.84,3.51,3.51
2014-06-10,0.44,0.87,1.3,1.95,2.4,2.87,3.53,3.53
2014-06-11,0.43,0.86,1.29,1.94,2.39,2.86,3.51,3.51
2014-06-12,0.44,0.87,1.3,1.95,2.4,2.86,3.51,3.51
2014-06-13,0.55,1,1.42,2.03,2.45,2.89,3.51,3.51
2014-06-16,0.59,1.03,1.44,2.05,2.46,2.89,3.5,3.5
2014-06-17,0.6,1.05,1.46,2.07,2.48,2.91,3.5,3.5
2014-06-18,0.56,1.01,1.42,2.02,2.44,2.87,3.49,3.49
2014-06-19,0.57,1.02,1.44,2.03,2.44,2.87,3.49,3.49
2014-06-20,0.57,1.04,1.46,2.07,2.48,2.9,3.51,3.51
2014-06-23,0.56,1.02,1.44,2.04,2.45,2.87,3.5,3.5
2014-06-24,0.56,1.02,1.44,2.04,2.45,2.88,3.49,3.49
2014-06-25,0.53,0.97,1.38,1.96,2.37,2.79,3.44,3.44
2014-06-26,0.54,0.98,1.38,1.96,2.36,2.78,3.43,3.43
2014-06-27,0.55,0.99,1.39,1.97,2.36,2.78,3.43,3.43
2014-06-30,0.57,1.02,1.42,2,2.39,2.81,3.45,3.45
2014-07-01,0.59,1.05,1.46,2.04,2.43,2.84,3.46,3.46
2014-07-02,0.61,1.08,1.5,2.09,2.48,2.89,3.48,3.48
2014-07-03,0.6,1.06,1.48,2.08,2.48,2.9,3.49,3.49
2014-07-04,0.61,1.07,1.49,2.09,2.49,2.9,3.5,3.5
2014-07-07,0.6,1.06,1.48,2.07,2.47,2.88,3.49,3.49
2014-07-08,0.58,1.02,1.42,2,2.39,2.8,3.44,3.44
2014-07-09,0.61,1.05,1.45,2.02,2.4,2.81,3.44,3.44
2014-07-10,0.6,1.04,1.43,1.99,2.37,2.77,3.41,3.41
2014-07-11,0.58,1.01,1.4,1.96,2.34,2.75,3.4,3.4
2014-07-14,0.58,1.01,1.39,1.96,2.35,2.75,3.4,3.4
2014-07-15,0.62,1.06,1.45,2.01,2.4,2.8,3.41,3.41
2014-07-16,0.62,1.06,1.45,2.02,2.4,2.8,3.41,3.41
2014-07-17,0.59,1.01,1.39,1.95,2.34,2.74,3.36,3.36
2014-07-18,0.61,1.03,1.4,1.95,2.32,2.72,3.33,3.33
2014-07-21,0.59,1.01,1.39,1.93,2.31,2.7,3.32,3.32
2014-07-22,0.61,1.03,1.41,1.96,2.34,2.73,3.33,3.33
2014-07-23,0.59,1.01,1.39,1.93,2.31,2.7,3.31,3.31
2014-07-24,0.62,1.05,1.43,1.98,2.36,2.75,3.33,3.33
2014-07-25,0.6,1.03,1.41,1.95,2.32,2.71,3.31,3.31
2014-07-28,0.61,1.04,1.42,1.96,2.33,2.72,3.32,3.32
2014-07-29,0.6,1.03,1.4,1.93,2.29,2.68,3.29,3.29
2014-07-30,0.61,1.06,1.44,1.98,2.35,2.73,3.32,3.32
2014-07-31,0.59,1.04,1.43,1.99,2.37,2.76,3.32,3.32
2014-08-01,0.56,1.01,1.39,1.94,2.31,2.7,3.27,3.27
2014-08-04,0.56,1,1.38,1.92,2.29,2.68,3.25,3.25
2014-08-05,0.58,1.03,1.41,1.96,2.33,2.72,3.27,3.27
2014-08-06,0.57,1.02,1.39,1.91,2.28,2.65,3.21,3.21
2014-08-07,0.56,1,1.37,1.9,2.26,2.63,3.18,3.18
2014-08-08,0.56,0.99,1.35,1.87,2.22,2.59,3.13,3.13
2014-08-11,0.58,1.02,1.38,1.91,2.26,2.63,3.18,3.18
2014-08-12,0.57,1.01,1.38,1.9,2.25,2.62,3.2,3.2
2014-08-13,0.51,0.92,1.29,1.82,2.2,2.59,3.19,3.19
2014-08-14,0.51,0.91,1.27,1.81,2.18,2.58,3.17,3.17
2014-08-15,0.48,0.88,1.23,1.75,2.12,2.51,3.08,3.08
2014-08-18,0.52,0.93,1.29,1.82,2.19,2.57,3.14,3.14
2014-08-19,0.5,0.9,1.26,1.78,2.15,2.54,3.11,3.11
2014-08-20,0.52,0.93,1.29,1.81,2.18,2.56,3.12,3.12
2014-08-21,0.5,0.91,1.27,1.79,2.16,2.55,3.12,3.12
2014-08-22,0.51,0.93,1.28,1.8,2.17,2.55,3.12,3.12
2014-08-25,0.51,0.93,1.28,1.8,2.17,2.55,3.12,3.12
2014-08-26,0.51,0.9,1.25,1.75,2.1,2.48,3.07,3.07
2014-08-27,0.48,0.87,1.2,1.69,2.02,2.39,3,3
2014-08-28,0.48,0.88,1.22,1.7,2.03,2.39,2.98,2.98
2014-08-29,0.48,0.88,1.22,1.7,2.03,2.39,2.97,2.97
2014-09-01,0.49,0.89,1.23,1.72,2.06,2.41,2.98,2.98
2014-09-02,0.49,0.9,1.25,1.75,2.1,2.46,3.04,3.04
2014-09-03,0.5,0.91,1.27,1.78,2.13,2.5,3.08,3.08
2014-09-04,0.5,0.92,1.27,1.79,2.15,2.52,3.11,3.11
2014-09-05,0.47,0.87,1.23,1.75,2.12,2.5,3.11,3.11
2014-09-08,0.45,0.83,1.19,1.72,2.1,2.5,3.13,3.13
2014-09-09,0.47,0.85,1.21,1.74,2.11,2.51,3.15,3.15
2014-09-10,0.47,0.86,1.22,1.76,2.13,2.53,3.19,3.19
2014-09-11,0.48,0.87,1.23,1.77,2.14,2.53,3.17,3.17
2014-09-12,0.5,0.9,1.27,1.81,2.18,2.57,3.19,3.19
2014-09-15,0.49,0.9,1.27,1.81,2.18,2.58,3.19,3.19
2014-09-16,0.48,0.9,1.26,1.81,2.18,2.57,3.19,3.19
2014-09-17,0.49,0.92,1.29,1.82,2.18,2.56,3.17,3.17
2014-09-18,0.51,0.95,1.34,1.88,2.25,2.63,3.22,3.22
2014-09-19,0.52,0.96,1.33,1.87,2.22,2.58,3.15,3.15
2014-09-22,0.52,0.95,1.33,1.85,2.2,2.54,3.11,3.11
2014-09-23,0.51,0.94,1.31,1.83,2.18,2.52,3.09,3.09
2014-09-24,0.53,0.95,1.32,1.84,2.18,2.52,3.07,3.07
2014-09-25,0.51,0.93,1.3,1.81,2.15,2.5,3.07,3.07
2014-09-26,0.51,0.93,1.3,1.81,2.15,2.5,3.09,3.09
2014-09-29,0.5,0.92,1.29,1.8,2.14,2.48,3.07,3.07
2014-09-30,0.51,0.92,1.27,1.78,2.12,2.47,3.06,3.06
2014-10-01,0.5,0.88,1.23,1.73,2.06,2.41,3.03,3.03
2014-10-02,0.48,0.85,1.19,1.69,2.03,2.39,3.01,3.01
2014-10-03,0.51,0.89,1.23,1.74,2.08,2.44,3.05,3.05
2014-10-06,0.5,0.87,1.21,1.71,2.05,2.4,3.03,3.03
2014-10-07,0.49,0.83,1.16,1.65,1.98,2.34,2.96,2.96
2014-10-08,0.48,0.81,1.12,1.6,1.94,2.3,2.94,2.94
2014-10-09,0.49,0.8,1.11,1.6,1.94,2.31,2.96,2.96
2014-10-10,0.48,0.78,1.08,1.56,1.9,2.27,2.94,2.94
2014-10-13,0.46,0.73,1.02,1.49,1.84,2.21,2.89,2.89
2014-10-14,0.45,0.69,0.97,1.45,1.8,2.18,2.86,2.86
2014-10-15,0.41,0.59,0.83,1.28,1.64,2.04,2.75,2.75
2014-10-16,0.45,0.69,0.95,1.4,1.74,2.12,2.81,2.81
2014-10-17,0.47,0.76,1.04,1.51,1.86,2.24,2.91,2.91
2014-10-20,0.46,0.73,1.01,1.48,1.82,2.2,2.88,2.88
2014-10-21,0.46,0.74,1.02,1.49,1.83,2.21,2.91,2.91
2014-10-22,0.46,0.74,1.04,1.51,1.86,2.24,2.92,2.92
2014-10-23,0.47,0.75,1.05,1.54,1.9,2.28,2.95,2.95
2014-10-24,0.45,0.76,1.06,1.55,1.9,2.28,2.95,2.95
2014-10-27,0.43,0.73,1.03,1.52,1.88,2.26,2.93,2.93
2014-10-28,0.43,0.73,1.04,1.54,1.9,2.28,2.96,2.96
2014-10-29,0.42,0.72,1.04,1.55,1.92,2.31,2.98,2.98
2014-10-30,0.41,0.72,1.03,1.54,1.9,2.28,2.96,2.96
2014-10-31,0.42,0.74,1.06,1.56,1.92,2.31,2.98,2.98
2014-11-03,0.43,0.78,1.1,1.6,1.96,2.33,2.99,2.99
2014-11-04,0.43,0.75,1.07,1.56,1.91,2.28,2.95,2.95
2014-11-05,0.43,0.77,1.09,1.59,1.94,2.31,2.96,2.96
2014-11-06,0.43,0.76,1.08,1.58,1.93,2.3,2.96,2.96
2014-11-07,0.43,0.73,1.04,1.54,1.89,2.27,2.93,2.93
2014-11-10,0.43,0.73,1.03,1.53,1.88,2.25,2.91,2.91
2014-11-11,0.45,0.76,1.07,1.57,1.92,2.29,2.94,2.94
2014-11-12,0.43,0.72,1.02,1.52,1.87,2.24,2.91,2.91
2014-11-13,0.42,0.7,1.01,1.51,1.86,2.24,2.92,2.92
2014-11-14,0.42,0.67,0.97,1.46,1.82,2.2,2.89,2.89
2014-11-17,0.41,0.65,0.94,1.43,1.79,2.18,2.88,2.88
2014-11-18,0.41,0.67,0.96,1.44,1.79,2.18,2.89,2.89
2014-11-19,0.42,0.68,0.98,1.46,1.81,2.19,2.9,2.9
2014-11-20,0.42,0.66,0.94,1.42,1.77,2.16,2.87,2.87
2014-11-21,0.4,0.63,0.9,1.38,1.73,2.11,2.83,2.83
2014-11-24,0.41,0.64,0.91,1.38,1.73,2.11,2.81,2.81
2014-11-25,0.39,0.62,0.89,1.35,1.69,2.06,2.76,2.76
2014-11-26,0.38,0.59,0.86,1.32,1.66,2.03,2.71,2.71
2014-11-27,0.38,0.57,0.83,1.29,1.62,1.98,2.67,2.67
2014-11-28,0.4,0.6,0.85,1.3,1.63,1.99,2.66,2.66
2014-12-01,0.38,0.57,0.82,1.27,1.59,1.95,2.64,2.64
2014-12-02,0.4,0.63,0.89,1.35,1.67,2.03,2.72,2.72
2014-12-03,0.42,0.66,0.94,1.39,1.72,2.07,2.71,2.71
2014-12-04,0.41,0.64,0.91,1.37,1.7,2.04,2.71,2.71
2014-12-05,0.42,0.67,0.95,1.41,1.73,2.07,2.71,2.71
2014-12-08,0.4,0.65,0.93,1.39,1.7,2.03,2.69,2.69
2014-12-09,0.39,0.61,0.88,1.32,1.63,1.95,2.62,2.62
2014-12-10,0.39,0.62,0.89,1.34,1.65,1.97,2.63,2.63
2014-12-11,0.39,0.62,0.89,1.33,1.64,1.96,2.61,2.61
2014-12-12,0.36,0.56,0.81,1.24,1.54,1.86,2.52,2.52
2014-12-15,0.36,0.56,0.82,1.25,1.56,1.88,2.52,2.52
2014-12-16,0.36,0.55,0.8,1.22,1.52,1.83,2.48,2.48
2014-12-17,0.36,0.55,0.79,1.21,1.5,1.82,2.49,2.49
2014-12-18,0.38,0.61,0.88,1.31,1.61,1.93,2.58,2.58
2014-12-19,0.36,0.59,0.85,1.29,1.6,1.92,2.59,2.59
2014-12-22,0.35,0.57,0.83,1.27,1.57,1.89,2.57,2.57
2014-12-23,0.36,0.58,0.85,1.29,1.59,1.92,2.6,2.6
2014-12-24,0.35,0.6,0.87,1.32,1.62,1.95,2.62,2.62
2014-12-25,0.35,0.6,0.87,1.32,1.62,1.95,2.62,2.62
2014-12-26,0.35,0.6,0.87,1.32,1.62,1.95,2.62,2.62
2014-12-29,0.32,0.54,0.81,1.24,1.55,1.87,2.56,2.56
2014-12-30,0.32,0.54,0.8,1.23,1.54,1.86,2.53,2.53
2014-12-31,0.31,0.52,0.77,1.2,1.5,1.82,2.48,2.48
2015-01-01,0.31,0.52,0.77,1.2,1.5,1.82,2.48,2.48
2015-01-02,0.31,0.5,0.75,1.17,1.47,1.79,2.45,2.45
2015-01-05,0.31,0.48,0.71,1.12,1.41,1.73,2.39,2.39
2015-01-06,0.31,0.46,0.67,1.05,1.34,1.66,2.32,2.32
2015-01-07,0.33,0.48,0.69,1.07,1.35,1.67,2.33,2.33
2015-01-08,0.34,0.5,0.72,1.11,1.39,1.7,2.35,2.35
2015-01-09,0.31,0.46,0.67,1.06,1.34,1.65,2.31,2.31
2015-01-12,0.31,0.46,0.67,1.05,1.33,1.63,2.29,2.29
2015-01-13,0.33,0.49,0.7,1.07,1.34,1.65,2.27,2.27
2015-01-14,0.32,0.47,0.67,1.02,1.28,1.57,2.2,2.2
2015-01-15,0.32,0.48,0.68,1.03,1.28,1.57,2.21,2.21
2015-01-16,0.33,0.49,0.7,1.06,1.31,1.6,2.21,2.21
2015-01-19,0.31,0.48,0.69,1.05,1.3,1.58,2.18,2.18
2015-01-20,0.31,0.49,0.71,1.06,1.31,1.58,2.15,2.15
2015-01-21,0.29,0.44,0.65,1,1.25,1.53,2.12,2.12
2015-01-22,0.29,0.44,0.65,1.01,1.28,1.57,2.17,2.17
2015-01-23,0.27,0.41,0.62,0.97,1.24,1.52,2.11,2.11
2015-01-26,0.3,0.46,0.66,1.02,1.28,1.56,2.12,2.12
2015-01-27,0.29,0.45,0.66,1,1.25,1.52,2.11,2.11
2015-01-28,0.29,0.45,0.66,0.99,1.24,1.51,2.11,2.11
2015-01-29,0.3,0.44,0.64,0.96,1.2,1.47,2.08,2.08
2015-01-30,0.29,0.42,0.6,0.91,1.13,1.39,2.01,2.01
2015-02-02,0.31,0.45,0.64,0.95,1.18,1.43,2.02,2.02
2015-02-03,0.32,0.49,0.7,1.03,1.26,1.51,2.1,2.1
2015-02-04,0.33,0.51,0.72,1.07,1.31,1.57,2.17,2.17
2015-02-05,0.33,0.51,0.73,1.08,1.33,1.59,2.2,2.2
2015-02-06,0.35,0.57,0.8,1.17,1.42,1.69,2.28,2.28
2015-02-09,0.34,0.54,0.76,1.13,1.38,1.66,2.26,2.26
2015-02-10,0.34,0.55,0.79,1.17,1.43,1.71,2.34,2.34
2015-02-11,0.34,0.54,0.78,1.17,1.44,1.73,2.37,2.37
2015-02-12,0.31,0.5,0.74,1.14,1.42,1.73,2.38,2.38
2015-02-13,0.31,0.5,0.73,1.13,1.42,1.73,2.39,2.39
2015-02-16,0.31,0.51,0.75,1.15,1.44,1.76,2.41,2.41
2015-02-17,0.33,0.54,0.79,1.2,1.5,1.82,2.47,2.47
2015-02-18,0.35,0.58,0.85,1.28,1.58,1.91,2.55,2.55
2015-02-19,0.34,0.56,0.82,1.25,1.56,1.89,2.53,2.53
2015-02-20,0.33,0.54,0.8,1.22,1.52,1.83,2.47,2.47
2015-02-23,0.34,0.56,0.82,1.25,1.55,1.87,2.49,2.49
2015-02-24,0.33,0.55,0.81,1.23,1.52,1.83,2.44,2.44
2015-02-25,0.33,0.53,0.78,1.19,1.47,1.77,2.4,2.4
2015-02-26,0.33,0.54,0.8,1.22,1.5,1.8,2.41,2.41
2015-02-27,0.35,0.59,0.86,1.28,1.57,1.86,2.46,2.46
2015-03-02,0.35,0.59,0.87,1.29,1.58,1.87,2.49,2.49
2015-03-03,0.36,0.62,0.91,1.34,1.63,1.93,2.57,2.57
2015-03-04,0.36,0.63,0.92,1.37,1.67,1.98,2.6,2.6
2015-03-05,0.35,0.61,0.9,1.35,1.65,1.96,2.6,2.6
2015-03-06,0.36,0.65,0.96,1.43,1.74,2.05,2.68,2.68
2015-03-09,0.36,0.65,0.95,1.42,1.72,2.03,2.67,2.67
2015-03-10,0.34,0.58,0.87,1.31,1.6,1.9,2.57,2.57
2015-03-11,0.35,0.59,0.87,1.31,1.61,1.91,2.58,2.58
2015-03-12,0.35,0.56,0.82,1.25,1.54,1.84,2.5,2.5
2015-03-13,0.33,0.52,0.77,1.2,1.49,1.8,2.48,2.48
2015-03-16,0.33,0.51,0.76,1.17,1.47,1.78,2.45,2.45
2015-03-17,0.33,0.51,0.76,1.18,1.46,1.77,2.42,2.42
2015-03-18,0.31,0.46,0.7,1.1,1.39,1.69,2.37,2.37
2015-03-19,0.3,0.43,0.65,1.05,1.32,1.62,2.28,2.28
2015-03-20,0.3,0.43,0.65,1.04,1.32,1.61,2.27,2.27
2015-03-23,0.28,0.41,0.63,1.03,1.31,1.61,2.27,2.27
2015-03-24,0.28,0.41,0.64,1.04,1.32,1.61,2.26,2.26
2015-03-25,0.28,0.4,0.62,1.02,1.29,1.58,2.22,2.22
2015-03-26,0.29,0.44,0.69,1.11,1.39,1.67,2.29,2.29
2015-03-27,0.27,0.41,0.65,1.06,1.35,1.63,2.25,2.25
2015-03-30,0.28,0.42,0.66,1.09,1.37,1.66,2.28,2.28
2015-03-31,0.3,0.43,0.67,1.09,1.37,1.66,2.29,2.29
2015-04-01,0.29,0.42,0.65,1.06,1.35,1.64,2.26,2.26
2015-04-02,0.31,0.45,0.69,1.1,1.39,1.69,2.3,2.3
2015-04-03,0.31,0.45,0.69,1.1,1.39,1.69,2.3,2.3
2015-04-06,0.31,0.45,0.69,1.1,1.39,1.69,2.3,2.3
2015-04-07,0.31,0.45,0.68,1.1,1.39,1.69,2.32,2.32
2015-04-08,0.32,0.46,0.69,1.1,1.39,1.68,2.3,2.3
2015-04-09,0.33,0.46,0.69,1.1,1.39,1.68,2.31,2.31
2015-04-10,0.33,0.46,0.69,1.1,1.39,1.69,2.32,2.32
2015-04-13,0.32,0.47,0.7,1.11,1.4,1.7,2.32,2.32
2015-04-14,0.32,0.43,0.65,1.04,1.32,1.61,2.25,2.25
2015-04-15,0.32,0.46,0.68,1.08,1.36,1.66,2.28,2.28
2015-04-16,0.33,0.49,0.72,1.12,1.4,1.7,2.32,2.32
2015-04-17,0.34,0.49,0.71,1.11,1.39,1.69,2.31,2.31
2015-04-20,0.33,0.48,0.7,1.1,1.38,1.67,2.31,2.31
2015-04-21,0.34,0.48,0.71,1.1,1.38,1.67,2.32,2.32
2015-04-22,0.38,0.56,0.81,1.22,1.5,1.8,2.42,2.42
2015-04-23,0.37,0.54,0.79,1.21,1.5,1.79,2.41,2.41
2015-04-24,0.35,0.52,0.76,1.17,1.45,1.75,2.37,2.37
2015-04-27,0.37,0.54,0.79,1.21,1.5,1.79,2.4,2.4
2015-04-28,0.36,0.53,0.78,1.2,1.49,1.79,2.4,2.4
2015-04-29,0.38,0.59,0.86,1.31,1.62,1.93,2.55,2.55
2015-04-30,0.38,0.57,0.84,1.3,1.62,1.94,2.53,2.53
2015-05-01,0.38,0.59,0.86,1.32,1.63,1.95,2.54,2.54
2015-05-04,0.38,0.59,0.86,1.32,1.63,1.95,2.54,2.54
2015-05-05,0.41,0.64,0.93,1.41,1.75,2.09,2.68,2.68
2015-05-06,0.4,0.62,0.92,1.41,1.75,2.08,2.64,2.64
2015-05-07,0.4,0.61,0.89,1.37,1.7,2.04,2.61,2.61
2015-05-08,0.38,0.57,0.85,1.32,1.65,1.97,2.52,2.52
2015-05-11,0.4,0.62,0.91,1.39,1.71,2.03,2.56,2.56
2015-05-12,0.42,0.64,0.94,1.43,1.77,2.11,2.66,2.66
2015-05-13,0.42,0.63,0.92,1.42,1.76,2.1,2.64,2.64
2015-05-14,0.42,0.62,0.91,1.41,1.76,2.11,2.69,2.69
2015-05-15,0.41,0.57,0.84,1.32,1.67,2.02,2.59,2.59
2015-05-18,0.41,0.6,0.88,1.37,1.71,2.07,2.64,2.64
2015-05-19,0.41,0.6,0.88,1.37,1.72,2.07,2.64,2.64
2015-05-20,0.41,0.6,0.88,1.38,1.74,2.09,2.67,2.67
2015-05-21,0.41,0.6,0.89,1.39,1.73,2.09,2.68,2.68
2015-05-22,0.4,0.59,0.88,1.36,1.7,2.04,2.64,2.64
2015-05-25,0.4,0.59,0.88,1.36,1.7,2.04,2.64,2.64
2015-05-26,0.4,0.59,0.86,1.33,1.65,1.99,2.59,2.59
2015-05-27,0.41,0.6,0.88,1.35,1.67,2,2.6,2.6
2015-05-28,0.41,0.58,0.84,1.3,1.62,1.95,2.56,2.56
2015-05-29,0.4,0.55,0.81,1.26,1.58,1.92,2.53,2.53
2015-06-01,0.41,0.57,0.83,1.29,1.62,1.96,2.56,2.56
2015-06-02,0.42,0.61,0.88,1.37,1.71,2.06,2.64,2.64
2015-06-03,0.43,0.64,0.93,1.45,1.82,2.19,2.78,2.78
2015-06-04,0.42,0.6,0.89,1.39,1.76,2.13,2.72,2.72
2015-06-05,0.43,0.63,0.93,1.45,1.82,2.19,2.76,2.76
2015-06-08,0.41,0.6,0.9,1.41,1.78,2.16,2.75,2.75
2015-06-09,0.42,0.63,0.93,1.46,1.84,2.22,2.82,2.82
2015-06-10,0.43,0.65,0.96,1.49,1.88,2.27,2.87,2.87
2015-06-11,0.41,0.61,0.91,1.43,1.81,2.2,2.81,2.81
2015-06-12,0.4,0.58,0.86,1.36,1.72,2.09,2.71,2.71
2015-06-15,0.41,0.6,0.9,1.41,1.78,2.15,2.76,2.76
2015-06-16,0.41,0.6,0.89,1.4,1.76,2.13,2.75,2.75
2015-06-17,0.45,0.66,0.95,1.46,1.83,2.19,2.8,2.8
2015-06-18,0.44,0.64,0.93,1.44,1.8,2.17,2.79,2.79
2015-06-19,0.43,0.63,0.91,1.41,1.77,2.13,2.76,2.76
2015-06-22,0.45,0.67,0.97,1.49,1.86,2.23,2.86,2.86
2015-06-23,0.46,0.69,0.99,1.5,1.87,2.24,2.86,2.86
2015-06-24,0.48,0.72,1.03,1.54,1.9,2.26,2.86,2.86
2015-06-25,0.5,0.75,1.05,1.56,1.91,2.27,2.85,2.85
2015-06-26,0.5,0.76,1.08,1.59,1.95,2.3,2.87,2.87
2015-06-29,0.45,0.68,0.99,1.49,1.84,2.19,2.77,2.77
2015-06-30,0.44,0.66,0.96,1.46,1.8,2.16,2.75,2.75
2015-07-01,0.46,0.7,1.01,1.51,1.87,2.22,2.83,2.83
2015-07-02,0.46,0.7,1,1.5,1.85,2.21,2.82,2.82
2015-07-03,0.45,0.66,0.95,1.44,1.78,2.13,2.76,2.76
2015-07-06,0.44,0.66,0.96,1.45,1.8,2.15,2.78,2.78
2015-07-07,0.4,0.57,0.84,1.3,1.62,1.95,2.61,2.61
2015-07-08,0.4,0.6,0.88,1.36,1.69,2.03,2.66,2.66
2015-07-09,0.42,0.63,0.92,1.41,1.75,2.09,2.71,2.71
2015-07-10,0.44,0.67,0.97,1.5,1.86,2.21,2.83,2.83
2015-07-13,0.45,0.69,1,1.53,1.89,2.25,2.86,2.86
2015-07-14,0.46,0.7,1.02,1.55,1.91,2.26,2.87,2.87
2015-07-15,0.48,0.73,1.05,1.57,1.92,2.27,2.86,2.86
2015-07-16,0.46,0.71,1.01,1.52,1.87,2.21,2.82,2.82
2015-07-17,0.48,0.73,1.03,1.53,1.87,2.21,2.82,2.82
2015-07-20,0.48,0.73,1.04,1.53,1.86,2.2,2.83,2.83
2015-07-21,0.48,0.73,1.04,1.53,1.87,2.22,2.84,2.84
2015-07-22,0.49,0.74,1.04,1.51,1.83,2.16,2.77,2.77
2015-07-23,0.5,0.75,1.04,1.51,1.83,2.15,2.75,2.75
2015-07-24,0.48,0.72,1,1.45,1.75,2.06,2.64,2.64
2015-07-27,0.47,0.7,0.98,1.43,1.74,2.05,2.63,2.63
2015-07-28,0.48,0.7,0.98,1.44,1.75,2.07,2.64,2.64
2015-07-29,0.48,0.71,0.99,1.46,1.78,2.1,2.67,2.67
2015-07-30,0.5,0.73,1.02,1.47,1.78,2.09,2.65,2.65
2015-07-31,0.47,0.68,0.95,1.39,1.69,2.01,2.59,2.59
2015-08-03,0.47,0.68,0.95,1.39,1.69,2,2.56,2.56
2015-08-04,0.48,0.67,0.94,1.38,1.68,2,2.56,2.56
2015-08-05,0.51,0.74,1.02,1.47,1.78,2.09,2.63,2.63
2015-08-06,0.49,0.71,0.99,1.43,1.74,2.04,2.57,2.57
2015-08-07,0.48,0.69,0.96,1.39,1.68,1.97,2.51,2.51
2015-08-10,0.5,0.73,1.01,1.45,1.74,2.04,2.56,2.56
2015-08-11,0.47,0.67,0.94,1.36,1.65,1.94,2.48,2.48
2015-08-12,0.45,0.64,0.9,1.32,1.61,1.9,2.47,2.47
2015-08-13,0.45,0.65,0.92,1.36,1.66,1.96,2.53,2.53
2015-08-14,0.46,0.67,0.94,1.38,1.69,2,2.56,2.56
2015-08-17,0.45,0.65,0.91,1.34,1.64,1.95,2.54,2.54
2015-08-18,0.47,0.68,0.95,1.39,1.69,2,2.58,2.58
2015-08-19,0.45,0.66,0.93,1.37,1.67,1.98,2.58,2.58
2015-08-20,0.44,0.62,0.87,1.3,1.59,1.89,2.49,2.49
2015-08-21,0.42,0.59,0.84,1.25,1.54,1.84,2.45,2.45
2015-08-24,0.42,0.58,0.82,1.23,1.51,1.8,2.42,2.42
2015-08-25,0.45,0.64,0.89,1.32,1.61,1.91,2.53,2.53
2015-08-26,0.43,0.63,0.9,1.34,1.65,1.96,2.58,2.58
2015-08-27,0.43,0.63,0.9,1.35,1.67,1.99,2.6,2.6
2015-08-28,0.45,0.64,0.9,1.35,1.65,1.97,2.6,2.6
2015-08-31,0.45,0.64,0.9,1.35,1.65,1.97,2.6,2.6
2015-09-01,0.45,0.65,0.91,1.34,1.64,1.95,2.6,2.6
2015-09-02,0.45,0.65,0.91,1.34,1.65,1.96,2.6,2.6
2015-09-03,0.44,0.62,0.88,1.31,1.61,1.93,2.58,2.58
2015-09-04,0.42,0.58,0.82,1.24,1.53,1.84,2.49,2.49
2015-09-07,0.42,0.57,0.81,1.22,1.52,1.83,2.48,2.48
2015-09-08,0.44,0.59,0.83,1.25,1.55,1.86,2.5,2.5
2015-09-09,0.45,0.61,0.86,1.28,1.57,1.89,2.54,2.54
2015-09-10,0.44,0.6,0.85,1.26,1.56,1.87,2.55,2.55
2015-09-11,0.42,0.57,0.8,1.22,1.52,1.83,2.52,2.52
2015-09-14,0.44,0.58,0.82,1.24,1.54,1.86,2.54,2.54
2015-09-15,0.45,0.62,0.86,1.29,1.6,1.92,2.59,2.59
2015-09-16,0.47,0.65,0.91,1.34,1.64,1.96,2.63,2.63
2015-09-17,0.49,0.67,0.92,1.35,1.65,1.97,2.64,2.64
2015-09-18,0.45,0.59,0.83,1.24,1.54,1.86,2.57,2.57
2015-09-21,0.46,0.61,0.86,1.28,1.59,1.91,2.61,2.61
2015-09-22,0.42,0.54,0.77,1.18,1.47,1.8,2.52,2.52
2015-09-23,0.43,0.57,0.8,1.21,1.5,1.82,2.54,2.54
2015-09-24,0.41,0.52,0.74,1.14,1.44,1.76,2.48,2.48
2015-09-25,0.45,0.59,0.83,1.24,1.54,1.86,2.58,2.58
2015-09-28,0.42,0.55,0.78,1.19,1.48,1.8,2.53,2.53
2015-09-29,0.42,0.54,0.77,1.17,1.46,1.78,2.49,2.49
2015-09-30,0.42,0.54,0.77,1.18,1.48,1.79,2.51,2.51
2015-10-01,0.42,0.54,0.77,1.17,1.46,1.77,2.48,2.48
2015-10-02,0.42,0.51,0.72,1.12,1.4,1.72,2.45,2.45
2015-10-05,0.44,0.56,0.78,1.18,1.48,1.81,2.55,2.55
2015-10-06,0.44,0.56,0.78,1.18,1.49,1.82,2.56,2.56
2015-10-07,0.45,0.57,0.8,1.21,1.52,1.85,2.59,2.59
2015-10-08,0.43,0.56,0.79,1.2,1.5,1.84,2.58,2.58
2015-10-09,0.45,0.58,0.81,1.23,1.54,1.88,2.62,2.62
2015-10-12,0.42,0.55,0.78,1.2,1.51,1.85,2.59,2.59
2015-10-13,0.42,0.55,0.78,1.21,1.52,1.86,2.61,2.61
2015-10-14,0.4,0.5,0.72,1.13,1.44,1.79,2.56,2.56
2015-10-15,0.4,0.5,0.72,1.13,1.45,1.8,2.57,2.57
2015-10-16,0.41,0.51,0.74,1.15,1.47,1.82,2.58,2.58
2015-10-19,0.42,0.53,0.75,1.18,1.5,1.85,2.63,2.63
2015-10-20,0.43,0.55,0.78,1.2,1.53,1.88,2.64,2.64
2015-10-21,0.4,0.51,0.73,1.15,1.47,1.82,2.59,2.59
2015-10-22,0.4,0.5,0.73,1.15,1.47,1.83,2.6,2.6
2015-10-23,0.43,0.54,0.77,1.2,1.53,1.89,2.65,2.65
2015-10-26,0.42,0.52,0.75,1.18,1.5,1.85,2.61,2.61
2015-10-27,0.41,0.49,0.71,1.12,1.44,1.78,2.55,2.55
2015-10-28,0.42,0.51,0.74,1.16,1.48,1.83,2.59,2.59
2015-10-29,0.47,0.61,0.85,1.29,1.61,1.95,2.68,2.68
2015-10-30,0.46,0.6,0.85,1.29,1.61,1.95,2.65,2.65
2015-11-02,0.48,0.63,0.88,1.32,1.64,1.98,2.67,2.67
2015-11-03,0.49,0.66,0.91,1.35,1.66,2,2.71,2.71
2015-11-04,0.5,0.69,0.95,1.38,1.69,2.03,2.73,2.73
2015-11-05,0.48,0.66,0.91,1.34,1.66,2.01,2.71,2.71
2015-11-06,0.52,0.72,0.98,1.42,1.74,2.07,2.76,2.76
2015-11-09,0.51,0.72,0.98,1.43,1.75,2.1,2.78,2.78
2015-11-10,0.49,0.69,0.95,1.39,1.72,2.07,2.74,2.74
2015-11-11,0.5,0.7,0.96,1.41,1.73,2.08,2.77,2.77
2015-11-12,0.48,0.68,0.94,1.38,1.71,2.05,2.74,2.74
2015-11-13,0.48,0.66,0.91,1.35,1.67,2.02,2.72,2.72
2015-11-16,0.45,0.62,0.87,1.31,1.63,1.99,2.69,2.69
2015-11-17,0.46,0.65,0.91,1.35,1.67,2.02,2.73,2.73
2015-11-18,0.46,0.63,0.88,1.31,1.63,1.98,2.69,2.69
2015-11-19,0.44,0.61,0.85,1.28,1.59,1.94,2.66,2.66
2015-11-20,0.44,0.59,0.83,1.26,1.57,1.92,2.65,2.65
2015-11-23,0.43,0.59,0.84,1.26,1.58,1.93,2.66,2.66
2015-11-24,0.43,0.58,0.83,1.25,1.56,1.9,2.63,2.63
2015-11-25,0.44,0.61,0.85,1.27,1.59,1.93,2.64,2.64
2015-11-26,0.42,0.58,0.82,1.23,1.54,1.88,2.59,2.59
2015-11-27,0.42,0.57,0.81,1.22,1.52,1.86,2.58,2.58
2015-11-30,0.42,0.59,0.83,1.24,1.54,1.87,2.59,2.59
2015-12-01,0.4,0.55,0.78,1.19,1.48,1.81,2.53,2.53
2015-12-02,0.4,0.55,0.78,1.18,1.47,1.79,2.51,2.51
2015-12-03,0.45,0.64,0.88,1.29,1.58,1.92,2.62,2.62
2015-12-04,0.44,0.65,0.9,1.32,1.63,1.97,2.67,2.67
2015-12-07,0.4,0.57,0.81,1.22,1.53,1.86,2.55,2.55
2015-12-08,0.4,0.57,0.81,1.22,1.53,1.86,2.54,2.54
2015-12-09,0.41,0.61,0.86,1.27,1.58,1.93,2.6,2.6
2015-12-10,0.4,0.59,0.84,1.25,1.56,1.9,2.58,2.58
2015-12-11,0.38,0.57,0.81,1.21,1.52,1.85,2.54,2.54
2015-12-14,0.38,0.58,0.82,1.22,1.53,1.87,2.56,2.56
2015-12-15,0.41,0.64,0.9,1.33,1.65,1.99,2.68,2.68
2015-12-16,0.39,0.63,0.9,1.32,1.64,1.99,2.71,2.71
2015-12-17,0.37,0.6,0.85,1.25,1.56,1.9,2.64,2.64
2015-12-18,0.37,0.6,0.85,1.25,1.55,1.89,2.62,2.62
2015-12-21,0.36,0.59,0.84,1.24,1.53,1.87,2.6,2.6
2015-12-22,0.38,0.63,0.89,1.29,1.59,1.93,2.66,2.66
2015-12-23,0.38,0.64,0.91,1.34,1.65,1.99,2.71,2.71
2015-12-24,0.37,0.63,0.9,1.32,1.63,1.97,2.69,2.69
2015-12-25,0.37,0.63,0.9,1.32,1.63,1.97,2.69,2.69
2015-12-28,0.37,0.63,0.9,1.32,1.63,1.97,2.69,2.69
2015-12-29,0.37,0.65,0.92,1.33,1.63,1.96,2.68,2.68
2015-12-30,0.39,0.7,0.98,1.4,1.71,2.04,2.74,2.74
2015-12-31,0.37,0.68,0.95,1.38,1.68,2.01,2.71,2.71
2016-01-01,0.37,0.68,0.95,1.38,1.68,2.01,2.71,2.71
2016-01-04,0.34,0.61,0.88,1.3,1.6,1.93,2.65,2.68
2016-01-05,0.33,0.59,0.86,1.28,1.59,1.93,2.64,2.68
2016-01-06,0.29,0.53,0.8,1.21,1.51,1.84,2.57,2.61
2016-01-07,0.31,0.54,0.8,1.21,1.51,1.86,2.6,2.65
2016-01-08,0.31,0.52,0.76,1.17,1.47,1.82,2.58,2.63
2016-01-11,0.31,0.51,0.76,1.17,1.48,1.83,2.59,2.65
2016-01-12,0.31,0.5,0.74,1.15,1.46,1.81,2.57,2.63
2016-01-13,0.31,0.49,0.73,1.13,1.44,1.8,2.56,2.61
2016-01-14,0.33,0.48,0.71,1.12,1.43,1.79,2.56,2.61
2016-01-15,0.31,0.42,0.64,1.03,1.35,1.71,2.5,2.56
2016-01-18,0.33,0.45,0.67,1.07,1.39,1.75,2.54,2.59
2016-01-19,0.34,0.47,0.69,1.1,1.41,1.77,2.55,2.6
2016-01-20,0.31,0.42,0.64,1.04,1.34,1.68,2.48,2.52
2016-01-21,0.3,0.44,0.67,1.08,1.39,1.74,2.51,2.56
2016-01-22,0.3,0.46,0.7,1.12,1.43,1.78,2.54,2.58
2016-01-25,0.28,0.43,0.67,1.09,1.4,1.75,2.5,2.54
2016-01-26,0.28,0.44,0.68,1.1,1.41,1.75,2.49,2.53
2016-01-27,0.28,0.43,0.68,1.09,1.41,1.76,2.48,2.53
2016-01-28,0.27,0.42,0.65,1.07,1.38,1.73,2.46,2.51
2016-01-29,0.24,0.34,0.56,0.96,1.27,1.64,2.39,2.44
2016-02-01,0.29,0.4,0.62,1.02,1.33,1.7,2.45,2.51
2016-02-02,0.28,0.37,0.57,0.95,1.26,1.62,2.39,2.46
2016-02-03,0.26,0.34,0.53,0.9,1.21,1.58,2.35,2.42
2016-02-04,0.27,0.36,0.55,0.94,1.26,1.64,2.4,2.47
2016-02-05,0.28,0.37,0.56,0.94,1.26,1.64,2.41,2.48
2016-02-08,0.23,0.27,0.44,0.79,1.1,1.47,2.27,2.35
2016-02-09,0.25,0.3,0.46,0.8,1.11,1.48,2.28,2.37
2016-02-10,0.27,0.32,0.48,0.82,1.12,1.49,2.29,2.38
2016-02-11,0.22,0.23,0.37,0.68,0.97,1.34,2.18,2.27
2016-02-12,0.29,0.34,0.49,0.81,1.1,1.47,2.28,2.37
2016-02-15,0.28,0.34,0.49,0.82,1.12,1.49,2.3,2.39
2016-02-16,0.27,0.32,0.48,0.82,1.12,1.49,2.31,2.4
2016-02-17,0.29,0.34,0.5,0.86,1.17,1.56,2.37,2.46
2016-02-18,0.28,0.32,0.48,0.82,1.13,1.51,2.35,2.44
2016-02-19,0.28,0.31,0.46,0.79,1.09,1.48,2.32,2.42
2016-02-22,0.26,0.3,0.45,0.79,1.09,1.47,2.32,2.42
2016-02-23,0.26,0.3,0.45,0.79,1.11,1.5,2.35,2.44
2016-02-24,0.25,0.26,0.4,0.72,1.03,1.42,2.3,2.4
2016-02-25,0.24,0.26,0.4,0.73,1.04,1.44,2.34,2.45
2016-02-26,0.27,0.29,0.43,0.76,1.08,1.49,2.37,2.48
2016-02-29,0.25,0.25,0.38,0.69,1,1.41,2.31,2.41
2016-03-01,0.29,0.29,0.42,0.74,1.06,1.47,2.34,2.44
2016-03-02,0.31,0.34,0.47,0.81,1.13,1.54,2.38,2.46
2016-03-03,0.31,0.34,0.48,0.81,1.13,1.53,2.34,2.42
2016-03-04,0.33,0.36,0.5,0.84,1.17,1.57,2.38,2.45
2016-03-07,0.33,0.35,0.49,0.83,1.15,1.56,2.39,2.46
2016-03-08,0.3,0.32,0.45,0.76,1.06,1.45,2.26,2.32
2016-03-09,0.32,0.36,0.51,0.85,1.16,1.55,2.35,2.4
2016-03-10,0.37,0.42,0.57,0.92,1.23,1.61,2.36,2.42
2016-03-11,0.39,0.46,0.62,0.97,1.28,1.66,2.4,2.45
2016-03-14,0.38,0.45,0.61,0.95,1.26,1.63,2.36,2.4
2016-03-15,0.37,0.43,0.58,0.92,1.23,1.61,2.36,2.4
2016-03-16,0.36,0.41,0.56,0.9,1.21,1.6,2.37,2.41
2016-03-17,0.34,0.38,0.52,0.84,1.15,1.54,2.33,2.38
2016-03-18,0.35,0.38,0.52,0.85,1.16,1.55,2.33,2.38
2016-03-21,0.36,0.39,0.53,0.86,1.17,1.56,2.36,2.41
2016-03-22,0.35,0.37,0.51,0.84,1.15,1.54,2.34,2.4
2016-03-23,0.33,0.36,0.5,0.84,1.15,1.54,2.33,2.39
2016-03-24,0.35,0.39,0.53,0.86,1.16,1.55,2.37,2.42
2016-03-25,0.35,0.39,0.53,0.86,1.16,1.55,2.37,2.42
2016-03-28,0.35,0.39,0.53,0.86,1.16,1.55,2.37,2.42
2016-03-29,0.33,0.37,0.51,0.83,1.12,1.51,2.34,2.4
2016-03-30,0.35,0.38,0.52,0.85,1.15,1.54,2.37,2.43
2016-03-31,0.32,0.34,0.48,0.81,1.11,1.5,2.32,2.37
2016-04-01,0.31,0.34,0.48,0.81,1.13,1.52,2.34,2.4
2016-04-04,0.31,0.33,0.47,0.81,1.12,1.52,2.33,2.38
2016-04-05,0.3,0.31,0.43,0.76,1.07,1.46,2.29,2.35
2016-04-06,0.3,0.3,0.43,0.76,1.08,1.48,2.29,2.35
2016-04-07,0.27,0.27,0.39,0.71,1.02,1.42,2.24,2.3
2016-04-08,0.3,0.3,0.42,0.74,1.06,1.47,2.29,2.35
2016-04-11,0.32,0.32,0.44,0.76,1.08,1.5,2.33,2.39
2016-04-12,0.34,0.35,0.48,0.81,1.13,1.55,2.38,2.43
2016-04-13,0.34,0.35,0.48,0.8,1.12,1.53,2.34,2.39
2016-04-14,0.34,0.36,0.49,0.82,1.14,1.55,2.35,2.39
2016-04-15,0.33,0.35,0.47,0.8,1.11,1.52,2.33,2.37
2016-04-18,0.36,0.38,0.51,0.84,1.17,1.58,2.39,2.43
2016-04-19,0.36,0.39,0.54,0.88,1.21,1.62,2.42,2.46
2016-04-20,0.33,0.36,0.5,0.84,1.16,1.56,2.36,2.39
2016-04-21,0.36,0.41,0.57,0.93,1.27,1.68,2.44,2.47
2016-04-22,0.36,0.42,0.58,0.95,1.28,1.7,2.46,2.49
2016-04-25,0.38,0.44,0.6,0.96,1.29,1.7,2.45,2.47
2016-04-26,0.4,0.47,0.64,1.01,1.35,1.76,2.52,2.54
2016-04-27,0.39,0.46,0.63,0.99,1.31,1.72,2.48,2.51
2016-04-28,0.38,0.45,0.61,0.97,1.29,1.69,2.46,2.49
2016-04-29,0.38,0.45,0.61,0.97,1.29,1.69,2.45,2.47
2016-05-02,0.38,0.45,0.61,0.97,1.29,1.69,2.45,2.47
2016-05-03,0.35,0.41,0.57,0.91,1.23,1.62,2.37,2.39
2016-05-04,0.34,0.39,0.55,0.9,1.22,1.62,2.39,2.41
2016-05-05,0.32,0.36,0.51,0.86,1.18,1.58,2.36,2.39
2016-05-06,0.3,0.34,0.48,0.82,1.13,1.52,2.32,2.35
2016-05-09,0.3,0.33,0.47,0.8,1.12,1.52,2.33,2.36
2016-05-10,0.29,0.31,0.46,0.79,1.11,1.51,2.32,2.35
2016-05-11,0.29,0.31,0.46,0.79,1.1,1.5,2.32,2.35
2016-05-12,0.29,0.32,0.47,0.81,1.12,1.51,2.33,2.37
2016-05-13,0.29,0.31,0.45,0.78,1.09,1.48,2.29,2.33
2016-05-16,0.3,0.33,0.47,0.8,1.11,1.5,2.31,2.34
2016-05-17,0.29,0.32,0.46,0.78,1.08,1.47,2.28,2.32
2016-05-18,0.33,0.37,0.52,0.85,1.16,1.55,2.36,2.4
2016-05-19,0.33,0.37,0.52,0.86,1.16,1.54,2.35,2.38
2016-05-20,0.34,0.4,0.55,0.89,1.19,1.57,2.37,2.41
2016-05-23,0.33,0.4,0.56,0.89,1.19,1.57,2.37,2.4
2016-05-24,0.35,0.43,0.59,0.93,1.22,1.58,2.36,2.4
2016-05-25,0.34,0.42,0.58,0.91,1.2,1.56,2.33,2.36
2016-05-26,0.32,0.39,0.55,0.88,1.17,1.52,2.29,2.31
2016-05-27,0.33,0.41,0.58,0.91,1.19,1.55,2.3,2.31
2016-05-30,0.33,0.41,0.58,0.91,1.19,1.55,2.3,2.31
2016-05-31,0.31,0.39,0.56,0.9,1.19,1.55,2.28,2.29
2016-06-01,0.29,0.36,0.51,0.84,1.13,1.48,2.22,2.23
2016-06-02,0.28,0.33,0.48,0.81,1.1,1.46,2.21,2.21
2016-06-03,0.25,0.29,0.43,0.75,1.03,1.39,2.16,2.16
2016-06-06,0.27,0.3,0.43,0.75,1.03,1.4,2.18,2.18
2016-06-07,0.28,0.31,0.43,0.73,1.01,1.38,2.17,2.18
2016-06-08,0.3,0.33,0.45,0.74,1.01,1.36,2.15,2.16
2016-06-09,0.31,0.33,0.45,0.74,1,1.35,2.12,2.13
2016-06-10,0.32,0.34,0.46,0.74,0.99,1.34,2.11,2.12
2016-06-13,0.31,0.33,0.45,0.72,0.98,1.33,2.1,2.1
2016-06-14,0.29,0.28,0.39,0.65,0.9,1.25,2.04,2.03
2016-06-15,0.27,0.27,0.38,0.64,0.89,1.23,2,1.99
2016-06-16,0.27,0.27,0.37,0.62,0.87,1.22,2,1.98
2016-06-17,0.31,0.31,0.42,0.67,0.91,1.26,2.07,2.06
2016-06-20,0.37,0.4,0.51,0.77,1.02,1.36,2.17,2.16
2016-06-21,0.38,0.43,0.55,0.81,1.05,1.4,2.21,2.19
2016-06-22,0.37,0.43,0.56,0.83,1.08,1.44,2.23,2.21
2016-06-23,0.37,0.45,0.58,0.86,1.13,1.48,2.25,2.23
2016-06-24,0.23,0.21,0.3,0.57,0.84,1.22,2,1.99
2016-06-27,0.14,0.09,0.16,0.42,0.69,1.07,1.88,1.89
2016-06-28,0.15,0.11,0.19,0.44,0.71,1.07,1.86,1.86
2016-06-29,0.17,0.13,0.21,0.45,0.71,1.06,1.82,1.81
2016-06-30,0.11,0.08,0.15,0.4,0.66,1.03,1.79,1.79
2016-07-01,0.13,0.12,0.18,0.4,0.64,0.99,1.73,1.74
2016-07-04,0.12,0.1,0.17,0.38,0.61,0.95,1.7,1.71
2016-07-05,0.09,0.08,0.14,0.34,0.56,0.89,1.64,1.64
2016-07-06,0.11,0.1,0.16,0.34,0.56,0.88,1.62,1.63
2016-07-07,0.11,0.1,0.16,0.35,0.57,0.9,1.67,1.68
2016-07-08,0.09,0.09,0.15,0.33,0.54,0.86,1.63,1.65
2016-07-11,0.12,0.11,0.17,0.35,0.55,0.87,1.64,1.67
2016-07-12,0.13,0.13,0.2,0.39,0.61,0.92,1.69,1.72
2016-07-13,0.07,0.07,0.14,0.33,0.54,0.86,1.63,1.65
2016-07-14,0.1,0.11,0.18,0.37,0.59,0.91,1.67,1.69
2016-07-15,0.11,0.13,0.2,0.4,0.62,0.96,1.74,1.76
2016-07-18,0.11,0.12,0.19,0.39,0.61,0.93,1.72,1.74
2016-07-19,0.11,0.13,0.2,0.39,0.6,0.93,1.72,1.74
2016-07-20,0.1,0.12,0.2,0.4,0.62,0.96,1.76,1.78
2016-07-21,0.1,0.11,0.19,0.4,0.63,0.97,1.79,1.81
2016-07-22,0.06,0.07,0.15,0.36,0.59,0.93,1.75,1.77
2016-07-25,0.06,0.07,0.14,0.35,0.59,0.93,1.73,1.76
2016-07-26,0.1,0.1,0.16,0.37,0.61,0.95,1.75,1.78
2016-07-27,0.06,0.05,0.11,0.3,0.52,0.85,1.64,1.69
2016-07-28,0.07,0.06,0.11,0.29,0.51,0.83,1.62,1.68
2016-07-29,0.05,0.04,0.09,0.28,0.48,0.8,1.57,1.63
2016-08-01,0.12,0.1,0.15,0.32,0.53,0.85,1.61,1.67
2016-08-02,0.14,0.13,0.18,0.37,0.59,0.92,1.66,1.71
2016-08-03,0.13,0.12,0.17,0.35,0.58,0.91,1.65,1.69
2016-08-04,0.09,0.04,0.05,0.2,0.41,0.74,1.48,1.56
2016-08-05,0.11,0.06,0.07,0.21,0.43,0.76,1.48,1.55
2016-08-08,0.09,0.03,0.03,0.17,0.38,0.72,1.44,1.51
2016-08-09,0.08,0.02,0.01,0.14,0.35,0.67,1.37,1.44
2016-08-10,0.1,0.04,0.03,0.15,0.34,0.64,1.27,1.33
2016-08-11,0.14,0.08,0.07,0.17,0.34,0.63,1.22,1.28
2016-08-12,0.13,0.07,0.06,0.16,0.33,0.62,1.24,1.29
2016-08-15,0.13,0.08,0.08,0.17,0.35,0.65,1.29,1.33
2016-08-16,0.16,0.12,0.12,0.22,0.4,0.7,1.34,1.37
2016-08-17,0.13,0.09,0.09,0.2,0.38,0.69,1.35,1.38
2016-08-18,0.13,0.09,0.09,0.21,0.39,0.69,1.33,1.36
2016-08-19,0.12,0.09,0.11,0.24,0.43,0.74,1.38,1.42
2016-08-22,0.1,0.07,0.09,0.21,0.4,0.7,1.34,1.38
2016-08-23,0.1,0.07,0.08,0.21,0.38,0.67,1.29,1.32
2016-08-24,0.1,0.08,0.1,0.22,0.4,0.69,1.29,1.32
2016-08-25,0.1,0.09,0.1,0.23,0.4,0.69,1.29,1.32
2016-08-26,0.09,0.08,0.1,0.22,0.38,0.66,1.26,1.29
2016-08-29,0.09,0.08,0.1,0.22,0.38,0.66,1.26,1.29
2016-08-30,0.11,0.1,0.11,0.23,0.39,0.66,1.25,1.3
2016-08-31,0.11,0.09,0.1,0.22,0.39,0.66,1.28,1.32
2016-09-01,0.08,0.07,0.09,0.23,0.41,0.7,1.3,1.34
2016-09-02,0.09,0.09,0.12,0.27,0.47,0.77,1.37,1.4
2016-09-05,0.07,0.07,0.11,0.25,0.44,0.74,1.34,1.37
2016-09-06,0.04,0.05,0.07,0.21,0.4,0.7,1.33,1.37
2016-09-07,0.03,0.03,0.06,0.19,0.39,0.7,1.33,1.36
2016-09-08,0.08,0.09,0.12,0.27,0.47,0.79,1.42,1.44
2016-09-09,0.11,0.13,0.16,0.34,0.56,0.9,1.54,1.57
2016-09-12,0.1,0.11,0.15,0.33,0.56,0.9,1.55,1.58
2016-09-13,0.12,0.13,0.17,0.35,0.58,0.93,1.58,1.61
2016-09-14,0.1,0.12,0.17,0.35,0.58,0.93,1.6,1.64
2016-09-15,0.08,0.1,0.15,0.34,0.58,0.94,1.62,1.66
2016-09-16,0.07,0.08,0.13,0.32,0.55,0.91,1.6,1.64
2016-09-19,0.08,0.09,0.14,0.33,0.57,0.92,1.63,1.68
2016-09-20,0.05,0.06,0.11,0.28,0.5,0.84,1.56,1.63
2016-09-21,0.05,0.06,0.11,0.28,0.51,0.85,1.58,1.65
2016-09-22,0.04,0.04,0.08,0.23,0.44,0.75,1.45,1.52
2016-09-23,0.05,0.05,0.09,0.24,0.44,0.76,1.46,1.53
2016-09-26,0.04,0.04,0.07,0.22,0.42,0.74,1.43,1.49
2016-09-27,0.04,0.03,0.06,0.2,0.39,0.7,1.38,1.44
2016-09-28,0.03,0.02,0.05,0.19,0.39,0.7,1.4,1.46
2016-09-29,0.03,0.03,0.06,0.22,0.43,0.75,1.45,1.51
2016-09-30,0.1,0.07,0.1,0.26,0.47,0.8,1.52,1.59
2016-10-03,0.07,0.05,0.08,0.23,0.45,0.77,1.49,1.55
2016-10-04,0.08,0.06,0.09,0.25,0.47,0.8,1.51,1.57
2016-10-05,0.08,0.07,0.11,0.29,0.52,0.86,1.56,1.62
2016-10-06,0.1,0.08,0.13,0.33,0.57,0.92,1.62,1.68
2016-10-07,0.13,0.12,0.18,0.4,0.66,1.01,1.69,1.73
2016-10-10,0.15,0.16,0.23,0.45,0.71,1.06,1.73,1.77
2016-10-11,0.13,0.14,0.21,0.43,0.68,1.04,1.71,1.76
2016-10-12,0.14,0.16,0.24,0.47,0.73,1.09,1.77,1.82
2016-10-13,0.14,0.16,0.22,0.45,0.71,1.06,1.74,1.78
2016-10-14,0.15,0.18,0.27,0.52,0.79,1.15,1.8,1.84
2016-10-17,0.13,0.17,0.26,0.53,0.8,1.17,1.81,1.84
2016-10-18,0.14,0.17,0.26,0.51,0.77,1.13,1.78,1.82
2016-10-19,0.14,0.18,0.26,0.51,0.77,1.13,1.78,1.81
2016-10-20,0.14,0.18,0.27,0.51,0.77,1.13,1.77,1.78
2016-10-21,0.16,0.2,0.28,0.52,0.77,1.12,1.76,1.77
2016-10-24,0.17,0.21,0.29,0.53,0.79,1.13,1.78,1.79
2016-10-25,0.16,0.2,0.29,0.52,0.77,1.12,1.77,1.78
2016-10-26,0.2,0.25,0.34,0.59,0.85,1.2,1.84,1.85
2016-10-27,0.19,0.26,0.37,0.65,0.93,1.29,1.89,1.89
2016-10-28,0.2,0.26,0.37,0.66,0.94,1.31,1.94,1.94
2016-10-31,0.17,0.23,0.35,0.63,0.92,1.29,1.92,1.92
2016-11-01,0.16,0.24,0.36,0.66,0.96,1.33,1.98,1.97
2016-11-02,0.1,0.17,0.29,0.58,0.87,1.24,1.9,1.9
2016-11-03,0.1,0.18,0.3,0.6,0.89,1.26,1.92,1.92
2016-11-04,0.08,0.15,0.26,0.54,0.82,1.19,1.85,1.85
2016-11-07,0.1,0.17,0.29,0.58,0.87,1.25,1.91,1.91
2016-11-08,0.13,0.2,0.32,0.62,0.91,1.29,1.93,1.93
2016-11-09,0.11,0.19,0.31,0.62,0.91,1.29,1.96,1.96
2016-11-10,0.12,0.23,0.37,0.7,1.01,1.4,2.07,2.06
2016-11-11,0.12,0.23,0.38,0.71,1.03,1.42,2.07,2.06
2016-11-14,0.11,0.24,0.4,0.75,1.09,1.5,2.14,2.12
2016-11-15,0.09,0.21,0.37,0.71,1.04,1.44,2.07,2.04
2016-11-16,0.09,0.23,0.38,0.73,1.06,1.47,2.09,2.05
2016-11-17,0.07,0.2,0.37,0.72,1.05,1.45,2.07,2.03
2016-11-18,0.1,0.22,0.39,0.77,1.12,1.53,2.15,2.1
2016-11-21,0.08,0.2,0.37,0.74,1.08,1.49,2.11,2.06
2016-11-22,0.07,0.18,0.35,0.71,1.04,1.46,2.1,2.06
2016-11-23,0.06,0.17,0.35,0.74,1.1,1.53,2.16,2.12
2016-11-24,0.04,0.15,0.32,0.71,1.07,1.5,2.13,2.08
2016-11-25,0.02,0.12,0.3,0.69,1.05,1.48,2.13,2.08
2016-11-28,0.01,0.1,0.27,0.65,1.01,1.44,2.1,2.05
2016-11-29,0.01,0.1,0.27,0.65,1.01,1.45,2.1,2.04
2016-11-30,0.04,0.12,0.29,0.67,1.04,1.48,2.1,2.05
2016-12-01,0.06,0.14,0.31,0.71,1.09,1.54,2.17,2.12
2016-12-02,0.04,0.12,0.27,0.65,1.01,1.44,2.08,2.04
2016-12-05,0.04,0.11,0.27,0.66,1.03,1.47,2.08,2.04
2016-12-06,0.06,0.13,0.29,0.68,1.04,1.48,2.11,2.07
2016-12-07,0.06,0.12,0.27,0.65,1,1.43,2.08,2.04
2016-12-08,0.04,0.12,0.27,0.65,1.01,1.45,2.09,2.04
2016-12-09,0.06,0.14,0.3,0.69,1.06,1.51,2.15,2.1
2016-12-12,0.05,0.15,0.32,0.72,1.1,1.56,2.21,2.16
2016-12-13,0.04,0.13,0.29,0.68,1.05,1.5,2.16,2.1
2016-12-14,0.03,0.11,0.27,0.65,1.01,1.46,2.11,2.07
2016-12-15,0.07,0.17,0.33,0.74,1.12,1.58,2.23,2.18
2016-12-16,0.02,0.15,0.32,0.72,1.09,1.53,2.17,2.13
2016-12-19,-0.02,0.11,0.29,0.68,1.04,1.48,2.13,2.09
2016-12-20,-0.02,0.11,0.28,0.68,1.05,1.49,2.13,2.09
2016-12-21,-0.02,0.08,0.25,0.65,1.01,1.44,2.08,2.05
2016-12-22,-0.03,0.08,0.24,0.64,1.01,1.43,2.06,2.02
2016-12-23,-0.02,0.06,0.23,0.62,0.98,1.4,2.03,1.99
2016-12-26,-0.02,0.06,0.23,0.62,0.98,1.4,2.03,1.99
2016-12-27,-0.02,0.06,0.23,0.62,0.98,1.4,2.03,1.99
2016-12-28,-0.02,0.06,0.21,0.6,0.94,1.36,1.99,1.95
2016-12-29,-0.02,0.05,0.19,0.55,0.88,1.28,1.92,1.88
2016-12-30,-0.03,0.04,0.19,0.55,0.89,1.3,1.93,1.9
2017-01-02,-0.03,0.04,0.19,0.55,0.89,1.3,1.93,1.9
2017-01-03,0.06,0.13,0.28,0.64,0.98,1.4,2.04,2
2017-01-04,0.07,0.13,0.28,0.64,0.98,1.39,2.03,2
2017-01-05,0.08,0.14,0.28,0.64,0.98,1.38,2.04,2.01
2017-01-06,0.12,0.19,0.33,0.69,1.03,1.44,2.08,2.05
2017-01-09,0.11,0.18,0.32,0.67,1,1.41,2.06,2.03
2017-01-10,0.11,0.19,0.33,0.68,1.01,1.42,2.06,2.03
2017-01-11,0.1,0.18,0.32,0.67,1.01,1.42,2.07,2.04
2017-01-12,0.08,0.15,0.28,0.62,0.95,1.36,2.02,1.99
2017-01-13,0.1,0.18,0.31,0.67,1.01,1.43,2.09,2.06
2017-01-16,0.08,0.15,0.29,0.63,0.97,1.39,2.06,2.03
2017-01-17,0.09,0.16,0.29,0.62,0.96,1.37,2.02,1.99
2017-01-18,0.11,0.18,0.31,0.65,0.98,1.39,2.04,2
2017-01-19,0.11,0.21,0.35,0.7,1.04,1.46,2.1,2.07
2017-01-20,0.11,0.22,0.36,0.72,1.07,1.49,2.13,2.1
2017-01-23,0.09,0.18,0.33,0.68,1.03,1.45,2.1,2.06
2017-01-24,0.08,0.18,0.32,0.68,1.03,1.45,2.08,2.03
2017-01-25,0.09,0.2,0.35,0.73,1.09,1.53,2.16,2.12
2017-01-26,0.11,0.22,0.38,0.77,1.13,1.58,2.2,2.16
2017-01-27,0.08,0.2,0.36,0.74,1.1,1.54,2.17,2.13
2017-01-30,0.07,0.19,0.35,0.73,1.08,1.51,2.14,2.1
2017-01-31,0.06,0.17,0.34,0.71,1.06,1.49,2.11,2.07
2017-02-01,0.08,0.2,0.36,0.75,1.1,1.53,2.16,2.12
2017-02-02,0.05,0.15,0.31,0.68,1.03,1.46,2.11,2.08
2017-02-03,0.04,0.13,0.29,0.65,1,1.44,2.11,2.07
2017-02-06,0.04,0.12,0.27,0.62,0.97,1.4,2.08,2.04
2017-02-07,0.03,0.11,0.25,0.6,0.94,1.37,2.05,2.02
2017-02-08,0.04,0.11,0.24,0.56,0.88,1.3,1.99,1.95
2017-02-09,0.05,0.12,0.24,0.56,0.89,1.31,1.99,1.95
2017-02-10,0.06,0.13,0.26,0.59,0.93,1.35,2.03,2
2017-02-13,0.06,0.14,0.28,0.61,0.95,1.37,2.06,2.03
2017-02-14,0.06,0.14,0.28,0.62,0.96,1.39,2.07,2.04
2017-02-15,0.05,0.13,0.27,0.62,0.96,1.38,2.08,2.05
2017-02-16,0.03,0.09,0.23,0.57,0.91,1.33,2.03,2
2017-02-17,0.03,0.08,0.2,0.53,0.86,1.29,1.99,1.97
2017-02-20,0.04,0.09,0.21,0.54,0.87,1.3,2.01,1.99
2017-02-21,0.06,0.11,0.22,0.55,0.89,1.32,2.03,1.99
2017-02-22,0.04,0.08,0.19,0.51,0.85,1.28,2,1.96
2017-02-23,0.03,0.07,0.17,0.48,0.8,1.22,1.95,1.93
2017-02-24,0.04,0.06,0.15,0.43,0.74,1.15,1.88,1.87
2017-02-27,0.03,0.05,0.14,0.43,0.73,1.14,1.88,1.87
2017-02-28,0.03,0.05,0.14,0.42,0.73,1.13,1.85,1.83
2017-03-01,0.04,0.07,0.17,0.46,0.78,1.18,1.89,1.86
2017-03-02,0.05,0.07,0.17,0.47,0.79,1.2,1.92,1.88
2017-03-03,0.04,0.05,0.15,0.45,0.77,1.19,1.91,1.9
2017-03-06,0.05,0.06,0.16,0.46,0.79,1.21,1.93,1.92
2017-03-07,0.04,0.05,0.14,0.44,0.76,1.18,1.9,1.88
2017-03-08,0.05,0.06,0.16,0.47,0.8,1.23,1.94,1.91
2017-03-09,0.05,0.06,0.16,0.47,0.79,1.21,1.93,1.89
2017-03-10,0.05,0.07,0.17,0.49,0.82,1.24,1.97,1.93
2017-03-13,0.04,0.06,0.16,0.49,0.83,1.25,1.98,1.94
2017-03-14,0.03,0.04,0.14,0.47,0.81,1.24,1.98,1.93
2017-03-15,0.03,0.01,0.11,0.44,0.79,1.22,1.96,1.92
2017-03-16,0.02,0.04,0.14,0.47,0.81,1.25,1.96,1.92
2017-03-17,0.02,0.04,0.14,0.46,0.81,1.24,1.95,1.9
2017-03-20,0.03,0.05,0.15,0.47,0.8,1.24,1.94,1.89
2017-03-21,0.08,0.11,0.2,0.51,0.83,1.26,1.96,1.91
2017-03-22,0.06,0.08,0.17,0.46,0.77,1.18,1.88,1.83
2017-03-23,0.09,0.12,0.22,0.5,0.82,1.23,1.92,1.88
2017-03-24,0.11,0.14,0.23,0.51,0.81,1.21,1.9,1.86
2017-03-27,0.11,0.15,0.23,0.5,0.79,1.18,1.87,1.84
2017-03-28,0.11,0.15,0.23,0.51,0.81,1.2,1.88,1.85
2017-03-29,0.08,0.12,0.21,0.48,0.78,1.16,1.86,1.83
2017-03-30,0.06,0.08,0.16,0.44,0.74,1.13,1.83,1.8
2017-03-31,0.08,0.09,0.17,0.44,0.74,1.13,1.83,1.79
2017-04-03,0.08,0.08,0.14,0.4,0.69,1.07,1.77,1.73
2017-04-04,0.1,0.09,0.16,0.4,0.69,1.07,1.77,1.74
2017-04-05,0.1,0.1,0.17,0.43,0.72,1.1,1.8,1.78
2017-04-06,0.1,0.1,0.18,0.44,0.73,1.11,1.8,1.78
2017-04-07,0.09,0.09,0.16,0.42,0.71,1.09,1.79,1.77
2017-04-10,0.07,0.07,0.15,0.42,0.72,1.1,1.8,1.77
2017-04-11,0.06,0.06,0.13,0.39,0.68,1.06,1.77,1.73
2017-04-12,0.06,0.06,0.13,0.39,0.68,1.07,1.77,1.74
2017-04-13,0.07,0.07,0.14,0.4,0.68,1.06,1.77,1.73
2017-04-14,0.07,0.07,0.14,0.4,0.68,1.06,1.77,1.73
2017-04-17,0.07,0.07,0.14,0.4,0.68,1.06,1.77,1.73
2017-04-18,0.07,0.07,0.14,0.39,0.68,1.05,1.75,1.72
2017-04-19,0.08,0.09,0.17,0.42,0.71,1.08,1.77,1.74
2017-04-20,0.06,0.08,0.16,0.42,0.71,1.09,1.78,1.74
2017-04-21,0.04,0.05,0.13,0.39,0.68,1.06,1.77,1.74
2017-04-24,0.04,0.05,0.14,0.41,0.71,1.09,1.81,1.77
2017-04-25,0.05,0.06,0.15,0.42,0.72,1.11,1.83,1.79
2017-04-26,0.03,0.05,0.14,0.42,0.72,1.11,1.84,1.8
2017-04-27,0.02,0.03,0.12,0.4,0.69,1.09,1.83,1.8
2017-04-28,0.02,0.04,0.13,0.41,0.71,1.11,1.83,1.79
2017-05-01,0.02,0.04,0.13,0.41,0.71,1.11,1.83,1.79
2017-05-02,0.03,0.05,0.14,0.42,0.72,1.12,1.85,1.81
2017-05-03,0.03,0.04,0.13,0.41,0.7,1.11,1.85,1.82
2017-05-04,0.05,0.07,0.16,0.44,0.74,1.14,1.89,1.87
2017-05-05,0.09,0.1,0.18,0.45,0.75,1.15,1.91,1.88
2017-05-08,0.1,0.11,0.19,0.46,0.77,1.18,1.94,1.91
2017-05-09,0.1,0.12,0.21,0.5,0.82,1.23,1.96,1.92
2017-05-10,0.09,0.1,0.19,0.48,0.79,1.2,1.92,1.89
2017-05-11,0.08,0.09,0.18,0.47,0.78,1.2,1.92,1.88
2017-05-12,0.08,0.07,0.15,0.41,0.72,1.12,1.86,1.82
2017-05-15,0.09,0.09,0.16,0.43,0.74,1.16,1.91,1.87
2017-05-16,0.09,0.08,0.16,0.44,0.74,1.15,1.88,1.84
2017-05-17,0.09,0.08,0.15,0.4,0.7,1.1,1.83,1.79
2017-05-18,0.08,0.07,0.14,0.4,0.7,1.1,1.82,1.78
2017-05-19,0.08,0.07,0.15,0.42,0.72,1.12,1.82,1.78
2017-05-22,0.06,0.06,0.14,0.41,0.72,1.11,1.82,1.79
2017-05-23,0.06,0.06,0.14,0.41,0.71,1.1,1.8,1.76
2017-05-24,0.08,0.06,0.14,0.41,0.71,1.11,1.8,1.76
2017-05-25,0.08,0.06,0.13,0.39,0.69,1.08,1.78,1.74
2017-05-26,0.08,0.06,0.12,0.37,0.66,1.05,1.76,1.72
2017-05-29,0.08,0.06,0.12,0.37,0.66,1.05,1.76,1.72
2017-05-30,0.08,0.05,0.11,0.36,0.65,1.04,1.76,1.74
2017-05-31,0.11,0.08,0.14,0.39,0.68,1.07,1.79,1.76
2017-06-01,0.12,0.09,0.16,0.42,0.71,1.1,1.82,1.79
2017-06-02,0.11,0.09,0.16,0.41,0.7,1.09,1.81,1.78
2017-06-05,0.1,0.08,0.15,0.42,0.71,1.09,1.82,1.79
2017-06-06,0.09,0.06,0.13,0.37,0.65,1.03,1.77,1.74
2017-06-07,0.09,0.07,0.13,0.37,0.65,1.03,1.75,1.72
2017-06-08,0.11,0.08,0.15,0.4,0.69,1.08,1.8,1.77
2017-06-09,0.1,0.06,0.13,0.38,0.66,1.06,1.79,1.77
2017-06-12,0.09,0.05,0.1,0.34,0.62,1.02,1.78,1.77
2017-06-13,0.12,0.1,0.16,0.39,0.67,1.07,1.85,1.84
2017-06-14,0.09,0.06,0.1,0.31,0.58,0.98,1.75,1.74
2017-06-15,0.16,0.14,0.2,0.42,0.69,1.08,1.84,1.83
2017-06-16,0.14,0.12,0.18,0.4,0.67,1.06,1.82,1.81
2017-06-19,0.16,0.14,0.19,0.42,0.69,1.07,1.8,1.79
2017-06-20,0.13,0.1,0.16,0.38,0.66,1.05,1.78,1.77
2017-06-21,0.19,0.16,0.2,0.42,0.69,1.06,1.77,1.76
2017-06-22,0.19,0.16,0.21,0.43,0.69,1.06,1.75,1.74
2017-06-23,0.22,0.19,0.24,0.45,0.71,1.07,1.76,1.75
2017-06-26,0.23,0.19,0.24,0.45,0.7,1.06,1.77,1.75
2017-06-27,0.24,0.21,0.26,0.49,0.75,1.12,1.82,1.79
2017-06-28,0.26,0.25,0.31,0.55,0.82,1.2,1.86,1.84
2017-06-29,0.31,0.32,0.38,0.63,0.9,1.28,1.96,1.93
2017-06-30,0.3,0.31,0.38,0.64,0.92,1.3,1.96,1.93
2017-07-03,0.3,0.31,0.39,0.65,0.93,1.31,1.98,1.95
2017-07-04,0.29,0.29,0.37,0.62,0.9,1.29,1.96,1.94
2017-07-05,0.27,0.27,0.34,0.6,0.9,1.3,1.98,1.96
2017-07-06,0.32,0.32,0.4,0.67,0.96,1.36,2.04,2.02
2017-07-07,0.29,0.29,0.37,0.64,0.94,1.35,2.04,2.02
2017-07-10,0.26,0.26,0.34,0.61,0.91,1.31,2,1.97
2017-07-11,0.27,0.27,0.36,0.63,0.93,1.32,2,1.97
2017-07-12,0.26,0.27,0.35,0.62,0.91,1.31,1.98,1.96
2017-07-13,0.28,0.29,0.37,0.64,0.94,1.33,2,1.98
2017-07-14,0.28,0.29,0.38,0.65,0.95,1.35,2.02,1.99
2017-07-17,0.27,0.27,0.35,0.62,0.92,1.32,2,1.97
2017-07-18,0.24,0.24,0.31,0.57,0.86,1.25,1.95,1.93
2017-07-19,0.24,0.23,0.29,0.54,0.83,1.22,1.92,1.9
2017-07-20,0.27,0.25,0.32,0.56,0.85,1.25,1.95,1.92
2017-07-21,0.24,0.23,0.29,0.53,0.82,1.21,1.91,1.89
2017-07-24,0.25,0.23,0.3,0.54,0.82,1.22,1.92,1.89
2017-07-25,0.28,0.27,0.33,0.59,0.88,1.28,1.97,1.95
2017-07-26,0.25,0.23,0.3,0.56,0.86,1.26,1.96,1.94
2017-07-27,0.23,0.2,0.26,0.52,0.82,1.24,1.95,1.93
2017-07-28,0.22,0.21,0.28,0.54,0.84,1.25,1.95,1.93
2017-07-31,0.24,0.23,0.3,0.56,0.85,1.26,1.96,1.94
2017-08-01,0.24,0.22,0.28,0.54,0.84,1.24,1.92,1.9
2017-08-02,0.26,0.24,0.3,0.57,0.87,1.27,1.96,1.94
2017-08-03,0.21,0.19,0.25,0.5,0.79,1.19,1.89,1.88
2017-08-04,0.22,0.2,0.27,0.51,0.8,1.2,1.9,1.89
2017-08-07,0.19,0.18,0.24,0.49,0.78,1.17,1.88,1.86
2017-08-08,0.19,0.19,0.25,0.5,0.79,1.19,1.88,1.87
2017-08-09,0.19,0.17,0.23,0.46,0.74,1.14,1.84,1.82
2017-08-10,0.19,0.17,0.23,0.45,0.73,1.11,1.81,1.8
2017-08-11,0.18,0.17,0.22,0.44,0.71,1.1,1.8,1.79
2017-08-14,0.19,0.18,0.23,0.46,0.73,1.11,1.82,1.81
2017-08-15,0.2,0.18,0.24,0.46,0.74,1.12,1.83,1.82
2017-08-16,0.2,0.19,0.25,0.49,0.76,1.14,1.86,1.85
2017-08-17,0.2,0.19,0.25,0.48,0.75,1.13,1.85,1.84
2017-08-18,0.19,0.18,0.24,0.47,0.74,1.12,1.84,1.82
2017-08-21,0.18,0.18,0.24,0.46,0.73,1.1,1.82,1.8
2017-08-22,0.16,0.17,0.23,0.46,0.74,1.12,1.84,1.82
2017-08-23,0.14,0.15,0.21,0.44,0.71,1.09,1.81,1.79
2017-08-24,0.14,0.15,0.21,0.44,0.71,1.1,1.81,1.79
2017-08-25,0.12,0.14,0.2,0.43,0.71,1.09,1.8,1.78
2017-08-28,0.12,0.14,0.2,0.43,0.71,1.09,1.8,1.78
2017-08-29,0.12,0.12,0.18,0.4,0.66,1.04,1.76,1.74
2017-08-30,0.13,0.13,0.19,0.42,0.69,1.08,1.8,1.78
2017-08-31,0.13,0.13,0.19,0.42,0.69,1.08,1.79,1.77
2017-09-01,0.14,0.14,0.2,0.44,0.72,1.1,1.82,1.8
2017-09-04,0.14,0.14,0.2,0.43,0.71,1.1,1.82,1.81
2017-09-05,0.14,0.13,0.18,0.41,0.68,1.06,1.77,1.76
2017-09-06,0.13,0.12,0.17,0.4,0.67,1.05,1.76,1.74
2017-09-07,0.1,0.1,0.15,0.37,0.63,1.01,1.71,1.7
2017-09-08,0.13,0.13,0.19,0.41,0.67,1.04,1.74,1.72
2017-09-11,0.16,0.18,0.24,0.46,0.72,1.09,1.78,1.77
2017-09-12,0.22,0.25,0.32,0.56,0.82,1.19,1.88,1.87
2017-09-13,0.23,0.25,0.33,0.56,0.82,1.19,1.88,1.87
2017-09-14,0.3,0.34,0.41,0.65,0.91,1.27,1.93,1.92
2017-09-15,0.38,0.42,0.5,0.75,1.01,1.36,1.99,1.98
2017-09-18,0.35,0.39,0.48,0.73,0.99,1.35,1.99,1.97
2017-09-19,0.34,0.39,0.49,0.74,1.01,1.37,2.01,1.99
2017-09-20,0.36,0.41,0.5,0.75,1.01,1.38,2.01,1.98
2017-09-21,0.37,0.43,0.52,0.78,1.05,1.41,2.03,1.99
2017-09-22,0.37,0.43,0.52,0.78,1.05,1.41,2.03,1.99
2017-09-25,0.35,0.41,0.5,0.75,1.02,1.38,2,1.96
2017-09-26,0.37,0.43,0.52,0.76,1.03,1.38,2,1.96
2017-09-27,0.38,0.44,0.54,0.8,1.07,1.42,2.04,2
2017-09-28,0.37,0.44,0.54,0.8,1.07,1.42,2.03,1.99
2017-09-29,0.37,0.43,0.53,0.78,1.05,1.4,2,1.97
2017-10-02,0.36,0.41,0.51,0.76,1.02,1.37,1.98,1.94
2017-10-03,0.38,0.43,0.53,0.78,1.05,1.4,2,1.97
2017-10-04,0.38,0.43,0.53,0.79,1.06,1.41,2.02,1.99
2017-10-05,0.39,0.44,0.54,0.8,1.07,1.43,2.05,2.02
2017-10-06,0.35,0.41,0.51,0.77,1.04,1.41,2.04,2
2017-10-09,0.36,0.41,0.5,0.76,1.04,1.4,2.04,2
2017-10-10,0.38,0.43,0.52,0.78,1.05,1.41,2.04,2
2017-10-11,0.39,0.44,0.54,0.79,1.06,1.42,2.05,2
2017-10-12,0.4,0.46,0.55,0.81,1.07,1.42,2.04,1.99
2017-10-13,0.4,0.46,0.56,0.81,1.07,1.41,2.02,1.97
2017-10-16,0.39,0.44,0.54,0.79,1.04,1.38,1.99,1.94
2017-10-17,0.36,0.4,0.49,0.73,0.99,1.33,1.95,1.9
2017-10-18,0.38,0.43,0.52,0.76,1.02,1.36,1.97,1.92
2017-10-19,0.36,0.4,0.49,0.73,0.98,1.32,1.94,1.89
2017-10-20,0.38,0.43,0.52,0.77,1.03,1.38,2,1.95
2017-10-23,0.38,0.42,0.51,0.76,1.02,1.36,1.98,1.93
2017-10-24,0.4,0.45,0.55,0.8,1.06,1.4,2.01,1.96
2017-10-25,0.44,0.5,0.6,0.86,1.12,1.46,2.06,1.99
2017-10-26,0.43,0.48,0.58,0.85,1.11,1.46,2.06,2
2017-10-27,0.41,0.46,0.55,0.81,1.07,1.41,2.02,1.97
2017-10-30,0.39,0.44,0.53,0.78,1.04,1.38,2,1.95
2017-10-31,0.41,0.45,0.54,0.79,1.05,1.39,2,1.94
2017-11-01,0.44,0.48,0.57,0.82,1.07,1.4,2,1.94
2017-11-02,0.37,0.39,0.48,0.72,0.98,1.32,1.94,1.9
2017-11-03,0.42,0.43,0.5,0.73,0.98,1.32,1.95,1.91
2017-11-06,0.42,0.43,0.5,0.73,0.98,1.31,1.94,1.9
2017-11-07,0.42,0.42,0.49,0.72,0.96,1.3,1.93,1.88
2017-11-08,0.41,0.42,0.48,0.7,0.94,1.27,1.88,1.84
2017-11-09,0.43,0.44,0.52,0.74,0.99,1.32,1.93,1.88
2017-11-10,0.45,0.47,0.56,0.81,1.06,1.4,2,1.95
2017-11-13,0.45,0.47,0.55,0.8,1.06,1.39,1.99,1.94
2017-11-14,0.43,0.45,0.53,0.78,1.04,1.37,1.98,1.94
2017-11-15,0.44,0.45,0.53,0.76,1.02,1.35,1.95,1.91
2017-11-16,0.45,0.47,0.55,0.78,1.03,1.36,1.96,1.92
2017-11-17,0.43,0.46,0.55,0.79,1.04,1.36,1.95,1.91
2017-11-20,0.42,0.46,0.54,0.78,1.02,1.34,1.92,1.88
2017-11-21,0.41,0.46,0.54,0.77,1.01,1.33,1.9,1.86
2017-11-22,0.4,0.45,0.53,0.77,1.02,1.33,1.92,1.88
2017-11-23,0.39,0.43,0.51,0.75,0.99,1.31,1.9,1.86
2017-11-24,0.4,0.44,0.52,0.75,0.99,1.31,1.88,1.84
2017-11-27,0.41,0.45,0.53,0.76,1,1.32,1.9,1.86
2017-11-28,0.42,0.45,0.53,0.76,1,1.31,1.9,1.86
2017-11-29,0.46,0.51,0.6,0.85,1.1,1.41,1.98,1.94
2017-11-30,0.46,0.5,0.59,0.83,1.07,1.38,1.95,1.92
2017-12-01,0.38,0.42,0.51,0.74,0.97,1.28,1.87,1.84
2017-12-04,0.44,0.48,0.57,0.79,1.03,1.34,1.92,1.9
2017-12-05,0.44,0.48,0.56,0.78,1.01,1.32,1.91,1.88
2017-12-06,0.44,0.47,0.55,0.76,0.98,1.29,1.88,1.85
2017-12-07,0.45,0.48,0.56,0.78,1,1.31,1.91,1.88
2017-12-08,0.44,0.48,0.57,0.8,1.03,1.34,1.93,1.9
2017-12-11,0.4,0.44,0.52,0.73,0.96,1.27,1.86,1.84
2017-12-12,0.41,0.45,0.53,0.75,0.98,1.29,1.87,1.85
2017-12-13,0.41,0.46,0.55,0.76,0.98,1.28,1.86,1.84
2017-12-14,0.38,0.43,0.52,0.73,0.95,1.24,1.8,1.78
2017-12-15,0.38,0.43,0.52,0.73,0.93,1.22,1.79,1.76
2017-12-18,0.37,0.43,0.51,0.72,0.93,1.21,1.78,1.75
2017-12-19,0.38,0.45,0.54,0.76,0.98,1.27,1.86,1.83
2017-12-20,0.4,0.47,0.57,0.8,1.02,1.33,1.91,1.89
2017-12-21,0.38,0.46,0.56,0.79,1.02,1.33,1.91,1.89
2017-12-22,0.37,0.44,0.54,0.77,1,1.31,1.89,1.87
2017-12-25,0.37,0.44,0.54,0.77,1,1.31,1.89,1.87
2017-12-26,0.37,0.44,0.54,0.77,1,1.31,1.89,1.87
2017-12-27,0.34,0.41,0.51,0.73,0.94,1.24,1.83,1.81
2017-12-28,0.36,0.43,0.52,0.75,0.97,1.27,1.85,1.82
2017-12-29,0.37,0.42,0.52,0.74,0.96,1.26,1.83,1.81
2018-01-01,0.37,0.42,0.52,0.74,0.96,1.26,1.83,1.81
2018-01-02,0.43,0.49,0.59,0.82,1.05,1.35,1.91,1.88
2018-01-03,0.41,0.46,0.55,0.77,0.99,1.29,1.85,1.82
2018-01-04,0.44,0.49,0.57,0.79,1.01,1.31,1.86,1.83
2018-01-05,0.45,0.49,0.57,0.79,1.01,1.31,1.86,1.83
2018-01-08,0.45,0.49,0.57,0.79,1.01,1.3,1.84,1.8
2018-01-09,0.48,0.52,0.61,0.83,1.05,1.35,1.89,1.85
2018-01-10,0.49,0.53,0.62,0.84,1.06,1.36,1.9,1.86
2018-01-11,0.51,0.56,0.65,0.87,1.09,1.39,1.91,1.87
2018-01-12,0.54,0.6,0.68,0.9,1.12,1.41,1.92,1.88
2018-01-15,0.54,0.6,0.68,0.9,1.11,1.39,1.89,1.85
2018-01-16,0.53,0.59,0.67,0.88,1.09,1.38,1.89,1.85
2018-01-17,0.51,0.58,0.66,0.87,1.09,1.37,1.88,1.84
2018-01-18,0.53,0.61,0.7,0.91,1.12,1.41,1.91,1.87
2018-01-19,0.51,0.59,0.68,0.9,1.12,1.41,1.92,1.88
2018-01-22,0.51,0.59,0.69,0.91,1.14,1.42,1.94,1.89
2018-01-23,0.51,0.6,0.69,0.92,1.14,1.43,1.93,1.89
2018-01-24,0.53,0.63,0.73,0.97,1.19,1.48,1.97,1.92
2018-01-25,0.53,0.63,0.74,0.97,1.19,1.48,1.96,1.91
2018-01-26,0.54,0.66,0.78,1.01,1.23,1.5,1.97,1.92
2018-01-29,0.54,0.67,0.79,1.03,1.25,1.52,1.96,1.91
2018-01-30,0.53,0.66,0.78,1.02,1.24,1.52,1.97,1.93
2018-01-31,0.55,0.69,0.81,1.04,1.26,1.55,1.99,1.95
2018-02-01,0.56,0.71,0.83,1.07,1.3,1.58,2.01,1.95
2018-02-02,0.55,0.71,0.85,1.1,1.34,1.62,2.03,1.97
2018-02-05,0.53,0.7,0.83,1.09,1.33,1.62,2.04,1.97
2018-02-06,0.5,0.65,0.78,1.03,1.27,1.57,2.02,1.95
2018-02-07,0.52,0.67,0.8,1.06,1.3,1.6,2.04,1.97
2018-02-08,0.58,0.75,0.89,1.16,1.39,1.68,2.07,2.01
2018-02-09,0.57,0.73,0.87,1.13,1.37,1.65,2.04,1.98
2018-02-12,0.57,0.74,0.88,1.14,1.37,1.65,2.04,1.98
2018-02-13,0.59,0.75,0.9,1.16,1.39,1.67,2.06,2
2018-02-14,0.6,0.76,0.9,1.17,1.4,1.69,2.08,2.02
2018-02-15,0.6,0.76,0.9,1.18,1.42,1.71,2.12,2.05
2018-02-16,0.56,0.71,0.85,1.12,1.36,1.64,2.04,1.98
2018-02-19,0.57,0.72,0.86,1.13,1.37,1.66,2.06,1.99
2018-02-20,0.57,0.71,0.85,1.11,1.34,1.63,2.02,1.96
2018-02-21,0.58,0.72,0.85,1.1,1.33,1.61,2,1.94
2018-02-22,0.58,0.73,0.85,1.1,1.32,1.61,2.01,1.94
2018-02-23,0.6,0.73,0.85,1.09,1.31,1.59,1.99,1.93
2018-02-26,0.6,0.74,0.85,1.08,1.3,1.57,1.98,1.91
2018-02-27,0.62,0.76,0.88,1.12,1.34,1.62,2.02,1.95
2018-02-28,0.59,0.73,0.84,1.08,1.3,1.57,1.98,1.91
2018-03-01,0.58,0.71,0.82,1.04,1.26,1.54,1.95,1.88
2018-03-02,0.6,0.72,0.82,1.04,1.25,1.53,1.94,1.88
2018-03-05,0.61,0.74,0.84,1.06,1.28,1.56,1.97,1.91
2018-03-06,0.6,0.75,0.86,1.09,1.31,1.59,2,1.93
2018-03-07,0.59,0.74,0.86,1.08,1.29,1.57,1.98,1.91
2018-03-08,0.59,0.74,0.85,1.07,1.27,1.55,1.96,1.89
2018-03-09,0.63,0.77,0.88,1.09,1.29,1.57,2,1.93
2018-03-12,0.64,0.78,0.88,1.09,1.3,1.57,2,1.94
2018-03-13,0.64,0.78,0.88,1.08,1.28,1.55,1.95,1.89
2018-03-14,0.61,0.74,0.84,1.04,1.23,1.5,1.89,1.82
2018-03-15,0.62,0.75,0.85,1.05,1.24,1.5,1.88,1.81
2018-03-16,0.63,0.76,0.86,1.06,1.25,1.5,1.87,1.8
2018-03-19,0.64,0.77,0.87,1.07,1.26,1.51,1.84,1.77
2018-03-20,0.68,0.82,0.93,1.12,1.31,1.55,1.86,1.77
2018-03-21,0.7,0.87,0.98,1.18,1.37,1.6,1.88,1.79
2018-03-22,0.67,0.82,0.92,1.1,1.26,1.48,1.78,1.71
2018-03-23,0.69,0.84,0.94,1.12,1.29,1.51,1.82,1.75
2018-03-26,0.69,0.84,0.94,1.13,1.3,1.51,1.81,1.74
2018-03-27,0.68,0.82,0.92,1.1,1.27,1.48,1.79,1.73
2018-03-28,0.65,0.77,0.87,1.04,1.21,1.44,1.77,1.71
2018-03-29,0.68,0.77,0.86,1.03,1.2,1.42,1.76,1.71
2018-03-30,0.68,0.77,0.86,1.03,1.2,1.42,1.76,1.71
2018-04-02,0.68,0.77,0.86,1.03,1.2,1.42,1.76,1.71
2018-04-03,0.69,0.78,0.87,1.04,1.21,1.43,1.78,1.73
2018-04-04,0.7,0.79,0.87,1.05,1.22,1.44,1.81,1.76
2018-04-05,0.73,0.82,0.9,1.09,1.26,1.49,1.85,1.8
2018-04-06,0.72,0.81,0.89,1.08,1.25,1.47,1.83,1.78
2018-04-09,0.74,0.82,0.91,1.09,1.26,1.48,1.84,1.78
2018-04-10,0.76,0.84,0.92,1.1,1.27,1.5,1.86,1.81
2018-04-11,0.76,0.83,0.91,1.08,1.25,1.46,1.81,1.76
2018-04-12,0.77,0.85,0.94,1.13,1.3,1.52,1.86,1.81
2018-04-13,0.76,0.85,0.94,1.12,1.29,1.51,1.86,1.81
2018-04-16,0.77,0.86,0.96,1.15,1.32,1.54,1.89,1.84
2018-04-17,0.75,0.84,0.93,1.12,1.3,1.52,1.88,1.83
2018-04-18,0.72,0.8,0.89,1.08,1.27,1.5,1.88,1.83
2018-04-19,0.76,0.84,0.94,1.15,1.35,1.59,1.95,1.9
2018-04-20,0.7,0.79,0.89,1.11,1.32,1.58,1.95,1.9
2018-04-23,0.72,0.79,0.9,1.13,1.34,1.61,1.99,1.93
2018-04-24,0.73,0.82,0.93,1.15,1.36,1.62,2,1.95
2018-04-25,0.74,0.83,0.94,1.17,1.37,1.62,1.98,1.92
2018-04-26,0.74,0.83,0.94,1.15,1.35,1.59,1.94,1.89
2018-04-27,0.66,0.75,0.86,1.08,1.28,1.53,1.91,1.86
2018-04-30,0.63,0.72,0.83,1.05,1.25,1.51,1.88,1.83
2018-05-01,0.63,0.72,0.83,1.04,1.24,1.49,1.87,1.83
2018-05-02,0.68,0.77,0.88,1.09,1.29,1.54,1.92,1.88
2018-05-03,0.62,0.71,0.81,1.03,1.23,1.48,1.87,1.82
2018-05-04,0.63,0.73,0.83,1.04,1.24,1.49,1.88,1.83
2018-05-07,0.63,0.73,0.83,1.04,1.24,1.49,1.88,1.83
2018-05-08,0.65,0.75,0.86,1.08,1.28,1.53,1.92,1.87
2018-05-09,0.67,0.77,0.89,1.11,1.31,1.56,1.94,1.88
2018-05-10,0.62,0.72,0.83,1.06,1.26,1.52,1.92,1.86
2018-05-11,0.64,0.74,0.85,1.08,1.28,1.54,1.94,1.88
2018-05-14,0.64,0.76,0.88,1.11,1.31,1.57,1.96,1.9
2018-05-15,0.66,0.78,0.9,1.14,1.35,1.61,1.98,1.92
2018-05-16,0.64,0.77,0.89,1.12,1.33,1.6,1.97,1.9
2018-05-17,0.67,0.8,0.93,1.18,1.39,1.65,2,1.94
2018-05-18,0.62,0.76,0.89,1.12,1.33,1.6,1.97,1.91
2018-05-21,0.62,0.75,0.88,1.11,1.32,1.59,1.97,1.91
2018-05-22,0.63,0.77,0.9,1.14,1.35,1.62,1.99,1.93
2018-05-23,0.59,0.71,0.83,1.06,1.27,1.53,1.93,1.87
2018-05-24,0.57,0.69,0.81,1.04,1.24,1.5,1.9,1.84
2018-05-25,0.55,0.65,0.76,0.98,1.18,1.44,1.84,1.78
2018-05-28,0.55,0.65,0.76,0.98,1.18,1.44,1.84,1.78
2018-05-29,0.48,0.58,0.68,0.89,1.08,1.34,1.77,1.72
2018-05-30,0.47,0.56,0.67,0.88,1.08,1.34,1.76,1.7
2018-05-31,0.46,0.56,0.66,0.88,1.08,1.33,1.76,1.7
2018-06-01,0.48,0.59,0.7,0.92,1.13,1.39,1.81,1.76
2018-06-04,0.51,0.62,0.73,0.95,1.15,1.41,1.82,1.77
2018-06-05,0.52,0.62,0.73,0.95,1.15,1.4,1.81,1.77
2018-06-06,0.57,0.69,0.8,1.03,1.24,1.5,1.91,1.86
2018-06-07,0.59,0.7,0.82,1.05,1.26,1.52,1.93,1.88
2018-06-08,0.59,0.7,0.82,1.05,1.25,1.51,1.92,1.87
2018-06-11,0.58,0.7,0.82,1.05,1.26,1.52,1.93,1.88
2018-06-12,0.57,0.7,0.81,1.04,1.25,1.5,1.9,1.85
2018-06-13,0.57,0.69,0.8,1.02,1.22,1.47,1.86,1.81
2018-06-14,0.56,0.68,0.78,1,1.19,1.44,1.82,1.76
2018-06-15,0.56,0.67,0.77,0.99,1.18,1.43,1.83,1.77
2018-06-18,0.57,0.67,0.78,0.99,1.19,1.44,1.84,1.79
2018-06-19,0.57,0.66,0.75,0.96,1.15,1.4,1.82,1.76
2018-06-20,0.58,0.67,0.76,0.97,1.16,1.41,1.83,1.78
2018-06-21,0.59,0.68,0.77,0.97,1.15,1.39,1.81,1.76
2018-06-22,0.63,0.72,0.81,1.01,1.19,1.43,1.83,1.78
2018-06-25,0.61,0.7,0.79,0.99,1.17,1.41,1.84,1.79
2018-06-26,0.61,0.69,0.78,0.98,1.17,1.41,1.82,1.78
2018-06-27,0.59,0.67,0.75,0.94,1.13,1.36,1.78,1.74
2018-06-28,0.58,0.66,0.75,0.94,1.13,1.37,1.78,1.74
2018-06-29,0.61,0.69,0.77,0.97,1.15,1.39,1.79,1.75
2018-07-02,0.59,0.67,0.75,0.95,1.13,1.37,1.78,1.74
2018-07-03,0.59,0.66,0.74,0.93,1.11,1.36,1.76,1.72
2018-07-04,0.62,0.69,0.77,0.97,1.15,1.39,1.79,1.75
2018-07-05,0.61,0.69,0.77,0.96,1.13,1.37,1.77,1.73
2018-07-06,0.63,0.71,0.79,0.97,1.15,1.37,1.76,1.73
2018-07-09,0.61,0.7,0.79,0.98,1.16,1.39,1.77,1.73
2018-07-10,0.64,0.73,0.81,1.01,1.18,1.41,1.79,1.75
2018-07-11,0.65,0.73,0.81,1,1.18,1.41,1.79,1.75
2018-07-12,0.63,0.71,0.79,0.98,1.16,1.39,1.77,1.73
2018-07-13,0.65,0.71,0.79,0.98,1.16,1.39,1.78,1.74
2018-07-16,0.66,0.73,0.81,1,1.18,1.41,1.8,1.76
2018-07-17,0.66,0.72,0.8,0.98,1.15,1.37,1.77,1.74
2018-07-18,0.66,0.7,0.77,0.94,1.11,1.34,1.75,1.72
2018-07-19,0.65,0.69,0.75,0.91,1.08,1.3,1.7,1.68
2018-07-20,0.65,0.7,0.77,0.95,1.12,1.35,1.73,1.71
2018-07-23,0.67,0.72,0.8,0.98,1.15,1.38,1.76,1.73
2018-07-24,0.66,0.72,0.8,0.97,1.15,1.38,1.76,1.72
2018-07-25,0.67,0.72,0.8,0.98,1.15,1.38,1.75,1.72
2018-07-26,0.66,0.73,0.81,0.99,1.16,1.39,1.78,1.74
2018-07-27,0.66,0.73,0.81,0.99,1.16,1.4,1.79,1.75
2018-07-30,0.68,0.76,0.85,1.04,1.23,1.46,1.85,1.81
2018-07-31,0.67,0.74,0.83,1.02,1.21,1.44,1.83,1.79
2018-08-01,0.69,0.77,0.87,1.08,1.26,1.5,1.87,1.82
2018-08-02,0.69,0.77,0.86,1.07,1.26,1.49,1.86,1.82
2018-08-03,0.65,0.72,0.82,1.02,1.2,1.44,1.82,1.79
2018-08-06,0.64,0.7,0.79,1,1.18,1.41,1.8,1.76
2018-08-07,0.66,0.71,0.81,1.02,1.21,1.44,1.82,1.78
2018-08-08,0.67,0.72,0.81,1.01,1.2,1.43,1.81,1.78
2018-08-09,0.67,0.72,0.8,1,1.19,1.42,1.81,1.78
2018-08-10,0.64,0.68,0.76,0.96,1.13,1.37,1.77,1.74
2018-08-13,0.65,0.69,0.78,0.98,1.15,1.38,1.78,1.75
2018-08-14,0.65,0.7,0.78,0.98,1.16,1.38,1.78,1.75
2018-08-15,0.63,0.67,0.75,0.94,1.11,1.34,1.75,1.72
2018-08-16,0.65,0.68,0.76,0.95,1.12,1.35,1.76,1.73
2018-08-17,0.66,0.69,0.77,0.95,1.12,1.35,1.76,1.74
2018-08-20,0.65,0.69,0.77,0.94,1.11,1.34,1.75,1.73
2018-08-21,0.67,0.71,0.79,0.98,1.16,1.39,1.79,1.77
2018-08-22,0.68,0.72,0.8,0.99,1.16,1.39,1.8,1.78
2018-08-23,0.68,0.72,0.8,0.99,1.16,1.4,1.8,1.78
2018-08-24,0.68,0.72,0.8,0.99,1.16,1.4,1.81,1.79
2018-08-27,0.68,0.72,0.8,0.99,1.16,1.4,1.81,1.79
2018-08-28,0.69,0.73,0.82,1.01,1.19,1.43,1.83,1.81
2018-08-29,0.72,0.77,0.86,1.06,1.24,1.47,1.87,1.83
2018-08-30,0.7,0.75,0.84,1.04,1.21,1.43,1.84,1.81
2018-08-31,0.69,0.73,0.82,1.01,1.19,1.41,1.83,1.8
2018-09-03,0.69,0.73,0.81,1,1.17,1.39,1.81,1.78
2018-09-04,0.7,0.74,0.82,1,1.18,1.41,1.83,1.81
2018-09-05,0.72,0.76,0.84,1.04,1.22,1.45,1.88,1.86
2018-09-06,0.7,0.73,0.81,1,1.17,1.4,1.83,1.81
2018-09-07,0.72,0.75,0.83,1.02,1.21,1.44,1.86,1.84
2018-09-10,0.73,0.76,0.84,1.04,1.22,1.45,1.88,1.86
2018-09-11,0.74,0.79,0.88,1.07,1.25,1.48,1.9,1.88
2018-09-12,0.74,0.8,0.88,1.06,1.24,1.47,1.9,1.88
2018-09-13,0.75,0.81,0.89,1.08,1.26,1.49,1.91,1.89
2018-09-14,0.75,0.82,0.91,1.1,1.28,1.51,1.92,1.9
2018-09-17,0.75,0.82,0.91,1.11,1.29,1.52,1.93,1.91
2018-09-18,0.74,0.82,0.92,1.13,1.31,1.55,1.96,1.94
2018-09-19,0.77,0.85,0.96,1.17,1.36,1.6,2.01,1.99
2018-09-20,0.76,0.84,0.95,1.16,1.35,1.58,1.98,1.96
2018-09-21,0.75,0.82,0.92,1.13,1.31,1.54,1.95,1.93
2018-09-24,0.76,0.84,0.95,1.17,1.36,1.6,2.01,1.98
2018-09-25,0.76,0.85,0.96,1.19,1.38,1.62,2.03,2.01
2018-09-26,0.75,0.83,0.94,1.16,1.35,1.59,2,1.98
2018-09-27,0.77,0.84,0.95,1.16,1.35,1.58,1.98,1.96
2018-09-28,0.78,0.84,0.94,1.15,1.34,1.57,1.97,1.95
2018-10-01,0.77,0.83,0.93,1.15,1.34,1.57,1.97,1.95
2018-10-02,0.76,0.81,0.9,1.11,1.3,1.53,1.95,1.94
2018-10-03,0.78,0.83,0.92,1.13,1.32,1.56,1.97,1.96
2018-10-04,0.82,0.89,0.99,1.22,1.42,1.65,2.04,2.02
2018-10-05,0.84,0.92,1.03,1.27,1.46,1.7,2.09,2.06
2018-10-08,0.82,0.9,1.01,1.24,1.44,1.67,2.06,2.03
2018-10-09,0.82,0.9,1.01,1.24,1.44,1.68,2.09,2.07
2018-10-10,0.83,0.92,1.04,1.27,1.47,1.72,2.13,2.12
2018-10-11,0.8,0.89,1,1.23,1.43,1.67,2.12,2.12
2018-10-12,0.77,0.85,0.96,1.19,1.38,1.63,2.09,2.08
2018-10-15,0.75,0.82,0.93,1.15,1.35,1.6,2.07,2.06
2018-10-16,0.76,0.83,0.93,1.16,1.36,1.61,2.06,2.05
2018-10-17,0.75,0.8,0.9,1.12,1.32,1.56,2,1.99
2018-10-18,0.74,0.79,0.89,1.11,1.31,1.55,2,1.99
2018-10-19,0.75,0.8,0.9,1.12,1.31,1.56,2,1.99
2018-10-22,0.72,0.76,0.86,1.08,1.27,1.51,1.97,1.96
2018-10-23,0.72,0.76,0.85,1.05,1.24,1.47,1.93,1.93
2018-10-24,0.72,0.74,0.83,1.02,1.2,1.44,1.91,1.92
2018-10-25,0.72,0.74,0.82,1.01,1.19,1.43,1.91,1.91
2018-10-26,0.69,0.7,0.77,0.94,1.12,1.36,1.86,1.88
2018-10-29,0.69,0.71,0.78,0.96,1.14,1.39,1.88,1.89
2018-10-30,0.7,0.72,0.79,0.97,1.15,1.39,1.86,1.87
2018-10-31,0.72,0.75,0.82,1.01,1.19,1.43,1.91,1.9
2018-11-01,0.74,0.77,0.84,1.03,1.21,1.45,1.91,1.9
2018-11-02,0.77,0.8,0.88,1.07,1.25,1.49,1.94,1.93
2018-11-05,0.77,0.8,0.88,1.08,1.26,1.49,1.95,1.94
2018-11-06,0.77,0.81,0.9,1.1,1.29,1.53,1.98,1.97
2018-11-07,0.77,0.82,0.91,1.1,1.29,1.53,1.99,1.98
2018-11-08,0.8,0.85,0.94,1.14,1.32,1.56,2.03,2.02
2018-11-09,0.75,0.8,0.88,1.08,1.26,1.5,1.99,1.97
2018-11-12,0.71,0.75,0.83,1.01,1.19,1.44,1.95,1.94
2018-11-13,0.76,0.8,0.88,1.07,1.26,1.51,2.02,2.01
2018-11-14,0.75,0.79,0.87,1.06,1.25,1.51,2.04,2.03
2018-11-15,0.69,0.7,0.75,0.92,1.1,1.38,1.98,1.99
2018-11-16,0.71,0.72,0.78,0.96,1.15,1.42,2.01,2.02
2018-11-19,0.68,0.69,0.74,0.92,1.11,1.39,1.99,2.01
2018-11-20,0.7,0.71,0.76,0.93,1.12,1.4,2.01,2.03
2018-11-21,0.72,0.73,0.78,0.95,1.13,1.4,2,2.01
2018-11-22,0.75,0.76,0.81,0.98,1.16,1.42,2,2.02
2018-11-23,0.73,0.73,0.79,0.95,1.12,1.38,1.97,2
2018-11-26,0.76,0.77,0.82,0.98,1.16,1.42,2.01,2.04
2018-11-27,0.76,0.76,0.81,0.96,1.13,1.4,2.03,2.06
2018-11-28,0.75,0.75,0.8,0.95,1.12,1.39,2.06,2.1
2018-11-29,0.73,0.73,0.78,0.92,1.09,1.36,2.04,2.09
2018-11-30,0.75,0.75,0.79,0.93,1.1,1.37,2.09,2.15
2018-12-03,0.72,0.72,0.76,0.9,1.06,1.33,2.03,2.1
2018-12-04,0.72,0.72,0.75,0.88,1.04,1.3,1.94,2
2018-12-05,0.75,0.74,0.78,0.91,1.07,1.32,1.94,1.99
2018-12-06,0.72,0.71,0.74,0.85,0.99,1.24,1.85,1.88
2018-12-07,0.73,0.72,0.76,0.88,1.03,1.27,1.84,1.87
2018-12-10,0.66,0.65,0.68,0.79,0.94,1.17,1.68,1.7
2018-12-11,0.69,0.68,0.71,0.82,0.96,1.2,1.75,1.76
2018-12-12,0.73,0.72,0.75,0.88,1.03,1.28,1.85,1.87
2018-12-13,0.75,0.73,0.77,0.9,1.04,1.28,1.85,1.86
2018-12-14,0.72,0.7,0.73,0.86,1.01,1.25,1.81,1.83
2018-12-17,0.74,0.73,0.77,0.89,1.04,1.28,1.83,1.84
2018-12-18,0.76,0.75,0.79,0.92,1.07,1.3,1.83,1.85
2018-12-19,0.73,0.72,0.76,0.9,1.05,1.3,1.85,1.86
2018-12-20,0.73,0.71,0.75,0.88,1.04,1.28,1.83,1.84
2018-12-21,0.77,0.75,0.79,0.93,1.09,1.33,1.88,1.87
2018-12-24,0.72,0.71,0.75,0.88,1.03,1.28,1.82,1.82
2018-12-25,0.72,0.71,0.75,0.88,1.03,1.28,1.82,1.82
2018-12-26,0.72,0.71,0.75,0.88,1.03,1.28,1.82,1.82
2018-12-27,0.76,0.75,0.79,0.92,1.08,1.33,1.87,1.87
2018-12-28,0.74,0.73,0.77,0.9,1.05,1.29,1.84,1.84
2018-12-31,0.74,0.73,0.77,0.91,1.06,1.31,1.87,1.87
2019-01-01,0.74,0.73,0.77,0.91,1.06,1.31,1.87,1.87
2019-01-02,0.72,0.7,0.73,0.85,1,1.24,1.82,1.84
2019-01-03,0.7,0.68,0.71,0.83,0.97,1.21,1.78,1.8
2019-01-04,0.74,0.74,0.77,0.9,1.05,1.29,1.83,1.86
2019-01-07,0.74,0.73,0.76,0.89,1.03,1.26,1.79,1.82
2019-01-08,0.75,0.74,0.78,0.9,1.05,1.29,1.83,1.85
2019-01-09,0.73,0.72,0.76,0.89,1.03,1.26,1.79,1.8
2019-01-10,0.76,0.75,0.78,0.92,1.06,1.3,1.82,1.83
2019-01-11,0.79,0.78,0.82,0.95,1.09,1.32,1.86,1.87
2019-01-14,0.79,0.79,0.83,0.95,1.09,1.32,1.84,1.85
2019-01-15,0.79,0.78,0.81,0.92,1.06,1.28,1.8,1.82
2019-01-16,0.8,0.81,0.84,0.97,1.11,1.34,1.83,1.84
2019-01-17,0.8,0.81,0.85,0.98,1.13,1.36,1.87,1.88
2019-01-18,0.79,0.8,0.85,0.99,1.14,1.38,1.89,1.9
2019-01-21,0.78,0.78,0.83,0.96,1.11,1.35,1.86,1.87
2019-01-22,0.78,0.78,0.83,0.96,1.11,1.35,1.86,1.87
2019-01-23,0.78,0.79,0.83,0.97,1.12,1.35,1.84,1.84
2019-01-24,0.76,0.76,0.8,0.92,1.06,1.29,1.79,1.8
2019-01-25,0.78,0.79,0.83,0.96,1.1,1.33,1.82,1.82
2019-01-28,0.76,0.76,0.8,0.92,1.07,1.3,1.77,1.78
2019-01-29,0.76,0.76,0.8,0.92,1.07,1.29,1.78,1.78
2019-01-30,0.76,0.77,0.8,0.92,1.06,1.29,1.76,1.77
2019-01-31,0.75,0.74,0.78,0.89,1.03,1.25,1.75,1.76
2019-02-01,0.75,0.75,0.78,0.9,1.04,1.27,1.77,1.78
2019-02-04,0.77,0.77,0.81,0.93,1.07,1.31,1.81,1.82
2019-02-05,0.73,0.73,0.77,0.89,1.03,1.26,1.76,1.76
2019-02-06,0.72,0.72,0.76,0.87,1.01,1.24,1.75,1.75
2019-02-07,0.71,0.7,0.73,0.83,0.97,1.2,1.73,1.73
2019-02-08,0.7,0.69,0.71,0.81,0.94,1.17,1.7,1.7
2019-02-11,0.71,0.7,0.73,0.83,0.97,1.2,1.71,1.71
2019-02-12,0.72,0.72,0.74,0.84,0.98,1.21,1.72,1.73
2019-02-13,0.73,0.72,0.74,0.85,0.98,1.21,1.72,1.73
2019-02-14,0.72,0.7,0.72,0.81,0.94,1.17,1.69,1.7
2019-02-15,0.72,0.71,0.73,0.83,0.97,1.2,1.71,1.72
2019-02-18,0.72,0.71,0.73,0.83,0.97,1.2,1.71,1.72
2019-02-19,0.73,0.72,0.74,0.84,0.98,1.21,1.73,1.74
2019-02-20,0.73,0.72,0.75,0.85,0.98,1.22,1.73,1.74
2019-02-21,0.75,0.74,0.77,0.88,1.01,1.24,1.75,1.75
2019-02-22,0.74,0.72,0.74,0.84,0.97,1.19,1.71,1.71
2019-02-25,0.75,0.74,0.76,0.86,0.98,1.21,1.74,1.75
2019-02-26,0.78,0.77,0.8,0.89,1.01,1.24,1.78,1.79
2019-02-27,0.82,0.83,0.86,0.97,1.1,1.32,1.85,1.85
2019-02-28,0.8,0.81,0.85,0.97,1.11,1.33,1.86,1.86
2019-03-01,0.77,0.78,0.83,0.96,1.1,1.33,1.84,1.84
2019-03-04,0.76,0.77,0.81,0.94,1.08,1.31,1.81,1.81
2019-03-05,0.77,0.79,0.83,0.96,1.1,1.32,1.81,1.81
2019-03-06,0.72,0.74,0.78,0.9,1.04,1.26,1.74,1.74
2019-03-07,0.7,0.7,0.74,0.84,0.97,1.19,1.69,1.69
2019-03-08,0.73,0.73,0.76,0.87,1,1.22,1.73,1.74
2019-03-11,0.71,0.72,0.75,0.85,0.98,1.2,1.71,1.72
2019-03-12,0.71,0.71,0.75,0.85,0.98,1.2,1.73,1.73
2019-03-13,0.73,0.74,0.77,0.88,1.01,1.24,1.77,1.78
2019-03-14,0.75,0.76,0.79,0.91,1.04,1.26,1.77,1.77
2019-03-15,0.75,0.75,0.78,0.89,1.02,1.24,1.75,1.75
2019-03-18,0.73,0.73,0.76,0.87,1,1.22,1.73,1.73
2019-03-19,0.74,0.74,0.77,0.88,1.01,1.22,1.71,1.71
2019-03-20,0.72,0.71,0.74,0.85,0.97,1.17,1.65,1.65
2019-03-21,0.69,0.67,0.69,0.77,0.88,1.08,1.57,1.57
2019-03-22,0.65,0.63,0.65,0.73,0.84,1.03,1.52,1.51
2019-03-25,0.64,0.62,0.64,0.72,0.82,1.02,1.51,1.5
2019-03-26,0.66,0.64,0.66,0.74,0.84,1.04,1.56,1.56
2019-03-27,0.66,0.64,0.66,0.74,0.84,1.03,1.56,1.56
2019-03-28,0.66,0.64,0.66,0.73,0.84,1.04,1.58,1.58
2019-03-29,0.65,0.62,0.63,0.71,0.82,1.04,1.6,1.59
2019-04-01,0.68,0.65,0.66,0.74,0.86,1.08,1.62,1.62
2019-04-02,0.66,0.61,0.62,0.7,0.82,1.04,1.58,1.58
2019-04-03,0.71,0.67,0.69,0.77,0.89,1.11,1.64,1.63
2019-04-04,0.72,0.68,0.7,0.78,0.9,1.12,1.67,1.66
2019-04-05,0.74,0.71,0.72,0.81,0.94,1.15,1.68,1.69
2019-04-08,0.72,0.69,0.71,0.8,0.93,1.14,1.67,1.68
2019-04-09,0.72,0.69,0.71,0.8,0.93,1.14,1.66,1.67
2019-04-10,0.71,0.68,0.69,0.79,0.91,1.12,1.64,1.66
2019-04-11,0.75,0.72,0.74,0.84,0.97,1.18,1.69,1.7
2019-04-12,0.79,0.77,0.79,0.9,1.03,1.25,1.76,1.76
2019-04-15,0.78,0.77,0.8,0.9,1.03,1.25,1.75,1.75
2019-04-16,0.78,0.77,0.8,0.9,1.03,1.25,1.75,1.75
2019-04-17,0.77,0.77,0.8,0.92,1.05,1.27,1.77,1.77
2019-04-18,0.74,0.74,0.77,0.88,1.01,1.23,1.74,1.74
2019-04-19,0.74,0.74,0.77,0.88,1.01,1.23,1.74,1.74
2019-04-22,0.74,0.74,0.77,0.88,1.01,1.23,1.74,1.74
2019-04-23,0.77,0.76,0.8,0.9,1.04,1.26,1.77,1.77
2019-04-24,0.74,0.72,0.75,0.85,0.98,1.21,1.73,1.73
2019-04-25,0.73,0.71,0.74,0.84,0.97,1.19,1.71,1.71
2019-04-26,0.72,0.7,0.73,0.83,0.96,1.18,1.71,1.7
2019-04-29,0.73,0.71,0.74,0.84,0.97,1.19,1.71,1.7
2019-04-30,0.75,0.73,0.76,0.87,1,1.22,1.72,1.72
2019-05-01,0.73,0.71,0.74,0.85,0.97,1.19,1.7,1.7
2019-05-02,0.76,0.74,0.77,0.88,1.01,1.22,1.73,1.73
2019-05-03,0.78,0.77,0.81,0.91,1.04,1.25,1.76,1.76
2019-05-06,0.78,0.77,0.81,0.91,1.04,1.25,1.76,1.76
2019-05-07,0.75,0.73,0.76,0.87,0.99,1.2,1.71,1.72
2019-05-08,0.73,0.72,0.74,0.84,0.96,1.17,1.68,1.7
2019-05-09,0.73,0.71,0.73,0.83,0.95,1.16,1.67,1.69
2019-05-10,0.73,0.71,0.73,0.83,0.95,1.17,1.69,1.71
2019-05-13,0.71,0.69,0.71,0.81,0.93,1.14,1.67,1.69
2019-05-14,0.71,0.69,0.71,0.8,0.92,1.13,1.66,1.68
2019-05-15,0.72,0.69,0.71,0.79,0.9,1.11,1.64,1.65
2019-05-16,0.73,0.69,0.71,0.79,0.9,1.11,1.64,1.65
2019-05-17,0.71,0.68,0.69,0.77,0.88,1.08,1.62,1.63
2019-05-20,0.73,0.7,0.71,0.79,0.9,1.1,1.64,1.65
2019-05-21,0.76,0.73,0.74,0.82,0.93,1.13,1.66,1.67
2019-05-22,0.72,0.68,0.69,0.76,0.87,1.07,1.61,1.62
2019-05-23,0.68,0.63,0.63,0.69,0.8,1,1.55,1.57
2019-05-24,0.66,0.61,0.62,0.68,0.79,0.99,1.54,1.56
2019-05-27,0.66,0.61,0.62,0.68,0.79,0.99,1.54,1.56
2019-05-28,0.63,0.59,0.59,0.65,0.76,0.97,1.53,1.55
2019-05-29,0.63,0.58,0.57,0.63,0.74,0.95,1.52,1.55
2019-05-30,0.65,0.59,0.58,0.63,0.73,0.94,1.51,1.54
2019-05-31,0.65,0.58,0.57,0.62,0.73,0.93,1.49,1.53
2019-06-03,0.62,0.55,0.54,0.6,0.7,0.91,1.46,1.5
2019-06-04,0.64,0.57,0.56,0.63,0.73,0.94,1.5,1.53
2019-06-05,0.62,0.55,0.54,0.6,0.7,0.91,1.46,1.5
2019-06-06,0.6,0.52,0.51,0.57,0.67,0.87,1.42,1.46
2019-06-07,0.58,0.5,0.49,0.55,0.65,0.85,1.4,1.44
2019-06-10,0.61,0.52,0.51,0.58,0.68,0.87,1.42,1.46
2019-06-11,0.63,0.55,0.54,0.59,0.69,0.89,1.43,1.47
2019-06-12,0.67,0.58,0.57,0.62,0.72,0.91,1.47,1.51
2019-06-13,0.65,0.56,0.55,0.6,0.69,0.88,1.43,1.48
2019-06-14,0.66,0.57,0.56,0.61,0.7,0.88,1.44,1.48
2019-06-17,0.67,0.58,0.56,0.61,0.7,0.89,1.46,1.5
2019-06-18,0.63,0.54,0.52,0.56,0.65,0.84,1.42,1.47
2019-06-19,0.67,0.59,0.57,0.62,0.71,0.9,1.46,1.51
2019-06-20,0.63,0.54,0.53,0.57,0.66,0.85,1.42,1.47
2019-06-21,0.67,0.58,0.57,0.61,0.7,0.89,1.45,1.5
2019-06-24,0.64,0.55,0.53,0.58,0.67,0.86,1.43,1.47
2019-06-25,0.63,0.54,0.52,0.56,0.65,0.84,1.42,1.47
2019-06-26,0.65,0.56,0.55,0.59,0.68,0.87,1.45,1.5
2019-06-27,0.65,0.57,0.56,0.6,0.68,0.88,1.47,1.52
2019-06-28,0.67,0.59,0.57,0.61,0.7,0.89,1.49,1.54
2019-07-01,0.65,0.56,0.55,0.58,0.66,0.85,1.44,1.49
2019-07-02,0.58,0.49,0.47,0.51,0.59,0.78,1.37,1.42
2019-07-03,0.55,0.46,0.44,0.47,0.55,0.74,1.32,1.36
2019-07-04,0.55,0.47,0.44,0.46,0.54,0.72,1.32,1.37
2019-07-05,0.61,0.53,0.51,0.53,0.61,0.79,1.38,1.43
2019-07-08,0.58,0.5,0.47,0.49,0.57,0.75,1.34,1.4
2019-07-09,0.59,0.51,0.48,0.51,0.58,0.77,1.36,1.4
2019-07-10,0.6,0.53,0.51,0.54,0.61,0.8,1.38,1.43
2019-07-11,0.64,0.58,0.57,0.61,0.7,0.88,1.45,1.49
2019-07-12,0.61,0.56,0.56,0.6,0.69,0.88,1.44,1.48
2019-07-15,0.59,0.53,0.52,0.56,0.65,0.84,1.41,1.45
2019-07-16,0.6,0.55,0.54,0.58,0.67,0.86,1.44,1.48
2019-07-17,0.56,0.5,0.49,0.52,0.61,0.81,1.39,1.44
2019-07-18,0.55,0.49,0.48,0.52,0.61,0.81,1.39,1.44
2019-07-19,0.53,0.47,0.46,0.5,0.59,0.78,1.37,1.42
2019-07-22,0.52,0.46,0.44,0.47,0.56,0.76,1.34,1.38
2019-07-23,0.51,0.44,0.42,0.45,0.54,0.74,1.32,1.36
2019-07-24,0.5,0.43,0.41,0.45,0.53,0.73,1.32,1.37
2019-07-25,0.52,0.46,0.44,0.48,0.56,0.76,1.37,1.41
2019-07-26,0.51,0.44,0.42,0.46,0.54,0.74,1.36,1.4
2019-07-29,0.49,0.42,0.4,0.42,0.51,0.71,1.34,1.4
2019-07-30,0.48,0.4,0.38,0.4,0.49,0.7,1.36,1.43
2019-07-31,0.49,0.39,0.35,0.38,0.47,0.68,1.32,1.4
2019-08-01,0.48,0.37,0.33,0.35,0.43,0.64,1.27,1.34
2019-08-02,0.49,0.38,0.33,0.34,0.42,0.62,1.24,1.32
2019-08-05,0.49,0.36,0.31,0.3,0.37,0.56,1.17,1.26
2019-08-06,0.49,0.37,0.32,0.32,0.38,0.57,1.18,1.26
2019-08-07,0.51,0.39,0.33,0.31,0.36,0.52,1.11,1.19
2019-08-08,0.53,0.42,0.37,0.35,0.41,0.58,1.17,1.26
2019-08-09,0.5,0.39,0.34,0.32,0.37,0.54,1.15,1.24
2019-08-12,0.49,0.38,0.33,0.31,0.37,0.54,1.15,1.24
2019-08-13,0.51,0.39,0.34,0.33,0.37,0.53,1.12,1.2
2019-08-14,0.5,0.39,0.34,0.31,0.34,0.48,1.04,1.12
2019-08-15,0.49,0.39,0.34,0.3,0.32,0.44,0.93,1
2019-08-16,0.54,0.45,0.4,0.37,0.39,0.5,1,1.07
2019-08-19,0.53,0.44,0.4,0.37,0.4,0.52,1.06,1.12
2019-08-20,0.53,0.43,0.38,0.35,0.37,0.49,1.01,1.07
2019-08-21,0.52,0.42,0.38,0.35,0.37,0.49,1,1.06
2019-08-22,0.54,0.45,0.41,0.39,0.42,0.56,1.08,1.13
2019-08-23,0.5,0.41,0.38,0.36,0.4,0.54,1.1,1.15
2019-08-26,0.5,0.41,0.38,0.36,0.4,0.54,1.1,1.15
2019-08-27,0.45,0.37,0.32,0.3,0.33,0.47,1.04,1.09
2019-08-28,0.43,0.34,0.29,0.25,0.27,0.41,0.98,1.04
2019-08-29,0.44,0.35,0.3,0.26,0.28,0.4,0.97,1.03
2019-08-30,0.47,0.38,0.34,0.3,0.32,0.44,1.01,1.07
2019-09-02,0.43,0.33,0.28,0.25,0.27,0.39,0.94,1
2019-09-03,0.41,0.31,0.26,0.23,0.25,0.36,0.89,0.95
2019-09-04,0.44,0.36,0.33,0.31,0.35,0.47,0.99,1.06
2019-09-05,0.52,0.44,0.41,0.4,0.43,0.57,1.13,1.19
2019-09-06,0.46,0.37,0.33,0.3,0.33,0.47,1,1.05
2019-09-09,0.52,0.44,0.4,0.38,0.42,0.57,1.1,1.16
2019-09-10,0.54,0.46,0.42,0.41,0.45,0.6,1.12,1.17
2019-09-11,0.57,0.48,0.44,0.43,0.46,0.6,1.11,1.17
2019-09-12,0.58,0.5,0.46,0.44,0.47,0.6,1.09,1.15
2019-09-13,0.63,0.56,0.53,0.53,0.58,0.72,1.22,1.27
2019-09-16,0.58,0.5,0.47,0.46,0.51,0.65,1.13,1.18
2019-09-17,0.6,0.51,0.48,0.47,0.51,0.65,1.12,1.17
2019-09-18,0.6,0.5,0.45,0.43,0.47,0.61,1.06,1.1
2019-09-19,0.6,0.49,0.45,0.42,0.46,0.59,1.05,1.09
2019-09-20,0.61,0.51,0.46,0.43,0.46,0.59,1.06,1.09
2019-09-23,0.56,0.44,0.39,0.35,0.37,0.5,0.96,1
2019-09-24,0.56,0.43,0.38,0.34,0.37,0.49,0.96,0.99
2019-09-25,0.56,0.43,0.37,0.33,0.36,0.49,0.96,0.99
2019-09-26,0.55,0.42,0.36,0.32,0.35,0.49,0.96,0.99
2019-09-27,0.51,0.37,0.31,0.28,0.32,0.47,0.98,1.01
2019-09-30,0.5,0.35,0.28,0.25,0.3,0.46,0.98,1.01
2019-10-01,0.48,0.32,0.25,0.22,0.27,0.44,0.96,0.98
2019-10-02,0.53,0.35,0.28,0.26,0.3,0.46,0.99,1.01
2019-10-03,0.53,0.35,0.28,0.25,0.29,0.45,0.99,1.01
2019-10-04,0.5,0.32,0.25,0.21,0.25,0.4,0.94,0.97
2019-10-07,0.5,0.32,0.25,0.22,0.26,0.42,0.96,0.99
2019-10-08,0.48,0.29,0.21,0.18,0.22,0.38,0.93,0.96
2019-10-09,0.52,0.34,0.27,0.23,0.27,0.43,0.97,1
2019-10-10,0.58,0.41,0.34,0.31,0.36,0.52,1.05,1.09
2019-10-11,0.66,0.54,0.49,0.48,0.53,0.68,1.18,1.21
2019-10-14,0.63,0.5,0.44,0.42,0.46,0.61,1.12,1.15
2019-10-15,0.66,0.54,0.49,0.47,0.52,0.67,1.18,1.2
2019-10-16,0.65,0.52,0.47,0.45,0.5,0.66,1.17,1.2
2019-10-17,0.64,0.51,0.46,0.45,0.51,0.67,1.19,1.22
2019-10-18,0.65,0.53,0.48,0.47,0.53,0.68,1.2,1.23
2019-10-21,0.65,0.54,0.5,0.5,0.56,0.72,1.26,1.29
2019-10-22,0.61,0.5,0.46,0.46,0.51,0.68,1.23,1.26
2019-10-23,0.62,0.5,0.46,0.44,0.49,0.65,1.18,1.22
2019-10-24,0.58,0.46,0.41,0.4,0.45,0.6,1.12,1.15
2019-10-25,0.6,0.49,0.44,0.43,0.48,0.64,1.16,1.19
2019-10-28,0.64,0.53,0.48,0.47,0.53,0.69,1.23,1.26
2019-10-29,0.65,0.53,0.48,0.47,0.52,0.69,1.25,1.29
2019-10-30,0.62,0.5,0.45,0.44,0.49,0.65,1.21,1.24
2019-10-31,0.62,0.48,0.42,0.4,0.44,0.6,1.14,1.17
2019-11-01,0.65,0.51,0.45,0.43,0.48,0.64,1.17,1.21
2019-11-04,0.65,0.53,0.48,0.47,0.52,0.69,1.22,1.26
2019-11-05,0.67,0.56,0.51,0.51,0.56,0.74,1.27,1.31
2019-11-06,0.65,0.54,0.49,0.49,0.54,0.71,1.25,1.29
2019-11-07,0.62,0.51,0.47,0.48,0.56,0.75,1.29,1.33
2019-11-08,0.65,0.54,0.5,0.51,0.59,0.77,1.31,1.35
2019-11-11,0.66,0.56,0.52,0.53,0.6,0.78,1.32,1.35
2019-11-12,0.66,0.56,0.53,0.54,0.61,0.79,1.33,1.36
2019-11-13,0.64,0.54,0.5,0.5,0.56,0.74,1.27,1.31
2019-11-14,0.62,0.52,0.47,0.47,0.52,0.7,1.25,1.28
2019-11-15,0.63,0.53,0.48,0.48,0.53,0.71,1.26,1.29
2019-11-18,0.66,0.55,0.51,0.5,0.55,0.73,1.28,1.31
2019-11-19,0.65,0.55,0.51,0.5,0.55,0.72,1.28,1.31
2019-11-20,0.66,0.55,0.51,0.5,0.55,0.72,1.28,1.31
2019-11-21,0.67,0.57,0.53,0.52,0.57,0.74,1.32,1.35
2019-11-22,0.62,0.51,0.47,0.47,0.52,0.69,1.28,1.31
2019-11-25,0.62,0.51,0.47,0.46,0.51,0.68,1.27,1.3
2019-11-26,0.58,0.47,0.43,0.42,0.46,0.63,1.21,1.24
2019-11-27,0.61,0.51,0.46,0.45,0.5,0.67,1.24,1.27
2019-11-28,0.62,0.51,0.47,0.46,0.5,0.66,1.22,1.25
2019-11-29,0.66,0.54,0.5,0.49,0.53,0.68,1.21,1.23
2019-12-02,0.65,0.55,0.52,0.52,0.57,0.73,1.26,1.28
2019-12-03,0.61,0.5,0.47,0.47,0.52,0.67,1.21,1.23
2019-12-04,0.67,0.56,0.53,0.52,0.57,0.73,1.27,1.29
2019-12-05,0.68,0.58,0.55,0.55,0.61,0.77,1.3,1.32
2019-12-06,0.66,0.57,0.54,0.55,0.6,0.76,1.29,1.3
2019-12-09,0.65,0.56,0.54,0.55,0.6,0.76,1.28,1.29
2019-12-10,0.65,0.58,0.56,0.57,0.63,0.79,1.3,1.31
2019-12-11,0.63,0.57,0.55,0.56,0.62,0.77,1.29,1.3
2019-12-12,0.63,0.59,0.57,0.6,0.66,0.82,1.35,1.36
2019-12-13,0.58,0.55,0.55,0.58,0.64,0.8,1.31,1.32
2019-12-16,0.64,0.6,0.59,0.61,0.67,0.83,1.33,1.34
2019-12-17,0.58,0.54,0.53,0.55,0.61,0.77,1.3,1.31
2019-12-18,0.58,0.52,0.52,0.56,0.62,0.79,1.3,1.31
2019-12-19,0.6,0.55,0.54,0.58,0.65,0.82,1.32,1.33
2019-12-20,0.59,0.53,0.52,0.56,0.62,0.78,1.3,1.31
2019-12-23,0.6,0.54,0.53,0.56,0.62,0.78,1.3,1.31
2019-12-24,0.59,0.53,0.52,0.55,0.61,0.77,1.29,1.3
2019-12-25,0.59,0.53,0.52,0.55,0.61,0.77,1.29,1.3
2019-12-26,0.59,0.53,0.52,0.55,0.61,0.77,1.29,1.3
2019-12-27,0.58,0.52,0.52,0.54,0.6,0.76,1.27,1.28
2019-12-30,0.62,0.58,0.58,0.63,0.7,0.87,1.38,1.39
2019-12-31,0.57,0.53,0.53,0.58,0.65,0.82,1.34,1.35
2020-01-01,0.57,0.53,0.53,0.58,0.65,0.82,1.34,1.35
2020-01-02,0.6,0.54,0.53,0.56,0.63,0.79,1.29,1.3
2020-01-03,0.59,0.53,0.51,0.53,0.59,0.74,1.24,1.24
2020-01-06,0.63,0.56,0.54,0.56,0.61,0.77,1.26,1.25
2020-01-07,0.64,0.58,0.57,0.59,0.64,0.79,1.26,1.26
2020-01-08,0.65,0.58,0.57,0.59,0.65,0.8,1.28,1.28
2020-01-09,0.62,0.57,0.57,0.6,0.67,0.83,1.33,1.33
2020-01-10,0.57,0.52,0.51,0.55,0.62,0.79,1.29,1.29
2020-01-13,0.52,0.47,0.47,0.51,0.59,0.77,1.28,1.28
2020-01-14,0.53,0.47,0.46,0.49,0.56,0.73,1.25,1.25
2020-01-15,0.5,0.42,0.4,0.42,0.49,0.66,1.19,1.19
2020-01-16,0.5,0.42,0.4,0.42,0.48,0.65,1.17,1.19
2020-01-17,0.47,0.4,0.38,0.4,0.47,0.65,1.18,1.2
2020-01-20,0.47,0.41,0.39,0.42,0.49,0.66,1.2,1.22
2020-01-21,0.47,0.41,0.39,0.41,0.47,0.64,1.16,1.18
2020-01-22,0.49,0.42,0.41,0.42,0.48,0.64,1.15,1.16
2020-01-23,0.47,0.4,0.37,0.38,0.44,0.59,1.09,1.1
2020-01-24,0.47,0.4,0.37,0.38,0.43,0.57,1.08,1.09
2020-01-27,0.45,0.37,0.33,0.33,0.37,0.51,1.02,1.03
2020-01-28,0.48,0.41,0.38,0.37,0.41,0.55,1.06,1.08
2020-01-29,0.49,0.41,0.38,0.36,0.4,0.53,1.04,1.06
2020-01-30,0.56,0.47,0.42,0.4,0.42,0.55,1.06,1.08
2020-01-31,0.58,0.46,0.41,0.38,0.4,0.53,1.03,1.06
2020-02-03,0.56,0.45,0.4,0.38,0.41,0.54,1.05,1.07
2020-02-04,0.56,0.45,0.41,0.39,0.43,0.57,1.08,1.11
2020-02-05,0.57,0.46,0.43,0.42,0.46,0.61,1.12,1.14
2020-02-06,0.57,0.46,0.42,0.41,0.45,0.6,1.11,1.13
2020-02-07,0.57,0.46,0.41,0.4,0.44,0.58,1.09,1.11
2020-02-10,0.56,0.45,0.4,0.39,0.42,0.57,1.07,1.09
2020-02-11,0.58,0.47,0.43,0.41,0.44,0.58,1.07,1.09
2020-02-12,0.61,0.51,0.48,0.46,0.49,0.62,1.1,1.11
2020-02-13,0.62,0.52,0.49,0.48,0.52,0.65,1.13,1.14
2020-02-14,0.6,0.51,0.47,0.46,0.5,0.63,1.11,1.12
2020-02-17,0.61,0.52,0.49,0.48,0.52,0.65,1.13,1.14
2020-02-18,0.59,0.5,0.46,0.45,0.49,0.63,1.11,1.13
2020-02-19,0.59,0.49,0.46,0.45,0.48,0.62,1.1,1.12
2020-02-20,0.58,0.48,0.45,0.43,0.47,0.59,1.06,1.08
2020-02-21,0.57,0.47,0.44,0.42,0.45,0.57,1,1
2020-02-24,0.54,0.44,0.4,0.39,0.42,0.54,0.99,1
2020-02-25,0.51,0.41,0.38,0.36,0.39,0.5,0.96,0.97
2020-02-26,0.5,0.4,0.37,0.35,0.38,0.5,0.97,0.98
2020-02-27,0.46,0.36,0.32,0.31,0.34,0.46,0.96,0.98
2020-02-28,0.43,0.34,0.3,0.28,0.31,0.43,0.94,0.97
2020-03-02,0.38,0.29,0.26,0.25,0.28,0.41,0.93,0.96
2020-03-03,0.33,0.25,0.23,0.22,0.26,0.39,0.92,0.95
2020-03-04,0.26,0.21,0.2,0.2,0.24,0.37,0.91,0.94
2020-03-05,0.22,0.17,0.16,0.16,0.2,0.33,0.85,0.89
2020-03-06,0.16,0.09,0.07,0.06,0.09,0.2,0.65,0.69
2020-03-09,0.17,0.11,0.09,0.07,0.08,0.16,0.51,0.53
2020-03-10,0.21,0.16,0.13,0.12,0.13,0.22,0.55,0.55
2020-03-11,0.17,0.15,0.15,0.15,0.18,0.29,0.69,0.69
2020-03-12,0.23,0.22,0.21,0.2,0.2,0.28,0.69,0.69
2020-03-13,0.29,0.28,0.28,0.28,0.3,0.4,0.87,0.88
2020-03-16,0.29,0.31,0.32,0.34,0.37,0.48,0.97,0.98
2020-03-17,0.27,0.31,0.34,0.39,0.43,0.55,1.05,1.04
2020-03-18,0.25,0.33,0.42,0.54,0.64,0.81,1.36,1.36
2020-03-19,0.14,0.23,0.34,0.51,0.64,0.83,1.35,1.34
2020-03-20,0.06,0.1,0.16,0.25,0.36,0.53,0.93,0.9
2020-03-23,0.03,0.05,0.08,0.14,0.22,0.39,0.78,0.74
2020-03-24,0.08,0.11,0.13,0.18,0.27,0.44,0.86,0.81
2020-03-25,0.08,0.1,0.12,0.17,0.25,0.43,0.91,0.85
2020-03-26,0.09,0.11,0.13,0.15,0.2,0.37,0.85,0.8
2020-03-27,0.1,0.12,0.13,0.15,0.19,0.34,0.79,0.75
2020-03-30,0.1,0.11,0.12,0.12,0.17,0.31,0.78,0.75
2020-03-31,0.12,0.14,0.15,0.16,0.21,0.36,0.86,0.84
2020-04-01,0.1,0.11,0.12,0.13,0.17,0.32,0.79,0.77
2020-04-02,0.1,0.11,0.12,0.14,0.19,0.34,0.82,0.8
2020-04-03,0.09,0.1,0.1,0.12,0.17,0.32,0.82,0.8
2020-04-06,0.1,0.11,0.11,0.13,0.18,0.34,0.83,0.81
2020-04-07,0.15,0.15,0.16,0.18,0.24,0.4,0.85,0.83
2020-04-08,0.11,0.12,0.12,0.16,0.23,0.38,0.8,0.76
2020-04-09,0.05,0.05,0.06,0.1,0.16,0.31,0.7,0.66
2020-04-10,0.05,0.05,0.06,0.1,0.16,0.31,0.7,0.66
2020-04-13,0.05,0.05,0.06,0.1,0.16,0.31,0.7,0.66
2020-04-14,0.08,0.08,0.08,0.11,0.17,0.33,0.73,0.69
2020-04-15,0.06,0.05,0.05,0.08,0.14,0.29,0.71,0.67
2020-04-16,0.08,0.08,0.08,0.1,0.15,0.29,0.72,0.67
2020-04-17,0.11,0.1,0.1,0.11,0.15,0.29,0.72,0.67
2020-04-20,0.11,0.1,0.11,0.14,0.19,0.33,0.75,0.7
2020-04-21,0.09,0.08,0.08,0.11,0.16,0.29,0.68,0.63
2020-04-22,0.1,0.09,0.1,0.13,0.18,0.32,0.69,0.64
2020-04-23,0.09,0.08,0.08,0.11,0.17,0.3,0.66,0.59
2020-04-24,0.09,0.08,0.09,0.12,0.17,0.3,0.66,0.6
2020-04-27,0.1,0.09,0.1,0.13,0.19,0.32,0.69,0.63
2020-04-28,0.08,0.07,0.08,0.12,0.17,0.3,0.69,0.63
2020-04-29,0.08,0.07,0.08,0.11,0.17,0.3,0.67,0.62
2020-04-30,0.05,0.03,0.04,0.06,0.11,0.24,0.61,0.57
2020-05-01,0.07,0.07,0.07,0.09,0.14,0.27,0.65,0.61
2020-05-04,0.06,0.05,0.05,0.06,0.11,0.24,0.6,0.57
2020-05-05,0.04,0.03,0.03,0.04,0.08,0.21,0.58,0.55
2020-05-06,0.05,0.04,0.04,0.06,0.11,0.24,0.6,0.56
2020-05-07,0.04,0.02,0.02,0.05,0.11,0.25,0.59,0.56
2020-05-08,0.04,0.02,0.02,0.05,0.11,0.25,0.59,0.56
2020-05-11,0.05,0.03,0.03,0.06,0.13,0.28,0.63,0.59
2020-05-12,0.04,0.01,0.01,0.04,0.11,0.26,0.64,0.59
2020-05-13,0.04,0.01,0.01,0.03,0.09,0.24,0.64,0.6
2020-05-14,0.05,0.01,0.01,0.03,0.09,0.23,0.64,0.6
2020-05-15,0.06,0.03,0.02,0.04,0.1,0.25,0.65,0.63
2020-05-18,0.07,0.03,0.03,0.05,0.12,0.27,0.69,0.67
2020-05-19,0.04,0.01,0.01,0.04,0.11,0.26,0.68,0.66
2020-05-20,0.05,0.01,0.01,0.04,0.1,0.25,0.66,0.64
2020-05-21,0.01,-0.03,-0.04,-0.03,0.04,0.19,0.6,0.59
2020-05-22,0.01,-0.04,-0.05,-0.04,0.03,0.18,0.61,0.6
2020-05-25,0.01,-0.04,-0.05,-0.04,0.03,0.18,0.61,0.6
2020-05-26,0.03,0.03,-0.02,-0.02,0.06,0.22,0.67,0.67
2020-05-27,0.02,-0.01,-0.03,-0.03,0.03,0.19,0.63,0.63
2020-05-28,0.03,-0.01,-0.03,-0.02,0.04,0.2,0.64,0.64
2020-05-29,0.01,-0.03,-0.05,-0.04,0.03,0.18,0.6,0.61
2020-06-01,0.05,0.01,0.01,0.01,0.08,0.23,0.64,0.64
2020-06-02,0.03,-0.01,-0.02,-0.02,0.07,0.23,0.66,0.66
2020-06-03,0.06,0.03,0.02,0.04,0.12,0.29,0.75,0.75
2020-06-04,0.06,0.03,0.02,0.05,0.14,0.32,0.76,0.77
2020-06-05,0.05,0.03,0.03,0.07,0.17,0.37,0.82,0.83
2020-06-08,0.05,0.03,0.02,0.07,0.16,0.35,0.81,0.81
2020-06-09,0.05,0.02,0.02,0.06,0.15,0.33,0.74,0.74
2020-06-10,0.01,-0.02,-0.03,0.01,0.09,0.27,0.68,0.67
2020-06-11,0.01,-0.03,-0.05,-0.03,0.04,0.2,0.62,0.6
2020-06-12,0.02,-0.02,-0.03,-0.01,0.05,0.22,0.64,0.62
2020-06-15,0.02,-0.01,-0.03,-0.01,0.06,0.22,0.63,0.62
2020-06-16,0.01,-0.03,-0.04,-0.03,0.04,0.21,0.64,0.62
2020-06-17,0.01,-0.04,-0.05,-0.03,0.04,0.2,0.6,0.59
2020-06-18,0.02,-0.02,-0.03,-0.01,0.07,0.24,0.71,0.7
2020-06-19,0.01,-0.02,-0.03,-0.01,0.07,0.26,0.74,0.74
2020-06-22,0.01,-0.05,-0.06,-0.04,0.04,0.21,0.71,0.71
2020-06-23,0.01,-0.04,-0.05,-0.02,0.06,0.24,0.71,0.71
2020-06-24,-0.01,-0.06,-0.07,-0.03,0.05,0.21,0.67,0.67
2020-06-25,-0.01,-0.05,-0.07,-0.05,0.02,0.18,0.62,0.62
2020-06-26,-0.01,-0.05,-0.07,-0.05,0.03,0.19,0.65,0.65
2020-06-29,-0.02,-0.07,-0.09,-0.07,0.01,0.18,0.64,0.64
2020-06-30,-0.01,-0.07,-0.09,-0.06,0.02,0.19,0.66,0.66
2020-07-01,-0.01,-0.05,-0.06,-0.03,0.06,0.24,0.7,0.71
2020-07-02,-0.02,-0.08,-0.09,-0.06,0.03,0.21,0.67,0.68
2020-07-03,-0.02,-0.07,-0.09,-0.05,0.03,0.21,0.67,0.68
2020-07-06,-0.02,-0.06,-0.07,-0.04,0.05,0.22,0.67,0.68
2020-07-07,-0.02,-0.06,-0.07,-0.04,0.03,0.2,0.65,0.66
2020-07-08,-0.01,-0.06,-0.08,-0.05,0.03,0.2,0.66,0.67
2020-07-09,-0.02,-0.08,-0.09,-0.07,0.01,0.18,0.65,0.67
2020-07-10,-0.03,-0.1,-0.11,-0.08,-0.08,0.17,0.64,0.66
2020-07-13,-0.02,-0.08,-0.1,-0.05,0.03,0.21,0.68,0.69
2020-07-14,-0.03,-0.09,-0.11,-0.07,-0.07,0.17,0.65,0.67
2020-07-15,-0.01,-0.07,-0.09,-0.05,0.02,0.19,0.69,0.73
2020-07-16,-0.03,-0.1,-0.12,-0.09,-0.01,0.16,0.67,0.71
2020-07-17,-0.02,-0.08,-0.1,-0.07,0.01,0.18,0.68,0.72
2020-07-20,-0.02,-0.09,-0.11,-0.09,-0.09,0.17,0.68,0.72
2020-07-21,-0.03,-0.1,-0.13,-0.1,-0.02,0.17,0.67,0.7
2020-07-22,-0.04,-0.11,-0.14,-0.12,-0.04,0.15,0.64,0.66
2020-07-23,-0.03,-0.1,-0.13,-0.12,-0.03,0.15,0.65,0.68
2020-07-24,-0.01,-0.09,-0.12,-0.1,-0.01,0.18,0.67,0.7
2020-07-27,-0.03,-0.11,-0.14,-0.13,-0.04,0.14,0.64,0.67
2020-07-28,-0.03,-0.11,-0.14,-0.12,-0.04,0.14,0.63,0.66
2020-07-29,-0.02,-0.09,-0.12,-0.11,-0.03,0.15,0.65,0.68
2020-07-30,-0.03,-0.1,-0.14,-0.13,-0.06,0.12,0.62,0.65
2020-07-31,-0.02,-0.09,-0.13,-0.13,-0.05,0.13,0.62,0.66
2020-08-03,-0.02,-0.09,-0.13,-0.12,-0.05,0.13,0.63,0.67
2020-08-04,-0.01,-0.09,-0.13,-0.13,-0.06,0.11,0.61,0.64
2020-08-05,-0.01,-0.07,-0.11,-0.1,-0.01,0.16,0.67,0.71
2020-08-06,0.01,-0.06,-0.09,-0.09,-0.02,0.14,0.63,0.67
2020-08-07,0.02,-0.04,-0.07,-0.06,0.01,0.18,0.68,0.73
2020-08-10,0.01,-0.05,-0.08,-0.07,-0.07,0.17,0.67,0.73
2020-08-11,0.03,-0.01,-0.04,-0.02,0.07,0.24,0.73,0.79
2020-08-12,0.03,-0.01,-0.03,-0.03,0.09,0.28,0.77,0.83
2020-08-13,0.02,-0.02,-0.04,-0.04,0.09,0.29,0.79,0.84
2020-08-14,0.02,-0.03,-0.05,-0.01,0.08,0.29,0.81,0.85
2020-08-17,-0.03,-0.06,-0.08,-0.04,0.05,0.26,0.78,0.82
2020-08-18,-0.03,-0.06,-0.08,-0.04,0.06,0.26,0.78,0.82
2020-08-19,-0.02,-0.05,-0.06,-0.03,0.07,0.27,0.81,0.86
2020-08-20,-0.03,-0.06,-0.07,-0.03,0.07,0.27,0.81,0.86
2020-08-21,-0.04,-0.07,-0.08,-0.04,0.06,0.25,0.79,0.84
2020-08-24,-0.04,-0.07,-0.08,-0.05,0.05,0.25,0.78,0.84
2020-08-25,-0.02,-0.04,-0.04,-0.04,0.11,0.31,0.85,0.9
2020-08-26,-0.03,-0.03,-0.04,0.02,0.14,0.35,0.9,0.94
2020-08-27,-0.02,-0.03,-0.03,0.03,0.16,0.38,0.94,0.99
2020-08-28,-0.04,-0.07,-0.07,-0.07,0.12,0.35,0.89,0.94
2020-08-31,-0.04,-0.07,-0.07,-0.07,0.12,0.35,0.89,0.94
2020-09-01,-0.05,-0.09,-0.09,-0.02,0.12,0.35,0.89,0.94
2020-09-02,-0.06,-0.11,-0.12,-0.06,0.06,0.28,0.83,0.87
2020-09-03,-0.05,-0.1,-0.12,-0.06,0.05,0.27,0.8,0.84
2020-09-04,-0.04,-0.09,-0.1,-0.04,0.08,0.29,0.82,0.86
2020-09-07,-0.04,-0.09,-0.11,-0.05,0.07,0.29,0.82,0.86
2020-09-08,-0.07,-0.14,-0.16,-0.11,-0.11,0.22,0.73,0.77
2020-09-09,-0.05,-0.09,-0.1,-0.05,0.07,0.28,0.8,0.84
2020-09-10,-0.05,-0.1,-0.12,-0.06,0.06,0.28,0.82,0.86
2020-09-11,-0.08,-0.14,-0.16,-0.11,-0.11,0.22,0.74,0.79
2020-09-14,-0.06,-0.11,-0.13,-0.09,0.03,0.24,0.75,0.8
2020-09-15,-0.06,-0.09,-0.1,-0.06,0.05,0.26,0.76,0.81
2020-09-16,-0.05,-0.07,-0.09,-0.05,0.05,0.26,0.76,0.8
2020-09-17,-0.08,-0.13,-0.16,-0.11,-0.11,0.22,0.74,0.78
2020-09-18,-0.08,-0.14,-0.16,-0.12,-0.12,0.22,0.74,0.79
2020-09-21,-0.08,-0.14,-0.16,-0.12,-0.01,0.2,0.71,0.76
2020-09-22,-0.05,-0.08,-0.1,-0.07,0.03,0.24,0.74,0.79
2020-09-23,-0.04,-0.07,-0.09,-0.05,0.06,0.27,0.77,0.81
2020-09-24,-0.04,-0.08,-0.1,-0.07,0.04,0.25,0.76,0.8
2020-09-25,-0.05,-0.1,-0.12,-0.09,0.02,0.22,0.72,0.76
2020-09-28,-0.04,-0.08,-0.11,-0.07,0.03,0.24,0.74,0.77
2020-09-29,-0.04,-0.08,-0.11,-0.08,0.01,0.22,0.72,0.75
2020-09-30,-0.01,-0.05,-0.08,-0.06,0.05,0.26,0.77,0.81
2020-10-01,-0.02,-0.07,-0.1,-0.06,0.05,0.27,0.8,0.84
2020-10-02,-0.02,-0.05,-0.08,-0.05,0.07,0.29,0.82,0.86
2020-10-05,-0.02,-0.05,-0.07,-0.03,0.09,0.32,0.86,0.9
2020-10-06,-0.02,-0.05,-0.07,-0.03,0.09,0.32,0.87,0.91
2020-10-07,0.01,-0.04,-0.06,-0.01,0.11,0.34,0.88,0.93
2020-10-08,0.01,-0.04,-0.06,-0.02,0.1,0.33,0.86,0.91
2020-10-09,0.01,-0.05,-0.07,-0.03,0.09,0.31,0.84,0.89
2020-10-12,-0.01,-0.05,-0.07,-0.02,0.09,0.31,0.85,0.9
2020-10-13,-0.02,-0.07,-0.09,-0.05,0.06,0.27,0.8,0.84
2020-10-14,-0.02,-0.06,-0.09,-0.05,0.05,0.26,0.76,0.81
2020-10-15,-0.03,-0.08,-0.1,-0.08,0.02,0.21,0.71,0.76
2020-10-16,-0.03,-0.08,-0.11,-0.08,0.02,0.22,0.72,0.76
2020-10-19,-0.03,-0.09,-0.11,-0.08,0.01,0.21,0.7,0.75
2020-10-20,-0.03,-0.08,-0.11,-0.07,0.03,0.23,0.73,0.78
2020-10-21,-0.02,-0.07,-0.09,-0.05,0.06,0.28,0.79,0.84
2020-10-22,-0.01,-0.05,-0.06,-0.01,0.11,0.33,0.85,0.9
2020-10-23,-0.03,-0.05,-0.07,-0.01,0.11,0.33,0.84,0.9
2020-10-26,-0.03,-0.05,-0.06,-0.01,0.11,0.32,0.84,0.9
2020-10-27,-0.03,-0.07,-0.08,-0.04,0.07,0.27,0.77,0.82
2020-10-28,-0.04,-0.08,-0.1,-0.06,0.05,0.25,0.75,0.79
2020-10-29,-0.04,-0.08,-0.1,-0.06,0.05,0.26,0.76,0.8
2020-10-30,-0.03,-0.05,-0.07,-0.02,0.08,0.3,0.82,0.86
2020-11-02,-0.04,-0.08,-0.1,-0.06,0.05,0.26,0.79,0.83
2020-11-03,-0.02,-0.06,-0.07,-0.02,0.1,0.31,0.83,0.88
2020-11-04,-0.04,-0.09,-0.1,-0.06,0.04,0.25,0.76,0.81
2020-11-05,-0.02,-0.06,-0.08,-0.03,0.07,0.28,0.79,0.85
2020-11-06,-0.02,-0.05,-0.06,-0.01,0.1,0.32,0.85,0.91
2020-11-09,-0.01,-0.02,-0.01,0.06,0.19,0.42,0.96,1.02
2020-11-10,-0.01,-0.01,-0.01,0.07,0.2,0.44,0.98,1.04
2020-11-11,-0.01,-0.01,0.01,0.08,0.22,0.46,1.01,1.07
2020-11-12,-0.03,-0.04,-0.03,0.04,0.17,0.4,0.93,0.99
2020-11-13,-0.03,-0.04,-0.03,0.04,0.16,0.38,0.92,0.97
2020-11-16,-0.03,-0.03,-0.03,0.04,0.16,0.39,0.94,0.99
2020-11-17,-0.03,-0.04,-0.03,0.03,0.15,0.37,0.91,0.96
2020-11-18,-0.03,-0.03,-0.03,0.04,0.16,0.38,0.92,0.97
2020-11-19,-0.03,-0.03,-0.03,0.03,0.15,0.37,0.91,0.97
2020-11-20,-0.04,-0.05,-0.05,0.02,0.13,0.35,0.88,0.94
2020-11-23,-0.03,-0.03,-0.03,0.04,0.15,0.37,0.9,0.95
2020-11-24,-0.02,-0.03,-0.02,0.04,0.16,0.37,0.89,0.94
2020-11-25,-0.03,-0.03,-0.03,0.03,0.15,0.36,0.86,0.91
2020-11-26,-0.04,-0.04,-0.04,0.01,0.12,0.32,0.83,0.87
2020-11-27,-0.03,-0.04,-0.03,0.02,0.13,0.34,0.84,0.88
2020-11-30,-0.02,-0.02,-0.02,0.04,0.15,0.36,0.85,0.89
2020-12-01,-0.01,-0.01,0.01,0.07,0.19,0.41,0.91,0.96
2020-12-02,-0.03,-0.02,-0.01,0.06,0.18,0.4,0.91,0.96
2020-12-03,-0.03,-0.03,-0.02,0.04,0.16,0.38,0.9,0.95
2020-12-04,-0.04,-0.03,-0.02,0.05,0.17,0.39,0.92,0.97
2020-12-07,-0.06,-0.07,-0.07,-0.01,0.11,0.32,0.84,0.89
2020-12-08,-0.06,-0.08,-0.07,-0.02,0.09,0.3,0.8,0.83
2020-12-09,-0.07,-0.08,-0.08,-0.02,0.09,0.3,0.8,0.84
2020-12-10,-0.09,-0.11,-0.11,-0.06,0.05,0.25,0.74,0.78
2020-12-11,-0.1,-0.12,-0.12,-0.08,0.01,0.21,0.7,0.74
2020-12-14,-0.07,-0.09,-0.09,-0.04,0.07,0.26,0.76,0.8
2020-12-15,-0.05,-0.06,-0.05,-0.05,0.1,0.3,0.81,0.86
2020-12-16,-0.06,-0.06,-0.05,0.01,0.12,0.32,0.83,0.89
2020-12-17,-0.06,-0.05,-0.05,0.01,0.11,0.31,0.82,0.87
2020-12-18,-0.08,-0.08,-0.08,-0.02,0.08,0.28,0.78,0.83
2020-12-21,-0.1,-0.1,-0.1,-0.06,0.04,0.24,0.73,0.78
2020-12-22,-0.13,-0.13,-0.13,-0.08,0.03,0.22,0.72,0.77
2020-12-23,-0.11,-0.07,-0.05,0.02,0.13,0.35,0.87,0.91
2020-12-24,-0.13,-0.1,-0.08,-0.02,0.09,0.3,0.81,0.86
2020-12-25,-0.13,-0.1,-0.08,-0.02,0.09,0.3,0.81,0.86
2020-12-28,-0.13,-0.1,-0.08,-0.02,0.09,0.3,0.81,0.86
2020-12-29,-0.15,-0.13,-0.11,-0.05,0.05,0.25,0.76,0.81
2020-12-30,-0.14,-0.12,-0.1,-0.04,0.06,0.26,0.76,0.81
2020-12-31,-0.15,-0.14,-0.12,-0.06,0.04,0.23,0.72,0.78
2021-01-01,-0.15,-0.14,-0.12,-0.06,0.04,0.23,0.72,0.78
2021-01-04,-0.13,-0.13,-0.12,-0.07,0.03,0.23,0.73,0.78
2021-01-05,-0.13,-0.13,-0.12,-0.06,0.05,0.25,0.77,0.82
2021-01-06,-0.13,-0.12,-0.11,-0.05,0.07,0.28,0.81,0.86
2021-01-07,-0.13,-0.11,-0.09,-0.01,0.12,0.34,0.87,0.92
2021-01-08,-0.13,-0.11,-0.09,-0.01,0.12,0.34,0.86,0.91
2021-01-11,-0.12,-0.1,-0.08,-0.08,0.13,0.35,0.89,0.94
2021-01-12,-0.09,-0.06,-0.04,0.05,0.18,0.4,0.92,0.97
2021-01-13,-0.11,-0.09,-0.06,0.02,0.14,0.35,0.86,0.91
2021-01-14,-0.12,-0.1,-0.08,-0.08,0.12,0.33,0.84,0.89
2021-01-15,-0.13,-0.12,-0.09,-0.09,0.12,0.34,0.85,0.91
2021-01-18,-0.13,-0.12,-0.09,-0.01,0.12,0.34,0.86,0.91
2021-01-19,-0.13,-0.11,-0.09,-0.01,0.12,0.33,0.84,0.89
2021-01-20,-0.11,-0.1,-0.08,-0.08,0.13,0.35,0.86,0.92
2021-01-21,-0.11,-0.09,-0.07,0.02,0.15,0.38,0.89,0.95
2021-01-22,-0.12,-0.1,-0.08,0.01,0.14,0.36,0.88,0.94
2021-01-25,-0.13,-0.12,-0.1,-0.02,0.1,0.31,0.82,0.87
2021-01-26,-0.13,-0.12,-0.1,-0.02,0.1,0.32,0.83,0.88
2021-01-27,-0.13,-0.12,-0.1,-0.02,0.1,0.32,0.82,0.87
2021-01-28,-0.12,-0.11,-0.09,-0.01,0.11,0.33,0.83,0.88
2021-01-29,-0.11,-0.1,-0.08,0.01,0.15,0.37,0.88,0.93
2021-02-01,-0.11,-0.1,-0.08,0.01,0.14,0.37,0.88,0.93
2021-02-02,-0.1,-0.08,-0.06,0.03,0.17,0.4,0.91,0.97
2021-02-03,-0.09,-0.07,-0.04,0.05,0.19,0.42,0.93,0.98
2021-02-04,-0.04,-0.02,0.01,0.11,0.25,0.49,1,1.06
2021-02-05,-0.03,-0.03,0.03,0.14,0.3,0.54,1.07,1.12
2021-02-08,-0.04,-0.01,0.03,0.14,0.29,0.53,1.05,1.11
2021-02-09,-0.05,-0.02,0.01,0.12,0.27,0.51,1.03,1.08
2021-02-10,-0.05,-0.02,0.02,0.13,0.29,0.54,1.05,1.11
2021-02-11,-0.05,-0.03,-0.03,0.12,0.27,0.52,1.04,1.09
2021-02-12,-0.05,-0.02,0.02,0.14,0.31,0.57,1.1,1.15
2021-02-15,-0.05,-0.02,0.03,0.17,0.35,0.63,1.17,1.22
2021-02-16,-0.05,-0.01,0.04,0.2,0.39,0.68,1.21,1.27
2021-02-17,-0.06,-0.03,0.02,0.17,0.36,0.63,1.15,1.2
2021-02-18,-0.05,-0.01,0.05,0.21,0.4,0.68,1.19,1.24
2021-02-19,-0.04,0.02,0.09,0.27,0.47,0.76,1.26,1.3
2021-02-22,-0.04,0.01,0.08,0.26,0.47,0.75,1.25,1.29
2021-02-23,-0.05,-0.05,0.07,0.27,0.49,0.79,1.32,1.36
2021-02-24,-0.05,-0.05,0.08,0.29,0.52,0.84,1.4,1.45
2021-02-25,-0.01,0.06,0.15,0.35,0.56,0.86,1.39,1.43
2021-02-26,-0.01,0.09,0.18,0.39,0.6,0.89,1.38,1.42
2021-03-01,-0.01,0.07,0.15,0.34,0.55,0.84,1.33,1.37
2021-03-02,-0.04,0.03,0.1,0.3,0.5,0.78,1.25,1.29
2021-03-03,-0.03,0.05,0.14,0.34,0.56,0.85,1.33,1.36
2021-03-04,-0.02,0.04,0.13,0.32,0.53,0.81,1.29,1.31
2021-03-05,-0.01,0.07,0.16,0.36,0.57,0.84,1.31,1.32
2021-03-08,-0.02,0.06,0.14,0.34,0.55,0.83,1.29,1.31
2021-03-09,-0.02,0.05,0.13,0.33,0.53,0.8,1.25,1.27
2021-03-10,-0.03,0.03,0.12,0.31,0.52,0.8,1.24,1.26
2021-03-11,-0.02,0.05,0.13,0.33,0.54,0.82,1.28,1.3
2021-03-12,-0.02,0.06,0.16,0.38,0.61,0.91,1.37,1.39
2021-03-15,-0.02,0.05,0.15,0.36,0.58,0.88,1.34,1.35
2021-03-16,-0.03,0.06,0.15,0.36,0.58,0.87,1.33,1.35
2021-03-17,-0.02,0.07,0.17,0.39,0.62,0.92,1.38,1.39
2021-03-18,-0.03,0.06,0.17,0.41,0.65,0.96,1.43,1.43
2021-03-19,-0.03,0.05,0.15,0.38,0.62,0.93,1.39,1.39
2021-03-22,-0.03,0.04,0.14,0.36,0.6,0.91,1.37,1.37
2021-03-23,-0.03,0.02,0.11,0.32,0.55,0.85,1.31,1.32
2021-03-24,-0.03,0.03,0.11,0.32,0.55,0.84,1.29,1.3
2021-03-25,-0.04,0.02,0.1,0.31,0.53,0.82,1.26,1.27
2021-03-26,-0.03,0.03,0.11,0.32,0.55,0.84,1.29,1.3
2021-03-29,-0.02,0.04,0.12,0.34,0.58,0.88,1.33,1.35
2021-03-30,-0.02,0.06,0.15,0.38,0.62,0.93,1.39,1.4
2021-03-31,0.01,0.07,0.16,0.39,0.63,0.93,1.41,1.42
2021-04-01,0.01,0.05,0.14,0.37,0.59,0.89,1.36,1.37
2021-04-02,0.01,0.05,0.14,0.37,0.59,0.89,1.36,1.37
2021-04-05,0.01,0.05,0.14,0.37,0.59,0.89,1.36,1.37
2021-04-06,0.01,0.06,0.15,0.37,0.6,0.88,1.35,1.36
2021-04-07,0.01,0.06,0.15,0.37,0.59,0.87,1.34,1.35
2021-04-08,-0.01,0.04,0.13,0.35,0.57,0.85,1.31,1.32
2021-04-09,-0.01,0.04,0.13,0.36,0.59,0.87,1.33,1.34
2021-04-12,-0.01,0.04,0.14,0.37,0.6,0.88,1.33,1.34
2021-04-13,-0.01,0.04,0.13,0.36,0.59,0.88,1.32,1.34
2021-04-14,-0.01,0.05,0.15,0.38,0.61,0.9,1.35,1.37
2021-04-15,-0.01,0.02,0.11,0.32,0.54,0.82,1.26,1.28
2021-04-16,-0.01,0.04,0.12,0.34,0.57,0.86,1.31,1.33
2021-04-19,-0.01,0.03,0.12,0.34,0.56,0.85,1.29,1.32
2021-04-20,-0.01,0.03,0.11,0.33,0.54,0.82,1.27,1.3
2021-04-21,-0.01,0.04,0.12,0.33,0.55,0.84,1.29,1.31
2021-04-22,-0.01,0.03,0.11,0.32,0.54,0.82,1.27,1.29
2021-04-23,-0.01,0.04,0.12,0.33,0.55,0.84,1.29,1.31
2021-04-26,0.01,0.05,0.13,0.34,0.56,0.84,1.29,1.31
2021-04-27,0.01,0.06,0.14,0.35,0.57,0.86,1.3,1.32
2021-04-28,0.01,0.06,0.14,0.37,0.6,0.89,1.32,1.34
2021-04-29,0.02,0.07,0.17,0.4,0.64,0.93,1.36,1.37
2021-04-30,0.02,0.08,0.17,0.4,0.64,0.93,1.35,1.36
2021-05-03,0.02,0.08,0.17,0.4,0.64,0.93,1.35,1.36
2021-05-04,0.02,0.04,0.13,0.36,0.59,0.88,1.3,1.31
2021-05-05,0.02,0.05,0.14,0.37,0.61,0.91,1.34,1.35
2021-05-06,-0.01,0.03,0.11,0.34,0.58,0.88,1.33,1.34
2021-05-07,-0.01,0.02,0.09,0.32,0.55,0.86,1.32,1.33
2021-05-10,-0.01,0.03,0.11,0.33,0.57,0.88,1.34,1.35
2021-05-11,0.02,0.05,0.14,0.37,0.62,0.93,1.41,1.42
2021-05-12,0.04,0.09,0.18,0.42,0.67,0.99,1.45,1.46
2021-05-13,0.04,0.09,0.19,0.43,0.68,1,1.47,1.47
2021-05-14,0.03,0.08,0.17,0.41,0.66,0.97,1.43,1.44
2021-05-17,0.03,0.08,0.17,0.41,0.66,0.97,1.43,1.43
2021-05-18,0.03,0.08,0.17,0.41,0.65,0.96,1.44,1.44
2021-05-19,0.01,0.06,0.15,0.39,0.63,0.94,1.42,1.42
2021-05-20,0.01,0.05,0.15,0.39,0.63,0.94,1.42,1.42
2021-05-21,-0.01,0.05,0.14,0.38,0.63,0.94,1.42,1.42
2021-05-24,-0.01,0.04,0.13,0.36,0.6,0.91,1.39,1.39
2021-05-25,-0.01,0.03,0.12,0.35,0.59,0.89,1.35,1.35
2021-05-26,-0.01,0.03,0.11,0.33,0.55,0.85,1.31,1.31
2021-05-27,0.02,0.06,0.15,0.37,0.61,0.91,1.35,1.35
2021-05-28,0.01,0.06,0.14,0.36,0.59,0.89,1.33,1.33
2021-05-31,0.01,0.06,0.14,0.36,0.59,0.89,1.33,1.33
2021-06-01,0.02,0.07,0.16,0.39,0.63,0.93,1.38,1.38
2021-06-02,0.01,0.06,0.14,0.37,0.6,0.9,1.35,1.36
2021-06-03,0.02,0.07,0.16,0.39,0.63,0.94,1.39,1.39
2021-06-04,0.02,0.06,0.15,0.37,0.6,0.9,1.35,1.36
2021-06-07,0.02,0.08,0.16,0.38,0.61,0.91,1.37,1.38
2021-06-08,0.02,0.06,0.15,0.36,0.59,0.88,1.33,1.35
2021-06-09,0.01,0.05,0.13,0.34,0.55,0.84,1.29,1.3
2021-06-10,0.02,0.07,0.15,0.36,0.57,0.86,1.31,1.32
2021-06-11,0.01,0.05,0.12,0.32,0.53,0.81,1.27,1.28
2021-06-14,0.02,0.06,0.14,0.34,0.55,0.84,1.29,1.31
2021-06-15,0.04,0.08,0.16,0.36,0.58,0.86,1.3,1.31
2021-06-16,0.04,0.08,0.16,0.36,0.57,0.85,1.29,1.29
2021-06-17,0.06,0.13,0.21,0.41,0.62,0.89,1.3,1.3
2021-06-18,0.07,0.13,0.22,0.41,0.6,0.85,1.24,1.23
2021-06-21,0.07,0.13,0.22,0.41,0.6,0.86,1.25,1.24
2021-06-22,0.07,0.13,0.22,0.42,0.61,0.88,1.29,1.29
2021-06-23,0.05,0.12,0.21,0.41,0.61,0.88,1.3,1.3
2021-06-24,0.03,0.09,0.18,0.38,0.58,0.84,1.27,1.27
2021-06-25,0.04,0.1,0.2,0.4,0.6,0.87,1.31,1.31
2021-06-28,0.03,0.09,0.18,0.38,0.57,0.83,1.26,1.26
2021-06-29,0.02,0.08,0.17,0.37,0.57,0.83,1.27,1.27
2021-06-30,0.02,0.08,0.17,0.36,0.56,0.82,1.26,1.27
2021-07-01,0.03,0.08,0.17,0.36,0.56,0.83,1.27,1.27
2021-07-02,0.02,0.07,0.15,0.35,0.54,0.8,1.25,1.26
2021-07-05,0.03,0.07,0.15,0.34,0.54,0.81,1.26,1.27
2021-07-06,0.03,0.06,0.12,0.29,0.47,0.73,1.18,1.19
2021-07-07,0.03,0.06,0.12,0.27,0.44,0.69,1.13,1.15
2021-07-08,0.04,0.07,0.12,0.27,0.44,0.69,1.13,1.14
2021-07-09,0.05,0.09,0.16,0.32,0.5,0.76,1.2,1.21
2021-07-12,0.05,0.09,0.15,0.32,0.49,0.74,1.17,1.18
2021-07-13,0.04,0.08,0.15,0.31,0.48,0.71,1.13,1.14
2021-07-14,0.04,0.09,0.16,0.32,0.49,0.72,1.12,1.13
2021-07-15,0.09,0.16,0.23,0.38,0.54,0.76,1.17,1.18
2021-07-16,0.07,0.13,0.2,0.35,0.5,0.71,1.13,1.14
2021-07-19,0.04,0.08,0.14,0.28,0.43,0.63,1.03,1.05
2021-07-20,0.06,0.09,0.15,0.29,0.43,0.63,1.01,1.02
2021-07-21,0.07,0.12,0.18,0.32,0.47,0.68,1.07,1.08
2021-07-22,0.05,0.08,0.14,0.29,0.44,0.65,1.02,1.03
2021-07-23,0.05,0.1,0.16,0.31,0.46,0.67,1.03,1.03
2021-07-26,0.05,0.1,0.16,0.3,0.45,0.65,1.01,1.01
2021-07-27,0.05,0.1,0.16,0.3,0.44,0.65,1,1
2021-07-28,0.05,0.1,0.16,0.3,0.45,0.65,1.02,1.01
2021-07-29,0.03,0.08,0.15,0.29,0.44,0.65,1.02,1.01
2021-07-30,0.02,0.07,0.14,0.29,0.44,0.65,1.02,1.01
2021-08-02,0.02,0.06,0.12,0.26,0.41,0.63,1,0.99
2021-08-03,0.03,0.06,0.11,0.25,0.39,0.6,0.97,0.96
2021-08-04,0.05,0.08,0.13,0.26,0.41,0.61,0.98,0.97
2021-08-05,0.06,0.09,0.13,0.26,0.4,0.6,0.96,0.95
2021-08-06,0.1,0.15,0.2,0.33,0.48,0.7,1.05,1.03
2021-08-09,0.09,0.14,0.18,0.31,0.45,0.66,0.99,0.96
2021-08-10,0.1,0.16,0.2,0.32,0.46,0.66,0.99,0.96
2021-08-11,0.08,0.13,0.19,0.31,0.45,0.66,0.99,0.96
2021-08-12,0.09,0.16,0.21,0.33,0.47,0.68,1.02,0.99
2021-08-13,0.09,0.15,0.2,0.32,0.46,0.66,1,0.97
2021-08-16,0.08,0.14,0.2,0.32,0.45,0.65,0.99,0.97
2021-08-17,0.09,0.16,0.2,0.32,0.45,0.64,0.98,0.95
2021-08-18,0.09,0.15,0.2,0.31,0.45,0.65,1,0.97
2021-08-19,0.07,0.12,0.17,0.29,0.42,0.62,0.98,0.95
2021-08-20,0.06,0.1,0.15,0.27,0.4,0.61,0.98,0.95
2021-08-23,0.07,0.12,0.17,0.28,0.42,0.62,0.99,0.96
2021-08-24,0.08,0.13,0.18,0.29,0.42,0.62,0.98,0.96
2021-08-25,0.1,0.15,0.21,0.33,0.47,0.68,1.05,1.03
2021-08-26,0.09,0.14,0.2,0.33,0.47,0.68,1.05,1.03
2021-08-27,0.08,0.13,0.19,0.32,0.46,0.67,1.04,1.02
2021-08-30,0.08,0.13,0.19,0.32,0.46,0.67,1.04,1.02
2021-08-31,0.1,0.16,0.21,0.35,0.49,0.71,1.1,1.08
2021-09-01,0.08,0.14,0.19,0.32,0.47,0.69,1.07,1.05
2021-09-02,0.07,0.13,0.18,0.31,0.46,0.68,1.06,1.04
2021-09-03,0.07,0.13,0.19,0.33,0.48,0.71,1.1,1.08
2021-09-06,0.06,0.11,0.17,0.31,0.46,0.69,1.07,1.05
2021-09-07,0.07,0.13,0.19,0.34,0.5,0.74,1.11,1.1
2021-09-08,0.06,0.13,0.19,0.34,0.5,0.73,1.1,1.08
2021-09-09,0.07,0.15,0.22,0.36,0.51,0.73,1.1,1.07
2021-09-10,0.06,0.15,0.22,0.37,0.52,0.74,1.1,1.08
2021-09-13,0.07,0.16,0.23,0.37,0.52,0.74,1.09,1.07
2021-09-14,0.06,0.16,0.23,0.37,0.52,0.73,1.08,1.05
2021-09-15,0.07,0.18,0.25,0.4,0.54,0.75,1.1,1.07
2021-09-16,0.08,0.2,0.29,0.44,0.59,0.8,1.14,1.12
2021-09-17,0.08,0.21,0.31,0.47,0.63,0.85,1.2,1.17
2021-09-20,0.07,0.18,0.27,0.43,0.58,0.8,1.15,1.12
2021-09-21,0.08,0.19,0.28,0.43,0.58,0.79,1.15,1.12
2021-09-22,0.08,0.2,0.29,0.43,0.58,0.79,1.15,1.13
2021-09-23,0.15,0.3,0.39,0.54,0.69,0.9,1.24,1.21
2021-09-24,0.16,0.3,0.4,0.55,0.71,0.93,1.28,1.25
2021-09-27,0.14,0.3,0.4,0.56,0.72,0.95,1.32,1.29
2021-09-28,0.15,0.31,0.42,0.59,0.76,1,1.37,1.34
2021-09-29,0.16,0.31,0.41,0.58,0.75,0.99,1.37,1.35
2021-09-30,0.18,0.33,0.44,0.62,0.8,1.04,1.43,1.41
2021-10-01,0.2,0.33,0.43,0.61,0.78,1.03,1.42,1.41
2021-10-04,0.2,0.32,0.41,0.59,0.77,1.01,1.41,1.4
2021-10-05,0.24,0.38,0.48,0.66,0.85,1.1,1.49,1.48
2021-10-06,0.27,0.39,0.49,0.66,0.84,1.08,1.47,1.46
2021-10-07,0.27,0.4,0.49,0.67,0.85,1.09,1.47,1.46
2021-10-08,0.32,0.47,0.56,0.74,0.92,1.17,1.54,1.53
2021-10-11,0.37,0.51,0.6,0.77,0.95,1.19,1.56,1.54
2021-10-12,0.36,0.49,0.58,0.75,0.92,1.15,1.49,1.47
2021-10-13,0.39,0.49,0.57,0.71,0.85,1.06,1.37,1.33
2021-10-14,0.35,0.45,0.53,0.67,0.83,1.04,1.34,1.3
2021-10-15,0.38,0.5,0.58,0.72,0.87,1.09,1.41,1.38
2021-10-18,0.55,0.66,0.7,0.8,0.92,1.12,1.41,1.37
2021-10-19,0.55,0.66,0.71,0.81,0.95,1.15,1.41,1.36
2021-10-20,0.52,0.63,0.68,0.79,0.94,1.15,1.44,1.39
2021-10-21,0.53,0.65,0.7,0.83,0.99,1.21,1.5,1.45
2021-10-22,0.5,0.63,0.69,0.81,0.95,1.16,1.43,1.38
2021-10-25,0.47,0.59,0.65,0.78,0.93,1.14,1.42,1.36
2021-10-26,0.45,0.57,0.63,0.76,0.9,1.11,1.37,1.31
2021-10-27,0.42,0.51,0.55,0.66,0.79,0.98,1.2,1.12
2021-10-28,0.45,0.57,0.61,0.7,0.81,0.98,1.16,1.08
2021-10-29,0.48,0.65,0.71,0.79,0.89,1.04,1.19,1.11
2021-11-01,0.41,0.61,0.69,0.8,0.92,1.07,1.23,1.14
2021-11-02,0.39,0.57,0.65,0.76,0.87,1.03,1.23,1.15
2021-11-03,0.42,0.61,0.69,0.79,0.9,1.07,1.27,1.19
2021-11-04,0.25,0.4,0.48,0.61,0.75,0.95,1.22,1.15
2021-11-05,0.22,0.33,0.39,0.51,0.65,0.84,1.09,1.01
2021-11-08,0.25,0.35,0.41,0.53,0.66,0.85,1.08,1
2021-11-09,0.29,0.4,0.45,0.54,0.66,0.82,1.02,0.92
2021-11-10,0.38,0.52,0.57,0.66,0.76,0.93,1.14,1.05
2021-11-11,0.35,0.51,0.56,0.65,0.75,0.92,1.13,1.05
2021-11-12,0.32,0.47,0.52,0.62,0.74,0.92,1.15,1.07
2021-11-15,0.33,0.49,0.55,0.65,0.77,0.95,1.18,1.1
2021-11-16,0.35,0.53,0.59,0.68,0.8,0.97,1.2,1.11
2021-11-17,0.34,0.51,0.57,0.67,0.79,0.98,1.22,1.14
2021-11-18,0.31,0.47,0.53,0.63,0.75,0.94,1.18,1.09
2021-11-19,0.28,0.43,0.49,0.58,0.7,0.89,1.13,1.02
2021-11-22,0.3,0.47,0.53,0.63,0.75,0.94,1.18,1.07
2021-11-23,0.32,0.51,0.58,0.68,0.8,0.98,1.18,1.06
2021-11-24,0.33,0.53,0.6,0.71,0.83,1.01,1.21,1.08
2021-11-25,0.32,0.51,0.58,0.68,0.8,0.97,1.17,1.04
2021-11-26,0.22,0.39,0.45,0.54,0.64,0.81,1.03,0.91
2021-11-29,0.26,0.43,0.49,0.58,0.68,0.85,1.06,0.92
2021-11-30,0.26,0.43,0.5,0.58,0.67,0.82,1,0.86
2021-12-01,0.28,0.47,0.53,0.61,0.69,0.84,1.03,0.89
2021-12-02,0.27,0.45,0.51,0.58,0.66,0.8,1,0.88
2021-12-03,0.25,0.42,0.48,0.55,0.63,0.77,0.96,0.86
2021-12-06,0.22,0.39,0.45,0.52,0.6,0.73,0.93,0.82
2021-12-07,0.22,0.38,0.44,0.51,0.59,0.72,0.9,0.78
2021-12-08,0.19,0.37,0.43,0.52,0.61,0.75,0.93,0.8
2021-12-09,0.17,0.34,0.41,0.5,0.59,0.75,0.96,0.84
2021-12-10,0.15,0.33,0.4,0.48,0.57,0.72,0.95,0.84
2021-12-13,0.12,0.32,0.39,0.47,0.55,0.71,0.95,0.84
2021-12-14,0.15,0.36,0.42,0.5,0.58,0.72,0.97,0.87
2021-12-15,0.19,0.4,0.46,0.52,0.59,0.73,0.99,0.9
2021-12-16,0.25,0.43,0.49,0.55,0.62,0.75,1,0.91
2021-12-17,0.26,0.45,0.51,0.57,0.64,0.78,1.04,0.96
2021-12-20,0.28,0.47,0.52,0.58,0.64,0.78,1.04,0.96
2021-12-21,0.34,0.55,0.61,0.67,0.74,0.88,1.16,1.07
2021-12-22,0.36,0.58,0.64,0.7,0.76,0.9,1.16,1.08
2021-12-23,0.38,0.61,0.68,0.73,0.8,0.94,1.2,1.12
2021-12-24,0.38,0.6,0.66,0.72,0.79,0.93,1.18,1.1
2021-12-27,0.38,0.6,0.66,0.72,0.79,0.93,1.18,1.1
2021-12-28,0.38,0.6,0.66,0.72,0.79,0.93,1.18,1.1
2021-12-29,0.41,0.65,0.72,0.79,0.87,1.02,1.27,1.19
2021-12-30,0.39,0.62,0.7,0.77,0.84,0.98,1.23,1.14
2021-12-31,0.41,0.62,0.69,0.76,0.84,0.98,1.22,1.13
2022-01-03,0.41,0.62,0.69,0.76,0.84,0.98,1.22,1.13
2022-01-04,0.5,0.71,0.78,0.86,0.94,1.08,1.31,1.21
2022-01-05,0.54,0.71,0.78,0.87,0.95,1.09,1.3,1.2
2022-01-06,0.59,0.75,0.83,0.93,1.02,1.16,1.37,1.27
2022-01-07,0.6,0.77,0.85,0.95,1.05,1.18,1.39,1.29
2022-01-10,0.6,0.79,0.87,0.97,1.06,1.2,1.4,1.31
2022-01-11,0.59,0.79,0.87,0.97,1.05,1.18,1.36,1.26
2022-01-12,0.58,0.77,0.85,0.94,1.03,1.16,1.35,1.24
2022-01-13,0.55,0.73,0.81,0.9,0.99,1.13,1.32,1.22
2022-01-14,0.58,0.76,0.83,0.93,1.02,1.16,1.35,1.24
2022-01-17,0.64,0.8,0.87,0.96,1.05,1.2,1.39,1.29
2022-01-18,0.66,0.83,0.9,0.99,1.08,1.22,1.42,1.32
2022-01-19,0.71,0.88,0.94,1.04,1.14,1.28,1.47,1.38
2022-01-20,0.7,0.86,0.92,1.01,1.1,1.24,1.44,1.35
2022-01-21,0.69,0.84,0.89,0.96,1.05,1.18,1.38,1.29
2022-01-24,0.7,0.83,0.87,0.93,1.01,1.14,1.33,1.24
2022-01-25,0.71,0.85,0.89,0.95,1.03,1.17,1.36,1.27
2022-01-26,0.74,0.88,0.93,0.99,1.08,1.22,1.42,1.34
2022-01-27,0.78,0.93,0.97,1.03,1.11,1.24,1.44,1.35
2022-01-28,0.79,0.93,0.97,1.03,1.12,1.25,1.45,1.37
2022-01-31,0.87,1.01,1.04,1.1,1.18,1.32,1.53,1.45
2022-02-01,0.88,1.02,1.06,1.11,1.19,1.32,1.52,1.44
2022-02-02,0.85,0.98,1.02,1.07,1.14,1.26,1.44,1.35
2022-02-03,0.98,1.11,1.15,1.19,1.26,1.39,1.55,1.46
2022-02-04,1.09,1.22,1.25,1.27,1.32,1.42,1.57,1.47
2022-02-07,1.1,1.24,1.26,1.28,1.32,1.43,1.59,1.5
2022-02-08,1.13,1.29,1.32,1.34,1.39,1.5,1.68,1.59
2022-02-09,1.08,1.24,1.26,1.28,1.32,1.43,1.61,1.52
2022-02-10,1.13,1.32,1.35,1.36,1.41,1.52,1.69,1.6
2022-02-11,1.18,1.38,1.39,1.38,1.42,1.54,1.7,1.6
2022-02-14,1.24,1.45,1.46,1.44,1.47,1.57,1.73,1.62
2022-02-15,1.25,1.49,1.5,1.47,1.49,1.58,1.71,1.59
2022-02-16,1.15,1.36,1.37,1.37,1.41,1.53,1.68,1.57
2022-02-17,1.1,1.3,1.31,1.3,1.35,1.47,1.64,1.54
2022-02-18,1.06,1.24,1.24,1.23,1.27,1.39,1.56,1.46
2022-02-21,1.07,1.24,1.25,1.24,1.29,1.41,1.58,1.47
2022-02-22,1.11,1.3,1.31,1.31,1.35,1.48,1.64,1.53
2022-02-23,1.06,1.26,1.27,1.28,1.34,1.48,1.66,1.54
2022-02-24,1.03,1.22,1.24,1.25,1.31,1.46,1.67,1.55
2022-02-25,0.97,1.17,1.19,1.21,1.29,1.47,1.7,1.6
2022-02-28,0.89,1.05,1.06,1.1,1.21,1.43,1.69,1.59
2022-03-01,0.74,0.82,0.82,0.84,0.94,1.16,1.45,1.38
2022-03-02,0.97,1.07,1.04,1.03,1.09,1.25,1.53,1.45
2022-03-03,0.99,1.12,1.12,1.1,1.16,1.31,1.6,1.53
2022-03-04,0.97,1.06,1.02,0.99,1.04,1.2,1.51,1.43
2022-03-07,1.05,1.17,1.13,1.09,1.14,1.29,1.57,1.48
2022-03-08,1.15,1.31,1.28,1.23,1.27,1.42,1.66,1.58
2022-03-09,1.21,1.4,1.38,1.34,1.37,1.51,1.74,1.66
2022-03-10,1.17,1.34,1.33,1.32,1.37,1.52,1.77,1.68
2022-03-11,1.17,1.34,1.33,1.31,1.37,1.52,1.77,1.68
2022-03-14,1.21,1.4,1.4,1.39,1.45,1.6,1.85,1.76
2022-03-15,1.18,1.36,1.35,1.35,1.41,1.57,1.82,1.72
2022-03-16,1.22,1.41,1.42,1.42,1.48,1.63,1.88,1.78
2022-03-17,1.12,1.3,1.31,1.33,1.41,1.58,1.86,1.78
2022-03-18,1.04,1.2,1.21,1.24,1.32,1.5,1.8,1.72
2022-03-21,1.11,1.3,1.31,1.35,1.44,1.62,1.91,1.83
2022-03-22,1.21,1.4,1.42,1.45,1.53,1.7,1.98,1.89
2022-03-23,1.19,1.38,1.4,1.42,1.49,1.65,1.93,1.85
2022-03-24,1.17,1.34,1.37,1.4,1.48,1.64,1.9,1.81
2022-03-25,1.22,1.41,1.43,1.46,1.53,1.68,1.93,1.84
2022-03-28,1.19,1.37,1.39,1.41,1.47,1.61,1.85,1.75
2022-03-29,1.18,1.37,1.4,1.43,1.5,1.65,1.88,1.77
2022-03-30,1.19,1.38,1.41,1.45,1.52,1.66,1.89,1.78
2022-03-31,1.18,1.37,1.41,1.43,1.49,1.63,1.86,1.75
2022-04-01,1.21,1.41,1.43,1.45,1.5,1.63,1.84,1.72
2022-04-04,1.22,1.39,1.41,1.41,1.45,1.56,1.77,1.64
2022-04-05,1.31,1.48,1.5,1.5,1.54,1.67,1.87,1.74
2022-04-06,1.31,1.49,1.52,1.54,1.59,1.73,1.93,1.8
2022-04-07,1.3,1.48,1.51,1.53,1.59,1.73,1.95,1.82
2022-04-08,1.31,1.49,1.52,1.55,1.62,1.76,1.99,1.87
2022-04-11,1.35,1.55,1.59,1.62,1.69,1.85,2.06,1.94
2022-04-12,1.31,1.51,1.55,1.58,1.65,1.8,2.04,1.91
2022-04-13,1.3,1.5,1.54,1.57,1.65,1.81,2.04,1.91
2022-04-14,1.35,1.55,1.59,1.63,1.71,1.88,2.13,2
2022-04-15,1.35,1.55,1.59,1.63,1.71,1.88,2.13,2
2022-04-18,1.35,1.55,1.59,1.63,1.71,1.88,2.13,2
2022-04-19,1.39,1.61,1.66,1.71,1.81,1.99,2.24,2.1
2022-04-20,1.37,1.58,1.63,1.67,1.75,1.92,2.16,2.02
2022-04-21,1.51,1.72,1.76,1.78,1.84,1.98,2.18,2.03
2022-04-22,1.51,1.71,1.74,1.77,1.82,1.95,2.13,1.97
2022-04-25,1.38,1.56,1.6,1.64,1.7,1.85,2.05,1.9
2022-04-26,1.34,1.5,1.54,1.58,1.65,1.8,2,1.85
2022-04-27,1.36,1.5,1.54,1.59,1.67,1.82,2.04,1.89
2022-04-28,1.4,1.55,1.58,1.63,1.72,1.88,2.11,1.96
2022-04-29,1.46,1.61,1.65,1.69,1.77,1.92,2.15,2
2022-05-02,1.46,1.61,1.65,1.69,1.77,1.92,2.15,2
2022-05-03,1.49,1.65,1.68,1.73,1.8,1.95,2.17,2.03
2022-05-04,1.52,1.66,1.7,1.75,1.83,1.98,2.19,2.04
2022-05-05,1.4,1.54,1.59,1.67,1.78,1.96,2.22,2.08
2022-05-06,1.38,1.52,1.57,1.68,1.81,2.02,2.29,2.16
2022-05-09,1.28,1.4,1.46,1.59,1.74,1.97,2.26,2.12
2022-05-10,1.24,1.33,1.39,1.5,1.63,1.86,2.16,2.02
2022-05-11,1.27,1.34,1.38,1.5,1.65,1.88,2.2,2.08
2022-05-12,1.19,1.22,1.26,1.35,1.49,1.72,2.06,1.94
2022-05-13,1.23,1.26,1.29,1.39,1.53,1.76,2.1,1.98
2022-05-16,1.21,1.26,1.3,1.39,1.53,1.75,2.08,1.96
2022-05-17,1.37,1.46,1.49,1.57,1.68,1.89,2.19,2.06
2022-05-18,1.38,1.47,1.5,1.57,1.67,1.87,2.18,2.05
2022-05-19,1.41,1.5,1.53,1.58,1.68,1.87,2.19,2.05
2022-05-20,1.43,1.52,1.54,1.6,1.7,1.9,2.22,2.09
2022-05-23,1.49,1.59,1.61,1.68,1.79,1.99,2.29,2.15
2022-05-24,1.36,1.44,1.47,1.55,1.67,1.88,2.2,2.07
2022-05-25,1.37,1.45,1.48,1.56,1.7,1.92,2.26,2.13
2022-05-26,1.39,1.48,1.51,1.61,1.76,2,2.34,2.21
2022-05-27,1.39,1.46,1.49,1.58,1.71,1.95,2.3,2.18
2022-05-30,1.43,1.5,1.53,1.62,1.76,2,2.35,2.23
2022-05-31,1.53,1.62,1.64,1.72,1.87,2.13,2.5,2.38
2022-06-01,1.58,1.68,1.7,1.77,1.9,2.15,2.5,2.38
2022-06-02,1.58,1.68,1.7,1.77,1.9,2.15,2.5,2.38
2022-06-03,1.58,1.68,1.7,1.77,1.9,2.15,2.5,2.38
2022-06-06,1.69,1.81,1.83,1.89,2.02,2.25,2.58,2.46
2022-06-07,1.63,1.77,1.79,1.85,1.98,2.2,2.51,2.38
2022-06-08,1.67,1.8,1.83,1.89,2.02,2.24,2.55,2.42
2022-06-09,1.73,1.89,1.92,1.99,2.1,2.32,2.59,2.45
2022-06-10,1.88,2.07,2.1,2.14,2.23,2.41,2.65,2.5
2022-06-13,1.96,2.14,2.17,2.22,2.31,2.49,2.72,2.57
2022-06-14,1.97,2.14,2.17,2.23,2.34,2.55,2.8,2.65
2022-06-15,1.89,1.99,2,2.08,2.22,2.45,2.74,2.59
2022-06-16,2.02,2.15,2.15,2.2,2.31,2.51,2.78,2.63
2022-06-17,2.11,2.23,2.23,2.23,2.31,2.49,2.77,2.62
2022-06-20,2.18,2.32,2.32,2.32,2.4,2.59,2.9,2.75
2022-06-21,2.19,2.33,2.33,2.34,2.43,2.64,2.96,2.82
2022-06-22,2.03,2.15,2.15,2.16,2.26,2.47,2.81,2.68
2022-06-23,1.86,1.95,1.94,1.96,2.07,2.3,2.66,2.51
2022-06-24,1.89,1.97,1.95,1.97,2.08,2.31,2.66,2.51
2022-06-27,1.95,2.04,2.02,2.05,2.16,2.4,2.75,2.6
2022-06-28,2.04,2.15,2.14,2.15,2.25,2.49,2.83,2.68
2022-06-29,1.97,2.07,2.06,2.07,2.16,2.4,2.78,2.63
2022-06-30,1.83,1.91,1.9,1.93,2.04,2.29,2.72,2.57
2022-07-01,1.64,1.69,1.68,1.73,1.85,2.12,2.56,2.43
2022-07-04,1.79,1.85,1.83,1.87,1.99,2.25,2.7,2.57
2022-07-05,1.72,1.74,1.71,1.74,1.86,2.13,2.61,2.49
2022-07-06,1.77,1.77,1.72,1.74,1.86,2.14,2.65,2.53
2022-07-07,1.86,1.84,1.78,1.79,1.9,2.16,2.64,2.52
2022-07-08,1.95,1.95,1.89,1.9,2.01,2.27,2.74,2.61
2022-07-11,1.93,1.9,1.84,1.85,1.96,2.23,2.73,2.59
2022-07-12,1.87,1.82,1.75,1.75,1.87,2.15,2.72,2.6
2022-07-13,1.9,1.84,1.76,1.76,1.87,2.14,2.67,2.55
2022-07-14,2.03,1.96,1.87,1.83,1.91,2.16,2.68,2.55
2022-07-15,2.01,1.94,1.85,1.81,1.9,2.17,2.74,2.61
2022-07-18,2.06,2.01,1.91,1.87,1.96,2.23,2.79,2.65
2022-07-19,2.11,2.08,1.98,1.92,2,2.27,2.85,2.7
2022-07-20,2.12,2.09,1.99,1.91,1.97,2.22,2.81,2.66
2022-07-21,2.03,2,1.9,1.83,1.88,2.11,2.66,2.51
2022-07-22,1.9,1.87,1.77,1.71,1.77,2.02,2.6,2.45
2022-07-25,1.91,1.86,1.76,1.71,1.77,2.02,2.65,2.51
2022-07-26,1.89,1.83,1.74,1.68,1.74,1.99,2.62,2.49
2022-07-27,1.88,1.86,1.78,1.72,1.78,2.02,2.67,2.55
2022-07-28,1.7,1.7,1.64,1.59,1.67,1.92,2.57,2.44
2022-07-29,1.76,1.73,1.65,1.61,1.68,1.93,2.55,2.42
2022-08-01,1.75,1.67,1.59,1.54,1.61,1.85,2.41,2.27
2022-08-02,1.84,1.74,1.65,1.6,1.67,1.89,2.4,2.25
2022-08-03,1.97,1.88,1.79,1.73,1.78,1.97,2.46,2.3
2022-08-04,1.95,1.86,1.76,1.7,1.74,1.93,2.41,2.26
2022-08-05,2.04,1.98,1.9,1.86,1.91,2.09,2.55,2.4
2022-08-08,1.97,1.88,1.81,1.77,1.82,2,2.47,2.33
2022-08-09,2.03,1.94,1.86,1.82,1.86,2.03,2.49,2.35
2022-08-10,2.03,1.92,1.84,1.78,1.82,2,2.46,2.32
2022-08-11,2.11,2,1.92,1.88,1.94,2.13,2.59,2.45
2022-08-12,2.14,2.04,1.96,1.92,1.98,2.18,2.67,2.54
2022-08-15,2.12,1.99,1.89,1.84,1.89,2.08,2.56,2.43
2022-08-16,2.24,2.12,2.02,1.96,2.01,2.19,2.65,2.52
2022-08-17,2.47,2.34,2.22,2.13,2.16,2.33,2.75,2.6
2022-08-18,2.48,2.36,2.24,2.15,2.17,2.34,2.74,2.56
2022-08-19,2.54,2.45,2.34,2.26,2.29,2.46,2.86,2.68
2022-08-22,2.59,2.54,2.44,2.35,2.37,2.54,2.96,2.79
2022-08-23,2.58,2.62,2.54,2.44,2.45,2.6,3,2.82
2022-08-24,2.74,2.86,2.78,2.65,2.61,2.72,3.06,2.87
2022-08-25,2.66,2.74,2.66,2.54,2.53,2.66,3.04,2.83
2022-08-26,2.67,2.76,2.67,2.53,2.51,2.65,3.03,2.8
2022-08-29,2.67,2.76,2.67,2.53,2.51,2.65,3.03,2.8
2022-08-30,2.8,2.88,2.78,2.65,2.63,2.77,3.16,2.93
2022-08-31,2.91,2.97,2.87,2.73,2.72,2.86,3.25,3.02
2022-09-01,3,3.04,2.93,2.81,2.81,2.97,3.39,3.16
2022-09-02,2.99,3.03,2.91,2.79,2.79,2.96,3.41,3.21
2022-09-05,3.08,3.12,3,2.85,2.84,2.97,3.34,3.14
2022-09-06,2.98,3.09,3.02,2.92,2.94,3.09,3.49,3.3
2022-09-07,2.83,2.96,2.91,2.86,2.9,3.07,3.5,3.32
2022-09-08,2.93,3.04,3,2.97,3.03,3.21,3.64,3.47
2022-09-09,2.94,3.04,3.01,2.97,3.01,3.17,3.62,3.47
2022-09-12,2.9,2.98,2.95,2.92,2.95,3.11,3.55,3.4
2022-09-13,2.99,3.08,3.05,3.02,3.05,3.19,3.58,3.42
2022-09-14,2.98,3.06,3.03,3.01,3.05,3.17,3.54,3.39
2022-09-15,3,3.08,3.06,3.04,3.07,3.19,3.57,3.41
2022-09-16,3.05,3.13,3.11,3.08,3.1,3.21,3.58,3.42
2022-09-19,3.05,3.13,3.11,3.08,3.1,3.21,3.58,3.42
2022-09-20,3.21,3.3,3.27,3.23,3.24,3.34,3.69,3.54
2022-09-21,3.28,3.38,3.35,3.31,3.3,3.37,3.7,3.54
2022-09-22,3.36,3.52,3.52,3.5,3.49,3.55,3.88,3.72
2022-09-23,3.69,3.97,4.01,3.96,3.88,3.84,4.09,3.95
2022-09-26,4.15,4.41,4.44,4.37,4.26,4.18,4.47,4.35
2022-09-27,4.26,4.53,4.57,4.52,4.45,4.43,4.87,4.85
2022-09-28,4.03,4.28,4.31,4.23,4.12,4.05,4.02,3.72
2022-09-29,4.1,4.36,4.39,4.31,4.2,4.12,4.06,3.68
2022-09-30,4.01,4.32,4.38,4.32,4.21,4.1,3.94,3.54
2022-10-03,3.81,4.11,4.17,4.12,4.03,3.98,4.01,3.66
2022-10-04,3.7,4,4.06,4.02,3.94,3.9,4.12,3.87
2022-10-05,3.79,4.09,4.15,4.13,4.07,4.05,4.3,4.09
2022-10-06,3.9,4.21,4.28,4.27,4.22,4.21,4.46,4.21
2022-10-07,3.93,4.24,4.31,4.3,4.26,4.28,4.58,4.27
2022-10-10,4.11,4.45,4.53,4.54,4.51,4.54,4.91,4.61
2022-10-11,3.98,4.31,4.41,4.44,4.43,4.48,4.96,4.7
2022-10-12,3.78,4.15,4.29,4.4,4.44,4.54,5.04,4.81
2022-10-13,3.6,3.93,4.07,4.18,4.22,4.3,4.76,4.54
2022-10-14,3.67,3.95,4.08,4.2,4.27,4.39,4.93,4.75
2022-10-17,3.36,3.62,3.75,3.88,3.95,4.07,4.56,4.34
2022-10-18,3.31,3.55,3.67,3.81,3.88,4,4.45,4.21
2022-10-19,3.3,3.52,3.65,3.79,3.85,3.94,4.21,3.85
2022-10-20,3.33,3.55,3.68,3.81,3.86,3.92,4.11,3.77
2022-10-21,3.53,3.76,3.89,4.03,4.07,4.11,4.24,3.9
2022-10-24,3.23,3.46,3.59,3.74,3.78,3.82,3.97,3.63
2022-10-25,3.18,3.39,3.53,3.66,3.7,3.73,3.9,3.55
2022-10-26,3.12,3.33,3.46,3.59,3.63,3.68,3.91,3.58
2022-10-27,3.02,3.21,3.33,3.47,3.52,3.58,3.83,3.51
2022-10-28,3.04,3.24,3.34,3.46,3.49,3.54,3.76,3.41
2022-10-31,3.13,3.34,3.45,3.57,3.58,3.62,3.86,3.49
2022-11-01,3.01,3.2,3.31,3.44,3.48,3.54,3.8,3.44
2022-11-02,2.9,3.08,3.2,3.34,3.4,3.51,3.83,3.48
2022-11-03,2.91,3.09,3.21,3.36,3.44,3.58,3.92,3.57
2022-11-04,2.97,3.1,3.21,3.38,3.48,3.63,3.99,3.65
2022-11-07,3.13,3.24,3.34,3.48,3.56,3.7,4.05,3.72
2022-11-08,3.18,3.27,3.34,3.45,3.52,3.63,3.95,3.63
2022-11-09,3.18,3.24,3.31,3.4,3.45,3.52,3.76,3.43
2022-11-10,3.04,3.1,3.16,3.25,3.28,3.35,3.59,3.25
2022-11-11,3.11,3.17,3.23,3.31,3.35,3.43,3.69,3.35
2022-11-14,3.11,3.16,3.22,3.31,3.35,3.43,3.7,3.37
2022-11-15,3.09,3.14,3.19,3.27,3.3,3.38,3.69,3.35
2022-11-16,3.01,3.03,3.07,3.13,3.16,3.23,3.52,3.18
2022-11-17,3.1,3.12,3.14,3.19,3.21,3.28,3.56,3.23
2022-11-18,3.17,3.19,3.2,3.24,3.25,3.31,3.59,3.26
2022-11-21,3.18,3.19,3.2,3.22,3.21,3.26,3.51,3.18
2022-11-22,3.14,3.15,3.16,3.17,3.17,3.22,3.51,3.21
2022-11-23,3.12,3.12,3.12,3.1,3.06,3.08,3.36,3.08
2022-11-24,3.18,3.16,3.15,3.12,3.08,3.11,3.42,3.16
2022-11-25,3.28,3.26,3.25,3.22,3.18,3.2,3.5,3.23
2022-11-28,3.26,3.24,3.22,3.19,3.16,3.19,3.51,3.25
2022-11-29,3.23,3.21,3.19,3.16,3.13,3.17,3.49,3.27
2022-11-30,3.29,3.28,3.25,3.22,3.2,3.25,3.58,3.35
2022-12-01,3.26,3.26,3.22,3.17,3.14,3.2,3.56,3.34
2022-12-02,3.34,3.33,3.29,3.23,3.2,3.25,3.66,3.43
2022-12-05,3.31,3.29,3.25,3.18,3.14,3.18,3.59,3.36
2022-12-06,3.27,3.26,3.22,3.16,3.12,3.17,3.59,3.36
2022-12-07,3.26,3.24,3.19,3.12,3.08,3.14,3.6,3.4
2022-12-08,3.29,3.27,3.21,3.13,3.09,3.17,3.63,3.45
2022-12-09,3.37,3.35,3.28,3.19,3.16,3.25,3.69,3.51
2022-12-12,3.43,3.42,3.34,3.24,3.21,3.29,3.76,3.59
2022-12-13,3.44,3.44,3.36,3.27,3.25,3.35,3.82,3.66
2022-12-14,3.42,3.4,3.33,3.26,3.27,3.4,3.84,3.67
2022-12-15,3.33,3.32,3.25,3.17,3.18,3.3,3.77,3.61
2022-12-16,3.43,3.44,3.37,3.3,3.3,3.42,3.83,3.66
2022-12-19,3.5,3.56,3.49,3.42,3.42,3.53,3.94,3.75
2022-12-20,3.56,3.64,3.6,3.55,3.55,3.66,4.04,3.84
2022-12-21,3.52,3.6,3.57,3.52,3.52,3.62,3.98,3.77
2022-12-22,3.49,3.6,3.59,3.55,3.55,3.64,4,3.78
2022-12-23,3.5,3.62,3.62,3.59,3.58,3.68,4.02,3.81
2022-12-26,3.5,3.62,3.62,3.59,3.58,3.68,4.02,3.81
2022-12-27,3.5,3.62,3.62,3.59,3.58,3.68,4.02,3.81
2022-12-28,3.5,3.62,3.62,3.61,3.62,3.73,4.07,3.85
2022-12-29,3.49,3.62,3.62,3.61,3.63,3.74,4.1,3.87
2022-12-30,3.45,3.58,3.58,3.58,3.61,3.73,4.08,3.85
2023-01-02,3.45,3.58,3.58,3.58,3.61,3.73,4.08,3.85
2023-01-03,3.46,3.58,3.58,3.57,3.59,3.71,4.08,3.86
2023-01-04,3.36,3.46,3.46,3.45,3.46,3.58,3.97,3.75
2023-01-05,3.44,3.51,3.51,3.5,3.51,3.63,4.04,3.83
2023-01-06,3.4,3.41,3.4,3.4,3.42,3.55,4.01,3.81
2023-01-09,3.45,3.43,3.42,3.43,3.47,3.61,4.09,3.92
2023-01-10,3.45,3.43,3.42,3.43,3.48,3.62,4.03,3.85
2023-01-11,3.49,3.4,3.33,3.3,3.33,3.46,3.88,3.68
2023-01-12,3.45,3.33,3.26,3.24,3.28,3.42,3.83,3.65
2023-01-13,3.47,3.36,3.3,3.27,3.29,3.42,3.84,3.65
2023-01-16,3.52,3.39,3.33,3.3,3.33,3.45,3.85,3.67
2023-01-17,3.5,3.36,3.3,3.27,3.29,3.4,3.8,3.63
2023-01-18,3.49,3.36,3.29,3.24,3.25,3.36,3.78,3.63
2023-01-19,3.51,3.37,3.3,3.26,3.26,3.36,3.76,3.61
2023-01-20,3.49,3.35,3.29,3.27,3.29,3.42,3.82,3.66
2023-01-23,3.48,3.34,3.28,3.27,3.3,3.43,3.83,3.68
2023-01-24,3.42,3.26,3.2,3.19,3.23,3.37,3.77,3.61
2023-01-25,3.45,3.26,3.18,3.16,3.2,3.34,3.75,3.59
2023-01-26,3.47,3.28,3.21,3.19,3.24,3.39,3.8,3.63
2023-01-27,3.48,3.31,3.23,3.21,3.26,3.41,3.82,3.67
2023-01-30,3.42,3.29,3.22,3.21,3.25,3.4,3.81,3.65
2023-01-31,3.41,3.29,3.23,3.21,3.26,3.41,3.84,3.69
2023-02-01,3.42,3.29,3.21,3.2,3.26,3.42,3.87,3.73
2023-02-02,3.19,2.99,2.9,2.87,2.92,3.1,3.65,3.53
2023-02-03,3.24,3.04,2.95,2.92,2.98,3.16,3.72,3.61
2023-02-06,3.42,3.23,3.14,3.11,3.16,3.33,3.83,3.7
2023-02-07,3.46,3.28,3.19,3.17,3.22,3.37,3.85,3.71
2023-02-08,3.45,3.26,3.18,3.17,3.23,3.39,3.88,3.75
2023-02-09,3.48,3.31,3.23,3.2,3.24,3.38,3.86,3.73
2023-02-10,3.59,3.42,3.34,3.31,3.34,3.48,3.93,3.8
2023-02-13,3.62,3.45,3.37,3.34,3.36,3.49,3.94,3.81
2023-02-14,3.77,3.6,3.51,3.46,3.47,3.58,3.98,3.84
2023-02-15,3.71,3.52,3.42,3.38,3.41,3.55,3.96,3.82
2023-02-16,3.74,3.53,3.43,3.4,3.44,3.59,4.01,3.87
2023-02-17,3.76,3.56,3.46,3.42,3.46,3.62,4.06,3.91
2023-02-20,3.72,3.5,3.41,3.37,3.42,3.57,4.02,3.89
2023-02-21,3.87,3.67,3.57,3.53,3.56,3.7,4.11,3.98
2023-02-22,3.85,3.66,3.57,3.52,3.55,3.67,4.08,3.95
2023-02-23,3.86,3.68,3.59,3.54,3.56,3.68,4.1,3.96
2023-02-24,3.93,3.77,3.68,3.62,3.63,3.73,4.15,4.01
2023-02-27,3.99,3.82,3.73,3.68,3.68,3.78,4.21,4.07
2023-02-28,4,3.86,3.77,3.68,3.68,3.78,4.21,4.06
2023-03-01,4.01,3.86,3.75,3.67,3.67,3.8,4.28,4.17
2023-03-02,4.01,3.87,3.76,3.68,3.69,3.82,4.3,4.19
2023-03-03,4.03,3.89,3.78,3.68,3.69,3.82,4.31,4.19
2023-03-06,4.05,3.93,3.81,3.69,3.67,3.79,4.26,4.14
2023-03-07,4.08,3.96,3.85,3.71,3.67,3.77,4.21,4.09
2023-03-08,4.05,3.94,3.82,3.66,3.61,3.69,4.11,3.99
2023-03-09,4.08,3.98,3.86,3.7,3.65,3.74,4.17,4.06
2023-03-10,3.89,3.78,3.66,3.51,3.46,3.56,4.03,3.95
2023-03-13,3.69,3.56,3.44,3.3,3.25,3.34,3.89,3.83
2023-03-14,3.8,3.68,3.57,3.43,3.38,3.46,3.96,3.89
2023-03-15,3.63,3.49,3.38,3.25,3.21,3.3,3.82,3.74
2023-03-16,3.66,3.52,3.41,3.28,3.23,3.32,3.83,3.75
2023-03-17,3.55,3.4,3.29,3.16,3.13,3.23,3.78,3.72
2023-03-20,3.57,3.4,3.29,3.18,3.16,3.29,3.86,3.81
2023-03-21,3.67,3.47,3.35,3.23,3.21,3.34,3.88,3.82
2023-03-22,3.92,3.72,3.57,3.4,3.34,3.43,3.93,3.88
2023-03-23,3.74,3.51,3.36,3.22,3.2,3.32,3.86,3.82
2023-03-24,3.71,3.44,3.28,3.13,3.11,3.24,3.79,3.74
2023-03-27,3.81,3.55,3.39,3.23,3.2,3.33,3.85,3.78
2023-03-28,3.82,3.59,3.44,3.3,3.28,3.41,3.9,3.81
2023-03-29,3.86,3.63,3.47,3.32,3.29,3.41,3.87,3.77
2023-03-30,3.91,3.69,3.54,3.39,3.36,3.47,3.9,3.79
2023-03-31,3.93,3.71,3.56,3.41,3.37,3.48,3.92,3.82
2023-04-03,3.82,3.6,3.45,3.3,3.26,3.36,3.79,3.68
2023-04-04,3.81,3.58,3.44,3.3,3.28,3.4,3.81,3.69
2023-04-05,3.83,3.58,3.42,3.29,3.28,3.4,3.84,3.72
2023-04-06,3.87,3.6,3.44,3.29,3.27,3.4,3.83,3.71
2023-04-07,3.87,3.6,3.44,3.29,3.27,3.4,3.83,3.71
2023-04-10,3.87,3.6,3.44,3.29,3.27,3.4,3.83,3.71
2023-04-11,3.99,3.72,3.54,3.39,3.38,3.5,3.91,3.78
2023-04-12,4.03,3.75,3.57,3.41,3.4,3.52,3.94,3.81
2023-04-13,4.04,3.74,3.55,3.4,3.39,3.52,3.97,3.87
2023-04-14,4.13,3.84,3.66,3.5,3.49,3.61,4.05,3.95
2023-04-17,4.15,3.86,3.68,3.53,3.52,3.66,4.1,4
2023-04-18,4.2,3.93,3.74,3.58,3.57,3.7,4.14,4.03
2023-04-19,4.28,4.06,3.89,3.72,3.69,3.8,4.23,4.12
2023-04-20,4.21,3.98,3.81,3.65,3.62,3.74,4.16,4.06
2023-04-21,4.24,3.99,3.81,3.64,3.61,3.72,4.15,4.05
2023-04-24,4.21,4,3.82,3.64,3.61,3.72,4.14,4.04
2023-04-25,4.11,3.92,3.75,3.57,3.53,3.64,4.08,3.99
2023-04-26,4.1,3.91,3.75,3.58,3.55,3.66,4.1,4.01
2023-04-27,4.15,3.97,3.82,3.67,3.63,3.74,4.19,4.1
2023-04-28,4.17,3.95,3.79,3.62,3.58,3.68,4.13,4.04
2023-05-01,4.17,3.95,3.79,3.62,3.58,3.68,4.13,4.04
2023-05-02,4.12,3.91,3.74,3.57,3.53,3.63,4.1,4.03
2023-05-03,4.16,3.94,3.77,3.59,3.55,3.65,4.13,4.06
2023-05-04,4.11,3.88,3.71,3.54,3.52,3.64,4.13,4.07
2023-05-05,4.17,3.94,3.78,3.62,3.6,3.73,4.21,4.15
2023-05-08,4.17,3.94,3.78,3.62,3.6,3.73,4.21,4.15
2023-05-09,4.24,4.01,3.85,3.68,3.66,3.79,4.25,4.19
2023-05-10,4.2,3.99,3.82,3.65,3.63,3.75,4.22,4.15
2023-05-11,4.12,3.91,3.74,3.57,3.55,3.67,4.17,4.11
2023-05-12,4.19,3.96,3.79,3.62,3.6,3.73,4.24,4.18
2023-05-15,4.22,3.99,3.82,3.66,3.64,3.78,4.28,4.23
2023-05-16,4.2,3.97,3.81,3.65,3.64,3.78,4.28,4.23
2023-05-17,4.24,4.01,3.85,3.68,3.66,3.78,4.29,4.23
2023-05-18,4.31,4.11,3.96,3.81,3.79,3.92,4.42,4.37
2023-05-19,4.29,4.13,3.99,3.85,3.84,3.97,4.44,4.39
2023-05-22,4.33,4.19,4.06,3.91,3.89,4,4.47,4.41
2023-05-23,4.43,4.29,4.17,4.02,4,4.12,4.57,4.51
2023-05-24,4.63,4.49,4.33,4.13,4.06,4.14,4.54,4.47
2023-05-25,4.79,4.67,4.52,4.32,4.24,4.3,4.66,4.58
2023-05-26,4.77,4.65,4.5,4.3,4.23,4.29,4.68,4.6
2023-05-29,4.77,4.65,4.5,4.3,4.23,4.29,4.68,4.6
2023-05-30,4.7,4.58,4.43,4.22,4.13,4.19,4.6,4.53
2023-05-31,4.59,4.47,4.32,4.12,4.04,4.12,4.52,4.45
2023-06-01,4.57,4.44,4.29,4.08,4,4.07,4.47,4.41
2023-06-02,4.65,4.49,4.33,4.11,4.03,4.09,4.48,4.41
2023-06-05,4.73,4.58,4.41,4.18,4.09,4.15,4.52,4.45
2023-06-06,4.73,4.61,4.44,4.2,4.1,4.14,4.49,4.41
2023-06-07,4.77,4.67,4.51,4.25,4.14,4.17,4.51,4.41
2023-06-08,4.7,4.64,4.49,4.25,4.15,4.19,4.53,4.43
2023-06-09,4.73,4.65,4.49,4.25,4.13,4.16,4.49,4.39
2023-06-12,4.8,4.74,4.59,4.35,4.23,4.26,4.58,4.46
2023-06-13,5,4.97,4.82,4.53,4.38,4.36,4.63,4.51
2023-06-14,4.95,4.92,4.77,4.5,4.35,4.33,4.59,4.46
2023-06-15,4.98,4.96,4.82,4.54,4.37,4.32,4.53,4.39
2023-06-16,4.99,4.98,4.84,4.56,4.39,4.33,4.54,4.39
2023-06-19,5.11,5.11,4.98,4.68,4.49,4.41,4.57,4.41
2023-06-20,4.98,4.97,4.83,4.52,4.32,4.25,4.47,4.32
2023-06-21,5.09,5.07,4.92,4.6,4.39,4.32,4.54,4.38
2023-06-22,5.18,5.1,4.91,4.57,4.36,4.29,4.52,4.36
2023-06-23,5.27,5.18,4.96,4.56,4.31,4.22,4.46,4.31
2023-06-26,5.25,5.16,4.94,4.55,4.3,4.2,4.41,4.23
2023-06-27,5.33,5.28,5.08,4.67,4.41,4.28,4.43,4.23
2023-06-28,5.22,5.17,4.98,4.59,4.35,4.24,4.43,4.25
2023-06-29,5.26,5.21,5.01,4.62,4.37,4.27,4.46,4.27
2023-06-30,5.3,5.26,5.08,4.68,4.41,4.29,4.47,4.26
2023-07-03,5.35,5.31,5.13,4.74,4.47,4.33,4.49,4.27
2023-07-04,5.28,5.28,5.11,4.71,4.44,4.31,4.48,4.26
2023-07-05,5.34,5.34,5.17,4.79,4.52,4.38,4.54,4.31
2023-07-06,5.45,5.45,5.29,4.92,4.66,4.54,4.71,4.47
2023-07-07,5.35,5.35,5.21,4.86,4.64,4.55,4.74,4.51
2023-07-10,5.33,5.33,5.19,4.86,4.64,4.54,4.73,4.51
2023-07-11,5.34,5.36,5.22,4.88,4.65,4.56,4.74,4.52
2023-07-12,5.21,5.2,5.05,4.72,4.51,4.43,4.67,4.47
2023-07-13,5.18,5.12,4.94,4.6,4.41,4.36,4.6,4.44
2023-07-14,5.24,5.14,4.93,4.58,4.39,4.34,4.57,4.41
2023-07-17,5.24,5.12,4.91,4.58,4.4,4.36,4.61,4.45
2023-07-18,5.17,5.03,4.82,4.48,4.29,4.25,4.51,4.36
2023-07-19,5.02,4.82,4.6,4.29,4.13,4.12,4.4,4.25
2023-07-20,5.11,4.91,4.7,4.38,4.21,4.18,4.45,4.29
2023-07-21,5.04,4.87,4.67,4.36,4.2,4.18,4.45,4.3
2023-07-24,5.04,4.86,4.65,4.34,4.18,4.16,4.45,4.31
2023-07-25,5.07,4.9,4.7,4.37,4.21,4.19,4.47,4.33
2023-07-26,5.13,4.97,4.77,4.43,4.25,4.2,4.44,4.3
2023-07-27,5.1,4.96,4.76,4.44,4.26,4.23,4.48,4.34
2023-07-28,5.06,4.91,4.72,4.41,4.25,4.24,4.51,4.37
2023-07-31,5.06,4.91,4.7,4.39,4.23,4.21,4.48,4.34
2023-08-01,5.11,4.97,4.79,4.49,4.33,4.31,4.55,4.4
2023-08-02,5.04,4.92,4.75,4.47,4.32,4.32,4.58,4.42
2023-08-03,4.99,4.89,4.73,4.48,4.37,4.39,4.69,4.54
2023-08-04,4.93,4.82,4.67,4.42,4.3,4.33,4.63,4.47
2023-08-07,4.97,4.87,4.71,4.47,4.35,4.38,4.69,4.53
2023-08-08,4.99,4.87,4.7,4.44,4.31,4.31,4.62,4.46
2023-08-09,4.99,4.87,4.7,4.44,4.3,4.3,4.61,4.46
2023-08-10,4.96,4.84,4.67,4.41,4.29,4.29,4.61,4.47
2023-08-11,5.07,4.96,4.8,4.55,4.44,4.45,4.77,4.62
2023-08-14,5.1,5,4.84,4.59,4.48,4.49,4.8,4.64
2023-08-15,5.16,5.06,4.89,4.63,4.51,4.52,4.82,4.67
2023-08-16,5.19,5.09,4.91,4.65,4.53,4.55,4.86,4.71
2023-08-17,5.26,5.17,5,4.75,4.63,4.64,4.95,4.8
2023-08-18,5.21,5.13,4.96,4.71,4.59,4.61,4.91,4.77
2023-08-21,5.24,5.16,5.01,4.76,4.64,4.65,4.95,4.81
2023-08-22,5.17,5.1,4.95,4.71,4.59,4.6,4.89,4.75
2023-08-23,5.03,4.91,4.75,4.51,4.39,4.41,4.74,4.61
2023-08-24,5.03,4.9,4.73,4.48,4.35,4.36,4.67,4.55
2023-08-25,5.08,4.96,4.79,4.53,4.39,4.38,4.68,4.54
2023-08-28,5.08,4.96,4.79,4.53,4.39,4.38,4.68,4.54
2023-08-29,5.04,4.92,4.75,4.49,4.36,4.37,4.69,4.55
2023-08-30,5.03,4.89,4.71,4.46,4.34,4.36,4.69,4.56
2023-08-31,4.97,4.8,4.63,4.38,4.27,4.29,4.63,4.51
2023-09-01,4.99,4.81,4.64,4.41,4.31,4.34,4.7,4.58
2023-09-04,5.03,4.86,4.69,4.46,4.36,4.4,4.78,4.67
2023-09-05,5.07,4.91,4.74,4.51,4.41,4.45,4.8,4.69
2023-09-06,5.05,4.91,4.75,4.54,4.44,4.48,4.82,4.7
2023-09-07,4.98,4.82,4.67,4.47,4.38,4.42,4.76,4.64
2023-09-08,4.91,4.74,4.58,4.38,4.31,4.36,4.73,4.61
2023-09-11,4.96,4.79,4.64,4.44,4.37,4.43,4.8,4.7
2023-09-12,4.93,4.73,4.58,4.38,4.31,4.37,4.76,4.67
2023-09-13,4.9,4.68,4.51,4.3,4.24,4.3,4.69,4.6
2023-09-14,4.9,4.63,4.43,4.22,4.15,4.23,4.62,4.53
2023-09-15,4.96,4.68,4.49,4.28,4.22,4.31,4.71,4.64
2023-09-18,5,4.72,4.53,4.33,4.27,4.36,4.76,4.68
2023-09-19,4.98,4.69,4.49,4.28,4.22,4.3,4.74,4.67
2023-09-20,4.86,4.54,4.34,4.14,4.1,4.2,4.67,4.61
2023-09-21,4.82,4.53,4.35,4.17,4.14,4.25,4.71,4.65
2023-09-22,4.8,4.5,4.31,4.14,4.1,4.22,4.72,4.66
2023-09-25,4.8,4.5,4.33,4.17,4.15,4.29,4.81,4.77
2023-09-26,4.79,4.5,4.32,4.16,4.15,4.3,4.82,4.79
2023-09-27,4.85,4.56,4.39,4.22,4.2,4.32,4.8,4.74
2023-09-28,4.92,4.69,4.55,4.4,4.39,4.51,4.97,4.9
2023-09-29,4.87,4.59,4.42,4.27,4.26,4.39,4.89,4.85
2023-10-02,4.91,4.67,4.51,4.38,4.38,4.52,5.02,4.97
2023-10-03,4.9,4.68,4.54,4.41,4.41,4.56,5.05,5.01
2023-10-04,4.87,4.67,4.54,4.43,4.44,4.58,5.04,4.98
2023-10-05,4.8,4.59,4.46,4.36,4.37,4.52,5.01,4.97
2023-10-06,4.81,4.61,4.49,4.4,4.42,4.58,5.08,5.04
2023-10-09,4.79,4.55,4.41,4.3,4.32,4.48,5.01,4.98
2023-10-10,4.76,4.51,4.37,4.25,4.27,4.42,4.96,4.93
2023-10-11,4.77,4.5,4.34,4.2,4.18,4.31,4.79,4.74
2023-10-12,4.83,4.57,4.42,4.28,4.26,4.39,4.88,4.83
2023-10-13,4.84,4.57,4.41,4.27,4.25,4.37,4.86,4.81
2023-10-16,4.88,4.63,4.48,4.34,4.33,4.46,4.95,4.9
2023-10-17,4.86,4.62,4.48,4.36,4.37,4.51,4.99,4.93
2023-10-18,4.93,4.74,4.61,4.5,4.49,4.63,5.07,4.99
2023-10-19,4.9,4.73,4.62,4.51,4.52,4.67,5.12,5.04
2023-10-20,4.81,4.64,4.53,4.45,4.47,4.64,5.15,5.09
2023-10-23,4.78,4.61,4.5,4.41,4.44,4.61,5.11,5.04
2023-10-24,4.77,4.57,4.44,4.35,4.37,4.55,5.05,4.99
2023-10-25,4.83,4.61,4.48,4.38,4.42,4.6,5.09,5.02
2023-10-26,4.81,4.58,4.44,4.36,4.4,4.59,5.1,5.04
2023-10-27,4.76,4.51,4.37,4.29,4.34,4.54,5.05,5
2023-10-30,4.79,4.54,4.41,4.33,4.37,4.56,5.07,5.02
2023-10-31,4.79,4.53,4.39,4.29,4.33,4.51,5.01,4.95
2023-11-01,4.8,4.53,4.38,4.27,4.3,4.48,4.98,4.92
2023-11-02,4.8,4.49,4.31,4.17,4.2,4.38,4.9,4.85
2023-11-03,4.76,4.43,4.24,4.1,4.12,4.29,4.81,4.75
2023-11-06,4.78,4.47,4.28,4.15,4.18,4.37,4.87,4.82
2023-11-07,4.74,4.4,4.22,4.08,4.1,4.28,4.77,4.72
2023-11-08,4.72,4.39,4.21,4.07,4.08,4.24,4.72,4.66
2023-11-09,4.73,4.4,4.22,4.08,4.1,4.27,4.75,4.7
2023-11-10,4.76,4.44,4.27,4.14,4.15,4.32,4.79,4.74
2023-11-13,4.76,4.46,4.29,4.16,4.17,4.33,4.78,4.71
2023-11-14,4.69,4.34,4.15,4,4,4.15,4.6,4.53
2023-11-15,4.7,4.36,4.18,4.03,4.04,4.2,4.66,4.58
2023-11-16,4.65,4.28,4.09,3.94,3.95,4.12,4.59,4.51
2023-11-17,4.68,4.32,4.12,3.95,3.95,4.11,4.58,4.5
2023-11-20,4.67,4.31,4.11,3.95,3.96,4.13,4.59,4.5
2023-11-21,4.69,4.33,4.13,3.96,3.95,4.1,4.57,4.48
2023-11-22,4.75,4.4,4.2,4.03,4.01,4.16,4.66,4.59
2023-11-23,4.8,4.49,4.3,4.12,4.1,4.24,4.73,4.67
2023-11-24,4.8,4.51,4.32,4.16,4.15,4.29,4.78,4.72
2023-11-27,4.74,4.43,4.24,4.08,4.07,4.22,4.7,4.63
2023-11-28,4.72,4.4,4.2,4.03,4.02,4.17,4.66,4.6
2023-11-29,4.68,4.32,4.11,3.93,3.93,4.1,4.62,4.57
2023-11-30,4.72,4.37,4.17,4.01,4.01,4.18,4.7,4.65
2023-12-01,4.67,4.32,4.12,3.97,3.99,4.17,4.71,4.67
2023-12-04,4.71,4.37,4.17,4.01,4.02,4.19,4.73,4.69
2023-12-05,4.63,4.27,4.06,3.88,3.87,4.03,4.58,4.55
2023-12-06,4.65,4.26,4.04,3.84,3.82,3.97,4.48,4.44
2023-12-07,4.67,4.28,4.06,3.86,3.84,3.99,4.48,4.44
2023-12-08,4.72,4.33,4.1,3.9,3.88,4.03,4.52,4.48
2023-12-11,4.78,4.39,4.16,3.97,3.95,4.09,4.58,4.52
2023-12-12,4.73,4.3,4.07,3.87,3.84,3.98,4.49,4.46
2023-12-13,4.63,4.16,3.92,3.72,3.7,3.85,4.35,4.32
2023-12-14,4.62,4.09,3.84,3.64,3.64,3.81,4.31,4.27
2023-12-15,4.58,4.05,3.79,3.58,3.57,3.72,4.21,4.17
2023-12-18,4.6,4.07,3.8,3.58,3.56,3.72,4.2,4.15
2023-12-19,4.58,4.02,3.73,3.51,3.5,3.66,4.17,4.12
2023-12-20,4.44,3.86,3.58,3.38,3.39,3.57,4.12,4.08
2023-12-21,4.4,3.81,3.53,3.34,3.37,3.56,4.12,4.07
2023-12-22,4.36,3.77,3.5,3.31,3.33,3.53,4.11,4.06
2023-12-25,4.36,3.77,3.5,3.31,3.33,3.53,4.11,4.06
2023-12-26,4.36,3.77,3.5,3.31,3.33,3.53,4.11,4.06
2023-12-27,4.32,3.73,3.45,3.26,3.28,3.48,4.07,4.03
2023-12-28,4.31,3.73,3.46,3.28,3.31,3.51,4.13,4.1
2023-12-29,4.3,3.73,3.46,3.31,3.35,3.58,4.19,4.14
2024-01-01,4.3,3.73,3.46,3.31,3.35,3.58,4.19,4.14
2024-01-02,4.36,3.8,3.54,3.39,3.45,3.68,4.31,4.28
2024-01-03,4.42,3.87,3.62,3.46,3.5,3.71,4.36,4.34
2024-01-04,4.47,3.92,3.67,3.51,3.54,3.75,4.38,4.36
2024-01-05,4.47,3.96,3.72,3.57,3.59,3.79,4.39,4.37
2024-01-08,4.46,3.97,3.74,3.59,3.61,3.81,4.42,4.41
2024-01-09,4.46,3.98,3.75,3.59,3.62,3.82,4.42,4.41
2024-01-10,4.46,3.97,3.74,3.6,3.64,3.84,4.43,4.42
2024-01-11,4.5,3.99,3.76,3.63,3.68,3.88,4.47,4.45
2024-01-12,4.45,3.91,3.68,3.56,3.62,3.84,4.46,4.46
2024-01-15,4.46,3.92,3.68,3.55,3.62,3.85,4.47,4.48
2024-01-16,4.48,3.92,3.68,3.55,3.62,3.86,4.51,4.53
2024-01-17,4.63,4.12,3.88,3.74,3.79,4.01,4.64,4.64
2024-01-18,4.57,4.07,3.83,3.69,3.75,3.98,4.61,4.62
2024-01-19,4.55,4.06,3.83,3.69,3.74,3.96,4.58,4.58
2024-01-22,4.55,4.06,3.83,3.68,3.72,3.93,4.53,4.53
2024-01-23,4.6,4.15,3.92,3.78,3.81,4.01,4.6,4.59
2024-01-24,4.62,4.18,3.96,3.81,3.84,4.04,4.63,4.61
2024-01-25,4.59,4.15,3.92,3.77,3.81,4.01,4.61,4.6
2024-01-26,4.56,4.12,3.9,3.76,3.81,4.02,4.62,4.62
2024-01-29,4.53,4.07,3.85,3.7,3.74,3.95,4.56,4.56
2024-01-30,4.57,4.12,3.89,3.73,3.75,3.96,4.56,4.56
2024-01-31,4.44,3.99,3.76,3.6,3.63,3.84,4.49,4.49
2024-02-01,4.44,3.96,3.72,3.54,3.57,3.78,4.43,4.44
2024-02-02,4.58,4.17,3.93,3.75,3.76,3.95,4.56,4.56
2024-02-05,4.66,4.28,4.05,3.87,3.88,4.07,4.66,4.66
2024-02-06,4.57,4.2,3.97,3.79,3.8,3.98,4.56,4.56
2024-02-07,4.57,4.19,3.98,3.81,3.82,4,4.56,4.56
2024-02-08,4.65,4.28,4.06,3.89,3.9,4.07,4.62,4.61
2024-02-09,4.68,4.34,4.12,3.95,3.95,4.11,4.63,4.62
2024-02-12,4.65,4.3,4.09,3.92,3.93,4.09,4.61,4.6
2024-02-13,4.75,4.41,4.2,4.02,4.01,4.16,4.66,4.63
2024-02-14,4.66,4.32,4.1,3.92,3.92,4.08,4.61,4.58
2024-02-15,4.64,4.3,4.08,3.9,3.91,4.07,4.62,4.6
2024-02-16,4.7,4.36,4.15,3.97,3.97,4.13,4.66,4.64
2024-02-19,4.69,4.36,4.15,3.97,3.97,4.13,4.66,4.64
2024-02-20,4.63,4.29,4.09,3.91,3.91,4.08,4.62,4.6
2024-02-21,4.68,4.34,4.13,3.95,3.95,4.11,4.64,4.62
2024-02-22,4.63,4.33,4.14,3.97,3.96,4.11,4.64,4.61
2024-02-23,4.58,4.28,4.09,3.93,3.92,4.07,4.62,4.61
2024-02-26,4.62,4.32,4.13,3.96,3.95,4.09,4.63,4.61
2024-02-27,4.66,4.36,4.17,4,3.99,4.13,4.66,4.64
2024-02-28,4.67,4.38,4.19,4.02,4,4.14,4.65,4.64
2024-02-29,4.62,4.32,4.14,3.97,3.95,4.07,4.56,4.55
2024-03-01,4.6,4.3,4.12,3.94,3.92,4.05,4.54,4.52
2024-03-04,4.65,4.36,4.17,3.99,3.96,4.08,4.56,4.54
2024-03-05,4.63,4.31,4.1,3.89,3.85,3.96,4.44,4.43
2024-03-06,4.61,4.3,4.09,3.88,3.85,3.96,4.44,4.42
2024-03-07,4.64,4.33,4.12,3.9,3.85,3.96,4.42,4.38
2024-03-08,4.6,4.29,4.07,3.85,3.82,3.93,4.42,4.4
2024-03-11,4.57,4.25,4.04,3.83,3.8,3.92,4.41,4.39
2024-03-12,4.55,4.23,4.01,3.8,3.77,3.9,4.41,4.39
2024-03-13,4.59,4.27,4.06,3.86,3.83,3.97,4.46,4.45
2024-03-14,4.61,4.31,4.11,3.92,3.9,4.04,4.53,4.51
2024-03-15,4.62,4.33,4.13,3.94,3.92,4.05,4.54,4.51
2024-03-18,4.6,4.3,4.11,3.93,3.91,4.04,4.53,4.5
2024-03-19,4.57,4.26,4.07,3.88,3.86,4.01,4.51,4.49
2024-03-20,4.57,4.24,4.03,3.84,3.82,3.97,4.48,4.46
2024-03-21,4.54,4.18,3.97,3.79,3.79,3.95,4.49,4.48
2024-03-22,4.5,4.14,3.93,3.74,3.74,3.9,4.46,4.45
2024-03-25,4.55,4.19,3.98,3.8,3.8,3.95,4.49,4.49
2024-03-26,4.56,4.19,3.97,3.79,3.78,3.93,4.46,4.45
2024-03-27,4.54,4.17,3.95,3.76,3.75,3.91,4.44,4.44
2024-03-28,4.54,4.17,3.95,3.75,3.74,3.89,4.43,4.42
2024-03-29,4.54,4.17,3.95,3.75,3.74,3.89,4.43,4.42
2024-04-01,4.54,4.17,3.95,3.75,3.74,3.89,4.43,4.42
2024-04-02,4.58,4.25,4.04,3.87,3.88,4.05,4.58,4.58
2024-04-03,4.57,4.24,4.03,3.86,3.87,4.04,4.59,4.58
2024-04-04,4.53,4.2,3.98,3.81,3.81,3.98,4.53,4.53
2024-04-05,4.57,4.25,4.04,3.86,3.87,4.04,4.59,4.59
2024-04-08,4.57,4.26,4.06,3.88,3.89,4.06,4.6,4.6
2024-04-09,4.53,4.22,4.02,3.84,3.83,3.99,4.53,4.53
2024-04-10,4.61,4.35,4.15,3.96,3.95,4.09,4.6,4.6
2024-04-11,4.66,4.43,4.24,4.05,4.04,4.18,4.69,4.68
2024-04-12,4.59,4.36,4.17,3.97,3.95,4.09,4.61,4.61
2024-04-15,4.63,4.43,4.25,4.07,4.06,4.2,4.72,4.72
2024-04-16,4.7,4.49,4.31,4.14,4.12,4.26,4.75,4.73
2024-04-17,4.68,4.5,4.33,4.14,4.11,4.24,4.71,4.69
2024-04-18,4.68,4.48,4.3,4.11,4.09,4.22,4.71,4.69
2024-04-19,4.65,4.42,4.24,4.07,4.07,4.21,4.72,4.71
2024-04-22,4.57,4.34,4.17,4.01,4.02,4.17,4.68,4.67
2024-04-23,4.61,4.39,4.22,4.07,4.07,4.21,4.73,4.72
2024-04-24,4.66,4.47,4.3,4.15,4.14,4.29,4.8,4.79
2024-04-25,4.69,4.51,4.34,4.18,4.17,4.32,4.81,4.81
2024-04-26,4.69,4.5,4.33,4.16,4.14,4.28,4.77,4.76
2024-04-29,4.66,4.47,4.29,4.12,4.11,4.24,4.74,4.73
2024-04-30,4.72,4.53,4.36,4.19,4.18,4.32,4.8,4.78
2024-05-01,4.72,4.54,4.38,4.21,4.19,4.33,4.81,4.79
2024-05-02,4.67,4.47,4.29,4.12,4.12,4.26,4.77,4.76
2024-05-03,4.62,4.4,4.22,4.05,4.05,4.2,4.72,4.72
2024-05-06,4.62,4.4,4.22,4.05,4.05,4.2,4.72,4.72
2024-05-07,4.59,4.34,4.15,3.96,3.95,4.09,4.61,4.61
2024-05-08,4.59,4.33,4.14,3.96,3.95,4.09,4.6,4.6
2024-05-09,4.55,4.3,4.11,3.95,3.95,4.11,4.63,4.63
2024-05-10,4.59,4.33,4.15,3.98,3.98,4.13,4.64,4.65
2024-05-13,4.59,4.34,4.16,3.98,3.98,4.13,4.64,4.65
2024-05-14,4.58,4.34,4.16,3.98,3.98,4.13,4.64,4.65
2024-05-15,4.52,4.26,4.07,3.89,3.88,4.02,4.53,4.53
2024-05-16,4.53,4.27,4.07,3.88,3.87,4.02,4.53,4.53
2024-05-17,4.58,4.32,4.13,3.95,3.94,4.09,4.6,4.6
2024-05-20,4.6,4.35,4.17,3.99,3.98,4.13,4.65,4.65
2024-05-21,4.57,4.33,4.15,3.97,3.96,4.11,4.63,4.63
2024-05-22,4.7,4.46,4.26,4.07,4.05,4.19,4.67,4.67
2024-05-23,4.76,4.52,4.32,4.12,4.09,4.22,4.69,4.69
2024-05-24,4.75,4.51,4.31,4.11,4.08,4.21,4.7,4.7
2024-05-27,4.75,4.51,4.31,4.11,4.08,4.21,4.7,4.7
2024-05-28,4.75,4.51,4.31,4.11,4.09,4.23,4.72,4.72
2024-05-29,4.79,4.58,4.4,4.22,4.21,4.35,4.84,4.84
2024-05-30,4.73,4.52,4.36,4.19,4.18,4.33,4.81,4.82
2024-05-31,4.7,4.47,4.31,4.15,4.14,4.27,4.74,4.74
2024-06-03,4.67,4.43,4.25,4.08,4.06,4.2,4.67,4.67
2024-06-04,4.67,4.42,4.23,4.04,4.02,4.14,4.61,4.61
2024-06-05,4.67,4.43,4.24,4.05,4.02,4.15,4.61,4.6
2024-06-06,4.63,4.39,4.2,4.02,4,4.14,4.61,4.6
2024-06-07,4.67,4.45,4.27,4.1,4.09,4.22,4.69,4.67
2024-06-10,4.68,4.48,4.32,4.16,4.15,4.29,4.76,4.74
2024-06-11,4.64,4.43,4.26,4.1,4.09,4.23,4.73,4.72
2024-06-12,4.57,4.33,4.15,3.97,3.97,4.1,4.61,4.62
2024-06-13,4.59,4.35,4.16,3.98,3.98,4.12,4.63,4.64
2024-06-14,4.54,4.28,4.08,3.9,3.88,4.02,4.52,4.54
2024-06-17,4.57,4.32,4.12,3.94,3.94,4.08,4.59,4.6
2024-06-18,4.53,4.27,4.07,3.89,3.89,4.03,4.53,4.54
2024-06-19,4.56,4.29,4.08,3.9,3.9,4.05,4.55,4.56
2024-06-20,4.51,4.24,4.04,3.87,3.87,4.04,4.56,4.57
2024-06-21,4.52,4.25,4.05,3.88,3.89,4.05,4.58,4.58
2024-06-24,4.53,4.27,4.07,3.9,3.9,4.06,4.58,4.59
2024-06-25,4.53,4.27,4.07,3.89,3.89,4.04,4.56,4.56
2024-06-26,4.57,4.33,4.14,3.97,3.96,4.11,4.62,4.62
2024-06-27,4.57,4.32,4.14,3.97,3.96,4.11,4.61,4.61
2024-06-28,4.58,4.33,4.15,3.99,4,4.15,4.66,4.66
2024-07-01,4.58,4.36,4.2,4.06,4.09,4.25,4.76,4.77
2024-07-02,4.6,4.36,4.19,4.04,4.06,4.22,4.75,4.75
2024-07-03,4.57,4.31,4.12,3.97,3.98,4.14,4.65,4.66
2024-07-04,4.57,4.34,4.16,4.01,4.02,4.18,4.69,4.69
2024-07-05,4.52,4.28,4.1,3.94,3.95,4.1,4.62,4.63
2024-07-08,4.5,4.27,4.08,3.92,3.93,4.09,4.61,4.62
2024-07-09,4.52,4.29,4.12,3.97,3.98,4.14,4.67,4.68
2024-07-10,4.52,4.28,4.09,3.94,3.95,4.11,4.63,4.65
2024-07-11,4.47,4.22,4.03,3.88,3.9,4.06,4.57,4.59
2024-07-12,4.49,4.23,4.05,3.91,3.93,4.09,4.61,4.63
2024-07-15,4.47,4.21,4.03,3.9,3.92,4.08,4.6,4.62
2024-07-16,4.46,4.18,4,3.86,3.89,4.05,4.57,4.58
2024-07-17,4.48,4.21,4.02,3.88,3.9,4.06,4.56,4.58
2024-07-18,4.44,4.16,3.98,3.83,3.86,4.02,4.54,4.56
2024-07-19,4.46,4.19,4.02,3.89,3.93,4.1,4.62,4.64
2024-07-22,4.5,4.23,4.05,3.92,3.95,4.12,4.64,4.66
2024-07-23,4.5,4.22,4.05,3.91,3.94,4.12,4.64,4.66
2024-07-24,4.45,4.17,4.01,3.9,3.95,4.13,4.65,4.68
2024-07-25,4.42,4.14,3.98,3.88,3.93,4.11,4.65,4.69
2024-07-26,4.4,4.12,3.96,3.86,3.9,4.08,4.64,4.69
2024-07-29,4.37,4.08,3.92,3.82,3.85,4.03,4.6,4.64
2024-07-30,4.38,4.07,3.92,3.81,3.85,4.03,4.58,4.62
2024-07-31,4.35,4.02,3.85,3.74,3.79,3.97,4.53,4.58
2024-08-01,4.26,3.92,3.74,3.63,3.67,3.86,4.45,4.5
2024-08-02,4.17,3.85,3.68,3.58,3.64,3.84,4.43,4.48
2024-08-05,4.15,3.84,3.68,3.59,3.65,3.85,4.42,4.48
2024-08-06,4.2,3.89,3.74,3.66,3.71,3.9,4.46,4.51
2024-08-07,4.21,3.91,3.77,3.7,3.76,3.95,4.51,4.56
2024-08-08,4.2,3.9,3.77,3.7,3.76,3.96,4.5,4.56
2024-08-09,4.2,3.9,3.76,3.68,3.74,3.93,4.49,4.54
2024-08-12,4.2,3.9,3.77,3.69,3.74,3.93,4.49,4.54
2024-08-13,4.16,3.85,3.72,3.63,3.68,3.87,4.44,4.5
2024-08-14,4.12,3.81,3.67,3.58,3.63,3.81,4.38,4.43
2024-08-15,4.21,3.91,3.77,3.69,3.73,3.91,4.46,4.51
2024-08-16,4.23,3.94,3.8,3.7,3.74,3.91,4.45,4.5
2024-08-19,4.26,3.97,3.83,3.73,3.76,3.93,4.46,4.51
2024-08-20,4.23,3.95,3.8,3.7,3.73,3.9,4.43,4.48
2024-08-21,4.21,3.93,3.79,3.69,3.72,3.89,4.42,4.48
2024-08-22,4.25,3.98,3.84,3.75,3.78,3.95,4.48,4.54
2024-08-23,4.19,3.93,3.8,3.7,3.74,3.9,4.42,4.48
2024-08-26,4.19,3.93,3.8,3.7,3.74,3.9,4.42,4.48
2024-08-27,4.23,3.97,3.84,3.76,3.8,3.96,4.48,4.54
2024-08-28,4.24,3.97,3.85,3.76,3.8,3.97,4.49,4.56
2024-08-29,4.23,3.98,3.85,3.78,3.82,3.99,4.52,4.59
2024-08-30,4.22,3.96,3.83,3.76,3.8,3.97,4.49,4.55
2024-09-02,4.23,3.97,3.86,3.79,3.84,4.02,4.54,4.6
2024-09-03,4.21,3.94,3.81,3.73,3.78,3.95,4.48,4.54
2024-09-04,4.17,3.89,3.76,3.68,3.72,3.9,4.44,4.49
2024-09-05,4.16,3.87,3.74,3.67,3.72,3.89,4.43,4.48
2024-09-06,4.11,3.82,3.69,3.62,3.68,3.86,4.41,4.47
2024-09-09,4.05,3.76,3.64,3.59,3.65,3.84,4.41,4.48
2024-09-10,4.07,3.75,3.62,3.56,3.62,3.81,4.39,4.46
2024-09-11,4,3.66,3.52,3.46,3.53,3.72,4.33,4.43
2024-09-12,4.04,3.7,3.56,3.5,3.57,3.76,4.35,4.45
2024-09-13,4.02,3.68,3.55,3.49,3.56,3.75,4.34,4.43
2024-09-16,3.99,3.66,3.53,3.47,3.54,3.73,4.32,4.41
2024-09-17,4.03,3.7,3.56,3.5,3.56,3.75,4.33,4.42
2024-09-18,4.09,3.77,3.64,3.58,3.64,3.83,4.39,4.47
2024-09-19,4.11,3.79,3.66,3.6,3.67,3.87,4.43,4.51
2024-09-20,4.13,3.8,3.68,3.63,3.7,3.89,4.46,4.54
2024-09-23,4.12,3.8,3.68,3.64,3.72,3.91,4.49,4.56
2024-09-24,4.08,3.78,3.67,3.64,3.72,3.91,4.49,4.56
2024-09-25,4.12,3.82,3.72,3.7,3.78,3.97,4.54,4.61
2024-09-26,4.09,3.79,3.7,3.68,3.77,3.97,4.55,4.63
2024-09-27,4.1,3.8,3.71,3.69,3.78,3.98,4.57,4.65
2024-09-30,4.16,3.85,3.74,3.72,3.8,3.99,4.57,4.64
2024-10-01,4.14,3.82,3.7,3.67,3.74,3.92,4.49,4.56
2024-10-02,4.17,3.87,3.78,3.76,3.84,4.02,4.58,4.66
2024-10-03,4.11,3.81,3.72,3.71,3.8,4,4.57,4.65
2024-10-04,4.23,3.96,3.88,3.86,3.93,4.11,4.66,4.72
2024-10-07,4.26,4.03,3.96,3.95,4.01,4.18,4.71,4.76
2024-10-08,4.23,4,3.94,3.93,4,4.17,4.71,4.76
2024-10-09,4.23,4,3.93,3.91,3.99,4.16,4.71,4.76
2024-10-10,4.21,4,3.94,3.95,4.03,4.21,4.75,4.81
2024-10-11,4.2,3.98,3.92,3.93,4.01,4.2,4.74,4.79
2024-10-14,4.18,3.97,3.92,3.94,4.04,4.23,4.77,4.82
2024-10-15,4.14,3.92,3.87,3.88,3.97,4.15,4.67,4.72
2024-10-16,4.05,3.8,3.75,3.77,3.86,4.04,4.57,4.62
2024-10-17,4.08,3.83,3.78,3.8,3.9,4.09,4.61,4.65
2024-10-18,4.06,3.8,3.75,3.77,3.86,4.05,4.58,4.63
2024-10-21,4.1,3.84,3.78,3.81,3.91,4.11,4.66,4.71
2024-10-22,4.11,3.86,3.81,3.84,3.94,4.15,4.69,4.74
2024-10-23,4.11,3.88,3.85,3.89,4,4.2,4.74,4.78
2024-10-24,4.12,3.91,3.87,3.91,4,4.2,4.73,4.77
2024-10-25,4.14,3.94,3.9,3.92,4.01,4.2,4.71,4.73
2024-10-28,4.19,4,3.96,3.97,4.05,4.24,4.75,4.77
2024-10-29,4.22,4.05,4.01,4.02,4.1,4.29,4.78,4.79
2024-10-30,4.3,4.12,4.07,4.07,4.15,4.33,4.83,4.85
2024-10-31,4.39,4.24,4.18,4.17,4.24,4.41,4.87,4.88
2024-11-01,4.38,4.25,4.2,4.18,4.25,4.43,4.91,4.91
2024-11-04,4.37,4.24,4.19,4.18,4.24,4.42,4.91,4.92
2024-11-05,4.4,4.31,4.28,4.27,4.33,4.49,4.95,4.95
2024-11-06,4.38,4.31,4.29,4.3,4.37,4.54,5.02,5.02
2024-11-07,4.36,4.25,4.22,4.22,4.29,4.47,4.96,4.97
2024-11-08,4.35,4.23,4.19,4.17,4.23,4.41,4.9,4.91
2024-11-11,4.34,4.22,4.17,4.16,4.22,4.39,4.87,4.87
2024-11-12,4.37,4.27,4.24,4.23,4.29,4.45,4.9,4.89
2024-11-13,4.39,4.28,4.26,4.26,4.33,4.49,4.91,4.89
2024-11-14,4.34,4.22,4.2,4.21,4.29,4.47,4.93,4.93
2024-11-15,4.32,4.2,4.17,4.19,4.27,4.45,4.93,4.93
2024-11-18,4.33,4.22,4.19,4.2,4.28,4.45,4.92,4.92
2024-11-19,4.33,4.21,4.17,4.17,4.24,4.41,4.87,4.86
2024-11-20,4.34,4.22,4.18,4.19,4.27,4.46,4.93,4.92
2024-11-21,4.32,4.2,4.15,4.14,4.23,4.41,4.91,4.91
2024-11-22,4.28,4.16,4.11,4.1,4.19,4.37,4.86,4.87
2024-11-25,4.27,4.14,4.08,4.06,4.13,4.31,4.8,4.81
2024-11-26,4.28,4.15,4.1,4.08,4.16,4.34,4.83,4.85
2024-11-27,4.27,4.15,4.09,4.06,4.11,4.29,4.79,4.82
2024-11-28,4.24,4.11,4.05,4.02,4.08,4.26,4.77,4.8
2024-11-29,4.22,4.07,4,3.97,4.04,4.23,4.75,4.78
2024-12-02,4.2,4.04,3.98,3.95,4.02,4.21,4.73,4.77
2024-12-03,4.24,4.06,3.99,3.96,4.04,4.22,4.75,4.8
2024-12-04,4.2,4.04,3.98,3.96,4.04,4.22,4.76,4.81
2024-12-05,4.25,4.08,4.02,4,4.07,4.26,4.79,4.84
2024-12-06,4.25,4.09,4.03,4.01,4.08,4.26,4.8,4.86
2024-12-09,4.23,4.06,4,3.98,4.06,4.25,4.8,4.87
2024-12-10,4.24,4.09,4.03,4.02,4.11,4.3,4.86,4.92
2024-12-11,4.21,4.06,4.01,4.01,4.1,4.3,4.86,4.92
2024-12-12,4.19,4.06,4.02,4.03,4.12,4.33,4.89,4.95
2024-12-13,4.23,4.1,4.07,4.09,4.18,4.39,4.95,5
2024-12-16,4.26,4.14,4.12,4.13,4.22,4.42,4.97,5.02
2024-12-17,4.36,4.25,4.22,4.22,4.31,4.5,5.03,5.06
2024-12-18,4.37,4.26,4.23,4.25,4.34,4.54,5.05,5.07
2024-12-19,4.32,4.23,4.21,4.25,4.36,4.58,5.11,5.14
2024-12-20,4.27,4.17,4.15,4.19,4.3,4.52,5.06,5.08
2024-12-23,4.31,4.21,4.19,4.22,4.33,4.56,5.11,5.13
2024-12-24,4.33,4.24,4.22,4.25,4.36,4.59,5.15,5.16
2024-12-25,4.33,4.24,4.22,4.25,4.36,4.59,5.15,5.16
2024-12-26,4.33,4.24,4.22,4.25,4.36,4.59,5.15,5.16
2024-12-27,4.34,4.26,4.24,4.28,4.39,4.62,5.17,5.19
2024-12-30,4.32,4.23,4.22,4.25,4.37,4.6,5.15,5.17
2024-12-31,4.31,4.2,4.18,4.22,4.34,4.57,5.13,5.15
2025-01-01,4.31,4.2,4.18,4.22,4.34,4.57,5.13,5.15
2025-01-02,4.31,4.2,4.18,4.22,4.34,4.58,5.14,5.17
2025-01-03,4.32,4.22,4.21,4.25,4.36,4.59,5.15,5.18
2025-01-06,4.32,4.24,4.23,4.28,4.39,4.62,5.18,5.21
2025-01-07,4.33,4.26,4.26,4.32,4.44,4.67,5.24,5.27
2025-01-08,4.36,4.31,4.32,4.41,4.55,4.8,5.35,5.38
2025-01-09,4.35,4.3,4.31,4.39,4.54,4.8,5.36,5.39
2025-01-10,4.37,4.33,4.35,4.43,4.58,4.85,5.4,5.43
2025-01-13,4.4,4.38,4.4,4.47,4.61,4.87,5.42,5.44
2025-01-14,4.41,4.39,4.41,4.49,4.63,4.89,5.44,5.45
2025-01-15,4.3,4.25,4.26,4.33,4.46,4.71,5.27,5.31
2025-01-16,4.23,4.18,4.19,4.27,4.42,4.67,5.22,5.25
2025-01-17,4.22,4.17,4.18,4.26,4.4,4.65,5.19,5.21
2025-01-20,4.23,4.19,4.2,4.27,4.41,4.66,5.2,5.22
2025-01-21,4.19,4.15,4.16,4.22,4.35,4.59,5.14,5.17
2025-01-22,4.2,4.15,4.16,4.22,4.36,4.6,5.14,5.16
2025-01-23,4.17,4.13,4.15,4.23,4.37,4.63,5.18,5.2
2025-01-24,4.16,4.14,4.16,4.24,4.38,4.63,5.19,5.21
2025-01-27,4.15,4.1,4.11,4.18,4.32,4.58,5.13,5.15
2025-01-28,4.18,4.13,4.13,4.21,4.35,4.61,5.17,5.19
2025-01-29,4.2,4.13,4.13,4.2,4.34,4.6,5.15,5.17
2025-01-30,4.12,4.06,4.07,4.16,4.31,4.56,5.12,5.14
2025-01-31,4.07,4.01,4.03,4.13,4.28,4.54,5.11,5.14
2025-02-03,4.03,3.95,3.97,4.07,4.23,4.5,5.08,5.11
2025-02-04,4.07,3.99,4,4.1,4.26,4.54,5.12,5.16
2025-02-05,4.04,3.95,3.94,4.03,4.18,4.44,5.02,5.05
2025-02-06,3.99,3.94,3.95,4.05,4.21,4.47,5.03,5.06
2025-02-07,4,3.96,3.98,4.08,4.23,4.49,5.06,5.08
2025-02-10,3.97,3.93,3.95,4.05,4.2,4.47,5.05,5.08
2025-02-11,4.01,3.98,4,4.11,4.27,4.53,5.1,5.13
2025-02-12,4.01,4,4.04,4.15,4.31,4.57,5.15,5.18
2025-02-13,3.99,3.97,3.99,4.09,4.24,4.49,5.05,5.1
2025-02-14,4,3.99,4.01,4.11,4.25,4.5,5.06,5.11
2025-02-17,3.99,3.99,4.02,4.12,4.28,4.53,5.1,5.15
2025-02-18,4.02,4.03,4.06,4.16,4.31,4.57,5.13,5.18
2025-02-19,4.03,4.06,4.1,4.21,4.36,4.62,5.18,5.22
2025-02-20,4.04,4.06,4.1,4.21,4.36,4.62,5.2,5.23
2025-02-21,4.01,4.03,4.06,4.17,4.32,4.59,5.16,5.2
2025-02-24,4,4.01,4.04,4.14,4.3,4.56,5.14,5.18
2025-02-25,3.96,3.96,3.99,4.09,4.24,4.51,5.09,5.14
2025-02-26,3.97,3.97,3.99,4.09,4.25,4.52,5.09,5.13
2025-02-27,3.97,3.98,4,4.11,4.27,4.53,5.11,5.16
2025-02-28,3.96,3.95,3.97,4.07,4.22,4.48,5.06,5.12
2025-03-03,4.01,4.01,4.03,4.13,4.28,4.55,5.13,5.19
2025-03-04,3.96,3.94,3.96,4.06,4.22,4.48,5.08,5.15
2025-03-05,4.03,4.05,4.09,4.22,4.39,4.66,5.25,5.31
2025-03-06,4,4.04,4.09,4.22,4.4,4.68,5.26,5.32
2025-03-07,3.97,4.01,4.04,4.17,4.34,4.62,5.21,5.27
2025-03-10,3.93,3.97,4.02,4.15,4.32,4.6,5.2,5.27
2025-03-11,3.91,3.96,4.01,4.15,4.35,4.65,5.26,5.34
2025-03-12,3.96,4.01,4.07,4.21,4.4,4.7,5.32,5.39
2025-03-13,3.93,3.99,4.04,4.18,4.37,4.66,5.28,5.35
2025-03-14,3.92,3.97,4.02,4.15,4.34,4.64,5.26,5.33
2025-03-17,3.92,3.97,4.02,4.14,4.32,4.6,5.21,5.26
2025-03-18,3.93,3.99,4.04,4.16,4.33,4.62,5.22,5.28
2025-03-19,3.94,3.99,4.04,4.16,4.33,4.61,5.21,5.27
2025-03-20,4,4.04,4.08,4.19,4.36,4.63,5.23,5.27
2025-03-21,3.99,4.04,4.08,4.21,4.38,4.68,5.29,5.35
2025-03-24,4,4.05,4.09,4.22,4.4,4.7,5.33,5.38
2025-03-25,4.02,4.08,4.12,4.25,4.43,4.73,5.37,5.42
2025-03-26,4,4.06,4.1,4.23,4.41,4.7,5.3,5.35
2025-03-27,3.98,4.06,4.11,4.26,4.46,4.77,5.38,5.41
2025-03-28,3.93,4,4.05,4.19,4.38,4.69,5.31,5.35
2025-03-31,3.93,3.99,4.03,4.16,4.35,4.66,5.29,5.34
2025-04-01,3.92,3.97,4.01,4.14,4.32,4.62,5.25,5.31
2025-04-02,3.91,3.96,4,4.13,4.31,4.61,5.24,5.3
2025-04-03,3.78,3.8,3.84,3.97,4.18,4.5,5.17,5.25
2025-04-04,3.73,3.74,3.78,3.91,4.12,4.45,5.13,5.2
2025-04-07,3.76,3.79,3.84,4.01,4.24,4.6,5.31,5.39
2025-04-08,3.71,3.76,3.83,4.01,4.24,4.6,5.36,5.45
2025-04-09,3.68,3.74,3.83,4.06,4.33,4.74,5.55,5.64
2025-04-10,3.65,3.7,3.78,3.98,4.25,4.64,5.42,5.5
2025-04-11,3.76,3.83,3.91,4.1,4.35,4.74,5.53,5.6
2025-04-14,3.73,3.8,3.87,4.05,4.28,4.65,5.41,5.47
2025-04-15,3.68,3.74,3.82,4.01,4.25,4.64,5.45,5.53
2025-04-16,3.69,3.75,3.81,3.98,4.22,4.61,5.39,5.46
2025-04-17,3.63,3.7,3.76,3.93,4.18,4.56,5.35,5.43
2025-04-18,3.63,3.7,3.76,3.93,4.18,4.56,5.35,5.43
2025-04-21,3.63,3.7,3.76,3.93,4.18,4.56,5.35,5.43
2025-04-22,3.58,3.63,3.68,3.88,4.15,4.56,5.4,5.49
2025-04-23,3.65,3.71,3.76,3.93,4.18,4.56,5.33,5.4
2025-04-24,3.6,3.66,3.71,3.88,4.12,4.5,5.26,5.33
2025-04-25,3.59,3.66,3.71,3.87,4.11,4.49,5.25,5.32
2025-04-28,3.59,3.65,3.71,3.87,4.12,4.5,5.28,5.36
2025-04-29,3.57,3.63,3.68,3.85,4.1,4.48,5.26,5.35
2025-04-30,3.55,3.6,3.65,3.82,4.07,4.45,5.23,5.32
2025-05-01,3.53,3.59,3.64,3.81,4.07,4.45,5.25,5.34
2025-05-02,3.55,3.62,3.68,3.85,4.1,4.49,5.29,5.41
2025-05-05,3.55,3.62,3.68,3.85,4.1,4.49,5.29,5.41
2025-05-06,3.53,3.62,3.67,3.86,4.12,4.52,5.32,5.44
2025-05-07,3.51,3.59,3.65,3.83,4.07,4.46,5.25,5.37
2025-05-08,3.62,3.69,3.74,3.9,4.14,4.52,5.3,5.4
2025-05-09,3.62,3.7,3.74,3.92,4.17,4.56,5.34,5.45
2025-05-12,3.69,3.79,3.85,4.02,4.26,4.64,5.39,5.49
2025-05-13,3.67,3.77,3.83,4.01,4.27,4.65,5.42,5.52
2025-05-14,3.72,3.83,3.89,4.08,4.33,4.72,5.48,5.58
2025-05-15,3.68,3.79,3.86,4.04,4.29,4.67,5.42,5.52
2025-05-16,3.69,3.8,3.86,4.03,4.27,4.65,5.39,5.49
2025-05-19,3.68,3.8,3.87,4.05,4.29,4.66,5.42,5.52
2025-05-20,3.72,3.84,3.91,4.09,4.33,4.71,5.46,5.55
2025-05-21,3.76,3.88,3.95,4.13,4.38,4.76,5.52,5.62
2025-05-22,3.72,3.85,3.92,4.11,4.37,4.77,5.57,5.68
2025-05-23,3.69,3.81,3.87,4.06,4.32,4.72,5.52,5.62
2025-05-26,3.69,3.81,3.87,4.06,4.32,4.72,5.52,5.62
2025-05-27,3.73,3.84,3.9,4.07,4.31,4.69,5.46,5.56
2025-05-28,3.75,3.87,3.93,4.1,4.35,4.73,5.49,5.58
2025-05-29,3.7,3.82,3.88,4.05,4.29,4.67,5.42,5.51
2025-05-30,3.74,3.85,3.91,4.07,4.3,4.67,5.4,5.49
2025-06-02,3.7,3.82,3.88,4.05,4.29,4.66,5.41,5.5
2025-06-03,3.72,3.82,3.86,4.02,4.26,4.63,5.36,5.45
2025-06-04,3.75,3.84,3.88,4.03,4.26,4.63,5.35,5.44
2025-06-05,3.75,3.84,3.88,4.04,4.27,4.63,5.34,5.43
2025-06-06,3.69,3.83,3.89,4.05,4.29,4.65,5.35,5.43
2025-06-09,3.68,3.83,3.89,4.05,4.29,4.65,5.35,5.43
2025-06-10,3.61,3.75,3.8,3.97,4.2,4.56,5.27,5.36
2025-06-11,3.61,3.74,3.8,3.96,4.2,4.57,5.29,5.39
2025-06-12,3.57,3.7,3.75,3.91,4.13,4.5,5.21,5.3
2025-06-13,3.63,3.77,3.82,3.97,4.2,4.56,5.27,5.35
2025-06-16,3.6,3.73,3.79,3.94,4.18,4.54,5.26,5.34
2025-06-17,3.62,3.75,3.79,3.95,4.18,4.55,5.28,5.37
2025-06-18,3.61,3.73,3.77,3.92,4.14,4.51,5.24,5.33
2025-06-19,3.62,3.74,3.78,3.94,4.17,4.54,5.28,5.37
2025-06-20,3.62,3.75,3.79,3.95,4.18,4.55,5.27,5.36
2025-06-23,3.61,3.73,3.76,3.91,4.14,4.5,5.22,5.3
2025-06-24,3.58,3.69,3.73,3.88,4.1,4.46,5.2,5.31
2025-06-25,3.59,3.7,3.73,3.89,4.12,4.5,5.25,5.36
2025-06-26,3.57,3.67,3.7,3.86,4.1,4.49,5.26,5.39
2025-06-27,3.59,3.69,3.72,3.89,4.14,4.52,5.29,5.41
2025-06-30,3.58,3.67,3.7,3.87,4.12,4.51,5.3,5.42
2025-07-01,3.57,3.66,3.68,3.84,4.08,4.46,5.23,5.35
2025-07-02,3.59,3.71,3.76,3.94,4.2,4.61,5.42,5.54
2025-07-03,3.56,3.68,3.73,3.91,4.16,4.57,5.37,5.49
2025-07-04,3.58,3.7,3.74,3.91,4.17,4.57,5.36,5.49
2025-07-07,3.59,3.71,3.75,3.93,4.19,4.6,5.41,5.54
2025-07-08,3.59,3.72,3.78,3.97,4.24,4.66,5.48,5.62
2025-07-09,3.58,3.72,3.77,3.96,4.22,4.63,5.44,5.57
2025-07-10,3.59,3.71,3.77,3.95,4.22,4.62,5.43,5.56
2025-07-11,3.59,3.72,3.78,3.97,4.24,4.65,5.46,5.59
2025-07-14,3.55,3.67,3.73,3.94,4.22,4.64,5.46,5.59
2025-07-15,3.57,3.7,3.76,3.97,4.25,4.67,5.49,5.63
2025-07-16,3.6,3.73,3.78,3.98,4.26,4.67,5.49,5.62
2025-07-17,3.62,3.75,3.8,4,4.27,4.68,5.5,5.63
2025-07-18,3.63,3.77,3.82,4.02,4.3,4.72,5.55,5.68
2025-07-21,3.59,3.72,3.77,3.96,4.23,4.64,5.47,5.59
2025-07-22,3.56,3.69,3.73,3.92,4.19,4.61,5.43,5.56
2025-07-23,3.71,3.7,3.74,3.95,4.23,4.65,5.49,5.62
2025-07-24,3.72,3.71,3.75,3.96,4.25,4.67,5.5,5.63
2025-07-25,3.74,3.74,3.78,3.99,4.26,4.68,5.49,5.61
2025-07-28,3.76,3.75,3.8,4,4.27,4.68,5.49,5.6
2025-07-29,3.73,3.73,3.77,3.98,4.24,4.65,5.46,5.58
2025-07-30,3.73,3.72,3.76,3.96,4.23,4.63,5.44,5.56
2025-07-31,3.78,3.7,3.73,3.93,4.2,4.6,5.41,5.52
2025-08-01,3.72,3.66,3.69,3.89,4.16,4.57,5.4,5.52
2025-08-04,3.72,3.65,3.67,3.87,4.14,4.55,5.36,5.49
2025-08-05,3.72,3.65,3.68,3.87,4.13,4.54,5.35,5.48
2025-08-06,3.72,3.66,3.68,3.87,4.14,4.55,5.37,5.51
2025-08-07,3.78,3.72,3.74,3.92,4.18,4.57,5.37,5.51
2025-08-08,3.79,3.74,3.76,3.96,4.22,4.62,5.44,5.59
2025-08-11,3.76,3.7,3.73,3.92,4.19,4.59,5.41,5.55
2025-08-12,3.79,3.74,3.76,3.96,4.23,4.64,5.46,5.6
2025-08-13,3.76,3.7,3.73,3.93,4.21,4.62,5.44,5.59
2025-08-14,3.8,3.75,3.78,3.98,4.26,4.67,5.5,5.66
2025-08-15,3.81,3.76,3.8,4.01,4.3,4.72,5.56,5.74
2025-08-18,3.86,3.81,3.85,4.07,4.35,4.77,5.62,5.81
2025-08-19,3.86,3.82,3.85,4.07,4.35,4.77,5.61,5.79
2025-08-20,3.81,3.77,3.8,4.01,4.29,4.71,5.55,5.72
2025-08-21,3.86,3.82,3.85,4.06,4.35,4.77,5.6,5.77
2025-08-22,3.82,3.78,3.82,4.03,4.31,4.73,5.56,5.73
2025-08-25,3.82,3.78,3.82,4.03,4.31,4.73,5.56,5.73
2025-08-26,3.85,3.82,3.86,4.07,4.36,4.78,5.63,5.8
2025-08-27,3.84,3.8,3.84,4.06,4.34,4.77,5.61,5.77
2025-08-28,3.82,3.78,3.82,4.04,4.32,4.75,5.6,5.76
2025-08-29,3.83,3.79,3.83,4.04,4.34,4.77,5.62,5.79
2025-09-01,3.85,3.81,3.85,4.07,4.37,4.8,5.66,5.84
2025-09-02,3.86,3.83,3.88,4.11,4.41,4.85,5.72,5.89
2025-09-03,3.83,3.8,3.85,4.07,4.37,4.8,5.63,5.8
2025-09-04,3.84,3.81,3.85,4.07,4.36,4.78,5.61,5.77
2025-09-05,3.8,3.76,3.79,3.99,4.28,4.7,5.53,5.68
2025-09-08,3.8,3.74,3.77,3.96,4.24,4.66,5.49,5.64
2025-09-09,3.81,3.76,3.79,3.98,4.26,4.68,5.5,5.66
2025-09-10,3.83,3.79,3.81,4,4.27,4.69,5.51,5.66
2025-09-11,3.82,3.78,3.8,3.98,4.25,4.66,5.47,5.61
2025-09-12,3.86,3.81,3.83,4.02,4.3,4.7,5.51,5.65
2025-09-15,3.84,3.79,3.81,4,4.27,4.68,5.49,5.63
2025-09-16,3.86,3.81,3.83,4.02,4.29,4.69,5.49,5.62
2025-09-17,3.85,3.8,3.82,4.01,4.27,4.67,5.46,5.59
2025-09-18,3.85,3.8,3.83,4.03,4.31,4.72,5.52,5.66
2025-09-19,3.87,3.82,3.86,4.07,4.35,4.77,5.58,5.72
2025-09-22,3.86,3.82,3.85,4.06,4.34,4.75,5.56,5.7
2025-09-23,3.85,3.81,3.85,4.05,4.33,4.74,5.53,5.66
2025-09-24,3.83,3.8,3.83,4.04,4.32,4.73,5.51,5.65
2025-09-25,3.87,3.85,3.89,4.1,4.39,4.8,5.57,5.7
2025-09-26,3.88,3.87,3.91,4.12,4.39,4.8,5.58,5.71
2025-09-29,3.86,3.84,3.88,4.08,4.36,4.76,5.53,5.66
2025-09-30,3.86,3.85,3.89,4.09,4.36,4.76,5.54,5.66
2025-10-01,3.83,3.82,3.86,4.07,4.35,4.76,5.54,5.67
2025-10-02,3.85,3.84,3.88,4.09,4.36,4.77,5.55,5.67
2025-10-03,3.83,3.82,3.86,4.07,4.35,4.75,5.53,5.66
2025-10-06,3.84,3.84,3.88,4.09,4.37,4.79,5.57,5.7
2025-10-07,3.85,3.85,3.9,4.11,4.38,4.79,5.58,5.71
2025-10-08,3.86,3.85,3.9,4.1,4.37,4.77,5.55,5.67
2025-10-09,3.87,3.87,3.91,4.12,4.4,4.81,5.59,5.7
2025-10-10,3.83,3.82,3.86,4.06,4.33,4.73,5.5,5.61
2025-10-13,3.83,3.81,3.84,4.05,4.32,4.72,5.51,5.62
2025-10-14,3.79,3.75,3.78,3.98,4.25,4.65,5.43,5.54
2025-10-15,3.79,3.72,3.75,3.94,4.2,4.6,5.37,5.49
2025-10-16,3.77,3.7,3.73,3.91,4.18,4.57,5.35,5.46
2025-10-17,3.77,3.72,3.74,3.93,4.2,4.6,5.37,5.49
2025-10-20,3.75,3.7,3.72,3.91,4.18,4.57,5.35,5.46
2025-10-21,3.74,3.7,3.72,3.9,4.16,4.54,5.3,5.41
2025-10-22,3.65,3.61,3.64,3.82,4.09,4.48,5.25,5.37
2025-10-23,3.65,3.62,3.65,3.83,4.09,4.48,5.24,5.37
2025-10-24,3.67,3.64,3.67,3.85,4.11,4.49,5.24,5.36
2025-10-27,3.66,3.64,3.66,3.84,4.09,4.47,5.21,5.32
2025-10-28,3.65,3.63,3.66,3.83,4.08,4.46,5.2,5.31
2025-10-29,3.64,3.62,3.66,3.83,4.08,4.46,5.2,5.31
2025-10-30,3.66,3.64,3.68,3.86,4.1,4.47,5.19,5.29
2025-10-31,3.65,3.63,3.67,3.85,4.1,4.48,5.21,5.31
2025-11-03,3.69,3.66,3.69,3.88,4.13,4.51,5.24,5.35
2025-11-04,3.66,3.64,3.67,3.85,4.1,4.47,5.21,5.32
2025-11-05,3.7,3.68,3.72,3.9,4.15,4.53,5.27,5.4
2025-11-06,3.69,3.65,3.69,3.87,4.12,4.5,5.24,5.37
2025-11-07,3.69,3.66,3.7,3.89,4.14,4.53,5.26,5.39
2025-11-10,3.7,3.67,3.71,3.9,4.15,4.52,5.25,5.37
2025-11-11,3.63,3.6,3.64,3.82,4.08,4.45,5.18,5.31
2025-11-12,3.64,3.61,3.65,3.84,4.09,4.47,5.21,5.34
2025-11-13,3.66,3.63,3.68,3.87,4.13,4.51,5.25,5.37
2025-11-14,3.72,3.71,3.77,3.98,4.24,4.64,5.4,5.55
2025-11-17,3.69,3.68,3.73,3.94,4.21,4.61,5.37,5.5
2025-11-18,3.68,3.67,3.73,3.94,4.22,4.62,5.38,5.52
2025-11-19,3.7,3.69,3.75,3.98,4.27,4.68,5.46,5.61
2025-11-20,3.68,3.67,3.73,3.96,4.25,4.66,5.43,5.57
2025-11-21,3.66,3.65,3.71,3.93,4.21,4.61,5.37,5.51
2025-11-24,3.68,3.67,3.73,3.95,4.22,4.62,5.38,5.51
2025-11-25,3.65,3.63,3.69,3.91,4.18,4.57,5.32,5.46
2025-11-26,3.63,3.6,3.65,3.86,4.12,4.51,5.24,5.35
2025-11-27,3.65,3.63,3.68,3.89,4.16,4.54,5.24,5.33
2025-11-28,3.64,3.62,3.67,3.88,4.15,4.53,5.23,5.32
2025-12-01,3.64,3.62,3.68,3.9,4.18,4.57,5.28,5.37
2025-12-02,3.63,3.62,3.68,3.9,4.18,4.57,5.28,5.37
2025-12-03,3.62,3.61,3.66,3.88,4.14,4.52,5.22,5.3
2025-12-04,3.61,3.6,3.65,3.87,4.13,4.52,5.2,5.26
2025-12-05,3.65,3.64,3.7,3.92,4.18,4.56,5.23,5.3
2025-12-08,3.68,3.7,3.77,3.99,4.25,4.62,5.28,5.33
2025-12-09,3.65,3.68,3.75,3.97,4.22,4.59,5.24,5.29
2025-12-10,3.66,3.69,3.77,3.98,4.23,4.59,5.25,5.32
2025-12-11,3.63,3.66,3.74,3.95,4.2,4.56,5.24,5.32
2025-12-12,3.61,3.65,3.73,3.96,4.23,4.6,5.3,5.39
2025-12-15,3.61,3.64,3.72,3.94,4.2,4.57,5.26,5.35
2025-12-16,3.63,3.67,3.74,3.96,4.22,4.6,5.29,5.38
2025-12-17,3.57,3.62,3.69,3.91,4.17,4.55,5.25,5.33
2025-12-18,3.61,3.65,3.72,3.93,4.19,4.56,5.24,5.31
2025-12-19,3.62,3.67,3.74,3.96,4.23,4.6,5.28,5.36
2025-12-22,3.62,3.67,3.75,3.98,4.25,4.62,5.31,5.38
2025-12-23,3.6,3.67,3.75,3.97,4.22,4.59,5.28,5.35
2025-12-24,3.6,3.67,3.76,3.98,4.23,4.6,5.28,5.35
2025-12-25,3.6,3.67,3.76,3.98,4.23,4.6,5.28,5.35
2025-12-26,3.6,3.67,3.76,3.98,4.23,4.6,5.28,5.35
2025-12-29,3.55,3.65,3.73,3.95,4.21,4.58,5.25,5.32
2025-12-30,3.56,3.65,3.73,3.95,4.21,4.58,5.26,5.33
2025-12-31,3.55,3.63,3.71,3.94,4.2,4.57,5.24,5.31
2026-01-01,3.55,3.63,3.71,3.94,4.2,4.57,5.24,5.31
2026-01-02,3.57,3.65,3.74,3.97,4.25,4.63,5.3,5.38
2026-01-05,3.56,3.64,3.72,3.96,4.22,4.6,5.28,5.36
2026-01-06,3.54,3.62,3.7,3.93,4.2,4.58,5.27,5.34
2026-01-07,3.52,3.58,3.65,3.87,4.13,4.51,5.19,5.27
2026-01-08,3.52,3.57,3.65,3.87,4.13,4.51,5.2,5.28
2026-01-09,3.52,3.55,3.63,3.85,4.1,4.47,5.15,5.23
2026-01-12,3.53,3.56,3.64,3.85,4.1,4.46,5.14,5.22
2026-01-13,3.53,3.56,3.64,3.86,4.12,4.48,5.16,5.25
2026-01-14,3.51,3.53,3.61,3.83,4.08,4.45,5.14,5.23
2026-01-15,3.54,3.58,3.65,3.86,4.11,4.47,5.15,5.23
2026-01-16,3.56,3.6,3.68,3.89,4.14,4.5,5.17,5.26
2026-01-19,3.54,3.58,3.66,3.89,4.14,4.5,5.18,5.28
2026-01-20,3.54,3.6,3.69,3.93,4.19,4.56,5.25,5.35
2026-01-21,3.54,3.59,3.68,3.92,4.18,4.54,5.23,5.32
2026-01-22,3.54,3.6,3.69,3.94,4.21,4.58,5.27,5.35
2026-01-23,3.57,3.64,3.73,3.97,4.23,4.59,5.27,5.35
2026-01-26,3.58,3.65,3.74,3.97,4.23,4.59,5.26,5.34
2026-01-27,3.58,3.66,3.75,3.99,4.25,4.62,5.29,5.38
2026-01-28,3.57,3.66,3.76,4,4.27,4.64,5.32,5.41
2026-01-29,3.54,3.62,3.72,3.96,4.23,4.61,5.29,5.38
2026-01-30,3.55,3.63,3.72,3.97,4.25,4.63,5.32,5.41
2026-02-02,3.55,3.62,3.72,3.96,4.23,4.61,5.31,5.4
2026-02-03,3.56,3.63,3.72,3.97,4.24,4.62,5.32,5.41
2026-02-04,3.57,3.64,3.74,3.99,4.26,4.64,5.35,5.45
2026-02-05,3.51,3.59,3.69,3.96,4.26,4.66,5.39,5.5
2026-02-06,3.49,3.56,3.67,3.94,4.23,4.64,5.37,5.49
2026-02-09,3.49,3.56,3.66,3.94,4.24,4.65,5.38,5.49
2026-02-10,3.5,3.56,3.66,3.92,4.21,4.61,5.34,5.45
2026-02-11,3.5,3.56,3.66,3.92,4.2,4.6,5.32,5.43
2026-02-12,3.47,3.53,3.63,3.89,4.17,4.56,5.28,5.39
2026-02-13,3.46,3.5,3.6,3.85,4.13,4.52,5.24,5.35
2026-02-16,3.47,3.5,3.59,3.84,4.12,4.51,5.23,5.33
2026-02-17,3.46,3.49,3.58,3.83,4.1,4.49,5.2,5.31
2026-02-18,3.46,3.5,3.58,3.83,4.1,4.49,5.2,5.3
2026-02-19,3.45,3.48,3.57,3.82,4.1,4.49,5.2,5.31
2026-02-20,3.46,3.48,3.57,3.81,4.08,4.47,5.18,5.29
2026-02-23,3.45,3.47,3.55,3.78,4.05,4.43,5.14,5.25
2026-02-24,3.46,3.48,3.55,3.78,4.05,4.42,5.14,5.25
2026-02-25,3.47,3.49,3.56,3.79,4.05,4.43,5.15,5.27
2026-02-26,3.45,3.46,3.53,3.76,4.02,4.4,5.11,5.22
2026-02-27,3.42,3.42,3.49,3.72,3.98,4.35,5.07,5.18
2026-03-02,3.53,3.53,3.58,3.79,4.05,4.41,5.12,5.23
2026-03-03,3.64,3.66,3.72,3.93,4.18,4.56,5.26,5.37
2026-03-04,3.58,3.6,3.65,3.86,4.12,4.49,5.2,5.31
2026-03-05,3.66,3.68,3.75,3.95,4.21,4.58,5.28,5.38
2026-03-06,3.71,3.78,3.87,4.09,4.34,4.7,5.39,5.49
2026-03-09,3.78,3.85,3.91,4.1,4.33,4.67,5.33,5.43
2026-03-10,3.71,3.75,3.81,4.01,4.25,4.6,5.27,5.38
2026-03-11,3.84,3.9,3.97,4.16,4.39,4.73,5.4,5.5
2026-03-12,3.89,3.97,4.04,4.23,4.47,4.82,5.5,5.59
2026-03-13,3.91,3.99,4.06,4.26,4.5,4.85,5.53,5.62
2026-03-16,3.89,3.96,4.03,4.21,4.45,4.79,5.47,5.56
2026-03-17,3.87,3.92,3.98,4.16,4.39,4.74,5.42,5.51
2026-03-18,3.94,3.99,4.04,4.21,4.44,4.78,5.47,5.55
2026-03-19,4.23,4.27,4.28,4.38,4.55,4.85,5.47,5.52
2026-03-20,4.39,4.43,4.43,4.51,4.69,5,5.61,5.65
2026-03-23,4.27,4.31,4.31,4.43,4.63,4.95,5.58,5.64
2026-03-24,4.3,4.32,4.31,4.42,4.62,4.95,5.6,5.65
2026-03-25,4.26,4.27,4.25,4.34,4.53,4.85,5.47,5.53
2026-03-26,4.33,4.37,4.37,4.47,4.65,4.97,5.59,5.65
2026-03-27,4.3,4.36,4.37,4.48,4.68,5.01,5.64,5.69
2026-03-30,4.28,4.32,4.32,4.43,4.63,4.96,5.59,5.64
2026-03-31,4.25,4.28,4.29,4.41,4.62,4.94,5.57,5.63
2026-04-01,4.15,4.18,4.19,4.32,4.53,4.87,5.51,5.59
2026-04-02,4.17,4.2,4.2,4.33,4.53,4.86,5.51,5.58
2026-04-03,4.17,4.2,4.2,4.33,4.53,4.86,5.51,5.58
2026-04-06,4.17,4.2,4.2,4.33,4.53,4.86,5.51,5.58
2026-04-07,4.27,4.3,4.31,4.43,4.63,4.96,5.58,5.65
2026-04-08,4.05,4.05,4.06,4.2,4.41,4.75,5.4,5.48
2026-04-09,4.08,4.1,4.13,4.27,4.5,4.84,5.49,5.57
2026-04-10,4.09,4.11,4.13,4.28,4.5,4.85,5.52,5.6
2026-04-13,4.15,4.18,4.2,4.34,4.56,4.9,5.57,5.64
2026-04-14,4.07,4.09,4.12,4.26,4.49,4.83,5.51,5.59
2026-04-15,4.07,4.09,4.11,4.26,4.49,4.83,5.51,5.6
2026-04-16,4.07,4.1,4.12,4.29,4.53,4.89,5.59,5.69
2026-04-17,3.98,3.99,4.01,4.18,4.43,4.8,5.52,5.62
2026-04-20,4.05,4.07,4.09,4.26,4.51,4.88,5.61,5.72
2026-04-21,4.11,4.13,4.16,4.32,4.56,4.92,5.62,5.72
2026-04-22,4.18,4.2,4.21,4.36,4.58,4.93,5.6,5.68
2026-04-23,4.21,4.23,4.25,4.39,4.61,4.96,5.64,5.72
2026-04-24,4.22,4.25,4.26,4.4,4.62,4.97,5.64,5.72
2026-04-27,4.24,4.27,4.29,4.43,4.66,5.01,5.71,5.79
2026-04-28,4.26,4.31,4.32,4.46,4.69,5.04,5.72,5.8
2026-04-29,4.35,4.4,4.41,4.54,4.75,5.09,5.75,5.82
2026-04-30,4.26,4.32,4.33,4.47,4.7,5.06,5.73,5.81
2026-05-01,4.24,4.29,4.31,4.44,4.66,5.02,5.69,5.77
2026-05-04,4.24,4.29,4.31,4.44,4.66,5.02,5.69,5.77
2026-05-05,4.32,4.39,4.41,4.54,4.76,5.11,5.79,5.86
2026-05-06,4.2,4.25,4.28,4.42,4.63,4.98,5.66,5.74
2026-05-07,4.19,4.24,4.26,4.4,4.62,4.97,5.65,5.73
2026-05-08,4.22,4.26,4.27,4.41,4.62,4.95,5.62,5.69
2026-05-11,4.28,4.34,4.36,4.49,4.7,5.04,5.71,5.79
2026-05-12,4.31,4.4,4.43,4.58,4.79,5.14,5.8,5.87
2026-05-13,4.28,4.36,4.4,4.55,4.77,5.11,5.79,5.85
2026-05-14,4.23,4.31,4.35,4.49,4.71,5.05,5.71,5.77
2026-05-15,4.3,4.42,4.47,4.63,4.86,5.21,5.89,5.95
2026-05-18,4.27,4.39,4.45,4.61,4.84,5.19,5.86,5.91
2026-05-19,4.26,4.38,4.44,4.6,4.82,5.17,5.83,5.89
2026-05-20,4.16,4.26,4.31,4.47,4.7,5.04,5.71,5.77
2026-05-21,4.16,4.25,4.3,4.46,4.67,5.01,5.68,5.74
2026-05-22,4.14,4.21,4.26,4.4,4.61,4.94,5.61,5.67
2026-05-25,4.14,4.21,4.26,4.4,4.61,4.94,5.61,5.67
2026-05-26,4.11,4.18,4.22,4.37,4.59,4.92,5.6,5.67
2026-05-27,4.1,4.16,4.2,4.35,4.57,4.91,5.6,5.68
2026-05-28,4.07,4.13,4.17,4.32,4.53,4.87,5.56,5.65
2026-05-29,4.03,4.09,4.14,4.3,4.52,4.86,5.55,5.63
2026-06-01,4.14,4.21,4.25,4.4,4.61,4.95,5.63,5.71
2026-06-02,4.14,4.19,4.23,4.37,4.58,4.91,5.58,5.66
2026-06-03,4.18,4.24,4.28,4.43,4.64,4.97,5.64,5.72
2026-06-04,4.15,4.22,4.26,4.41,4.62,4.96,5.63,5.71
2026-06-05,4.15,4.22,4.27,4.41,4.62,4.95,5.63,5.7
2026-06-08,4.18,4.26,4.3,4.45,4.66,4.99,5.66,5.73
2026-06-09,4.15,4.22,4.27,4.42,4.63,4.96,5.64,5.72
2026-06-10,4.17,4.24,4.29,4.44,4.65,4.98,5.65,5.73
2026-06-11,4.16,4.23,4.27,4.42,4.63,4.95,5.63,5.71
2026-06-12,4.08,4.13,4.18,4.34,4.56,4.9,5.58,5.67
2026-06-15,4.03,4.07,4.12,4.29,4.53,4.88,5.58,5.68
2026-06-16,4.05,4.1,4.14,4.3,4.52,4.86,5.56,5.65
2026-06-17,4.02,4.05,4.1,4.26,4.48,4.82,5.52,5.61
2026-06-18,4.03,4.07,4.11,4.26,4.47,4.8,5.48,5.57
2026-06-19,4.08,4.14,4.2,4.36,4.57,4.9,5.58,5.67
2026-06-22,4.04,4.1,4.15,4.32,4.53,4.86,5.54,5.63
2026-06-23,4.01,4.06,4.11,4.27,4.48,4.81,5.49,5.58
2026-06-24,4.01,4.03,4.07,4.22,4.42,4.74,5.42,5.51
2026-06-25,3.99,4.01,4.06,4.22,4.43,4.76,5.45,5.54
